key,en,fr,it,ja,ko,es,es_ES,pt_BR,pl,de,ru,uk,zh_CN
4THDSLIP_ART,,,,,"은,이,을,과",,,,",Międzywymiarowego Wślizgu",,"Квантовый побег,Квантового побега,Квантовому побегу,Квантовый побег","4-вимірний стрибок,4-вимірного стрибка,4-вимірному стрибку,4-вимірний стрибок",
4THDSLIP_DESC,Lets you escape from battle without fail.,Permet de fuir un combat à tous les coups.,Fuggi da una battaglia senza fallire.,てきから　かならずにげることができる。,전투에서 반드시 빠져나올 수 있다.,Te permite escapar de una batalla sin fallar.,Permite escapar de un combate sin posibilidad de fallo.,Permite escapar da batalha sem falha.,Pozwala natychmiast uciec z bitwy.,Ermöglicht eine problemlose Flucht aus dem Kampf.,Позволяет сразу покинуть бой.,Гарантована втеча з битви.,可以让你必定从战斗中逃脱。
4THDSLIP_NAME,4th-D Slip,Saut dimensionnel,Salto iperspazio,じげんスリップ,4차원 슬립,Salto dimensional,Salto dimensional,Fuga Dimensional,Międzywymiarowy Wślizg,Dimensionaler Spalt,Квантовый побег,Квантовий стрибок,四维逃脱
APPROACH_DESC,Approach to the enemy to increase Offense.,Permet de s'approcher de l'ennemi pour augmenter l'attaque.,Avvicinati al nemico per aumentare l'Attacco.,てきに　ちかづいてオフェンスをあげる。,적에게 먼저 다가가 오펜스가 증가한다.,Acércate al enemigo para aumentar la Ofensa.,Acercarse al enemigo para subir la Fuerza.,Aproxima-se do inimigo para aumentar o Ataque.,"Podejdź do wroga, aby zwiększyć Ofensywę.","Sich einem Gegner nähern, um den Angriff zu erhöhen.",Приближение к врагу. Увеличивает силу атаки.,"Підкрастися до ворога, щоб підняти Атаку.",接近敌人以提高攻击力。
APPROACH_DIALOG,{n0}{name} approached slowly.,{n0}{name} approche lentement.,{n0}{name} si avvicina lentamente.,{name}は　にじりよってきた！,{name}{n0} 천천히 다가갔다.,{n0}{name} se acercó sigilosamente.,{n0}{name} se ha acercado lentamente.,{n0}{name} se aproximou lentamente.,{name} powoli podchodzi.,{n0}{n10} kam langsam näher!,{name} медленно приближается.,{name} повільно підкрадається.,{n0}{name}缓慢接近。
APPROACH_NAME,Approach,Approche,Avvicinati,にじりよる,다가가기,Acercarse,Acercarse,Aproximar,Podejdź,Annähern,Приближение,Підкрастися,战术接近
ATTACK_DESC,Deals damage to an enemy.,Inflige des dégâts à l'ennemi.,Infligge danno a un nemico.,てきに　ダメージをあたえる。,적에게 피해를 준다.,Inflige daño a un enemigo.,Inflige daño a un enemigo.,Causa dano a um inimigo.,Zadaje obrażenia wrogowi.,Fügt einem Gegner Schaden zu.,Ранит врага.,Завдає шкоди ворогу.,对一名敌人造成伤害。
ATTACK_DIALOG,{n0}{name} attacks!,{n0}{name} attaque ¦,{n0}{name} attacca!,{name}の　こうげき！,{name}의 공격!,¡{n0}{name} ataca!,¡{n0}{name} ataca!,{n0}{name} ataca!,{name} atakuje!,{n0}{n10} greift an!,{name} атаку{n9}!,{name} атакує!,{n0}{name}的攻击！
ATTACK_NAME,Bash,Frappe,Attacca,たたく,공격,Atacar,Atacar,Bater,Atak,Attacke,Удар,Удар,击打
BALLFLAME_ART,,,,,"은,이,을,과",,,,,,"пламенный снаряд,пламенного снаряда,пламенному снаряду,пламенный снаряд","вогняна куля,вогняної кулі,вогняній кулі,вогняну кулю",
BALLFLAME_DESC,Shoots a blazing ball that ignites on impact.\nCauses the enemy to burn.,Tire une boule enflammée qui s'embrase à l'impact. \nCause des brûlures à un ennemi.,Una sfera di fuoco che incendia tutto ciò che colpisce. \nInfligge bruciatura al nemico.,てきに　もえる　ひのたまを　うつ。\nかならず　ほのおの　ついかこうか。,피격 시 점화된 화염구를 날린다.\n적에게 화상을 입힌다.,Dispara una bola en llamas que se enciende al impactar. \nCausa quemadura al enemigo.,Lanza una bola ardiente que se enciende al impactar. Provoca quemaduras al enemigo.,Lança uma bola quente que se incendeia ao impacto.\nCausa queimadura no inimigo.,"Wystrzeliwuje płonącą kulę, której dotyk podpala. Powoduje podpalenie wroga.","Schießt einen Brennball, der sich beim Aufprall entzündet. Verursacht Verbrennungen.",Выстрел горящим снарядом.\nПоджигает врага.,"Стріляє палаючою кулею.\nСпричиняє опіки у ворога.
",发射一颗炽热的火球，命中时点燃目标。\n使敌人陷入灼烧状态。
BALLFLAME_NAME,Flame Ball,Boule de feu,Palla di fuoco,フレイムショット,플레임 볼,Bola Ígnea,Bola ígnea,Bola Flamejante,Kula Ognia,Brennball,Пламенный снаряд,Вогняна куля,烈焰球
BASH_DESC,Deals a low amount of damage against an enemy.,Inflige des dégâts mineurs à un ennemi.,Infligge danno lieve a un nemico.,てきに　ダメージをあたえる。,적에게 약간의 피해를 준다.,Inflige una pequeña cantidad de daño contra un enemigo.,Inflige un poco de daño a un enemigo.,Causa uma pequena quantidade de dano a um inimigo.,Zadaje niewielkie obrażenia wrogowi.,Fügt einem Gegner geringen Schaden zu.,Немного ранит врага.,Завдає невеликої шкоди ворогу.,对一名敌人造成少量伤害。
BASH_DIALOG,{n0}{name} attacks!,{n0}{name} attaque !,{n0}{name} attacca!,{name}の　こうげき！,{name}의 공격!,¡{n0}{name} ataca!,¡{n0}{name} ataca!,{n0}{name} ataca!,{name} atakuje!,{n0}{n10} greift an!,{name} атаку{n9}!,{name} атакує!,{n0}{name}的攻击！
BASH_NAME,Bash,Frappe,Colpisci,たたく,때리기,Golpear,Golpear,Bater,Uderzenie,Attacke,Удар,Удар,击打
BATTINGATHOUSAND_ART,,,,,"은,이,을,과",,,,",Na Sto Dwa",,"спортивный азарт,спортивного азарта,спортивному азарту,спортивный азарт","приголомшливий успіх,приголомшливого успіху,приголомшливому успіху,приголомшливий успіх",
BATTINGATHOUSAND_DESC,Raises the user's guts.,Augmente l'audace du lanceur.,Aumenta la Combattività di chi la usa.,じぶんの　ガッツをあげる。,시전자의 용기를 증가시킨다.,Aumenta el coraje del usuario.,Aumenta las agallas del usuario.,Aumenta a coragem do usuário.,Zwiększa odwagę użytkownika.,Steigert den Mut des Anwenders.,Повышает дерзость.,Підвищує Сміливість.,提升使用者的勇气。
BATTINGATHOUSAND_DIALOG,{n0}{name} felt a surge of confidence!,{n0}{name} éprouve un regain de confiance !,{n0}{name} si sente più sicur{n6} di sé!,{name}は　ちからがみなぎった！,{name}{n0} 자신감이 솟구치는 것을 느꼈다!,¡{n0}{name} se sintió más confiad{n6}!,¡{n0}{name} se siente más confiad{n6}!,{n0}{name} se sentiu mais confiante!,{name} poczuł{n4} przypływ odwagi!,{n0}{n10} gewann an Selbstvertrauen!,{name} чувствует прилив уверенности!,{name} відчуває наплив впевненості!,{n0}{name}感到信心大增！
BATTINGATHOUSAND_NAME,Batting a Thousand,Sans-faute,Battuta perfetta,どこんじょう,백발백중,Bateo imparable,Pleno al bate,Rebatida Perfeita,Na Sto Dwa,Tausend-Treffer,Спортивный азарт,Приголомшливий успіх,百发百中
BIGGRIN_DESC,Display a big grin.,Faites un grand sourire.,Fai un gran sorriso a trentadue denti.,いきをひそめて　あいてのようすをみる。,함박웃음을 보여준다.,Muestra una gran sonrisa.,Muestra una gran sonrisa.,Dá um largo sorriso.,Pokazuje szeroki uśmiech.,"Täuscht Gegner, indem man sich tot stellt.",Страшная улыбка во весь рот.,Посмішка на всі тридцять два.,露出了灿烂的笑容。
BIGGRIN_DIALOG,{n0}{name} has a big grin on {n4} face!,{n0}{name} fait un grand sourire !,{n0}{name} fa un sorriso grande!,{name}は　けはいを　ころしている。,{name}{n0} 함박웃음을 지어 보였다.,¡{n0}{name} tiene una gran sonrisa en su cara!,¡{n0}{name} tiene una gran sonrisa en la cara!,{n0}{name} está com um sorriso na cara!,{name} szeroko się uśmiecha!,{n0}{n10} versucht sich tot zu stellen ...,{name} скалит зубы!,{name} широко посміхається!,{n0}{name}的脸上露出了灿烂的笑容！
BIGGRIN_NAME,Big Grin,Grand sourire,Sorrisone,けはいをころす,함박웃음,Gran sonrisa,Sonrisa,Sorriso,Szeroki Uśmiech,Tot stellen,Широкий оскал,Широка посмішка,灿烂笑容
BITE_DESC,A bite using sharp fangs.,Inflige une morsure à l'aide de ses crocs acérés.,Un morso con zanne affilate.,するどいキバで　かみつく。,날카로운 송곳니로 깨물어 버린다.,Un mordisco con colmillos afilados.,Un mordisco con colmillos afilados.,Uma mordida usando presas afiadas.,Ugryzienie za pomocą ostrych kłów.,Ein Biss mit scharfen Reißzähnen.,Укус острыми клыками.,Укус гострими іклами.,用利牙狠狠咬住。
BITE_DIALOG,{n0}{name} bit into {t1}{target}!,{n0}{name} mord {t1}{target} ¦,{n0}{name} morde {t1}{target}!,{name}は　するどいキバで\n{target}に　かみついた！,{name}{n0} {target}{t2} 깨물었다!,¡{n0}{name} mordió {t5}{target}!,¡{n0}{name} ha mordido {t5}{target}!,{n0}{name} mordeu {t1}{target}!,{name} wgryzł{n4} się w {t3}!,{n0}{n10} biss {t5}{t13}!,{name} укусил{n6} {t3}!,{name} вкуси{n6} {t3}!,{n0}{name}一口咬向{t1}{target}！
BITE_NAME,Bite,Morsure,Mordi,かみつく,깨물기,Mordisco,Mordisco,Morder,Ugryzienie,Biss,Укус,Укус,撕咬
BLINDINGTHROW_DESC,Throw dirt at the opponent's eyes to blind them.,Jette de la poussière dans les yeux de l'ennemi pour l'aveugler.,Lancia sporcizia sugli occhi del nemico per accecarlo.,あいてにすなを　なげて　めくらましをする。,흙을 던져 적의 시야를 가린다.,Lanza tierra a los ojos al enemigo para cegarlo.,Tira tierra a los ojos del enemigo para cegarlo.,Joga terra no olho do inimigo para cegá-lo.,"Rzuć ziemią w oczy wroga, aby go oślepić.","Werfe Erde in die Augen des Gegners, um ihn zu erblinden.",Ослепляет врага брошенной в глаза землёй.,Осліплити ворога кинутою у вічі землею.,向一名敌人的眼睛里扬撒沙土使其失明。
BLINDINGTHROW_DIALOG,{n0}{name} threw dirt at {t1}{target}'s eyes!,{n0}{name} jette de la poussière dans les yeux {t4}{target} ¦,{n0}{name} lancia sporcizia contro gli occhi {t4}{target}!,{name}は\n{target}の　めに　すなをなげつけた！,{name}{n0} {target}의 눈에 흙을 뿌렸다!,¡{n0}{name} lanzó tierra a los ojos {t4}{target}!,¡{n0}{name} ha tirado tierra a los ojos {t4}{target}!,{n0}{name} jogou terra nos olhos d{t4} {target}!,{name} rzucił{n4} ziemią w oczy {t1}!,{n0}{n10} warf Dreck in die Augen {t7} {t12}!,{name} швырнул{n6} грязь {t2} в глаза!,{name} кину{n6} землю у очі {t1}!,{n0}{name}朝{t1}{target}的眼睛扬了一把沙土！
BLINDINGTHROW_NAME,Blinding Throw,Jet de poussière,Lancio accecante,すなかけ,시야 방해,Tiro cegador,Tiro cegador,Truque Cegante,Oślepiający Rzut,Erblindender Wurf,Ослепляющий бросок,Осліплюючий кидок,扬沙致盲
BRAINSHOCK_ART,,,,,"는,가,를,와",,,,",Szok Mózgu",,"Мозгошок,Мозгошока,Мозгошоку,Мозгошок","Мозковий шок,Мозкового шоку,Мозковому шоку,Мозковий шок",
BRAINSHOCK_NAME,Brainshock,Choc mental,Shock mentale,ブレインショック,브레인쇼크,Shock cerebral,Shock mental,Choque Mental,Szok Mózgu,Hirnschock,Мозгошок,Мозковий шок,脑震荡
BRAINSHOCKA_DESC,Causes one enemy to feel confused.,Rend un ennemi confus.,Causa confusione a un nemico.,１たいを　こんらんにする。,적 하나를 혼란스럽게 한다.,Causa confusión a un enemigo.,Hace que un enemigo se sienta confuso.,Causa confusão em um inimigo.,Powoduje zdezorientowanie wroga.,Verursacht bei einem Gegner Verwirrung.,Дезориентирует одного врага.,Дезорієнтує ворога.,让一名敌人感到混乱。
BRAINSHOCKO_DESC,Causes all enemies to feel confused.,Rend tous les ennemis confus.,Causa confusione a tutti i nemici.,ぜんたいを　こんらんにする。,모든 적을 혼란스럽게 한다.,Causa confusión a todos los enemigos.,Hace que todos los enemigos se sientan confusos.,Causa confusão em todos os inimigos.,Powoduje zdezorientowanie wszystkich wrogów.,Verursacht bei allen Gegnern Verwirrung.,Дезориентирует всех врагов.,Дезорієнтує всіх ворогів.,让全体敌人感到混乱。
BRANDISHPITCHFORK_DESC,Brandish a pitchfork around to attack multiple enemies.,Attaque plusieurs ennemis à l'aide d'une fourche !,Brandisci un forcone per attaccare più nemici.,のうぐをふりまわして\nぜんたいを　こうげきする。,적들을 한꺼번에 꽂아버린다.,Blande una horca para atacar a varios enemigos.,Blande una horca para atacar a varios enemigos.,Golpeia com o forcado para atacar vários inimigos.,"Machnij widłami, aby zaatakować wielu wrogów.","Fuchtel mit einer Mistgabel herum, um mehrere Gegner anzugreifen.",Удар вилами по нескольким врагам.,"Розмахувати вилами, щоб ударити декількох ворогів.",挥舞干草叉来攻击多个敌人。
BRANDISHPITCHFORK_DIALOG,{n0}{name} brandished {n4} pitchfork!,{n0}{name} brandit sa fourche ¦,{n0}{name} brandisce un forcone!,{name}は\nのうぐを　ふりまわした！,{name}{n0} 쇠스랑으로 찔렀다!,¡{n0}{name} blandió su horca!,¡{n0}{name} ha cargado con su horca!,{n0}{name} golpeou com o forcado!,{name} wymachuje widłami!,{n0}{n10} zückte {n4}e Mistgabel!,{name} размахивает вилами!,{name} розмахує вилами!,{n0}{name}挥舞着干草叉！
BRANDISHPITCHFORK_NAME,Brandish Pitchfork,Coup de fourche,Brandisci forcone,のうぐをふりまわす,쇠스랑질,Blandir horca,Blandir Horca,Golpear Forcado,Zamach Widłami,Mistgabel schwingen,Махание вилами,Розмах вилами,挥舞干草叉
CALLHELP_DESC,Summons an ally into battle.,Appelle un allié à rejoindre le combat.,Chiama un alleato in battaglia.,なかまを　せんとうに　よびつける。,아군을 전투로 불러들인다.,Invoca a un aliado a la batalla.,Invoca a un aliado para la batalla.,Invoca um aliado para a batalha.,Przywołuje sojusznika do walki.,Holt Verbündete zum Kampf hinzu.,Призыв союзника.,Закликає союзника до битви.,召唤一位盟友加入战斗
CALLHELP_DIALOG,{n0}{name} called for help!,{n0}{name} appelle des renforts !,{n0}{name} chiama aiuto!,{name}は　なかまを　よんだ！,{name}{n0} 도움을 요청했다!,¡{n0}{name} pidió ayuda!,¡{n0}{name} ha pedido ayuda!,{n0}{name} chamou ajuda!,{name} wezwał{n4} pomoc!,{n0}{n10} rief um Hilfe!,{name} позвал{n6} на помощь!,{name} поклика{n6} на допомогу!,{n0}{name}大声呼救！
CALLHELP_FAIL,But nobody came!,Mais personne n'est venu !,Ma non arriva nessuno!,しかし　だれもきてくれなかった。,하지만 아무도 오지 않았다!,¡Pero nadie vino!,¡Pero no ha venido nadie!,Mas ninguém veio!,Ale nikt nie przyszedł!,Doch es kam niemand!,Но никто не пришёл!,Але ніхто не прийшов!,但是没有人来！
CALLHELP_NAME,Call Help,Appel à l'aide,Chiama aiuto,たすけをよぶ,도움 요청,Pedir ayuda,Pedir ayuda,Chamar Ajuda,Wezwanie Pomocy,Hilferuf,Зов о помощи,Поклик на допомогу,呼叫援助
CALLHELPRATKING_DIALOG,{n0}{name} summoned {n4} subject!,{n0}{name} a appelé un sujet !,{n0}{name} chiama un suddito!,{name}は　けらいを　よんだ！,{name}{n0} 신하를 불러들였다!,¡{n0}{name} ha convocado a un súbdito!,¡{n0}{name} ha convocado a un súbdito!,{n0}{name} chamou um súdito!,{name} przywołał{n4} swego podwładnego!,{n0}{n10} rief nach {n4}er Gefolgschaft!,{name} позвал{n6} к себе подданного!,{name} поклика{n6} до себе підданого!,{n0}{name}召唤了随从{n4}！
CALLHELPSTARMANJR_DESC,Summons an animal into battle.,Appelle un animal à rejoindre le combat.,Chiama un animale in battaglia.,どうぶつを　せんとうに　よびつける。,동물을 전투로 불러들인다.,Invoca un animal a la batalla.,Invoca a un animal para la batalla.,Invoca um animal para a batalha.,Przywołuje zwierzę do walki.,Holt ein Tier in den Kampf hinzu.,Призыв дикого животного.,Закликає дику тварину до битви.,召唤一只动物加入战斗。
CALLHELPSTARMANJR_DIALOG,{n0}{name} emitted a high frequency sound!,{n0}{name} émet un son à haute fréquence !,{n0}{name} emette un souno ad alta frequenza!,{name}は　ちょうおんぱを　はっした！,{name}{n0} 초음파를 발사했다!,¡{n0}{name} emitió un sonido de alta frecuencia!,¡{n0}{name} ha emitido un ultrasonido!,{n0}{name} emitiu um som de alta frequência!,{name} wyemitował{n4} głośny pisk!,{n0}{n10} machte hochfrequenten Lärm!,{name} издал{n6} высокочастотный звук!,{name} вида{n6} високочастотний звук!,{n0}{name}释放出高频音波！
CANARYLIFE1_DIALOG1,{n0}{name} walked around!,{n0}{name} se balade dans les parages ¦,{n0}{name} se ne va in giro!,{name}は　トコトコと\nあるきまわっている。,{name}{n0} 주위를 돌아다닌다!,¡{n0}{name} caminó por ahí!,¡{n0}{name} se ha dado un paseo!,{n0}{name} andou por aí!,{name} chodził w kółko!,{n0}{n10} ging umher!,{name} ходит кругами!,{name} ходить кругами!,{n0}{name}走来走去！
CANARYLIFE1_DIALOG2,{n0}{name} chirped softly!,{n0}{name} piaille doucement ¦,{n0}{name} cinguetta dolcemente!,{name}は　チュンとないた！,{name}{n0} 부드럽게 지저귄다!,¡{n0}{name} pió suavemente!,¡{n0}{name} ha piado con dulzura!,{n0}{name} cantou suavemente!,{name} ćwierknął cichutko!,{n0}{n10} zwitcherte sanft!,{name} тихо щебечет!,{name} тихо щебече!,{n0}{name}轻声鸣叫！
CANARYLIFE1_DIALOG3,{n0}{name} hopped in place!,{n0}{name} sautille sur place ¦,{n0}{name} saltella sul posto!,{name}は　ピョンピョンはねた！,{name}{n0} 제자리에서 폴짝폴짝 뛴다!,¡{n0}{name} dio saltitos en su lugar!,¡{n0}{name} ha dado unos saltitos!,{n0}{name} ciscou o chão!,{name} podskoczył w miejscu!,{n0}{n10} hüpfte herum!,{name} подпрыгнул{n6}!,{name} підстрибну{n6}!,{n0}{name}在原地跳着！
CANARYLIFE1_DIALOG4,{n0}{name} sneezed! It was adorable.,{n0}{name} éternue ¦\nC'est trop mignon.,{n0}{name} ha starnutito! Che carino.,{name}は　くしゃみをした！,{name}{n0} 재채기했다! 정말 깜찍하다.,¡{n0}{name} estornudó! Fue adorable.,¡{n0}{name} ha estornudado! Qué mono.,{n0}{name} espirrou! Foi adorável.,{name} kichnął! To było urocze.,{n0}{n10} nieste! Es war herzergreifend!,{name} чихнул{n6}! Какая милота!,{name} чхну{n6}! Це було мило.,{n0}{name}打了个喷嚏，可爱极了！
CANARYLIFE1_DIALOG5,{n0}{name} pecked at a pebble on the ground!,{n0}{name} picore un caillou par terre ¦,{n0}{name} becca un sassolino per terra!,{name}は\nじめんの　こいしを　つついている・・・。,{name}{n0} 땅에 자갈을 쪼아댔다!,¡{n0}{name} picoteó una piedrita del suelo!,¡{n0}{name} ha picoteado una piedra!,{n0}{name} bicou uma pedrinha do chão!,{name} dziobnął kamyk leżący na ziemi!,{n0}{n10} pickte auf einen Kieselstein am Boden ein!,{name} клюнул{n6} камушек!,{name} клюну{n6} каміньчик на землі!,{n0}{name}啄了啄地上的小石子！
CANARYLIFE1_DIALOG6,{n0}{name} tried to intimidate {t1}{target}... but only let out a tiny “peep”.,{n0}{name} essaye d'intimider {t1}{target}... mais émet juste un petit « piou ». ,{n0}{name} prova a spaventare {t1}{target}... ma fa solo “pio”.,{name}は　{target}をいかくしてみた・・・\nてきは　ぜんぜん　どうじていない！,{name}{n0} {target}{t2} 위협했다... 하지만 그저 귀여운 “짹짹”이였다.,{n0}{name} intentó intimidar {t5}{target}... pero solo emitió un pequeño “¡pío!”.,{n0}{name} quería intimidar {t5}{target}... pero solo ha soltado un pequeño «pío».,{n0}{name} tentou intimidar {t1}{target}... mas só soltou um pequeno “piu”.,{name} próbował zastraszyć {t3}... ale wydał z siebie tylko malutki „pisk”.,{n0}{n10} versuchte {t5}{t13} einzuschüchtern ... Doch gab nur nur ein leises „Fiep“ von sich.,{name} попробовал{n6} припугнуть {t3}... но издал{n6} только небольшое «пи».,{name} спробува{n6} залякати {t3}... але вида{n6} лише невелике «Піп!».,{n0}{name}试图恐吓{t1}{target}…结果只发出了细细的一声“啾”。
CANARYLIFE1_DIALOG7,{n0}{name} stared at {t1}{target}!\n{t0}{target} was unsure how to respond.,{n0}{name} regarde {t1}{target} fixement ¦\n{t0}{target} ne sait pas comment réagir.,{n0}{name} fissa {t1}{target}!\n{t0}{target} non sa come reagire.,{name}は　{target}を\nジロジロと　みている・・・。,{name}{n0} {target}{t2} 노려봤다! {target}{t0} 어떻게 대답해야할지 확신이 서지 않는다.,¡{n0}{name} miró fijamente {t5}{target}! {t0}{target} no sabía cómo reaccionar.,¡{n0}{name} ha mirado fijamente {t5}{target}!\n{t0}{target} no ha sabido muy bien qué hacer.,{n0}{name} encarou {t1}{target}! {t0}{target} não soube como reagir.,"{name} spojrzał na {t3}!\n{target} nie wiedział{n4}, jak zareagować.","{n0}{n10} starrte auf {t5}{t13}! {t0}{t10} war sich unsicher, wie {t4}e Reaktion aussehen soll.","{name} уставил{n8} на {t3}! {target} не знает, как на это реагировать.","{name} витріща{n6}ся на {t3}!\n{target} не впевнен{t7}, як на таке відповісти.",{n0}{name}紧紧盯着{t1}{target}！\n{t0}{target}不知该如何回应。
CANARYLIFE1_DIALOG8,{n0}{name} puffed up to look menacing!,{n0}{name} gonfle les plumes pour avoir l'air menaçant{n6} ¦,{n0}{name} si gonfia con fare minaccioso!,{name}は　いかくしようと\nはねを　さかだてた！,{name}{n0} 위협적으로 보이기 위해 몸을 부풀렸다!,¡{n0}{name} se esponjó para parecer amenazante!,¡{n0}{name} se ha hinchado para dar miedo!,{n0}{name} encheu o peito para parecer intimidador!,"{name} napuszył się, by wyglądać groźnie!","{n0}{n10} plusterte sich auf, um bedrohlich zu wirken!","{name} взъерошил{n8}, чтобы выглядеть угрожающе!","{name} наду{n6}ся, щоб виглядати грізно!",{n0}{name}鼓起身子，想让自己看起来很吓人！
CANARYLIFE2_DIALOG1,{n0}{name} brought {t1}{target} a twig!,{n0}{name} apporte une brindille à {t1}{target} ¦,{n0}{name} porta un ramoscello {t1}{target}!,{name}は　{target}に\nこえだをプレゼントした！,{name}{n0} {target}에게 잔가지를 줬다!,¡{n0}{name} le trajo una ramita {t5}{target}!,¡{n0}{name} le ha traído {t5}{target} una rama!,{n0}{name} trouxe um graveto pr{t4}{target}!,{name} przyniósł {t2} gałązkę!,{n0}{n10} brachte {t5}{t13} einen Zweig!,{name} приносит {t2} веточку!,{name} принес{n6} {t2} гілочку!,{n0}{name}给{t1}{target}叼来了一根小树枝！
CONFUSION_DESC,Makes one enemy confused.,Rend un ennemi confus.,Confonde un nemico.,１たいを　こんらんにする。,적 하나를 혼란스럽게 만든다.,Confunde a un enemigo.,Confunde a un enemigo.,Deixa um inimigo confuso.,Czyni jednego wroga zdezorientowanym.,Verwirrt einen Gegner.,Приводит врага в замешательство.,Дезорієнтує ворога.,让一名敌人感到混乱。
CONFUSION_DIALOG,{n0}{name} made {t1}{target} confused!,{n0}{name} a rendu {t1}{target} confus !,{n0}{name} ha confuso {t1}{target}!,{name}は　{target}を　こんらんさせた！,{name}{n0} {target}{t2} 혼란스럽게 만들었다.,¡{n0}{name} dejó {t5}{target} confundid{t6}!,¡{n0}{name} ha dejado {t5}{target} confus{t6}!,{n0}{name} deixou {t1}{target} confuso!,{name} zdezorientował {t3}!,{n0}{n10} verwirrte {t5}{t13}!,{name} сбил{n6} {t3} с толку!,{name} зби{n6} {t3} з пантелику!,{n0}{name}让{t1}{target}陷入混乱！
CONFUSION_NAME,Confusion,Confusion,Confusione,こんらん,혼란,Confusión,Confusión,Confusão,Dezorientacja,Verwirrung,Сбивание с толку,Дезорієнтація,混乱
CONTINUOUSATTACK_DESC,Deals minor damage to an enemy twice in a row.,Inflige des dégâts mineurs à un ennemi deux fois de suite.,Infligge danni lievi a un nemico due volte di fila.,１たいに　かるいダメージを　２れんぱつ。,"적에게 두 번 연속, 약한 피해를 준다.",Inflige daño leve a un enemigo dos veces seguidas.,Inflige daño leve a un enemigo dos veces seguidas.,Causa dano leve a um inimigo duas vezes em sequência.,Zadaje niewielkie obrażenia wrogowi dwa razy z rzędu.,Fügt einem Gegner zweimal geringen Schaden zu.,Дважды наносит небольшой урон врагу.,Завдає невеликої шкоди ворогу двічі поспіль.,对一名敌人连续造成两次少量伤害。
CONTINUOUSATTACK_DIALOG,{n0}{name} unleashed a continuous attack!,{n0}{name} effectue une attaque combo !,{n0}{name} scatena un attacco concatenato!,{name}の　れんぞくこうげき！,{name}{n0} 연속으로 공격하기 시작했다!,¡{n0}{name} desató un ataque continuo!,¡{n0}{name} ha desatado un ataque continuo!,{n0}{name} lança um ataque contínuo!,{name} rozpoczyna ciągły atak!,{n0}{n10} griff ununterbrochen an!,{name} делает серию ударов!,{name} випусти{n6} подвійну атаку!,{n0}{name}使出了连续攻击！
CONTINUOUSATTACK_NAME,Continuous Attack,Attaque combo,Attacco concatenato,れんぞくこうげき,연속 공격,Ataque continuo,Ataque continuo,Ataque Contínuo,Ciągły Atak,Kontinuitäts-Angriff,Серия ударов,Подвійна атака,连续攻击
COUNTER_ART,,,,,"는,가,를,와",,,,",Kontry",,"Рефлектор,Рефлектора,Рефлектору,Рефлектор","Щит-дзеркало,Щита-дзеркала,Щиту-дзеркалу,Щит-дзеркало",
COUNTER_NAME,Counter,Contre-attaque,Scudo riflettente,カウンター,카운터,Reflejo,Reflejo,Revidar,Kontra,Konter,Рефлектор,Щит-дзеркало,减半反射
COUNTERA_DESC,"Reflects physical damage to one ally.\nSome attacks can't be reflected, however.",Renvoie les dégâts physiques reçus par un allié.\nCertaines attaques ne peuvent être renvoyées.,Riflette i danni fisici inflitti a un alleato.\nNon funziona con alcuni attacchi.,ひとりに　ぶつりはんしゃバリア。\nはんしゃできないものもある。,한 아군이 받는 물리 피해를 반사한다.\n일부 공격은 반사할 수 없다.,Refleja el daño físico hacia un aliado.\nAlgunos ataques no pueden ser reflejados.,Refleja el daño físico infligido a un aliado.\nNo sirve con todos los ataques.,"Reflete o dano físico de um aliado.\nPorém, alguns ataques não podem ser refletidos.",Sojusznik odbija fizyczne obrażenia. Nie działa to na niektóre ataki.,Reflektiert physischen Schaden des Verbündeten.\nEinige Angriffe können nicht reflektiert werden.,Отражает большинство физических ударов\nпо одному союзнику обратно во врага.,"Повертає шкоду, завдану союзнику.\nНе працює проти деяких атак.",为一名队友反射物理伤害。[BR]然而部分攻击无法被反射。
COUNTERO_DESC,"Reflects physical damage to all allies.\nSome attacks can't be reflected, however.",Renvoie les dégâts physiques reçus par tous les alliés.\nCertaines attaques ne peuvent être renvoyées.,Riflette i danni fisici inflitti a tutti gli alleati.\nNon funziona con alcuni attacchi.,ぜんいんに　ぶつりはんしゃバリア。\nはんしゃできないものもある。,아군 전체가 받는 물리 피해를 반사한다.\n일부 공격은 반사할 수 없다.,Refleja el daño físico hacia todos los aliados.\nAlgunos ataques no pueden ser reflejados.,Refleja el daño físico infligido a todos los aliados.\nNo sirve con todos los ataques.,"Reflete o dano físico de todos os aliados.\nPorém, alguns ataques não podem ser refletidos.",Wszyscy sojusznicy odbijają fizyczne obrażenia. Nie działa to na niektóre ataki.,Reflektiert physischen Schaden aller Verbündeten.\nEinige Angriffe können nicht reflektiert werden.,Отражает большинство физических ударов\nпо всем союзникам обратно во врага.,"Повертає шкоду, завдану союзникам.\nНе працює проти деяких атак.",为全体队友反射物理伤害。[BR]然而部分攻击无法被反射。
COURAGE_ART,,,,,"는,가,를,와",,,,",Odwagi",,"моральный дух,морального духа,моральному духу,моральный дух","відвага,відваги,відвазі,відвагу",
COURAGE_DESC,Restores HP to an ally.\nHP restored varies based on guts.,Rend des PV à un allié. Le nombre de PV rendus varie selon l'audace du lanceur.,Restituisce PS a un alleato.\nIl numero di PS si basa sulla Combattività.,みかたひとりのHPを　かいふくする。\nガッツがたかいほど　かいふくするHPがふえる。,아군 한 명의 HP를 회복한다.\n회복량은 용기에 비례한다.,Recupera PV a un aliado.\nLa cantidad depende del coraje del usuario.,Recupera PV a un aliado.\nLa cantidad depende de las agallas del usuario.,Recupera o HP de um aliado. O HP recuperado varia de acordo com a coragem do usuário.,Przywraca HP sojusznikowi.\nPrzywrócone HP zależy od poziomu odwagi.,Heilt KP eines Verbündeten.\nGeheilte KP variieren je nach Mut.,Частично восстанавливает здоровье союзника.\nКол-во восстанавливаемых ОЗ зависит от дерзости.,Відновлює ОЗ союзнику.\nКількість відновленого ОЗ залежить від Сміливості.,恢复一名队友的HP值。\n回复量取决于自身勇气值。
COURAGE_DIALOG,{n0}{name} encouraged {t1}{target}!,{n0}{name} encourage {t1}{target} !,{n0}{name} incoraggia {t1}{target}!,{name}は　{target}を　ゆうきづけた！,{name}{n0} {target}{t2} 격려했다!,¡{n0}{name} animó {t5}{target}!,¡{n0}{name} ha animado {t5}{target}!,{n0}{name} encorajou {t1}{target}!,{name} zachęcił{n4} {t3}!,{n0}{n10} machte {t5}{t13} Mut!,{name} подбодрил{n6} {t3}!,{name} підбадьори{n6} {t3}!,{n0}{name}鼓励了{t1}{target}！
COURAGE_DIALOG_SELF,{n0}{name} gathered {n4} courage!,{n0}{name} rassemble son courage !,{n0}{name} chiama a sé tutto il suo coraggio!,{name}は　ゆうきを　ふりしぼった！,{name}{n0} 용기를 모았다!,¡{n0}{name} reunió coraje!,¡{n0}{name} ha reunido coraje!,{n0}{name} se sentiu mais confiante!,{name} zebrał{n4} w sobie odwagę!,{n0}{n10} sammelte seinen Mut!,{name} собрал{n8} с духом!,{name} зібра{n6}ся з духом!,{n0}{name}鼓起了勇气！
COURAGE_NAME,Courage,Encouragement,Coraggio,ゆうき,용기,Animar,Aliento,Encorajar,Zachęta,Mutmachung,Моральный дух,Відвага,勇气
CRITICALTHINKING_DESC,Try to assess the current situation.,Permet d'essayer d'analyser la situation.,Valuta la situazione attuale.,じしんの　たちばを\nあらためて　かんがえる。,지금 상황을 다시 한번 되돌아보자.,Intenta analizar la situación actual.,Intenta analizar la situación actual.,Tenta analisar a situação atual.,Stara się ocenić obecną sytuację.,Versucht die Situation einzuschätzen.,Анализ сложившейся ситуации.,Спробувати оцінити поточну ситуацію.,尝试评估当前局势。
CRITICALTHINKING_DIALOG,{n0}{name} tried sizing up the situation!,{n0}{name} tente d'analyser la situation !,{n0}{name} cerca di valutare la situazione!,{name}は\nたちばを　かんがえた・・・。,{name}{n0} 상황 파악을 시작했다!,¡{n0}{name} intentó analizar la situación!,¡{n0}{name} ha intentado analizar la situación!,{n0}{name} tentou analisar a situação!,{name} próbował{n4} ocenić sytuację!,"{n0}{n10} versuchte, die Situation einzuschätzen!",{name} попробовал{n6} оценить обстановку!,{name} спробува{n6} оцінити ситуацію!,{n0}{name}试着评估当前局势！
CRITICALTHINKING_NAME,Critical Thinking,Pensée critique,Pensiero critico,たちばをかんがえる,비판적 사고,Pensamiento crítico,Pensamiento crítico,Pensamento Crítico,Myślenie Krytyczne,Kritisches Denken,Критическая оценка,Критичне мислення,批判性思考
CURVEBALL_ART,,,,,"은,이,을,과",,,,",Podkręconego Rzutu",,"кручёный мяч,кручёного мяча,кручёному мячу,кручёный мяч","крива подача,кривої подачі,кривій подачі,криву подачу",
CURVEBALL_DESC,Hit all enemies.,Inflige des dégâts à tous les ennemis.,Colpisce tutti i nemici.,てきぜんたいに　こうげきできる。,모든 적을 맞힌다.,Golpea a todos los enemigos.,Inflige daño a todos los enemigos.,Ataca todos os inimigos.,Atakuje wszystkich wrogów.,Trifft alle Gegner.,Наносит урон всем врагам.,Завдає шкоди всім ворогам.,对全体敌人造成伤害。
CURVEBALL_NAME,Curveball,Balle courbe,Palla curva,カーブボール,커브볼,Bola curva,Bola curva,Bola Curva,Podkręcony Rzut,Effetball,Кручёный мяч,Крива подача,曲线球
DARKNESS_ART,,,,,"은,이,을,과",,,,",Ciemności",,"Мрак,Мрака,Мраку,Мрак","темрява,темряви,темряві,темряву",
DARKNESS_NAME,Darkness,Ténèbres,Oscurità,ダークネス,어둠,Oscuridad,Oscuridad,Escuridão,Ciemność,Dunkelheit,Мрак,Темрява,黑暗
DARKNESSA_DESC,Blinds one enemy.,Aveugle un ennemi.,Acceca un nemico.,１たいを　もうもくにする。,적 하나의 시야를 방해한다.,Ciega a un enemigo.,Ciega a un enemigo.,Cega um inimigo.,Oślepia jednego wroga.,Erblinet einen Gegner.,Ослепление врага.,Засліплює одного ворога.,使一名敌人失明。
DARKNESSO_DESC,Blinds all enemies.,Aveugle tous les ennemis.,Acceca tutti i nemici.,ぜんたいを　もうもくにする。,적 모두의 시야를 방해한다.,Ciega a los enemigos.,Ciega a todos los enemigos.,Cega todos os inimigos.,Oślepia wszystkich wrogów.,Erblinet alle Gegner.,Ослепление всех врагов.,Засліплює всіх ворогів.,使全体敌人失明。
DARLINGSMILE_DESC,"A simple smile, but one that foreshadows a devastating attack.","Un simple sourire, mais qui laisse présager une attaque dévastatrice.","Un semplice sorriso, che preannuncia un attacco devastante.",ふおんなみらいを　おもわせる　ふてきなえがお。,"단순한 미소지만, 파멸적인 공격을 예고하는 미소다.","Una simple sonrisa, pero que presagia un ataque devastador.",Una sonrisa que presagia un ataque devastador.,"Um simples sorriso, porém, que prevê um ataque devastador.","Prosty uśmiech, ale zwiastuje druzgocący atak.","Ein simples Lächeln, das jedoch etwas verheerendes ankündigt.","Обычная улыбка, скрывающая за собой ужасающую атаку.","Звичайна посмішка, що приховує за собою жахливу атаку.",一个简单的微笑，但预示着一次毁灭性的打击。
DARLINGSMILE_DIALOG,{n0}{name} smiled a darling smile!,{n0}{name} affiche un sourire adorable !,{n0}{name} fa un sorriso adorabile!,{name}は　ふてきにほほえんだ！,{name}{n0} 사랑스러운 미소를 지어 보였다!,¡{n0}{name} sonríe de manera encantadora!,¡{n0}{name} sonríe de forma encantadora!,{n0}{name} deu um sorriso encantador!,{name} czarująco się uśmiecha!,{n0}{n10} lächelte hinreizend!,{name} улыбнул{n8} чарующей улыбкой!,{name} засяя{n6} чарівною посмішкою!,{n0}{name}露出了迷人的微笑！
DARLINGSMILE_NAME,Darling Smile,Adorable sourire,Sorriso adorabile,ふてきにほほえむ,사랑스러운 미소,Sonrisa encantadora,Sonrisa encantadora,Sorriso Encantador,Czarujący Uśmiech,Reizendes Lächeln,Чарующая улыбка,Чарівна посмішка,迷人微笑
DEFENSEDOWN_ART,,,,,"은,이,을,과",,,,",Obrony Minus",,"Защита ↓,Защиты ↓,Защите ↓,Защиту ↓","Захист ↓,Захисту ↓,Захистові ↓,Захист ↓",
DEFENSEDOWN_NAME,Defense Down,Défense diminuée,Difesa Giù,ディフェンスダウン,디펜스 다운,Defensa minus,Defensa minus,Defesa (-),Obrona Minus,Verteidigung Ab,Защита ↓,Захист ↓,防御降低
DEFENSEDOWNA_DESC,Lowers one enemy's Defense.\nEffective when stacked.,Réduit la défense d'un ennemi.\nEffet cumulable.,Abbassa la Difesa di un nemico.\nEffetto cumulabile.,１たいの　ディフェンスをさげる。\nかさねてつかうと　こうかてき。,적 하나의 방어력을 낮춘다.\n중첩할 수록 효과적이다.,Baja la defensa de un enemigo.\nDe efecto acumulable.,Reduce la defensa de un enemigo.\nDe efecto acumulable.,Reduz a Defesa de um inimigo.\nPode ser acumulado.,Obniża obronę jednego wroga.\nMożna nałożyć wielokrotnie.,Verringert die Verteidigung eines Gegners.\nGestapelt wirksam.,Понижает защиту врага.\nЭффект усиливается при повторном использовании.,Знижує Захист одного ворога.\nЕфект посилюється при повторному використанні.,降低一名敌人的防御力。\n叠加使用效果提升。
DEFENSEDOWNO_DESC,Lowers all enemies' Defense.\nEffective when stacked.,Réduit la défense de tous les ennemis.\nEffet cumulable.,Abbassa la Difesa di tutti i nemici.\nEffetto cumulabile.,ぜんたいの　ディフェンスをさげる。\nかさねてつかうと　こうかてき。,적 모두의 방어력을 낮춘다.\n중첩할 수록 효과적이다.,Baja la defensa de los enemigos.\nDe efecto acumulable.,Reduce la defensa de todos los enemigos.\nDe efecto acumulable.,Reduz a Defesa de todos os inimigos.\nPode ser acumulado.,Obniża obronę wszystkich wrogów.\nMożna nałożyć wielokrotnie.,Verringert die Verteidigung aller Gegner.\nGestapelt wirksam.,Понижает защиту всех врагов.\nЭффект усиливается при повторном использовании.,Знижує Захист всіх ворогів.\nЕфект посилюється при повторному використанні.,降低全体敌人的防御力。\n叠加使用效果提升。
DEFENSEUP_ART,,,,,"는,가,를,와",,,,",Obrony Plus",,"Защита ↑,Защиты ↑,Защите ↑,Защиту ↑","Захист ↑,Захисту ↑,Захисту ↑,Захист ↑",
DEFENSEUP_NAME,Defense Up,Défense augmentée,Difesa Su,ディフェンスアップ,디펜스 업,Defensa plus,Defensa plus,Defesa (+),Obrona Plus,Verteidigung Auf,Защита ↑,Захист ↑,防御提升
DEFENSEUPA_DESC,Raises one ally's Defense.\nEffective when stacked.,Augmente la défense d'un allié.\nEffet cumulable.,Aumenta la Difesa di un alleato.\nEffetto cumulabile.,みかたひとりの　ディフェンスをあげる。\nかさねると　こうかてき。,한 명의 디펜스를 증가시킨다.\n중첩될 수록 더욱더 효과적이다!,Aumenta la defensa de un aliado.\nDe efecto acumulable.,Aumenta la defensa de un aliado.\nDe efecto acumulable.,Aumenta a defesa de um aliado.\nPode ser acumulado.,Zwiększa obronę jednego sojusznika.\nMożna nałożyć wielokrotnie.,Erhöht die Verteidigung eines Verbündeten.\nKann gestapelt werden.,Повышает защиту союзника.\nЭффект усиливается при повторном использовании.,Піднімає Захист одного союзника.\nЕфективно при повторному використанні.,提升一位伙伴的防御力。\n叠加使用效果提升。
DEHYDRATINGATTACK_DESC,Deals minor damage to an enemy and drains their PP.,Inflige des dégâts mineurs à un ennemi et réduit ses PP.,Infligge danni lievi a un nemico e ne assorbe i PP.,てきに　かるいダメージをあたえて　PPもすいとる。,적에게 약간의 피해를 주고 PP를 소모한다.,Inflige daño leve a un enemigo y drena sus PP.,Inflige daño leve a un enemigo y drena sus PP.,Causa dano leve a um inimigo e absorve o seu PP.,Zadaje małe obrażenia wrogowi i wysysa z niego PP.,Fügt einem Gegner geringen Schaden zu und entzieht ihm PP.,Немного ранит врага и истощает его запас ОП.,Завдає незначної шкоди ворогові і висмоктує його ОП.,对敌人造成少量伤害，并吸取PP。
DEHYDRATINGATTACK_DIALOG,{n0}{name} used a dehydrating attack!,{n0}{name} effectue une attaque déshydratante !,{n0}{name} usa un attacco disidratante!,{name}の　だっすいこうげき！,{name}{n0} 탈수 공격을 사용했다!,¡{n0}{name} usó ataque deshidratante!,¡{n0}{name} ha usado un ataque deshidratante!,{n0}{name} usou um ataque desidratante!,{name} użył{n4} ataku odwadniającego!,{n0}{n10} benutzte einen dehydrierenden Angriff!,{name} использует иссушающую атаку!,{name} використа{n6} зневоднюючу атаку!,{n0}{name}使出了脱水攻击！
DEHYDRATINGATTACK_NAME,Dehydrating Attack,Attaque déshydratante,Attacco disidratante,だっすいこうげき,탈수 공격,Ataque deshidratante,Ataque deshidratante,Ataque Desidratante,Atak Odwadniający,Dehydrations-Angriff,Иссушающая атака,Зневоднююча атака,脱水攻击
DISTORTOLAUNCHERS_DIALOG,{n0}{name} pressed a button!,{n0}{name} a appuyé sur un bouton !,{n0}{name} preme un pulsante!,{name}は　ボタンを　おした！,{name}{n0} 버튼을 눌렀다!,¡{n0}{name} ha pulsado un botón!,¡{n0}{name} ha pulsado un botón!,{n0}{name} apertou um botão!,{name} wciska przycisk!,{n0}{n10} betätigte einen Schalter!,{name} нажал{n6} на кнопку!,{name} натисну{n6} на кнопку!,{n0}{name}按下了按钮！
DISTORTOBOOST_DIALOG,{n0}{name} tinkered with {t1}{target}!,{name} a bricolé {t1}{target} !,{name} armeggia con {t1}{target}!,{name}は　{target}を　いじくりまわした！,{name}{n0} {target}{t2} 어설프게 수리했다!,¡{name} reajustó {t5}{target}!,¡{name} ha trasteado con {t1}{target}!,{name} ajustou os circuitos d{t4} {target}!,{name} pomajstrował{n4} przy {t6}!,{n10} bastelte an {t5}{t13} herum!,{name} перенастроил{n6} {t3}!,{name} переналаштува{n6} {t3}!,{n0}{name}仔细调校了{t1}{target}！
DISTORTOBOOST_NAME,Reconfiguration,Reconfiguration,Riconfigurazione,いじくりまわす,재구성,Reajuste,Reajuste,Reajuste,Rekonfiguracja,Neukonfigurieren,Перенастройка,Реконфігурація,重新设置
ESCAPECRUMBS_DESC,Throw crumbs at the enemy to distract it and run away.,"Distrait l'ennemi, permettant de prendre la fuite.",Lancia briciole contro il nemico per distrarlo e fuggire.,てきに　むかってパンくずを\nなげつけて　そのすきに　にげる！,부스러기를 적에게 뿌려 적의 집중력을 분산시킨\n틈에 도망친다.,Lanza migajas al enemigo para distraerle y huir.,Lanza migas al enemigo para distraerlo y huir.,Joga migalhas no inimigo para distraí-lo e fugir.,"Rzuć okruszkami w stronę wroga, aby odwrócić jego uwagę i uciec.","Werfe Krümel zu einem Gegner, um ihn abzulenken und zu fliehen.","Если бросить во врага, они отвлекут его и дадут убежать с поля боя.","Кинути крихти у ворога, щоб відволікти його і втекти.",向敌人扔面包屑转移其注意力并逃跑。
ESCAPECRUMBS_DIALOG,{n0}{name} threw the crumbs at {t1}{target} and ran away!,{n0}{name} lance les miettes en direction de {t4}{target} et fuit !,{n0}{name} lancia briciole contro {t1}{target} e fugge!,{name}は　{target}に　パンくずを\nなげつけて　にげだした！,{name}{n0} {target}{t2} 향해 부스러기를 던지고 도망갔다!,¡{n0}{name} arrojó las migajas {t5}{target} y huyó!,¡{n0}{name} ha tirado las migas {t5}{target} y ha huido!,{n0}{name} jogou as migalhas n{t4} {target} e fugiu!,{name} rzucił{n4} okruchy we {t3} i uciekł{n4}!,{n0}{n10} warf Krümel auf {t5}{t13} und rannte davon!,{name} кинул{n6} во {t3} крошки и убежал{n6}!,{name} кину{n6} крихти у {t3} і тікає!,{n0}{name}将面包屑扔向{t1}{target}后逃跑了！
ESCAPECRUMBS_NAME,Escape Crumbs,Lancer de miettes,Briciole della fuga,パンくず,부스러기,Migajas,Migas,Migalhas,Okruchy Ucieczki,Fluchtkrümel,Побег-крошки,Крихти втечі,逃生面包屑
EXHAUSTGAS_DESC,Deals damage to all enemies and lowers their offense. Might also cause an asthma attack.,Inflige des dégâts et réduit l'attaque et la défense de tous les ennemis. Peut causer une crise d'asthme.,Infligge danni a tutti i nemici e abbassa il loro attacco.\nPuò causare un attacco d'asma.,てきぜんたいに　ダメージと　オフェンスダウン。\nぜんそくに　させることもある。,모든 적에게 피해를 주고 공격력을 낮춘다. 천식을 일으킬 수도 있다.,Inflige daño a todos los enemigos y reduce su ofensa. Puede causar un ataque de asma.,Inflige daño a todos los enemigos y reduce la fuerza. Puede causar un ataque de asma.,Causa dano e reduz o ataque de todos os inimigos. Também pode causar um ataque de asma.,Zadaje obrażenia wszystkim wrogom i zmniejsza ich ofensywę. Może też wywołać atak astmy.,Fügt allen Gegnern Schaden zu und verringert ihren Angriff. Kann Asthma auslösen.,Наносит всем врагам урон и снижает их силу. Может спровоцировать приступ астмы.,Завдає шкоди усім ворогам та знижує їхню Атаку. Також може спричинити напад астми.,对全体敌人造成伤害并降低其攻击力，偶尔还会引发哮喘发作。
EXHAUSTGAS_DIALOG,{n0}{name} puffed a cloud of exhaust gas!,{n0}{name} évacue ses gaz d'échappement !,{n0}{name} emette una nuvola di gas di scarico!,{name}は　はいきガスを　ふきかけた！,{name}{n0} 배기가스 구름을 내뿜었다!,¡{n0}{name} expulsó una nube de gas de escape!,¡{n0}{name} ha exhalado una nube de gas de escape!,{n0}{name} emitiu uma grande nuvem de fumaça!,{name} wydalił{n4} z siebie chmurę spalin!,{n0}{n10} ließ eine Wolke Abgase von sich!,{name} выпускает облако выхлопных газов!,{name} сплюну{n6} хмару вихлопних газів!,{n0}{name}喷出了一团毒性尾气！
EXHAUSTGAS_NAME,Exhaust Gas,Gaz d'échappement,Gas di scarico,はいきガス,배기가스,Gas de escape,Gas de escape,Escapamento,Spaliny,Abgas,Выхлопы,Вихлопні гази,毒性尾气
EXPLODE_DESC,Deals high damage to all enemies when the user runs out of HP.,Inflige des dégâts majeurs à tous les ennemis quand le lanceur est à court de PV.,"Quando i PS scendono a 0, infligge danni ingenti a tutti i nemici.",HPがなくなったとたん\nてきぜんいんに　だいダメージ！,시전자의 HP가 닳을 때마다 모든 적에게 강력한 피해를 준다.,Inflige gran daño a todos los enemigos cuando el usuario se queda sin PV.,Inflige gran daño a todos los enemigos cuando los PV llegan a 0.,Causa grande dano em todos os inimigos quando o usuário fica sem HP.,"Zadaje wysokie obrażenia wszystkim wrogom, gdy użytkownikowi skończy się HP.","Fügt allen Gegnern hohen Schaden zu, während der Anwender sämtliche HP verliert.","Сильно ранит врагов, как только заканчивается запас ОЗ.","Сильно пошкоджує ворогів, як тільки у користувача закінчаться ОЗ.",当使用者的HP耗尽时对全体敌人造成高额伤害。
EXPLODE_DIALOG,{n0}{name} exploded!,{n0}{name} explose !,{n0}{name} esplode!,{name}は　おおきく　ばくはつした！,{name}{n1} 폭발했다!,¡{n0}{name} explotó!,¡{n0}{name} ha explotado!,{n0}{name} explodiu!,{name} wybuchł{n4}!,{n0}{n10} explodierte!,{name} взорвал{n8}!,{name} вибухну{n6}!,{n0}{name}爆炸了！
EXPLODE_NAME,Explosion,Explosion,Esplosione,だいばくはつ,폭발,Explosión,Explosión,Explosão,Wybuch,Explosion,Взрыв,Вибух,自爆
FLAMEBURST_DESC,Deals high damage to all enemies when the user runs out of HP.,Inflige des dégâts majeurs à tous les ennemis quand le lanceur est à court de PV.,"Quando i PS scendono a 0, infligge danni ingenti a tutti i nemici.",HPがなくなったとたんに\nてきぜんいんに　だいダメージ！,시전자의 HP가 닳을 때마다 모든 적에게 강력한 피해를 준다.,Inflige gran daño a todos los enemigos cuando el usuario se queda sin PV.,Inflige gran daño a todos los enemigos cuando los PV llegan a 0.,Causa grande dano em todos os inimigos quando o usuário fica sem HP.,"Zadaje wysokie obrażenia wszystkim wrogom, gdy użytkownikowi skończy się HP.","Fügt allen Gegnern hohen Schaden zu, während der Anwender sämtliche HP verliert.","Сильно ранит врагов, как только заканчивается запас ОЗ.","Сильно шкодить ворогам, як тільки у користувача закінчаться ОЗ.",当使用者的HP耗尽时对全体敌人造成高额伤害。
FLAMEBURST_DIALOG,{n0}{name} violently burst into flames!,{n0}{name} s'enflamme avec fracas !,{n0}{name} prende fuoco brutalmente!,{n0}{name}は　おおきく　ばくはつした！,{name}{n0} 격렬히 타오르는 화염에 휩싸였다!,¡{n0}{name} estalló violentamente en llamas!,¡{n0}{name} ha reventado en un mar de llamas!,{n0}{name} explodiu violentamente em chamas!,{name} gwałtownie wybucha płomieniem!,{n0}{n10} brach in gewaltige Flammen aus!,{name} яростно вспыхнул{n6} пламенем!,{name} бурхливо спалахну{n6}!,{n0}{name}剧烈地燃烧起来！
FLAMEBURST_NAME,Flame Burst,Explosion enflammée,Esplosione infuocata,ばくはつ,플레임 버스트,Explosión en llamas,Explosión ardiente,Explosão em Chamas,Płomienny Wybuch,Flammen-Ausbruch,Вспыхивание,Спалахування,火焰爆裂
FLOAT_DESC,Float around.,Permet de flotter dans les airs.,Fluttua per aria.,あたりを　とびまわる。,둥둥 떠다닌다.,Flota alrededor,Flota alrededor.,Dá uma flutuada.,Unosi się dookoła.,Herumschweben.,Полёт в воздухе.,Ширяння в повітрі.,四处漂浮。
FLOAT_DIALOG,{n0}{name} floated around!,{n0}{name} flotte dans les airs !,{n0}{name} fluttua per aria!,{name}は　あたりを\nとびまわっている！,{name}{n0} 둥둥 떠다니는 중이다.,¡{n0}{name} flotó alrededor!,¡{n0}{name} está flotando!,{n0}{name} flutuou!,{name} unosi się dookoła!,{n0}{n10} schwebte herum!,{name} наматывает круги в воздухе!,{name} ширяє в повітрі!,{n0}{name}四处漂浮！
FLOAT_NAME,Float,Flottement,Fluttua,とびまわる,떠다니기,Flotar,Flotar,Flutuar,Unoszenie,Schweben,Полёт,Ширяння,漂浮
FORGETFULNESSFLASH_DESC,Can make one enemy forgetful.,Peut rendre un ennemi oublieux.,Rende smemorato un nemico.,１たいを　どわすれにすることがある。,적 하나에게 건망증을 일으킨다.,Puede volver olvidadizo a un enemigo.,Puede dejar olvidadizo a un enemigo.,Deixa um inimigo esquecido.,Może wprawić wroga w stan zapominalstwa.,Kann einen Gegner vergesslich machen.,Вызывает забывчивость у врага.,Викликає забудькуватість у ворога.,能使一名敌人陷入健忘状态。
FORGETFULNESSFLASH_DIALOG,{n0}{name} emitted a Forgetfulness Flash!,{n0}{name} émet un flash de l'oubli !,{n0}{name} emette uno Smemoraggio!,{name}は　どわすれフラッシュを　はなった！,{name}{n0} 건망증 섬광을 방출했다!,¡{n0}{name} emitió una luz olvidadiza!,¡{n0}{name} ha emitido un Destello Amnésico!,{n0}{name} emitiu um Raio do Esquecimento!,{name} zaświecił{n4} Błyskiem Zapomnienia!,{n0}{n10} strahlte einen Vergesslichkeitsblitz aus!,{name} вызвал{n6} у {t3} провал в памяти!,{name} викликав напад амнезії у {t3}!,{n0}{name}释放了遗忘闪光！
FORGETFULNESSFLASH_NAME,Forgetfulness Flash,Flash de l'oubli,Smemoraggio,どわすれフラッシュ,건망증 섬광,Luz olvidadiza,Destello amnésico,Raio do Esquecimento,Błysk Zapomnienia,Vergesslichkeitsblitz,Провал в памяти,Напад амнезії,遗忘闪光
FROWN_DESC,Makes the user knit their brow.,Conduit le lanceur à froncer les sourcils.,Chi lo usa aggrotta le sopracciglia.,みけんにしわをよせ　しかめっつらをする。,시전자의 이마를 찡그린다.,Hace que el usuario fruncir sus cejas.,Hace al usuario fruncir el entrecejo.,Faz o usuário franzir a testa.,Użytkownik marszczy brwi.,Lässt den Benutzer die Stirn runzeln.,Нахмурить брови.,Насупити брови.,让使用者皱起眉头。
FROWN_DIALOG,{n0}{name} knitted its brow!,{n0}{name} fronce les sourcils !,{n0}{name} aggrotta le sopracciglia!,{name}は　みけんにしわを　よせた！,{name}{n0} 이마를 찡그렸다.,¡{n0}{name} frunció su ceja!,¡{n0}{name} ha fruncido el ceño!,{n0}{name} franziu a testa!,{name} zmarszczył{n4} brwi!,{n0}{n10} runzelte die Stirn!,{name} нахмурил{n6} брови!,{name} насупи{n6} брови!,{n0}{name}的眉头紧锁！
FROWN_NAME,Frown,Froncement de sourcils,Cipiglio,しかめっつら,찡그리기,Fruncir,Fruncir,Franzir,Grymas,Stirnrunzeln,Хмурый взгляд,Похмурий погляд,面露不悦
GETDISTRACTED_DESC,Get distracted by something.,"Le lanceur passe son tour, distrait par quelque chose.",Distraiti da qualcosa.,しゅうちゅうできずに\nそのばで　ぼーっとしてしまう。,주의가 산만해져 집중할 수 없게 된다.,Distraerse con algo.,Distraerse con algo.,Distrai-se com alguma coisa.,Rozproszenie swojej uwagi.,Werde von etwas abgelenkt.,Отвлечение на что-то другое.,Відволікання на щось.,无法集中注意力。
GETDISTRACTED_DIALOG,{n0}{name} got distracted by something!,{n0}{name} se laisse distraire !,{n0}{name} si distrae!,{name}は　ぼーっとしている・・・。,{name}{n0} 집중하지 못하고 멍하니~ 있다...,¡{n0}{name} se distrajo con algo!,¡{n0}{name} se ha distraído con algo!,{n0}{name} se distraiu com alguma coisa!,Coś rozproszyło {n3}!,{n0}{n10} wurde von etwas abgelenkt!,{name} не может собраться с мыслями!,Щось відволікло {n3}!,{n0}{name}被某些东西分散了注意力！
GETDISTRACTED_NAME,Get Distracted,Distraction,Distraiti,ぼんやりする,주의 분산,Distraerse,Distraerse,Se Distrair,Rozproszenie,Ablenkung,Потеря концентрации,Втрата концентрації,注意力分散
HEALING_ART,,,,,"은,이,을,과",,,,",Uzdrowienia",,"Исцеление,Исцеления,Исцелению,Исцеление","Оздоровлення,Оздоровлення,Оздоровленню,Оздоровлення",
HEALING_NAME,Healing,Guérison,Cura,ヒーリング,힐링,Curar,Sanar,Medicina,Uzdrowienie,Heilung,Исцеление,Оздоровлення,治疗
HEALINGA_DESC,Cures one status ailment.,Guérit une altération d'état.,Cura un problema di stato.,ステータスを　ひとつ　かいふくする。,한 명의 상태 이상을 회복한다.,Cura un problema de estado.,Cura un estado alterado.,Cura uma condição negativa.,Leczy jedną dolegliwość.,Heilt eine Statusveränderung.,Избавляет от недуга.,Позбавляє від одного недуга.,消除一种异常状态。
HEALINGB_DESC,Cures two status ailments.,Guérit deux altérations d'état.,Cura due problemi di stato.,ステータスを　ふたつ　かいふくする。,두 명의 상태 이상을 회복한다.,Cura dos problemas de estado.,Cura dos estados alterados.,Cura duas condições negativas.,Leczy dwie dolegliwości.,Heilt zwei Statusveränderungen.,Избавляет от двух недугов.,Позбавляє від двох недугів.,消除两种异常状态。
HEALINGG_DESC,Cures all status ailments and unconsciousness.,Guérit l'évanouissement et toute autre altération d'état.,Cura tutti i problemi di stato e rianima.,ステータスすべてと　きぜつを　かいふくする。,모든 상태 이상과 의식 불명을 회복한다.,Cura todos los problemas de estado y la inconsciencia.,Cura todos los estados alterados y la inconsciencia.,Cura todas as condições negativas e inconsciência.,Leczy wszystkie dolegliwości i utratę przytomności.,Heilt alle Statusveränderungen und Bewusstlosigkeit.,Избавляет от всех недугов и приводит в чувство.,Позбавляє усіх недугів і повертає до свідомості.,消除全部异常状态以及昏迷。
HEALINGO_DESC,Healing γ for all allies.,Guérison γ pour tous les alliés.,Cura γ per tutti gli alleati.,みかたぜんいんに　ヒーリングγのこうか。,모든 아군을 회복하는 힐링 γ.,Cura γ para todos los aliados.,Sanar γ para todos los aliados.,Cura γ para todos os aliados.,Uzdrowienie γ dla wszystkich sojuszników.,Heilung γ für alle Verbündeten.,Все союзники получают Исцеление γ.,Оздоровлення γ для усіх союзників.,让全体队友受到治疗γ的效果。
HOMERUN_DESC,Hit with a guaranteed SMAAAAASH attack.,Permet de frapper un ennemi avec une attaque SMAAAAASH garantie.,Colpisci con un attacco SMAAAAASH assicurato.,１たいに　かならず　ＳＭＡＡＡＡＳＨ！！,보장된 스매애애애시로 가격한다.,Golpea con un ataque SMAAAAASH garantizado.,Golpe con un SMAAAAASH garantizado.,Golpeie com um ataque SMAAAAASH garantido.,Cios zapewniający MIAAAAAŻDZĄCY atak.,Triff mit garantiertem SMAAAAASH.,Гарантированный критический «БА-А-А-АМ!».,Гарантований критичний удар!,必定击出“粉碎一击”。
HOMERUN_NAME,Home Run,Home run,Home Run,ホームラン,홈런,Home run,Home run,Home Run,Home Run,Home Run,Хоум-ран,Хоум-ран,本垒打
HYPNOSIS_ART,,,,,"은,이,을,과",,,,",Hipnozy",,"гипноз,пипноза,гипнозу,гипноз","Гіпноз,Гіпнозу,Гіпнозові,Гіпноз",
HYPNOSIS_NAME,Hypnosis,Hypnose,Ipnosi,さいみんじゅつ,최면,Hipnosis,Hipnosis,Hipnose,Hipnoza,Hypnose,Гипноз,Гіпноз,催眠
HYPNOSISA_DESC,Puts one enemy to sleep.,Endort un ennemi.,Addormenta un nemico.,１たいを　ねむらせる。,적 하나를 잠들게 한다.,Pon a un enemigo a dormir.,Duerme a un enemigo.,Adormece um inimigo.,Usypia jednego wroga.,Versetzt einen Gegner in Schlaf.,Погружает врага в сон.,Присипляє одного ворога.,使一名敌人陷入沉睡。
HYPNOSISO_DESC,Puts all enemies to sleep.,Endort tous les ennemis.,Addormenta tutti i nemici.,ぜんたいを　ねむらせる。,적 모두를 잠들게 한다.,Pon a los enemigos a dormir.,Duerme a todos los enemigos.,Adormece todos os inimigos.,Usypia wszystkich wrogów.,Versetzt alle Gegner in Schlaf.,Погружает всех врагов в сон.,Присипляє всіх ворогів.,使全体敌人陷入沉睡。
HYSTERICALLAUGH_DESC,Laugh very hysterically.,Conduit le lanceur à rire de façon hystérique.,Ridi in modo molto isterico.,とつぜん　おおごえでわらいだす。,아주 큰 소리로 깔깔거린다.,Ríe muy histéricamente.,Ríe muy histéricamente.,Ri de forma bem histérica.,Bardzo histeryczny śmiech.,Lache sehr hysterisch.,Пронзительный истерический смех.,"Пронизливий, істеричний регіт.",歇斯底里的笑着。
HYSTERICALLAUGH_DIALOG,{n0}{name} started laughing hysterically!,{n0}{name} commence à rire de façon hystérique !,{n0}{name} fa una risata isterica!,{name}は　おおごえで　わらいだした！,{name}{n0} 크게 박장대소했다! 깔깔!,¡{n0}{name} empezó a reírse histéricamente!,¡{n0}{name} ha empezado a reírse histéricamente!,{n0}{name} começou a rir histericamente!,{name} śmieje się histerycznie!,"{n0}{n10} begann, hysterisch zu lachen!",{name} начал{n6} истерически смеяться!,{name} поча{n6} істерично сміятися!,{n0}{name}开始歇斯底里的狂笑！
HYSTERICALLAUGH_NAME,Hysterical Laugh,Rire hystérique,Risata isterica,おおわらい,깔깔대기,Risa histérica,Risa histérica,Risada Histérica,Histeryczny Śmiech,Hysterisches Lachen,Истерический смех,Істеричний регіт,狂笑
KARATECHOP_DESC,Deals damage to an enemy.,Inflige des dégâts à un ennemi.,Infligge danno a un nemico.,てきに　ダメージをあたえる。,적에게 피해를 준다.,Inflige daño a un enemigo.,Inflige daño a un enemigo.,Causa dano a um inimigo.,Zadaje obrażenia wrogowi.,Fügt einem Gegner Schaden zu.,Ранит врага.,Завдає шкоди ворогу.,对一名敌人造成伤害。
KARATECHOP_DIALOG,{n0}{name} threw a karate chop!,{n0}{name} effectue une prise de karaté !,{n0}{name} esegue un colpo di karate!,{name}は\nからてチョップを　くりだした！,{name}{n0} 가라데 찹을 시전했다!,¡{n0}{name} lanzó un golpe karateka!,¡{n0}{name} ha lanzado un golpe karateka!,{n0}{name} deu um golpe de karatê!,{name} wyprowadził{n4} cios karate!,{n0}{n10} machte einen Karateschlag!,{name} применяет карате-удар!,{name} здійсни{n6} прийом карате!,{n0}{name}使出了一记空手道劈掌！
KARATECHOP_NAME,Karate Chop,Prise de karaté,Colpo di karate,からてチョップ,가라데 찹,Golpe karateka,Golpe karateka,Golpe de Karatê,Cios Karate,Karateschlag,Карате-удар,Прийом карате,空手道劈掌
LASTBLOW_DESC,Deals high level damage to an enemy. Also causes the user to lose consciousness.,Inflige des dégâts majeur à un ennemi et fait s'évanouir le lanceur.,Infligge danni pesanti a un nemico. Chi la usa perde i sensi.,あいて１たいに　だいダメージ。\nつかうと　きぜつしてしまう。,적에게 높은 수준의 피해를 준다. 또한 시전자는 의식을 잃는다.,Inflige gran daño a un enemigo. También provoca que el usuario pierda el conocimiento.,Inflige daño elevado a un enemigo. Hace que el usuario pierda la conciencia.,Causa dano alto a um inimigo. Também faz com que o usuário fique inconsciente.,"Zadaje wrogowi obrażenia wysokiego poziomu. Sprawia też, że użytkownik traci przytomność.",Fügt einem Gegner hohen Schaden zu. Der Anwender verliert sein Bewusstsein.,Наносит сокрушительный удар по врагу. Приводит к потере сознания.,"Завдає великої шкоди ворогові. Той, хто використає цю атаку, знепритомніє.",对一名敌人造成大量伤害，但也会导致使用者失去意识。
LASTBLOW_DIALOG,{n0}{name} delivered {n4} last blow!!!,{n0}{name} lance une attaque ultime désespérée !!!,{n0}{name} infligge il suo colpo finale!!!,{name}の　さいごのいちげき！！！,{name}{n0} 최후의 일격을 날렸다!!!,¡¡¡{n0}{name} lanzó su golpe final!!!,¡¡¡{n0}{name} ha asestado su golpe final!!!,{n0}{name} deu seu último golpe!!!,{name} wyprowadza ostatni cios!!!,{n0}{n10} versank {n4}en letzten verzweifelnden Schlag!!!,{name} наносит свой последний удар!!!,{name} завдає свій останній удар!!!,{n0}{name}使出了{n4}垂死一击！！！
LASTBLOW_NAME,Last Blow,Bouquet final,Colpo finale,さいごのいちげき,최후의 일격,Golpe final,Golpe final,Golpe Final,Ostatni Cios,Finalschlag,Последний удар,Останній удар,垂死一击
LIFEUP_ART,,,,,"은,이,을,과",,,,",Leczenia",,"Здоровье +,Здоровья +,Здоровью +,Здоровье +","Лікування,Лікування,Лікуванню,Лікування",
LIFEUP_NAME,Lifeup,Soin,VitaSu,ライフアップ,라이프 업,Vida plus,Recuperar,Cura,Leczenie,Aufleben,Здоровье +,Лікування,生命回复
LIFEUPA_DESC,Restores around 60 HP to one ally.,Rend environ 60 PV à un allié.,Restituisce 60 PS circa a un alleato.,みかたひとりのＨＰを　やく６０かいふくする。,한 명의 HP를 60만큼 회복한다.,Restaura alrededor de 60 PV a un aliado.,Restaura una media de 60 PV a un aliado.,Recupera em torno de 60 HP de um aliado.,Przywraca około 60 HP jednemu sojusznikowi.,Stellt etwa 60 KP eines Verbündeten wieder her.,Восстанавливает одному союзнику около 60 ОЗ.,Відновлює близько 60 ОЗ одному союзнику.,为一名队友回复60HP左右。
LIFEUPB_DESC,Restores around 120 HP to one ally.,Rend environ 120 PV à un allié.,Restituisce 120 PS circa a un alleato.,みかたひとりのＨＰを　やく１２０かいふくする。,한 명의 HP를 120만큼 회복한다.,Restaura alrededor de 120 PV a un aliado.,Restaura una media de 120 PV a un aliado.,Recupera em torno de 120 HP de um aliado.,Przywraca około 120 HP jednemu sojusznikowi.,Stellt etwa 120 KP eines Verbündeten her.,Восстанавливает одному союзнику около 120 ОЗ.,Відновлює близько 120 ОЗ одному союзнику.,为一名队友回复120HP左右。
LIFEUPG_DESC,Fully restores one ally's HP.,Rend tous ses PV à un allié.,Restituisce tutti i PS a un alleato.,みかたひとりのＨＰを　まんたんにする。,한 명의 HP를 모두 회복한다.,Restaura completamente los PV de un aliado.,Restaura totalmente los PV de un aliado.,Recupera completamente o HP de um aliado.,W pełni przywraca HP jednego sojusznika.,Stellt alle KP eines Verbündeten wieder her.,Полностью восстанавливает здоровье союзника.,Повністю відновлює ОЗ одного союзника.,为一名队友回复全部HP。
LIFEUPO_DESC,Restores around 240 HP to all allies.,Rend environ 240 PV à tous les alliés.,Restituisce 240 PS circa a tutti gli alleati.,ぜんいんのＨＰを　やく２４０かいふくする。,아군 모두의 HP를 240만큼 회복한다.,Restaura un alrededor de 240 PV a todos los aliados.,Recupera una media de 240 PV a todo el grupo.,Recupera em torno de 240 HP de todos os aliados.,Przywraca około 240 HP wszystkim sojusznikom.,Stellt etwa 240 KP für alle Verbündeten wieder her.,Восстанавливает около 240 ОЗ каждому в команде.,Відновлює близько 240 ОЗ усім союзникам.,为全体队友回复240HP左右。
MEDITATE_DESC,Go into a state of meditation.,Fait entrer le lanceur dans un état de méditation.,Entra in stato di meditazione.,めいそうじょうたいに　はいる。,명상을 통해 해탈의 경지에 이른다.,Entra en un estado de meditación.,Entra en un estado de meditación.,Entra em um estado de meditação.,Wejdź w stan medytacji.,Gehe in einen Zustand der Meditation.,Вход в медитативное состояние.,Вхід у медитативний стан.,进入冥想状态。
MEDITATE_DIALOG,{n0}{name} is meditating.,{n0}{name} est en train de méditer.,{n0}{name} sta meditando.,{name}は　めいそうしている。,{name}{n0} 명상에 빠져든다...,{n0}{name} está meditando.,{n0}{name} está meditando.,{n0}{name} está meditando.,{name} medytuje.,{n0}{n10} meditiert!,{name} медитирует.,{name} медитує.,{n0}{name}正在冥想。
MEDITATE_NAME,Meditate,Méditation,Medita,めいそう,명상,Meditación,Meditación,Meditar,Medytacja,Meditieren,Медитация,Медитація,冥想
MIGHTYROAR_DESC,Strike fear into all opponents to lower their Offense and Defense.,Sème la terreur chez tous ses adversaires pour baisser leur attaque et leur défense.,Impaurisce tutti gli avversari per abbassare i loro Attacco e Difesa.,おおきな　おたけびで　いかくし\nてきのオフェンスと　ディフェンスをさげる。,모든 적의 기선을 제압하여 오펜스와 디펜스를 낮춘다.,Infunde miedo en todos tus oponentes para reducir su ataque y defensa.,Infunde miedo a todos los enemigos para reducir su fuerza y defensa.,Amedronta os oponentes para abaixar seu Ataque e Defesa.,"Wzbudza strach u wszystkich wrogów, obniżając ich ofensywę i obronę.","Flößt allen Gegnern Angst ein, um ihren Angriff und Verteidigung zu verringern.",Запугивает всех врагов. Понижает их силу атаки и защиту.,Залякує всіх ворогів. Знижує їхню Атаку та Захист.,让全体敌人陷入恐惧来降低它们的攻击力与防御力。
MIGHTYROAR_DIALOG,{n0}{name} let out a mighty roar!,{n0}{name} laisse s'échapper un puissant rugissement ¦,{n0}{name} fa un ruggito possente!,{name}は　あらあらしく\nおたけびを　あげた！,{name}{n0} 큰 소리로 으르렁거렸다!,¡{n0}{name} lanzó un poderoso rugido!,¡{n0}{name} ha lanzado un poderoso rugido!,{n0}{name} deu um rugido bem alto!,{name} wydał{n4} z siebie potężny ryk!,{n0}{n10} brüllte laut!,{name} издаёт яростный рёв!,{name} видає могутній рев!,{n0}{name}发出一声战吼！
MIGHTYROAR_NAME,Mighty Roar,Rugissement redoutable,Ruggito possente,おたけび,으르렁대기,Rugido poderoso,Rugido poderoso,Rugido Poderoso,Potężny Ryk,Mächtiges Brüllen,Яростный рёв,Могутній рев,强力咆哮
MYSTERIOUSACTION_DESC,Do something very mysteriously.,Conduit le lanceur à faire quelque chose de très mystérieux.,Fai qualcosa di molto misterioso.,なにやらあやしい　ことをする。\nとくに　いみはない。,매우 수상쩍은 행동을 한다.,Hace algo muy misterioso.,Hace algo muy misterioso.,Faz algo muito misterioso.,Robi coś bardzo tajemniczego.,Mach etwas sehr mysteriöses.,Что-то непонятное и непредсказуемое.,Щось незрозуміле та непередбачуване.,做出某种可疑的举动。\n并没有什么特别的意义。
MYSTERIOUSACTION_DIALOG,{n0}{name} did something very mysterious...,{n0}{name} fait quelque chose de très mystérieux...,{n0}{name} ha fatto qualcosa di molto misterioso...,{name}は\nなにか　あやしいことをした。,{name}{n0} 무언가 수상쩍은 짓을 하기 시작했다...,{n0}{name} hizo algo muy misterioso...,{n0}{name} ha hecho algo muy misterioso...,{n0}{name} fez algo muito misterioso...,{name} zrobił{n4} coś bardzo tajemniczego...,{n0}{n10} machte etwas sehr Mysteriöses ...,{name} сделал{n6} что-то загадочное...,{name} зроби{n6} щось дуже загадкове...,{n0}{name}做出了某种可疑的举动…
MYSTERIOUSACTION_NAME,Mysterious Action,Action mystérieuse,Azione misteriosa,あやしいこうどう,수상한 행동,Acción misteriosa,Acción misteriosa,Ação Misteriosa,Tajemnicza Akcja,Mysteriöse Aktion,Загадочное действие,Загадкова дія,可疑举动
NASTYWORDS_DESC,Lowers one enemy's guts.,Réduit l'audace d'un ennemi.,Abbassa la Combattività di un nemico.,１たいの　ガッツをさげる。,적 하나의 용기를 낮춘다.,Reduce el coraje de un enemigo.,Reduce las agallas de un enemigo.,Reduz a coragem de um inimigo.,Obniża odwagę jednego wroga.,Senkt den Mut eines Gegners.,Понижает дерзость врагу.,Знижує Сміливість одного ворога.,降低一名敌人的勇气。
NASTYWORDS_DIALOG,"{n0}{name} said some nasty, horrible things!",{n0}{name} dit des choses horribles et méchantes ¦,{n0}{name} dice delle parole orribili!,{name}は　きたなく　おぞましいことばをなげつけた！,{name}{n0} 험악하고 끔찍한 말을 내뱉었다!,¡{n0}{name} dijo cosas feas y desagradables!,¡{n0}{name} ha dicho cosas feas y malsonantes!,{n0}{name} falou um monte de atrocidades!,{name} mówi kilka naprawdę brzydkich rzeczy!,{n0}{n10} rief schrecklich gemeine Dinge!,{name} говорит всякие гадости!,"{name} сказа{n6} пару гидких, жахливих слів!",{n0}{name}说了一些非常恶毒下流的话！
NASTYWORDS_NAME,Nasty Words,Mots méchants,Parole pesanti,きたないことば,불쾌한 말들,Palabras groseras,Palabrotas,Palavras Feias,Brzydkie Słowa,Schimpfwörter,Гадкие словечки,Гидкі слова,恶毒咒骂
NAUSEOUSFLUID_DESC,Makes an enemy nauseous.,Rend un ennemi nauséeux.,Fa venire la nausea a un nemico.,１たいを　きもちわるくする。,적 하나를 구역질하게 만든다.,Provoca náuseas a un enemigo.,Provoca náuseas a un enemigo.,Deixa um inimigo com náusea.,"Sprawia, że wróg czuje mdłości.",Verursacht bei einem Gegner Übelkeit.,Вызывает тошноту у врага.,Викликає нудоту у ворога.,使一名敌人感到恶心反胃。
NAUSEOUSFLUID_DIALOG,{n0}{name} sprayed a nauseous liquid!,{n0}{name} pulvérise un liquide nauséabond ¦,{n0}{name} spruzza un liquido nauseabondo!,{name} は　とんでもなく　くさいえきたいをふきつけた！,{name}{n0} 적에게 메스꺼운 액체를 뿌렸다!,¡{n0}{name} expulsó un líquido nauseoso!,¡{n0}{name} ha expulsado un líquido nauseabundo!,{n0}{name} expeliu um líquido nauseante!,{name} pryska obrzydliwymi wydzielinami!,{n0}{n10} hat eine üble Flüssigkeit versprüht!,{name} распылил{n6} тошнотворную жижу!,{name} вибризну{n6} нудотливу жижу!,{n0}{name}喷洒了恶臭液体！
NAUSEOUSFLUID_NAME,Nauseous Liquid,Liquide nauséabond,Liquido nauseabondo,くさいえきたい,메스꺼운 액체,Líquido nauseoso,Líquido nauseabundo,Líquido Nauseante,Obrzydliwe Wydzieliny,Üble Flüssigkeit,Тошнотворная жижа,Нудотлива жижа,恶臭液体
NAUSEOUSODOR_DESC,Makes an enemy nauseous.,Rend un ennemi nauséeux.,Fa venire la nausea a un nemico.,あいての　きぶんを　わるくする。,적 하나를 메스껍게 만든다.,Provoca náuseas a un enemigo.,Provoca náuseas a un enemigo.,Deixa um inimigo com náusea.,"Sprawia, że wróg czuje mdłości.",Verursacht bei einem Gegner Übelkeit.,Вызывает тошноту у врага.,Викликає нудоту у ворога.,使一名敌人感到恶心反胃。
NAUSEOUSODOR_DIALOG,{n0}{name} vented a terrible odor!,{n0}{name} laisse s'échapper une odeur atroce ¦,{n0}{name} emette un tanfo terribile!,{name}は\nひどい　あくしゅうを　はなった！,{name}{n0} 끔찍한 냄새를 풍겼다!,¡{n0}{name} desprendió un olor horrible!,¡{n0}{name} ha desprendido un terrible hedor!,{n0}{name} emitiu um cheiro horrível!,{name} wydzielił{n4} okropny zapach!,{n0}{n10} verbreitete einen grässlichen Gestank!,{name} испустил{n6} ужасный запах!,{name} випусти{n6} жахливий запах!,{n0}{name}散发出一股恶臭的气味！
NAUSEOUSODOR_NAME,Vent Odor,Effluves,Emetti tanfo,においをだす,냄새 공격,Hedor,Hedor,Fedor,Wydziel Zapach,Gestank ablassen,Ужасный запах,Жахливий запах,散发异味
OFFENSEDOWN_ART,,,,,"은,이,을,과",,,,",Ofensywy Minus",,"Атака ↓,Атаки ↓,Атаке ↓,Атаку ↓","Атака ↓,Атаки ↓,Атаці ↓,Атаку ↓",
OFFENSEDOWN_DESC,Lowers one enemy's Offense.\nEffective when stacked.,Réduit l'attaque d'un ennemi.\nEffet cumulable.,Diminuisce l'Attacco di un nemico.\nEffetto cumulabile.,１たいの　オフェンスをさげる。　かさねてつかうと　こうかてき。,적의 공격력을 낮춘다.\n중첩될 수록 더욱더 효과적이다.,Baja la ofensa de un enemigo.\nDe efecto acumulable.,Reduce la fuerza de un enemigo.\nDe efecto acumulable.,Reduz o Ataque de um inimigo.\nPode ser acumulado.,Obniża ofensywę jednego wroga.\nMożna nałożyć wielokrotnie.,Verringert den Angriff eines Gegners. Gestapelt wirksam.,Понижает силу атаки врага.\nЭффект усиливается при повторном использовании.,Знижує Атаку одного ворога.\nЕфективно при повторному використанні.,降低一名敌人的防御力。\n叠加使用效果提升。
OFFENSEDOWN_NAME,Offense Down,Attaque diminuée,Attacco Giù,オフェンスダウン,오펜스 다운,Ofensa minus,Fuerza minus,Ataque (-),Ofensywa Minus,Angriff Ab,Атака ↓,Атака ↓,攻击降低
OFFENSEUP_ART,,,,,"은,이,을,과",,,,",Ofensywny Plus",,"Атака ↑,Атаки ↑,Атаке ↑,Атаку ↑","Атака ↑,Атаки ↑,Атаці ↑,Атаку ↑",
OFFENSEUP_NAME,Offense Up,Attaque augmentée,Attacco Su,オフェンスアップ,오펜스 업,Ofensa plus,Fuerza plus,Ataque (+),Ofensywa Plus,Angriff Auf,Атака ↑,Атака ↑,攻击提升
OFFENSEUPA_DESC,Raises one ally's Offense.\nEffective when stacked.,Augmente l'attaque d'un allié.\nEffet cumulable.,Aumenta l'Attacco di un alleato.\nEffetto cumulabile.,みかたひとりの　オフェンスをあげる。\nかさねると　こうかてき。,한 명의 오펜스를 증가시킨다.\n중첩될 수록 더욱더 효과적이다.,Aumenta la ofensa de un aliado.\nDe efecto acumulable.,Aumenta la fuerza de un aliado.\nDe efecto acumulable.,Aumenta o Ataque de um aliado.\nPode ser acumulado.,Zwiększa ofensywę jednego sojusznika.\nMożna nałożyć wielokrotnie.,Erhöht den Angriff eines Verbündeten.\nKann gestapelt werden.,Повышает силу атаки союзника.\nЭффект усиливается при повторном использовании.,Піднімає Атаку одного союзника.\nЕфективно при повторному використанні.,提升一名队友的攻击力。\n叠加使用效果提升。
PARALYSIS_ART,,,,,"는,가,를,와",,,,",Paraliżu",,,,
PARALYSIS_DESC,,,,,,,,,,,,,
PARALYSIS_NAME,Paralysis,Paralysie,Paralisi,パラライシス,마비,Parálisis,Parálisis,Paralisia,Paraliż,Paralyse,Паралич,Параліч,麻痹
PECK_DESC,A peck using one's beak.,Inflige un coup avec le bec.,Un attacco con il becco.,クチバシで　あいてをつつく。,부리로 콕콕 쪼아댄다.,Utilizó su pico para picotear,Un picotazo con el pico.,Ataca usando o bico.,Dziobanie przy użyciu dzioba.,Ein Picken mit dem Schnabel.,Удар врага клювом.,Клювання ворога дзьобом.,用喙啄击敌人。
PECK_DIALOG,{n0}{name} pecked at {t1}{target}!,{n0}{name} donne un coup de bec {t5}{target} ¦,{n0}{name} becca {t1}{target}!,{name}は\n{target}を　クチバシでつついた！,{name}{n0} {target}{t2} 콕콕 쪼아댄다!,¡{n0}{name} picoteó {t5}{target}!,¡{n0}{name} ha picoteado {t5}{target}!,{n0}{name} bicou {t1}{target}!,{name} dziobie {t3}!,{n0}{n10} pickte auf {t5}{t13} ein!,{name} клюнул{n6} {t3}!,{name} клюну{n6} {t3}!,{n0}{name}啄了{t1}{target}！
PECK_NAME,Peck,Coup de bec,Beccata,つつく,쪼아대기,Picotazo,Picotazo,Bicada,Dziobanie,Picken,Клевок,Клювання,啄击
PEPTALK_ART,,,,,"는,가,를,와",,,,",Słów Otuchy",,"вдохновляющая речь,вдохновляющей речи,вдохновляющей речи,вдохновляющую речь","енергійна промова,енергійної промови,енергійній промові,енергійну промову",
PEPTALK_DESC,Revives an ally to 10 HP.,Ranime un allié et lui rend 10 PV.,Riporta un alleato KO a 10 PS.,みかたひとりを　はげまして　ふるいたたせ\nＨＰ１０のじょうたいで　カムバックさせる。,아군 한 명을 10 HP로 부활시킨다.,Revive a un aliado con 10 PV.,Revive a un aliado con 10 PV.,Revive um aliado para 10 HP.,Wskrzesza sojusznika z 10 HP.,Stellt 10 KP eines Verbündeten wieder her.,Приводит союзника в чувство\nи восстанавливает ему 10 ОЗ.,Реанімує союзника та відновлює йому 10 ОЗ.,复活一名队友，并回复10点HP。
PEPTALK_DIALOG,{n0}{name} gave an encouraging pep talk to {t1}{target}!,{n0}{name} tient un discours motivant à {t1}{target} ¦,{n0}{name} fa un discorso d'incoraggiamento a {t1}{target}!,{name}は　{target}に　かつをいれた！,{name}{n0} {target}{t2}에게 사기를 북돋는 격려의 말을 건넸다.,¡{n0}{name} le dio una charla motivadora {t5}{target}!,¡{n0}{name} le ha dado una charla motivadora {t5}{target}!,{n0}{name} deu um discurso motivacional pr{t4} {target}!,{name} przekazał{n4} {t2} słowa otuchy!,{n0}{n10} hat mit brennenden Worten {t5}{t13} Mut zugesprochen!,{name} процитировал {t2} мотивационную речь!,{name} розповів {t2} натхненну промову!,{n0}{name}对{t1}{target}进行了一番励志演说！
PEPTALK_NAME,Pep Talk,Discours du coach,Incoraggiamento,かつをいれる,사기의 격려,Discurso motivacional,Discurso motivacional,Discurso Motivacional,Słowa Otuchy,Anfeuern,Вдохновляющая речь,Натхненна промова,励志演说
PKBEAM_ART,,,,,"은,이,을,과",,,,",PK Promienia",,"ПК-луч,ПК-луча,ПК-лучу,ПК-луч","ПСИ Промінь,ПСИ Променя,ПСИ Променю,ПСИ Промінь",
PKBEAM_NAME,PK Beam,PK Rayon,PsicoRaggio,PKビーム,PK 빔,PK Rayo,PK Rayo,PK Laser,PK Promień,PK-Strahl,ПК-луч,ПСИ Промінь,PK光束
PKBEAMA_DESC,Light damage to one enemy.\nOccasionally blinds the enemy.,Inflige des dégâts mineurs à un ennemi.\nPeut parfois aveugler l'ennemi.,Danno di luce contro un nemico.\nPuò infliggere cecità.,1たいに　ひかりのダメージ。\nもうもくに　することもある。,적에게 약간의 피해를 준다.\n가끔 시야를 가린다.,Inflinge un daño año leve a un enemigo.\nOcasionalmente ciega al enemigo.,Daño leve a un enemigo.\nPuede llegar a cegarlo.,Causa dano leve em um inimigo.\nTem chance de cegá-lo.,Zadaje lekkie obrażenia jednemu wrogowi.\nCzasami oślepia wroga.,Leichter Schaden gegen einen Gegner.\nBlendet gelegentlich den Gegner.,Слегка ранит врага.\nИногда может его ослепить.,Завдає невеликої шкоди одному ворогу.\nІнколи осліпляє його.,对一名敌人造成少量伤害。\n有概率致盲目标。
PKBEAMB_DESC,Light damage to one enemy.\nOccasionally blinds the enemy.,Inflige des dégâts mineurs à un ennemi.\nPeut parfois aveugler l'ennemi.,Danno di luce contro un nemico.\nPuò infliggere cecità.,1たいに　ひかりのダメージ。\nもうもくに　することもある。,적에게 약간의 피해를 준다.\n가끔 시야를 가린다.,Inflinge un daño año leve a un enemigo.\nOcasionalmente ciega al enemigo.,Daño leve a un enemigo.\nPuede llegar a cegarlo.,Causa dano leve em um inimigo.\nTem chance de cegá-lo.,Zadaje lekkie obrażenia jednemu wrogowi.\nCzasami oślepia wroga.,Leichter Schaden gegen einen Gegner.\nBlendet gelegentlich den Gegner.,Слегка ранит врага.\nИногда может его ослепить.,Завдає невеликої шкоди одному ворогу.\nІнколи осліпляє його.,对一名敌人造成少量伤害。\n有概率致盲目标。
PKBEAMG_DESC,Light damage to one enemy.\nOccasionally blinds the enemy.,Inflige des dégâts mineurs à un ennemi.\nPeut parfois aveugler l'ennemi.,Danno di luce contro un nemico.\nPuò infliggere cecità.,1たいに　ひかりのダメージ。\nもうもくに　することもある。,적에게 약간의 피해를 준다.\n가끔 시야를 가린다.,Inflinge un daño año leve a un enemigo.\nOcasionalmente ciega al enemigo.,Daño leve a un enemigo.\nPuede llegar a cegarlo.,Causa dano leve em um inimigo.\nTem chance de cegá-lo.,Zadaje lekkie obrażenia jednemu wrogowi.\nCzasami oślepia wroga.,Leichter Schaden gegen einen Gegner.\nBlendet gelegentlich den Gegner.,Слегка ранит врага.\nИногда может его ослепить.,Завдає невеликої шкоди одному ворогу.\nІнколи осліпляє його.,对一名敌人造成少量伤害。\n有概率致盲目标。
PKBEAMO_DESC,Light damage to one enemy.\nOccasionally blinds the enemy.,Inflige des dégâts mineurs à un ennemi.\nPeut parfois aveugler l'ennemi.,Danno di luce contro un nemico.\nPuò infliggere cecità.,1たいに　ひかりのダメージ。\nもうもくに　することもある。,적에게 약간의 피해를 준다.\n가끔 시야를 가린다.,Inflinge un daño año leve a un enemigo.\nOcasionalmente ciega al enemigo.,Daño leve a un enemigo.\nPuede llegar a cegarlo.,Causa dano leve em um inimigo.\nTem chance de cegá-lo.,Zadaje lekkie obrażenia jednemu wrogowi.\nCzasami oślepia wroga.,Leichter Schaden gegen einen Gegner.\nBlendet gelegentlich den Gegner.,Слегка ранит врага.\nИногда может его ослепить.,Завдає невеликої шкоди одному ворогу.\nІнколи осліпляє його.,对一名敌人造成少量伤害。\n有概率致盲目标。
PKFIRE_ART,,,,,"는,가,를,와",,,,",PK Ognia",,"ПК-огонь,ПК-огня,ПК-огню,ПК-огонь","ПСИ Вогонь,ПСИ Вогню,ПСИ Вогню,ПСИ Вогонь",
PKFIRE_NAME,PK Fire,PK Feu,PsicoFuoco,PKファイアー,PK 파이어,PK Fuego,PK Fuego,PK Fogo,PK Ogień,PK-Feuer,ПК-огонь,ПСИ Вогонь,PK火焰
PKFIREA_DESC,A blazing attack that hits all enemies.\nOccasionally burns the enemy.,Une attaque enflammée qui affecte tous les ennemis.\nPeut parfois causer des brûlures à un ennemi.,Un attacco infuocato che colpisce tutti i nemici.\nA volte infligge bruciatura.,ぜんたいに　ほのおの　ダメージ。\nまれに　ほのおによる　ついかこうか。,모든 적에게 화염 피해를 준다.\n때때로 적을 불태운다.,Un ataque ardiente que golpea a todos los enemigos.\nOcasionalmente quema al enemigo.,Un ataque ardiente que golpea a todos los enemigos.\nPuede quemar al enemigo.,Um ataque flamejante que acerta todos os inimigos.\nTem chance de queimar o inimigo.,"Płonący atak, który trafia wszystkich wrogów.\nCzasami padpala wrogów.","Ein feuriger Angriff, der alle Gegner trifft.\nLässt Gegner gelegentlich verbrennen.",Ранит всех врагов обжигающим пламенем.\nИногда поджигает врага.,"Палаюча атака, що уразить всіх ворогів.\nІноді підпалює ворога.",对全体敌人发出火焰攻击。\n偶尔会使敌人陷入灼伤状态。
PKFIREB_DESC,A blazing attack that hits all enemies.\nOccasionally burns the enemy.,Une attaque enflammée qui affecte tous les ennemis.\nPeut parfois causer des brûlures à un ennemi.,Un attacco infuocato che colpisce tutti i nemici.\nA volte infligge bruciatura.,ぜんたいに　ほのおの　ダメージ。\nまれに　ほのおによる　ついかこうか。,모든 적에게 화염 피해를 준다.\n때때로 적을 불태운다.,Un ataque ardiente que golpea a todos los enemigos.\nOcasionalmente quema al enemigo.,Un ataque ardiente que golpea a todos los enemigos.\nPuede quemar al enemigo.,Um ataque flamejante que acerta todos os inimigos.\nTem chance de queimar o inimigo.,"Płonący atak, który trafia wszystkich wrogów.\nCzasami padpala wrogów.","Ein feuriger Angriff, der alle Gegner trifft.\nLässt Gegner gelegentlich verbrennen.",Ранит всех врагов обжигающим пламенем.\nИногда поджигает врага.,"Палаюча атака, що уразить всіх ворогів.\nІноді підпалює ворога.",对全体敌人发出火焰攻击。\n偶尔会使敌人陷入灼伤状态。
PKFIREG_DESC,A blazing attack that hits all enemies.\nOccasionally burns the enemy.,Une attaque enflammée qui affecte tous les ennemis.\nPeut parfois causer des brûlures à un ennemi.,Un attacco infuocato che colpisce tutti i nemici.\nA volte infligge bruciatura.,ぜんたいに　ほのおの　ダメージ。\nまれに　ほのおによる　ついかこうか。,모든 적에게 화염 피해를 준다.\n때때로 적을 불태운다.,Un ataque ardiente que golpea a todos los enemigos.\nOcasionalmente quema al enemigo.,Un ataque ardiente que golpea a todos los enemigos.\nPuede quemar al enemigo.,Um ataque flamejante que acerta todos os inimigos.\nTem chance de queimar o inimigo.,"Płonący atak, który trafia wszystkich wrogów.\nCzasami padpala wrogów.","Ein feuriger Angriff, der alle Gegner trifft.\nLässt Gegner gelegentlich verbrennen.",Ранит всех врагов обжигающим пламенем.\nИногда поджигает врага.,"Палаюча атака, що уразить всіх ворогів.\nІноді підпалює ворога.",对全体敌人发出火焰攻击。\n偶尔会使敌人陷入灼伤状态。
PKFIREO_DESC,A blazing attack that hits all enemies.\nOccasionally burns the enemy.,Une attaque enflammée qui affecte tous les ennemis.\nPeut parfois causer des brûlures à un ennemi.,Un attacco infuocato che colpisce tutti i nemici.\nA volte infligge bruciatura.,ぜんたいに　ほのおの　ダメージ。\nまれに　ほのおによる　ついかこうか。,모든 적에게 화염 피해를 준다.\n때때로 적을 불태운다.,Un ataque ardiente que golpea a todos los enemigos.\nOcasionalmente quema al enemigo.,Un ataque ardiente que golpea a todos los enemigos.\nPuede quemar al enemigo.,Um ataque flamejante que acerta todos os inimigos.\nTem chance de queimar o inimigo.,"Płonący atak, który trafia wszystkich wrogów.\nCzasami padpala wrogów.","Ein feuriger Angriff, der alle Gegner trifft.\nLässt Gegner gelegentlich verbrennen.",Ранит всех врагов обжигающим пламенем.\nИногда поджигает врага.,"Палаюча атака, що уразить всіх ворогів.\nІноді підпалює ворога.",对全体敌人发出火焰攻击。\n偶尔会使敌人陷入灼伤状态。
PKFLASH_ART,,,,,,,,,",PK Błysku",,"ПК-вспышка,ПК-вспышки,ПК-вспышке,ПК-вспышку","ПСИ Спалах,ПСИ Спалаху,ПСИ Спалаху,ПСИ Спалах",
PKFLASH_NAME,PK Flash,PK Flash,PsicoFlash,ＰＫフラッシュ,PK 플래시,PK Destello,PK Flash,PK Clarão,PK Błysk,PK-Blitz,ПК-вспышка,ПСИ Спалах,PK闪光
PKFLASHA_DESC,"Blinds all enemies. Can also cause confusion, numbness, and instant defeat.","Aveugle tous les ennemis. Peut aussi causer confusion, engourdissement ou défaite immédiate.","Acceca tutti i nemici. Può anche causare confusione, intorpidimento o sconfitta istantanea.",ぜんたいに　もうもく。\nこんらん　しびれ　きぜつにすることもある。,"모든 적을 실명시킨다. 또한 혼란, 마비, 즉사를 일으킬 수 있다.","Ciega a todos los enemigos. También puede causar confusión, entumecimiento y muerte instantánea.","Ciega a todos los enemigos. También puede causar confusión, parálisis y muerte instantánea.","Cega todos os inimigos. Também pode deixá-los confusos, com dormência ou derrotados.","Oślepia wszystkich wrogów. Może też zdezorientować, odrętwić, jak i natychmiastowo pokonać wroga.","Blendet alle Gegner. Kann zudem Verwirrung, Betäubung und sofortigen Tod verursachen.","Ослепляет всех врагов. Также может парализовать, дезориентировать или сразить наповал.","Осліплює усіх ворогів. Також, може викликати розгублення, заніміння, та миттєву смерть.",使全体敌人失明。可能还会让敌人陷入混乱、麻痹，甚至一击必杀。
PKFLASHO_DESC,"Causes the same effects as PK Flash α, with an even greater chance of instant defeat.","Produit les mêmes effets que PK Flash α, avec une probabilité encore plus élevée de défaite instantanée.","Ha gli stessi effetti di PsicoFlash α, con più possibilità di sconfiggere istantaneamente.",ＰＫフラッシュαの　こうか。\nより　きぜつしやすく　なったぞ。,"PK 플래시 α와 같은 효과를 가지지만, 즉사시킬 가능성이 더 높다.","Causa los mismos efectos que PK Destello α, con más probabilidad de muerte instantánea.","Causa los mismos efectos que PK Flash α, con más probabilidad de muerte instantánea.","Causa os mesmos efeitos que PK Clarão α, porém com uma chance ainda maior de deixar os inimigos derrotados.","Działa tak samo, jak PK Błysk α, ale z jeszcze większą szansą natychmiastowego pokonania wroga.","Verursacht den selben Effekt wie PK-Blitz α,\naber mit noch wahrscheinlicherem sofortigen Tod.","То же, что и ПК-вспышка α, но вероятность сразить наповал ещё выше.","Те ж саме, що і ПСИ Спалах α, але зі ще вищим шансом на миттєву смерть.",产生与PK闪光α相同的效果，且触发必杀的几率更大。
PKFREEZE_ART,,,,,"는,가,를,와",,,,",PK Mrozu",,"ПК-стужа,ПК-стужи,ПК-стуже,ПК-стужу","ПСИ Мороз,ПСИ Морозу,ПСИ Морозу,ПСИ Мороз",
PKFREEZE_NAME,PK Freeze,PK Glace,PsicoGhiaccio,PKフリーズ,PK 프리즈,PK Hielo,PK Hielo,PK Gelo,PK Mróz,PK-Frost,ПК-стужа,ПСИ Мороз,PK冰冻
PKFREEZEA_DESC,A freezing attack that hits one enemy.,Une attaque glaçante qui affecte un seul ennemi.,Un attacco ghiacciato che colpisce un nemico.,1たいに　こおりの　ダメージ。,모든 적에게 얼음 피해를 준다.,Un ataque congelante que golpea a un enemigo.,Un ataque helado que golpea a un enemigo.,Um ataque congelante que acerta um inimigo.,"Mrożący atak, który trafia jednego wroga.",Ein eisiger Angriff auf einen Gegner.,Ранит врага с эффектом заморозки.,"Морозна атака, що уразить одного ворога.",对一名敌人造成冻结伤害。
PKFREEZEB_DESC,A freezing attack that hits one enemy.,Une attaque glaçante qui affecte un seul ennemi.,Un attacco ghiacciato che colpisce un nemico.,1たいに　こおりの　ダメージ。,모든 적에게 얼음 피해를 준다.,Un ataque congelante que golpea a un enemigo.,Un ataque helado que golpea a un enemigo.,Um ataque congelante que acerta um inimigo.,"Mrożący atak, który trafia jednego wroga.",Ein eisiger Angriff auf einen Gegner.,Ранит врага с эффектом заморозки.,"Морозна атака, що уразить одного ворога.",对一名敌人造成冻结伤害。
PKFREEZEG_DESC,A freezing attack that hits one enemy.,Une attaque glaçante qui affecte un seul ennemi.,Un attacco ghiacciato che colpisce un nemico.,1たいに　こおりの　ダメージ。,모든 적에게 얼음 피해를 준다.,Un ataque congelante que golpea a un enemigo.,Un ataque helado que golpea a un enemigo.,Um ataque congelante que acerta um inimigo.,"Mrożący atak, który trafia jednego wroga.",Ein eisiger Angriff auf einen Gegner.,Ранит врага с эффектом заморозки.,"Морозна атака, що уразить одного ворога.",对一名敌人造成冻结伤害。
PKFREEZEO_DESC,A freezing attack that hits one enemy.,Une attaque glaçante qui affecte un seul ennemi.,Un attacco ghiacciato che colpisce un nemico.,1たいに　こおりの　ダメージ。,모든 적에게 얼음 피해를 준다.,Un ataque congelante que golpea a un enemigo.,Un ataque helado que golpea a un enemigo.,Um ataque congelante que acerta um inimigo.,"Mrożący atak, który trafia jednego wroga.",Ein eisiger Angriff auf einen Gegner.,Ранит врага с эффектом заморозки.,"Морозна атака, що уразить одного ворога.",对一名敌人造成冻结伤害。
PKTHUNDER_ART,,,,,"는,가,를,와",,,,",PK Pioruna",,"ПК-гроза,ПК-грозы,ПК-грозе,ПК-грозу","ПСИ Гроза,ПСИ Грози,ПСИ Грозі,ПСИ Грозу",
PKTHUNDER_NAME,PK Thunder,PK Foudre,PsicoTuono,PKサンダー,PK 썬더,PK Trueno,PK Trueno,PK Raio,PK Piorun,PK-Donner,ПК-гроза,ПСИ Гроза,PK雷电
PKTHUNDERA_DESC,Fires one thunderbolt. Occasionally causes numbness. Can't be reflected by any kind of PSI.,Invoque un éclair. Peut causer engourdissement. Ne peut être renvoyé par aucune capacité PSI.,Lancia un fulmine. A volte causa intorpidimento.,かみなりを１ぱつ。まれにしびれさせる。\nどんなPSIにも　はねかえされない。,번개 하나를 내리친다. 가끔 마비를 유발한다. 어떤 종류의 PSI로도 반사할 수 없다.,Lanza un trueno. Puede causar entumecimiento. No puede ser reflejado con ningún tipo de PSI.,Lanza un trueno. Puede causar parálisis. Ninguna técnica PSI puede reflejarlo.,Atira um raio. Ocasionalmente causa dormência. Não pode ser refletido por nenhuma habilidade PSI.,Wystrzeliwuje jeden piorun. Czasami powoduje odrętwienie. Nie można go odbić żadnym PSI.,Feuert einen Blitz ab. Verursacht manchmal Lehmung. Könnte von PSI-Kraft reflektiert werden.,Вызывает молнию. Может спровоцировать паралич. Психокинетические щиты против неё бессильны.,Вистрілює одну блискавку. Інколи паралізує ворога. Не може бути віддзеркаленою.,发射一道雷电，偶尔会造成麻痹，任何类型的PSI都无法反射。
POISONBITE_DESC,A bite using poisonous fangs.,Inflige une morsure à l'aide de crocs remplis de venin.,Un morso con zanne avvelenate.,どくのあるキバで　かみつく。,독이 흐르는 송곳니를 통해 물어뜯는다.,Un mordisco con colmillos venenosos.,Un mordisco con colmillos venenosos.,Uma mordida usando presas venenosas.,Ukąszenie przy użyciu trujących kłów.,Ein Biss mit giftigen Zähnen.,Укус ядовитыми клыками.,Укус отруйними іклами.,用毒牙狠狠咬住目标。
POISONBITE_DIALOG,{n0}{name} bit into {t1}{target} using {n4} poisonous fangs!,{n0}{name} mord {t1}{target} avec ses crocs venimeux ¦,{n0}{name} morde {t1}{target} con zanne avvelenate!,{name}は　どくどくのキバで\n{target}に　かみついた！,{name}{n0} 독이 흐르는 송곳니로\n{target}{t2} 물어뜯었다!,¡{n0}{name} mordió {t5}{target} usando sus colmillos venenosos!,¡{n0}{name} ha mordido {t5}{target} usando sus colmillos venenosos!,{n0}{name} mordeu {target} usando suas presas venenosas!,{name} wgryzł{n4} się w {t3} trującymi kłami!,{n0}{n10} biss mit {n4}en giftigen Beißern {t5}{t13}!,{name} укусил{n6} {t3} ядовитыми клыками!,{name} вкуси{n6} {t3} отруйними іклами!,{n0}{name}用{n4}毒牙一口咬向{t1}{target}！
POISONBITE_NAME,Poison Bite,Morsure venimeuse,Morso velenoso,どくどくのキバ,맹독 엄니,Mordida venenosa,Mordisco venenoso,Mordida Venenosa,Trujące Ukąszenie,Giftbiss,Ядовитый укус,Отруйний укус,毒咬
POISONNEEDLE_DESC,Deals damage to an enemy and poisons them.,Inflige des dégâts à un ennemi et l'empoisonne.,Infligge danni a un nemico e lo avvelena.,１たいに　ダメージをあたえ　どくにする。,적에게 피해를 주고 중독을 일으킨다.,Inflige daño a un enemigo y lo envenena.,Inflige daño a un enemigo y lo envenena.,Causa dano e envenena um inimigo.,Zadaje obrażenia wrogowi i go zatruwa.,Fügt einem Gegner Schaden zu und vergiftet ihn.,Ранит и отравляет врага.,Завдає шкоди ворогу та отруює його.,对一名敌人造成伤害并使对方中毒。
POISONNEEDLE_DIALOG,{n0}{name} attacked using {n4} poison needle!,{n0}{name} pique {t1}{target} à l'aide de son dard venimeux ¦,{n0}{name} attacca con il suo ago velenoso!,{name}は　どくばりで　つきさしてきた！,{name}{n0} 독바늘에 찔렸다!,¡{n0}{name} atacó usando su aguja venenosa!,¡{n0}{name} ha atacado con una aguja venenosa!,{n0}{name} atacou usando seu ferrão venenoso!,{name} atakuje używając trującego żądła!,{n0}{n10} griff mit {n4}en Giftstachel an!,{name} атаку{n9} своим ядовитым жалом!,{name} нападає своїм отруйним жалом!,{n0}{name}用{n4}毒针发起攻击！
POISONNEEDLE_NAME,Poison Needle,Dard venimeux,Ago velenoso,どくばり,독바늘,Aguja venenosa,Aguja venenosa,Ferrão Venenoso,Trujące Żądło,Giftstachel,Ядовитое жало,Отруйне жало,毒针
PSIBLOCK_ART,,,,,"은,이,을,과",,,,",Blokady PSI",,"Психоблок,Психоблока,Психоблоку,Психоблок","ПСИ-нейтралізатор, ПСИ-нейтралізатора, ПСИ-нейтралізатору, ПСИ-нейтралізатор",
PSIBLOCK_DESC,Prevents an enemy from using PSI techniques.,Empêche un ennemi d'utiliser ses techniques PSI.,Impedisce a un nemico di usare tecniche PSI.,１たいの　PSIをふうじる。,적이 PSI를 사용하는 것을 방지한다.,Impide que un enemigo utilice habilidades PSI.,Impide el uso de técnicas PSI a un enemigo.,Previne um inimigo de usar habilidades PSI.,Uniemożliwia wrogowi używanie mocy psychicznych.,"Verhindert, dass ein Gegner PSI-Angriffe einsetzen kann.",Запрещает врагу использовать психокинез.,Не дозволяє ворогові використовувати ПСИ-атаки.,阻止敌人使用PSI。
PSIBLOCK_NAME,PSI Block,Blocage PSI,Blocco PSI,サイコブロック,PSI 블록,Bloqueo PSI,Bloqueo PSI,Bloqueio PSI,Blokada PSI,PSI-Blockierung,Психоблок,ПСИ-нейтралізатор,PSI封锁
PSICOUNTER_ART,,,,,"는,가,를,와",,,,",Kontry PSI",,"Психорефлектор,Психорефлектора,Психорефлектору,Психорефлектор","ПСИ-дзеркало,ПСИ-дзеркала,ПСИ-дзеркалу,ПСИ-дзеркало",
PSICOUNTER_NAME,PSI Counter,Contre PSI,Scudo riflettente PSI,サイコカウンター,PSI 카운터,Reflejo PSI,Reflejo PSI,Revidar PSI,Kontra PSI,PSI-Konter,Психорефлектор,ПСИ-дзеркало,PSI减半反射
PSICOUNTERA_DESC,"Reflects PSI damage to one ally.\nSome attacks can't be reflected, however.",Renvoie les dégâts PSI reçus par un allié.\nCertaines attaques ne sont pas affectées.,Riflette i danni PSI inflitti a un alleato.\nNon funziona con alcuni attacchi.,ひとりに　PSIはんしゃバリア。\nはんしゃできないものもある。,한 아군이 받는 PSI 피해를 반사한다.\n일부 공격은 반사할 수 없다.,Refleja el daño PSI de un aliado.\nAlgunos ataques no pueden ser reflejados.,Refleja el daño por PSI infligido a un aliado.\nNo sirve con todos los ataques.,Reflete os danos PSI causados a um aliado.\nAlguns danos não refletem.,Sojusznik odbija obrażenia od PSI.\nNie działa to na niektóre ataki.,Reflektiert PSI-Schaden eines Verbündeten.\nEinige Angriffe können nicht reflektiert werden.,Отражает большинство психоударов\nпо одному союзнику обратно во врага.,"Повертає психокінетичну шкоду, завдану союзнику. Не працює проти деяких атак.",为一名队友反射PSI伤害。\n然而部分攻击无法被反射。
PSICOUNTERO_DESC,"Reflects PSI damage to all allies.\nSome attacks can't be reflected, however.",Renvoie les dégâts PSI reçus par tous les alliés.\nCertaines attaques ne sont pas affectées.,Riflette i danni PSI inflitti a tutti gli alleati.\nNon funziona con alcuni attacchi.,ぜんいんに　PSIはんしゃバリア。\nはんしゃできないものもある。,아군 전체가 받는 PSI 피해를 반사한다.\n일부 공격은 반사할 수 없다.,Refleja el daño PSI de todos los aliados.\nAlgunos ataques no pueden ser reflejados.,Refleja el daño por PSI infligido a todos los aliados.\nNo sirve con todos los ataques.,Reflete os danos PSI causados a todos os aliados.\nAlguns danos não refletem.,Wszyscy sojusznicy odbijają obrażenia od PSI.\nNie działa to na niektóre ataki.,Reflektiert PSI-Schaden aller Verbündeten.\nEinige Angriffe können nicht reflektiert werden.,Отражает большинство психоударов\nпо всем союзникам обратно во врага.,"Повертає психокінетичну шкоду, завдану союзникам. Не працює проти деяких атак.",为全体队友反射PSI伤害。\n然而部分攻击无法被反射。
PSIMAGNET_ART,,,,,"은,이,을,과",,,,",Magnesu PSI",,"Психомагнит,Психомагнита,Психомагниту,Психомагнит","ПСИ-магніт,ПСИ-магніту,ПСИ-магніту,ПСИ-магніт",
PSIMAGNET_DESC,,,,,,,,,,,,,
PSIMAGNET_NAME,PSI Magnet,Aimant à PSI,Magnete PSI,サイマグネット,PSI 마그넷,Imán PSI,Imán PSI,PSI Ímã,Magnes PSI,PSI-Magnet,Психомагнит,ПСИ-магніт,PSI磁吸
PSISHIELD_ART,,,,,"는,가,를,와",,,,",Tarczy PSI",,"Психощит,Психощита,Психощиту,Психощит","ПСИ-щит,ПСИ-щита,ПСИ-щиту,ПСИ-щит",
PSISHIELD_NAME,PSI Shield,Bouclier PSI,Scudo PSI,サイコシールド,PSI 쉴드,Escudo PSI,Escudo PSI,Barreira PSI,Tarcza PSI,PSI-Schild,Психощит,ПСИ-щит,PSI护盾
PSISHIELDA_DESC,"Halves PSI damage to one ally.\nSome attacks can't be halved, however.",Divise par deux les dégâts PSI d'un allié.\nCertaines attaques ne sont pas affectées.,Dimezza i danni PSI inflitti a un alleato.\nNon funziona con alcuni attacchi.,ひとりに　PSIはんげんバリア。\nはんげんできないものもある。,한 아군이 받는 PSI 피해를 절반으로 줄인다.\n일부 공격은 절반으로 줄일 수 없다.,Reduce el daño PSI hacia un aliado por la mitad. Algunos ataques no pueden ser reducidos.,Disminuye a la mitad el daño por PSI infligido a un aliado. No sirve con todos los ataques.,Reduz pela metade os danos PSI causados a um aliado. Alguns danos não reduzem.,Sojusznik otrzymuje połowiczne obrażenia od PSI.\nNie działa to na niektóre ataki.,Halbiert PSI-Schaden eines Verbündeten.\nEinige Angriffe können nicht halbiert werden.,Один из союзников получает на 50% меньше урона от большинства психоударов.,"Вдвічі знижує психокінетичну шкоду, завдану союзнику. Не працює з деякими атаками.",减半一名队友受到的PSI伤害。\n然而有的攻击无法被减半。
PSISHIELDO_DESC,"Halves PSI damage to all allies.\nSome attacks can't be halved, however.",Divise par deux les dégâts PSI de tous les alliés.\nCertaines attaques ne sont pas affectées.,Dimezza i danni PSI inflitti a tutti gli alleati.\nNon funziona con alcuni attacchi.,ぜんいんに　PSIはんげんバリア。\nはんげんできないものもある。,아군 전체가 받는 PSI 피해를 절반으로 줄인다.\n일부 공격은 절반으로 줄일 수 없다.,Reduce el daño PSI hacia todos los aliados por la mitad. Algunos ataques no pueden ser reducidos.,Disminuye a la mitad el daño por PSI infligido a todos los aliados. No sirve con todos los ataques.,Reduz pela metade os danos PSI causados a todos os aliados. Alguns danos não reduzem.,Wszyscy otrzymują połowiczne obrażenia od PSI.\nNie działa to na niektóre ataki.,Halbiert PSI-Schaden aller Verbündeten.\nEinige Angriffe können nicht halbiert werden.,Вся команда получает на 50% меньше урона от большинства психоударов.,"Вдвічі знижує психокінетичну шкоду, завдану союзникам. Не працює з деякими атаками.",减半全体队友受到的PSI伤害。\n然而有的攻击无法被减半。
PUNCH_DESC,Deals damage to an enemy.,Inflige des dégâts à un ennemi.,Infligge danno a un nemico.,てきに　なぐりつけて\nおおきな　ダメージをあたえる。,적에게 피해를 준다.,Inflige daño a un enemigo.,Inflige daño a un enemigo.,Causa dano a um inimigo.,Zadaje obrażenia wrogowi.,Fügt einem Gegner Schaden zu.,Ранит врага.,Ранить ворога.,对一名敌人造成伤害。
PUNCH_DIALOG,{n0}{name} threw a punch at {t1}{target}!,{n0}{name} inflige un coup de poing {t5}{target} ¦,{n0}{name} tira un pugno contro {t1}{target}!,{name}は　{target}に\nなぐりかかってきた！！,{name}{n0} {target}{t2} 향해 주먹을 날렸다!,¡{n0}{name} le lanzó un puñetazo {t5}{target}!,¡{n0}{name} le ha lanzado un puñetazo {t5}{target}!,{n0}{name} deu um soco n{t4} {target}!,{name} zadał{n4} cios {t2}!,{n0}{n10} schlug {t5}{t13}!,{name} ударил{n6} {t3} кулаком!,{name} удари{n6} {t3}!,{n0}{name}朝{t1}{target}挥出一拳！
PUNCH_NAME,Punch,Coup de poing,Pugno,なぐりかかる,펀치,Puñetazo,Puñetazo,Soco,Cios,Schlag,Удар кулаком,Удар кулаком,拳击
RAGE_DESC,The user flies into a rage and raises their Offense.,Le lanceur s'emporte dans sa rage et augmente son attaque,L'utilizzatore si infuria e aumenta il proprio Attacco.,かっとなってオフェンスがあがる。,사용자의 분노가 오펜스를 증가시킨다.,El usuario se enfurece y aumenta su Ofensa.,El usuario se enfurece y sube su Fuerza.,O usuário se enfurece e aumenta seu Ataque.,Użytkownik wpada w szał i zwiększa swoją ofensywę.,Der Nutzer wird wütend und erhöht seinen Angriff.,"Порыв гнева, повышающий силу атаки.","Порив гніву, що підвищує Атаку.",使用者会陷入狂怒并提升其攻击力。
RAGE_DIALOG,{n0}{name} flew into a rage!,{n0}{name} s'enrage !,{n0}{name} va su tutte le furie!,{name}は　かっとなった！,{name}{n0} 분노에 휩싸였다!,¡{n0}{name} entró en furia!,¡{n0}{name} ha entrado en cólera!,{n0}{name} se enfureceu!,{name} wpadł{n4} w szał!,{n0}{n10} geriet in Rage!,{name} впал{n6} в ярость!,{name} розлюти{n6}ся!,{n0}{name}勃然大怒！
RAGE_NAME,Rage,Rage,Furia,かっとなる,격노,Furia,Furia,Fúria,Szał,Wut,Ярость,Лють,狂怒
READYFORATTACK_DESC,Allows to defend against the next attack.,Permet de se protéger contre la prochaine attaque.,Permette di difendersi dal prossimo attacco.,つぎのこうげきに　そなえる。,다음 공격을 방어할 수 있다.,Permite defenderse del próximo ataque.,Permite defenderse del próximo ataque.,Permite defender contra o próximo ataque.,Pozwala obronić się przed następnym atakiem.,Ermöglicht die Abwehr des nächsten Angriffs.,Защита от следующей атаки.,Дозволяє захиститись від наступної атаки.,可以抵御下一次受到的攻击。
READYFORATTACK_DIALOG,{n0}{name} is ready for an attack.,{n0}{name} adopte une posture défensive !,{n0}{name} si prepara a ricevere un attacco.,{name}は　こうげきにそなえた！,{name}{n0} 공격할 준비가 되었다.,{n0}{name} está list{n6} para recibir un ataque.,{n0}{name} está list{n6} para atacar.,{n0}{name} está pronto para um ataque.,{name} jest gotow{n5} na kolejny atak.,{n0}{n10} bereitet sich auf den nächsten Angriff vor.,{name} принял{n6} защитную стойку.,{name} прийня{n6} захисну позицію.,{n0}{name}做好了迎击准备。
READYFORATTACK_NAME,Defensive Stance,Posture défensive,Posa difensiva,まもりのしせい,방어 자세,Postura defensiva,Postura defensiva,Postura Defensiva,Postawa Obronna,Defensive Haltung,Защитная стойка,Захисна позиція,防守架势
REPLENISHENERGY_DESC,Fully restores one allies' HP.,Rend tous ses PV à un allié.,Ripristina completamente i PS di un alleato.,みかた１たいの　HPを　まんたんにする。,아군 한 명의 체력을 완전히 회복시킨다.,Restaura todos los PV de un aliado.,Recupera totalmente los PV de un aliado.,Recupera completamente o HP de um aliado.,W pełni przywraca HP jednego sojusznika.,Stellt die KP eines Verbündeten vollständig wieder her.,Полностью восстанавливает ОЗ союзника.,Повністю відновлює ОЗ одного союзника.,完全恢复一名队友的HP。
REPLENISHENERGY_DIALOG,{n0}{name} restored {t1}{target}'s energy!,{n0}{name} redonne toute son énergie {t5}{target} ¦,{n0}{name} ripristina le energie di {target}!,{name}は　{target}に\nエネルギーをちゅうにゅうした！,{name}{n0} {target}의 에너지를 재충전해 줬다!,¡{n0}{name} restauró la energía {t4}{target}!,¡{n0}{name} ha recargado la energía {t4}{target}!,{n0}{name} recarregou a energia d{t4}{target},{name} odnawia energię {t1}!,{n0}{n10} hat die Energie {t7}{t12} wiederhergestellt!,{name} восполнил{n6} энергию {t2}!,{name} віднови{n6} енергію {t1}!,{n0}{name}恢复了{t1}{target}的能量！
REPLENISHENERGY_NAME,Energy Fill-Up,Plein d'énergie,Ricarica energetica,エネルギーほじゅう,에너지 충전,Recarga de energía,Recarga de energía,Recarga de Energia,Naładowanie Energii,Energie tanken,Восполнение энергии,Поповнення енергії,能量填充
RETURN_ART,,,,,"는,가,를,와",,,,",Powrotu",,"отбивание,отбивания,отбиванию,отбивание","відбивання,відбивання,відбиванню,відбивання",
RETURN_DESC,Reflects an enemy's projectile.,Renvoie le projectile d'un ennemi.,Riflette un proiettile nemico.,てきの　はっしゃしたものを　うちかえす。,적의 투사체를 반사한다.,Refleja un proyectil del enemigo.,Refleja el proyectil del enemigo.,Reflete o projétil de um inimigo.,Odbija pocisk od wroga.,Reflektiert Geschosse eines Gegners.,Отбивание вражеского снаряда.,Відбиває снаряд ворога.,反弹敌人的投射物。
RETURN_DIALOG,{n0}{name} took a fielding stance!,{n0}{name} prends position sur le terrain !,{n0}{name} si prepara a rinviare al mittente!,{name}は　しゅびのしせいを　とった！,{name}{n0} 수비 자세를 취했다!,¡{n0}{name} se pone en posición!,¡{n0}{name} se pone en posición!,{n0}{name} assumiu a posição!,{name} ustawił{n4} się w pozycji obronnej!,Und {n1}{n10} nimmt {n4} Position im Feld ein!,{name} занимает позицию!,{name} прийня{n6} позицію!,{n0}{name}摆出了防守架势！
RETURN_NAME,Return,Renvoi,Rinvio,たまがえし,되갚기,Devolver,Devolución,Devolver,Odbicie,Zurückschlag,Отбивание,Відбивання,反弹
RICOCHET_ART,,,,,"는,가,를,와",,,,",Rykoszetu",,"рикошет,рикошета,рикошету,рикошет","рикошет,рикошету,рикошету,рикошет",
RICOCHET_DESC,Shoots a rock that has a 50% chance of bouncing onto another enemy every time it hits.,Tire un caillou qui a 50% de chances de rebondir sur un autre ennemi à chaque impact.,Lancia un sasso con il 50% di probabilità di rimbalzare su un altro nemico a ogni impatto.,まわりのてきに　はねかえるいしを　うつ。\nミスするまで　こうげきがあたりつづける。,피격 시 다른 적에게 50%로 튕기는 돌을 발사한다.,Dispara una piedra que tiene la probabilidad de 50% de rebotar a otro enemigo por cada impacto.,Dispara una piedra que tiene 50% de probabilidad de rebotar a otro enemigo cada vez que golpea.,Atira uma pedra que tem uma chance de 50% de atingir outro inimigo a cada acerto.,"Wystrzeliwuje kamyk, którego każdy cios ma 50% szans na odbicie w innego wroga.","Schießt einen Stein, der mit einer Chance von 50 % auf einen anderen Gegner abprallt.",Выстрел камнем. С 50% шансом камень может отскочить в другого врага.,"Постріл каменем, який із 50% шансом може відскочити від одного ворога до іншого.",发射一块碎石，命中时有50%的概率弹射至另一名敌人身上。
RICOCHET_NAME,Ricochet,Ricochet,Rimbalzo,ちょうだん,도탄,Rebote,Rebote,Ricochete,Rykoszet,Rikoschettieren,Рикошет,Рикошет,弹射
RUNAWAY_DESC,Allows the user to leave combat.,Permet de quitter le combat.,Permette di fuggire dalla battaglia.,つかうと　バトルからぬけだす。,시전자가 전투를 떠날 수 있게 해준다.,Permite abandonar el combate.,Permite abandonar el combate.,Permite fugir do combate.,Pozwala użytkownikowi opuścić walkę.,Ermöglicht das Verlassen des Kampfes.,Побег с поля боя.,Дозволяє втекти з битви.,允许使用者逃离战斗。
RUNAWAY_DIALOG,{n0}{name} ran away!,{n0}{name} s'enfuit !,{n0}{name} scappa!,{name}は　にげだした！,{name}{n0} 도망갔다!,¡{n0}{name} huyó!,¡{n0}{name} ha huido!,{n0}{name} fugiu!,{name} uciekł{n4}!,{n0}{n10} rannte davon!,{name} сбега{n9}!,{name} втікає!,{n0}{name}逃走了！
RUNAWAY_NAME,Escape,Fuite,Fuga,にげる,탈출,Escapar,Escapar,Escapar,Ucieczka,Flucht,Побег,Втеча,逃跑
RUNOUTOFCONTROL_DESC,Deals high level damage to one enemy.,Inflige des dégâts majeurs à un ennemi.,Infligge danni pesanti a un nemico.,あいて１たいに　おおきなダメージ。,적 하나에게 높은 수준의 피해를 준다.,Inflige daño elevado a un enemigo.,Inflige daño elevado a un enemigo.,Causa dano alto a um inimigo.,Zadaje obrażenia wysokiego poziomu jednemu wrogowi.,Fügt einem Gegner hohen Schaden zu.,Сильно ранит одного врага.,Завдає великої шкоди одному ворогові.,对一名敌人造成大量伤害。
RUNOUTOFCONTROL_DIALOG,{n0}{name} ran out of control!,{n0}{name} perd le contrôle !,{n0}{name} perde il controllo!,{name}は　ぼうそうした！,{name}{n0} 통제 불능 상태다!,¡{n0}{name} perdió el control!,¡{n0}{name} ha perdido el control!,{n0}{name} perdeu o controle!,{name} traci nad sobą panowanie!,{n0}{n10} verlor {n4}e Berherrschung!,{name} рвёт и мечет!,{name} вийш{n5} з-під контролю!,{n0}{name}完全失控了！
RUNOUTOFCONTROL_NAME,Loss of control,Attaque déchaînée,Fuori controllo,ぼうそう,통제력 상실,Perder el control,Perder el control,Perda de controle,Utrata kontroli,Kontrollverlust,Рвание-метание,Вихід із-під контролю,混乱失控
SCRATCH_DESC,A scratch using sharp claws.,Inflige un coup à l'aide de ses griffes acérées.,Un graffio con artigli affilati.,するどいツメで　ひっかく。,날카로운 발톱으로 할퀸다.,Un arañazo con garras afiladas.,Un arañazo con garras afiladas.,Um arranhão usando garras afiadas.,Drapnięcie przy użyciu ostrych pazurów.,Ein Kratzer mit scharfen Klauen.,Царапание врага острыми когтями.,Дряпання ворога гострими кігтями.,用锋利的爪子抓挠。
SCRATCH_DIALOG,{n0}{name} scratched {t1}{target}!,{n0}{name} donne un coup de griffe {t5}{target} ¦,{n0}{name} graffia {t1}{target}!,{name}は　{target}を　ひっかいた！,{name}{n0} {target}{t2} 할퀴었다!,¡{n0}{name} arañó {t5}{target}!,¡{n0}{name} ha arañado {t5}{target}!,{n0}{name} arranhou {t1}{target}!,{name} podrapał{n4} {t3}!,{n0}{n10} kratzte {t5}{t13}!,{name} поцарапал{n6} {t3}!,{name} подряпа{n6} {t3}!,{n0}{name}向{t1}{target}抓了一下！
SCRATCH_NAME,Scratch,Griffe,Graffio,ひっかく,긁기,Arañazo,Arañazo,Arranhar,Drapnięcie,Kratzer,Царапание,Дряпання,爪击
SHIELD_ART,,,,,"는,가,를,와",,,,",Tarczy",,"Щит,Щита,Щиту,Щит","Щит,Щита,Щиту,Щит",
SHIELD_NAME,Shield,Bouclier,Scudo,シールド,쉴드,Escudo,Escudo,Barreira,Tarcza,Schild,Щит,Щит,护盾
SHIELDA_DESC,"Halves physical damage to one ally.\nSome attacks can't be halved, however.",Divise par deux les dégâts physiques d'un allié.\nCertaines attaques ne sont pas affectées.,Dimezza i danni fisici inflitti a un alleato.\nNon funziona con alcuni attacchi.,ひとりに　ぶつりはんげんバリア。\nはんげんできないものもある。,한 아군이 받는 물리 피해를 절반으로 줄인다.\n일부 공격은 절반으로 줄일 수 없다.,Reduce el daño físico hacia un aliado por la mitad.\nAlgunos ataques no pueden ser reducidos.,Disminuye a la mitad el daño físico infligido a un aliado. No sirve con todos los ataques.,Reduz pela metade os danos físicos causados a um aliado. Alguns danos não reduzem.,Sojusznik otrzymuje połowiczne obrażenia fizyczne.\nNie działa to na niektóre ataki.,Halbiert physischen Schaden eines Verbündeten.\nEinige Angriffe können nicht halbiert werden.,Один из союзников получает на 50% меньше урона от большинства физических ударов.,"Вдвічі знижує шкоду, завдану союзнику.\nНе працює проти деяких атак.",减半一名队友受到的物理伤害。\n然而有的攻击无法被减半。
SHIELDO_DESC,"Halves physical damage to all allies.\nSome attacks can't be halved, however.",Divise par deux les dégâts physiques de tous les alliés.\nCertaines attaques ne sont pas affectées.,Dimezza i danni fisici inflitti a un alleato.\nNon funziona con alcuni attacchi.,ぜんいんに　ぶつりはんげんバリア。\nはんげんできないものもある。,아군 전체가 받는 물리 피해를 절반으로 줄인다.\n일부 공격은 절반으로 줄일 수 없다.,Reduce el daño físico hacia todos los aliados por la mitad.\nAlgunos ataques no pueden ser reducidos.,Disminuye a la mitad el daño físico infligido a todos los aliados. No sirve con todos los ataques.,Reduz pela metade os danos físicos causados a todos os aliados. Alguns danos não reduzem.,Wszyscy otrzymują połowiczne obrażenia fizyczne.\nNie działa to na niektóre ataki.,Halbiert physischen Schaden aller Verbündeten.\nEinige Angriffe können nicht halbiert werden.,Вся команда получает на 50% меньше урона от большинства физических ударов.,"Вдвічі знижує шкоду, завдану союзникам.\nНе працює проти деяких атак.",减半全体队友受到的物理伤害。\n然而有的攻击无法被减半。
SHOOT_DESC,Deals damage to an enemy.,Inflige des dégâts à l'ennemi.,Infligge danno a un nemico.,てきにダメージをあたえる。,적에게 피해를 준다.,Inflige daño a un enemigo.,Inflige daño a un enemigo.,Causa dano a um inimigo.,Zadaje obrażenia wrogowi.,Fügt einem Gegner Schaden zu.,Ранит врага.,Завдає шкоди ворогу.,对一名敌人造成伤害。
SHOOT_DIALOG,{n0}{name} attacks!,{n0}{name} attaque !,{n0}{name} attacca!,{name}の　こうげき！,{name}의 공격!,¡{n0}{name} ataca!,¡{n0}{name} ataca!,{n0}{name} ataca!,{name} atakuje!,{n0}{n10} greift an!,{name} атаку{n9}!,{name} атакує!,{n0}{name}的攻击！
SHOOT_NAME,Shoot,Tir,Spara,うつ,사격,Disparar,Disparar,Atirar,Strzał,Schuss,Выстрел,Постріл,射击
SHORTCIRCUIT_DIALOG,{n0}{name} short-circuited!,{n0}{name} s'est fait court-circuiter !,{n0}{name} va in cortocircuito!,{name}の　はいせんは　ショートした！,{name}{n0} 합선을 일으켰다!,¡{n0}{name} sufrió un cortocircuito!,¡{n0}{name} ha sufrido un cortocircuito!,{n0}{name} entrou em curto circuito!,{name} doznał spięcia!,{n0}{n10} hatte einen Kurzschluss!,У {n1} случилось короткое замыкание!,У {n1} сталося коротке замикання!,{n0}{name}短路了！
SHORTCIRCUIT_NAME,Short Circuit,Court-circuit,Cortocircuito,はいせんショート,합선,Cortocircuito,Cortocircuito,Curto-circuito,Spięcie,Kurzschluss,Короткое замыкание,Коротке замикання,短路
SOWSEEDS_DESC,Creates a new Woodoh.,Fait naître un autre Tronchou.,Crea un nuovo Troncone.,あたらしくウッドーが\nはえるかもしれない。,웃드를 만들어낸다.,Crea nuevos Robles.,Crea un nuevo Madero.,Cria uma nova Árvore.,Zasadza nowego Drzewca.,Kreiert einen neuen Holzoh.,Выращивание ещё одного древла.,Вирощує ще одного дубодума.,生长出一只新的木多。
SOWSEEDS_DIALOG,{n0}{name} sowed some seeds!,{n0}{name} sème des graines !,{n0}{name} sparge dei semi!,{n0}{name}は　たねをまいた！,{name}{n0} 씨앗을 뿌렸다!,¡{n0}{name} sembró unas semillas!,¡{n0}{name} ha sembrado semillas!,{n0}{name} plantou algumas sementes!,{name} zasiał{n4} kilka nasion!,{n0}{n10} säte einige Samen!,{name} посеял{n6} семена!,{name} посія{n6} насіння!,{n0}{name}撒下了一些种子！
SOWSEEDS_FAIL,But nothing happened!,Ça n'a eu aucun effet !,Ma non succede nulla!,しーん・・・・・・,하지만 아무 일도 일어나지 않았다!,¡Pero no pasó nada!,¡Pero no ha pasado nada!,Mas não aconteceu nada!,Ale nic się nie stało!,Doch nichts geschah!,Но ничего не произошло!,Але нічого не сталося!,但是什么也没发生！
SOWSEEDS_NAME,Sow Seeds,Semaille,Semina,たねをまく,씨뿌리기,Sembrar semillas,Sembrar,Semear,Siew Nasion,Saat säen,Посев семян,Посів насіння,播种
SPEEDUP_ART,,,,,"은,이,을,과",,,,",Przyspieszenia",,"Скорость ↑,Скорости ↑,Скорости ↑,Скорость ↑","Швидкість ↑,Швидкості ↑,Швидкості ↑,Швидкість ↑",
SPEEDUP_NAME,Speed Up,Vitesse augmentée,Velocità Su,クイックアップ,스피드 업,Velocidad plus,Velocidad plus,Agilidade (+),Przyspieszenie,Tempo Auf,Скорость ↑,Швидкість ↑,速度提升
SPEEDUPA_DESC,Raises one ally's Speed.\nEffective when stacked.,Augmente la vitesse d'un allié.\nEffet cumulable.,Aumenta la Velocità di un alleato.\nEffetto cumulabile.,みかたひとりの　スピードをあげる。\nかさねると　こうかてき。,한 명의 스피드를 증가시킨다.\n중첩되면 효과적.,Aumenta la velocidad de un aliado.\nDe efecto acumulable.,Aumenta la velocidad de un aliado.\nDe efecto acumulable.,Aumenta a Agilidade de um aliado.\nPode ser acumulado.,Zwiększa szybkość jednego sojusznika.\nMożna nałożyć wielokrotnie.,Erhöht die Geschwindigkeit eines Verbündeten.\nKann gestapelt werden.,Повышает скорость союзника.\nЭффект усиливается при повторном использовании.,Піднімає Швидкість одного союзника.\nЕфективно при повторному використанні.,提升一位队友的速度。\n叠加使用效果提升。
SPLITSHOT_ART,,,,,"은,이,을,과",,,,",RozStrzału",,"рассеянный выстрел,рассеянного выстрела,рассеянному выстрелу,рассеянный выстрел","розсіяний постріл,розсіяного пострілу,розсіяному пострілу,розсіяний постріл",
SPLITSHOT_DESC,Hits two random enemies.,Inflige des dégâts à deux ennemis au hasard.,Colpisce due nemici a caso.,ランダムで　てき２たいに　あたるたまを　うつ。,무작위로 적 둘을 공격한다.,Golpea a dos enemigos aleatorios.,Golpea a dos enemigos aleatorios.,Acerta dois inimigos aleatórios.,Uderza w dwóch losowych wrogów.,Trifft zwei zufällige Gegner.,Попадание по двум случайным врагам.,Влучає по двох випадкових ворогів.,随机攻击两名敌人。
SPLITSHOT_NAME,Split Shot,Tir fractionné,Due in un colpo,スプリットショット,스플릿 샷,Disparo dividido,Disparo dividido,Tiro Dividido,RozStrzał,Spaltschuss,Рассеянный выстрел,Розсіяний постріл,分裂射击
SPY_ART,,,,,"는,가,를,와",,,,",Szpiegowania",,"разведка,разведки,разведке,разведку","розвідка,розвідки,розвідці,розвідку",
SPY_DESC,Look at the enemy and see what they are about.,Inspecte l'ennemi pour en savoir plus à son sujet.,Osserva il nemico e scopri i suoi segreti.,てきのとくちょうを　かんさつし\nステータスを　みやぶる。,적이 무엇을 하고 있는지 몰래 훔쳐본다.,Analiza al enemigo y descifra sus secretos.,Mira al enemigo y observa de lo que trata.,Olha para o inimigo e vê do que se trata.,Spójrz na wroga i zobacz co potrafi.,Schaue einen Gegner an und beobachte ihn.,Подробное изучение своего противника.,Уважне дослідження даного ворога.,观察敌人并了解对方的特点。
SPY_DIALOG,{n0}{name} tried to analyze {t1}{target}!,{n0}{name} tente d'analyser {t1}{target} ¦,{n0}{name} prova ad analizzare {t1}{target}!,{name}は　{target}を　チェックした！,{name}{n0} {target}{t2} 분석하려 했다!,¡{n0}{name} intentó analizar {t5}{target}!,¡{n0}{name} ha intentado analizar {t5}{target}!,{n0}{name} tentou analisar {t1}{target}!,{name} spróbował{n4} zanalizować {t3}!,{n0}{n10} versuchte {t5}{t13} zu analysieren!,{name} попробовал{n6} подробно изучить {t3}!,{name} спробува{n6} докладно вивчити {t3}!,{n0}{name}尝试分析{t1}{target}！
SPY_NAME,Spy,Espionnage,Spia,チェック,염탐,Espiar,Espiar,Espiar,Szpiegowanie,Spitzeln,Разведка,Стеження,调查
STEALITEM_DESC,Steals an item from an enemy.,Vole un objet à un ennemi.,Ruba un oggetto da un nemico.,てきから　アイテムをぬすむ。,적에게서 아이템을 훔친다.,Roba un objeto del enemigo.,Roba un objeto a un enemigo.,Rouba o item de um inimigo.,Kradnie przedmiot wrogowi.,Stiehlt einen Gegenstand von einem Gegner.,Кража вещи у врага.,Вкрадає якусь річ у ворога.,从敌人身上窃取一个物品。
STEALITEM_FAIL,"In the confusion, {n1}{name} tried to steal something{delay}, but failed!","Dans la confusion, {n1}{name} tente de voler quelque chose{delay}, mais échoue ¦","Nella confusione, {n1}{name} prova a rubare qualcosa{delay}, ma non ci riesce!",{name}は　どさくさにまぎれて　なにかをぬすもうとしたが　しっぱいした！,혼란 속에서 {name}{n0} 무언가를 훔치려 했지만 실패했다!,"En medio de la confusión, {n1}{name} intentó robar algo{delay}, ¡pero falló!","En medio de la confusión, {n1}{name} ha intentado robar algo{delay}, pero ¡ha fallado!","No meio da confusão, {n1}{name} tentou roubar alguma coisa{delay}, mas falhou!","Korzystając z zamieszania, {name} próbował{n4} coś ukraść{delay}, ale nie wyszło.","In {n4}er Verwirrung versuchte {n0}{n10}, etwas zu stehlen{delay}, scheiterte jedoch!",В суматохе боя {name} попробовал{n6} что-нибудь украсть...{delay} Но ничего не вышло!,"Посеред хаосу битви, {name} спробува{n6} щось вкрасти{delay}, але не впора{n6}ся!",{n1}{name}试图趁乱偷点什么{delay}，但失败了！
STEALITEM_NAME,Item Theft,Vol d'objet,Furto,どろぼう,소매치기,Robar objeto,Robar objeto,Roubo de Item,Kradzież,Diebstahl,Кража,Крадіжка,物品窃取
STICKYSUBSTANCE_DESC,Binds an enemy.,Immobilise un ennemi.,Imprigiona un nemico.,てきを　しばりにする。,적을 속박한다,Amarra un enemigo.,Inmoviliza a un enemigo.,Amarra um inimigo.,Unieruchamia wroga.,Lässt Gegner sich darin anbinden.,Обездвиживает врага.,Знерухомлює ворога.,束缚一名敌人的行动。
STICKYSUBSTANCE_DIALOG,{n0}{name} spit a sticky substance!,{n0}{name} crache une substance collante ¦,{n0}{name} sputa una sostanza appiccicosa!,{name}は　ねばねばを　ふきだした！,{name}{n0} 끈적끈적한 물질을 뱉어냈다!,¡{n0}{name} escupió una sustancia pegajosa!,¡{n0}{name} ha escupido una sustancia pegajosa!,{n0}{name} soltou uma gosma melequenta!,{name} wypluł{n4} z siebie kleistą substancję!,{n0}{n10} spuckte eine Klebrige Substanz!,{name} разбрызгива{n9} липкую слизь!,{name} виплюну{n6} липкий слиз!,{n0}{name}吐出了一团黏合物质！
STICKYSUBSTANCE_NAME,Sticky Substance,Substance collante,Sostanza appiccicosa,ねばねば,끈적끈적한 물질,Sustancia pegajosa,Sustancia pegajosa,Gosma Melequenta,Kleista Substancja,Klebrige Substanz,Липкая слизь,Липкий слиз,黏合物质
STONEOFORIGIN_DESC,Turns an enemy into stone.,Pétrifie un ennemi.,Trasforma un nemico in pietra.,てきを　いしにしてしまう。,적을 돌로 만든다.,Petrifica a un enemigo.,Petrifica a un enemigo.,Transforma um inimigo em pedra.,Zmienia wroga w kamień.,Materialisiert einen Gegner in Stein.,Обращение врага в камень.,Перетворює ворога на каміння.,将一名敌人石化。
STONEOFORIGIN_DIALOG,{n0}{name} used a Stone of Origin!,{n0}{name} utilise une pierre de l'Origine !,{n0}{name} usa una Pietra dell'Origine!,{name}は　いしのもとを　つかった！,{name}{n0} 기원의 돌을 사용했다!,¡{n0}{name} usó una Piedra de origen!,¡{n0}{name} ha usado una Piedra de origen!,{n0}{name} usou a Pedra da Origem!,{name} użył{n4} Kamienia Źródła!,{n0}{n10} benutzte eine Stein-Materie!,{name} обраща{n9} {t1} в камень!,{name} гляну{n6} на {t3} скам'янюючим поглядом!,{n0}{name}使用了起源石化！
STONEOFORIGIN_NAME,Stone of Origin,Pierre de l'Origine,Pietra dell'Origine,いしのもと,기원의 돌,Piedra de origen,Piedra de origen,Pedra da Origem,Kamień Źródła,Stein-Materie,Окаменение,Скам'янюючий погляд,起源石化
STRANGECRY_DESC,Lowers one enemy's defense.,Réduit la défense d'un ennemi.,Diminuisce la difesa di un nemico.,１たいの　ディフェンスをさげる。,적 하나의 방어력을 낮춘다.,Baja la defensa de un enemigo.,Reduce la defensa de un enemigo.,Reduz a defesa de um inimigo.,Obniża defensywę jednego wroga.,Senkt die Verteidigung eines Gegners.,Понижает защиту врага.,Знижує Захист одного ворога.,降低一名敌人的防御力。
STRANGECRY_DIALOG,{n0}{name} let out a strange cry!,{n0}{name} laisse échapper un hurlement étrange ¦,{n0}{name} emette un verso bizzarro!,{name}は　ふしぎなさけびごえをあげた！,{name}{n0} 기묘한 울음소리를 내질렀다!,¡{n0}{name} emitió un llanto extraño!,¡{n0}{name} ha llorado de forma extraña!,{n0}{name} deu um grito esquisito!,{name} wydaje z siebie dziwny ryk!,{n0}{n10} gab einen seltsamen Schrei von sich!,{name} издал{n6} странный клич!,{name} вида{n6} дивний крик!,{n0}{name}发出一声诡异的嘶吼！
STRANGECRY_NAME,Strange Cry,Cri étrange,Verso bizzarro,なきごえ,기묘한 울음,Llanto extraño,Llanto extraño,Grito Esquisito,Dziwny Ryk,Seltsamer Schrei,Странный клич,Дивний крик,诡异嘶吼
STRANGETHING_DESC,Makes one enemy confused.,Rend un ennemi confus.,Confonde un nemico.,１たいを　こんらんさせる。,적 하나를 혼란스럽게 만든다.,Confunde a un enemigo.,Confunde a un enemigo.,Confunde um inimigo.,Czyni jednego wroga zdezorientowanym.,Verwirrt einen Gegner.,Приводит врага в замешательство.,Заплутує одного ворога.,让一名敌人陷入混乱。
STRANGETHING_DIALOG,{n0}{name} did something strange!,{n0}{name} fait quelque chose d'étrange !,{n0}{name} ha fatto qualcosa di strano!,{name}は　なにか あやしいことをした！,{name}{n0}은 기묘한 행위를 하였다!,¡{n0}{name} hizo algo extraño!,¡{n0}{name} ha hecho algo extraño!,{n0}{name} fez algo bem estranho!,{name} zrobił{n4} coś dziwnego!,{n0}{n10} verhielt sich seltsam!,{name} сделал{n6} что-то очень странное!,{name} зроби{n6} щось дивне!,{n0}{name}做出了奇怪的举动！
STRANGETHING_NAME,Strange Thing,Action étrange,Strane movenze,あやしいことがら,기묘한 이야기,Cosa extraña,Cosa extraña,Algo Estranho,Dziwna Rzecz,Seltsames Ereignis,Нечто странное,Дивний вчинок,怪异之举
STRIKE_ART,,,,,"는,가,를,와",,,,",Przyfasolenia",,"страйк,страйка,страйку,страйк,","страйк,страйку,страйку,страйк",
STRIKE_DESC,Deals major damage to an enemy.\nDamage varies based on guts.,Inflige des dégâts élevés à un ennemi.\n Les dégâts infligés varient selon l'audace du lanceur.,Infligge forti danni a un nemico.\nIl danno si basa sulla Combattività.,あいてに　だいダメージ。\nガッツがたかいほど　ダメージがふえる。,적에게 강력한 피해를 준다.\n피해량은 용기에 비례한다.,Inflige daño elevado.\nEl daño depende del coraje del usuario.,Inflige daño elevado.\nLa cantidad depende de las agallas del usuario.,Causa dano alto a um inimigo.\nDano varia de acordo com a coragem do usuário.,Zadaje duże obrażenia wrogowi.\nObrażenia zależą od odwagi.,Verursacht starken Schaden auf einen Gegner. Der Schaden variiert je nach Mut.,Наносит большой урон.\nСила удара зависит от дерзости.,Завдає відчутної шкоди ворогові.\nШкода залежить від Сміливості.,对一名敌人造成大量伤害。\n伤害取决于勇气值。
STRIKE_NAME,Strike,Strike,Impatto,シングルヒット,스트라이크,Strike,Strike,Strike,Przyfasolenie,Strike,Страйк,Страйк,好球强打
SWING_DESC,Swing for large damage on an enemy.,Frappe l'ennemi d'un grand geste pour lui infliger d'importants dégâts.,Colpisci infliggendo grandi danni a un nemico.,ぶきを　ふりまわして\nてきに　だいダメージをあたえる。,무기를 휘둘러 적에게 큰 피해를 준다.,Balancea para causar un gran daño a un enemigo.,Balancea para infligir mucho daño a un enemigo.,Golpeia causando grande dano em um inimigo.,Zamach zadający duże obrażenia wrogowi.,Schwinge für großen Schaden gegen einen Gegner.,Сильный удар по врагу с размаха.,Сильний удар по ворогові з розмаху.,挥动球棒对一名敌人造成大量伤害。
SWING_DIALOG,{n0}{name} takes a wide swing at {t1}{target}!,{n0}{name} effectue une frappe puissante sur {t1}{target} ¦,{n0}{name} colpisce con forza {t1}{target}!,{name}は　{target}にむかって\nぶきを　おおきく　ふりまわした！,{name}{n0} {target}{t2} 향해\n무기를 크게 휘둘렀다!,¡{n0}{name} golpea con fuerza {t5}{target}!,¡{n0}{name} ha golpeado con fuerza {t5}{target}!,{n0}{name} golpeou {t1} {target} com tudo!,{name} wykonuje szeroki zamach na {t3}!,{n0}{n10} machte einen weiten Schwung auf {t5}{t13}!,{name} как следует размахнул{n8} и ударил {t3}!,{name} розмахну{n6}ся на {t3}!,{n0}{name}向{t1}{target}猛烈挥击！
SWING_NAME,Swing,Swing,Colpo,ふりまわす,휘두르기,Balanceo,Balanceo,Golpear,Zamach,Schwingen,Удар с размаха,Удар із розмаху,挥棒
TACKLE_DESC,A charge attack by using one's body.,Permet de foncer sur l'ennemi en y mettant tout son poids.,Un attacco in carica usando tutto il corpo.,からだ　ぜんしんで　てきにとっしんする。,몸뚱이를 날려 돌격한다.,Un ataque usando el cuerpo.,Un ataque usando el cuerpo.,Um ataque usando o próprio corpo.,Atak szarżą przy użyciu całego ciała.,Ein Angriff mit vollem Körpereinsatz.,Удар врага всем телом.,Кидок на ворога всім тілом.,用身体发起冲撞攻击。
TACKLE_DIALOG,{n0}{name} threw {n4} body at {t1}{target}!,{n0}{name} se jette de tout son poids sur {t1}{target} ¦,{n0}{name} carica con tutto il corpo contro {t1}{target}!,{name}は\n{target}に　たいあたりをした！,{name}{n0} {target}{t2} 향해\n몸을 날렸다!,¡{n0}{name} lanzó su cuerpo hacia {t1}{target}!,¡{n0}{name} se ha abalanzado sobre {t1}{target}!,{n0}{name} se jogou n{t4} {target}!,{name} rzucił{n4} się na {t3}!,{n0}{n10} warf {n4}en Körper auf {t5}{t13}!,{name} наваливается на {t3}!,{name} накину{n6}ся на {t3}!,{n0}{name}猛烈撞向{t1}{target}！
TACKLE_NAME,Charge,Charge,Carica,たいあたり,태클,Tacleada,Placaje,Investida,Szarża,Tackle,Таран,Таран,蓄力
TARGETFOCUS_DESC,,,,,,,,,,,,,
TARGETFOCUS_DIALOG,{name} pointed at {target}!,{n0}{name} pointe {target}!,{n0}{name} mira verso {t1}{target}!,{name}は　{target}に　ねらいをさだめた！,{name}{n0} {target}에게 시선을 고정했다!,¡{n0}{name} señala {t5}{target}!,¡{n0}{name} señala {t5}{target}!,{name} apontou para {t1}{target}!,{name} wskazał na {t3}!,{n0}{n10} zielte auf {t5}{t13}!,{name} целится в {t3}!,{name} вказа{n6} на {t3}!,{name}将目标对准了{target}！
TARGETFOCUS_NAME,Target Focus,Visée,Puntamento,ターゲット,조준,Fijar objetivo,Fijar objetivo,Focar Alvo,Priorytetyzacja Celu,Zielfokus,Прицеливание,,目标锁定
TELEPATHY_ART,,,,,"는,가,를,와",,,,",Telepatii",,"телепатия,телепатии,телепатии,телепатию","Телепатія,Телепатії,Телепатії,Телепатію",
TELEPATHY_DESC,Read the thoughts of people and animals.,Permet de lire dans les pensées des gens et des animaux.,Leggi i pensieri degli altri.,たしゃの　こころを　よむ。,다른 사람들의 생각을 읽을 수 있다.,Lee los pensamientos de los demás.,Lee los pensamientos de los demás.,Lê os pensamentos de alguém.,Czytaj innym w myślach.,Lese die Gedanken von anderen.,Чтение чужих мыслей.,Читання чужих думок.,读取他人的想法。
TELEPATHY_NAME,Telepathy,Télépathie,Telepatia,テレパシー,텔레파시,Telepatía,Telepatía,Telepatia,Telepatia,Telepathie,Телепатия,Телепатія,心灵感应
TELEPORT_ART,,,,,"는,가,를,와",,,,",Teleportacji",,"телепортация,телепортации,телепортации,телепортацию","Телепортація,Телепортації,Телепортації,Телепортацію",
TELEPORT_NAME,Teleport,Téléportation,Teletrasporto,テレポート,텔레포트,Teletransporte,Teletransporte,Teletransporte,Teleportacja,Teleportieren,Телепортация,Телепортація,瞬间传送
TELEPORTA_DESC,Teleport to known areas by running in a line.,Courez en ligne droite pour vous téléporter vers un lieu connu.,Teletrasporto in aree note correndo dritto.,しっているばしょに　しゅんかんにいどうできる。\nながいじょそうが　ひつようだ。,일렬로 빠르게 달려 가본 지역으로 텔레포트 한다.,Teletranspórtate a áreas conocidas corriendo en línea recta.,Teletranspórtate a lugares conocidos corriendo en línea recta.,Teletransporta para lugares conhecidos correndo em linha reta.,"Teleportuje do wcześniej odwiedzonych miejsc, biegnąc w linii prostej.","Teleportiere dich in bekannte Gebiete, indem du in einer Geraden rennst.",При разбеге переносит в одно из ранее посещённых мест.,Телепортує до відвіданих раніше локацій після розбігу.,通过直线跑动传送到去过的地方。
TELEPORTO_DESC,Teleport to known areas by running in a circle.,Courez en cercle pour vous téléporter vers un lieu connu.,Teletrasporto in aree note correndo in cerchio.,しっているばしょに　しゅんかんにいどうできる。\nこまわりがきくので　じょそうがいらない。,원을 그리듯 달려 가본 지역으로 텔레포트 한다.,Teletranspórtate a áreas conocidas corriendo en círculos.,Teletranspórtate a lugares conocidos corriendo en círculos.,Teletransporta para lugares conhecidos correndo em círculos.,"Teleportuje do wcześniej odwiedzonych miejsc, biegnąc w kółko.","Teleportiere dich in bekannte Gebiete, indem du in einem Kreis rennst.",При беге по кругу переносит в одно из ранее посещённых мест.,Телепортує до відвіданих раніше локацій після розбігу по колу.,通过绕圈跑动传送到去过的地方。
THREATENINGWORDS_DESC,Lowers one enemy's guts.,Réduit l'audace d'un ennemi.,Diminuisce la Combattività di un nemico.,１たいの　ガッツを　さげる。,적의 용기를 낮춘다.,Reduce el coraje de un enemigo.,Reduce las agallas de un enemigo.,Reduz a coragem de um inimigo.,Obniża odwagę jednego wroga.,Senkt den Mut eines Gegners.,Понижает дерзость врагу.,Знижує Сміливість одного ворога.,降低一名敌人的勇气。
THREATENINGWORDS_DIALOG,{n0}{name} uttered threatening words!,{n0}{name} profère de terribles menaces !,{n0}{name} dice delle parole orribili!,{name}は　こわいことばを　なげつけた！,{name}{n0} 위협적인 말들을 내뱉었다!,¡{n0}{name} pronunció unas palabras amenazantes!,¡{n0}{name} ha pronunciado una amenaza!,{n0}{name} fez um monte de ameaças {t6}{target}!,{name} wypowiedział{n4} straszliwą groźbę!,{n0}{n10} schimpfte bedrohende Worte!,{name} произносит угрозы!,{name} прошипі{n6} загрози!,{n0}{name}说了些恐吓的话！
THREATENINGWORDS_NAME,Threatening Words,Mots menaçants,Parole minacciose,こわいことば,위협적인 말들,Palabras amenazantes,Amenaza,Palavras Ameaçadoras,Groźba,Drohungen,Угрозы,Загрози,恐吓之言
TRIPANDFALL_DESC,"Most of the time inconsequential, but may cause an explosion.","Sans effet la plupart du temps, mais peut provoquer une explosion.","Spesso non serve a nulla, ma a volte causa un'esplosione",そのばで　ころぶ。たまに　ばくはつする。,"대부분의 상황에서 쓸모 있을지는 모르겠지만, 폭발을 일으킬 수 있다.","Muy inútil la mayoría de veces, pero puede causar una explosión.","Sin efecto la mayoría de veces, pero puede causar una explosión.","Na maioria das vezes não faz nada, mas pode causar uma explosão.","Zwykle nic nie zwiastujące, jednak czasem powoduje wybuch.","Meistens inkonsequent, kann manchmal jedoch eine Explosion verursachen.","В основном ни к чему не приводит, но иногда может вызвать взрыв.","Здебільшого нічого не робить, але іноді спричиняє вибух.",大多数情况下无关紧要，但偶尔可能引发爆炸。
TRIPANDFALL_DIALOG,{n0}{name} tripped and fell!,{n0}{name} trébuche et tombe !,{n0}{name} inciampa e cade per terra!,{name}は　ころんだ！,{name}{n1} 걸려 넘어졌다!,¡{n0}{name} se tropezó y se cayó!,¡{n0}{name} se ha tropezado y se ha caído!,{n0}{name} tropeçou e caiu!,{name} potyka się i upada!,{n0}{n10} stolperte und fiel hin!,{name} споткнул{n8} и упал{n6}!,{name} спіткну{n6}ся та впа{n6}!,{n0}{name}被绊倒了！
TRIPANDFALL_NAME,Trip and Fall,Chute maladroite,Inciampo,ころぶ,여행과 가을,Tropiezo y caída,Tropiezo y caída,Tropeçar e Cair,Potknięcie i Upadek,Stolperfall,Неуклюжее падение,Незграбне падіння,绊倒
USEBANANAGUN_DIALOG,{n0}{name} fired a Banana Gun!,{n0}{name} tire avec le flingue banane !,{n0}{name} spara con la Pistol-banana!,{n0}{name}は\nバナナガンを　はっしゃした！,{name}{n0} 바나나 총을 발사했다!,¡{n0}{name} ha disparado una Pistola plátano!,¡{n0}{name} ha disparado una Pistola plátano!,{n0}{name} usou uma Arma de Banana!,{name} wystrzelił{n4} z Flinty Bananowej!,{n0}{n10} feuerte mit der Bananenpistole!,{name} выстрелил{n6} из пистолета-банана!,{name} вистрели{n6} з пістолю-банана!,{n0}{name}发射了香蕉枪！
USEBOMB_DIALOG,{n0}{name} used a Bomb!,{n0}{name} utilise une Bombe !,{n0}{name} usa una Bomba!,{name}は\nボムを　つかった！,{name}{n0} 폭탄을 사용했다!,¡{n0}{name} usó una Bomba!,¡{n0}{name} ha usado una Bomba!,{n0}{name} usou uma Bomba!,{name} użył{n4} Bomby!,{n0}{n10} benutzte eine Bombe!,{name} бросил{n6} бомбу!,{name} кину{n6} бомбу!,{n0}{name}使用了炸弹！
USEBOMBSUPER_DIALOG,{n0}{name} used a Super Bomb!,{n0}{name} utilise une Super Bombe !,{n0}{name} usa una Super bomba!,{name}は\nスーパーボムを　つかった！,{name}{n0} 슈퍼 봄을 사용했다!,¡{n0}{name} usó una Super bomba!,¡{n0}{name} ha usado una Superbomba!,{n0}{name} usou uma Super Bomba!,{name} użył{n4} Super Bomby!,{n0}{n10} benutzte eine Superbombe!,{name} бросил{n6} супербомбу!,{name} кину{n6} супер бомбу!,{n0}{name}使用了超级炸弹！
USEBOTTLEROCKET_DIALOG,{n0}{name} used a Bottle Rocket!,{n0}{name} utilise une Fusée crayon !,{n0}{name} usa una Bottiglia-razzo!,{name}は\nペンシルロケットを　つかった！,{name}{n0} 펜슬 로켓을 사용했다!,¡{n0}{name} usó un Cohete botella!,¡{n0}{name} ha usado un Cohete botella!,{n0}{name} usou um Rojão!,{name} użył{n4} Butlorakiety!,{n0}{n10} benutzte eine Flaschenrakete!,{name} бросил{n6} бутылочную ракету!,{name} кину{n6} пляшкову ракету!,{n0}{name}使用了瓶装火箭！
USEBOTTLEROCKETBIG_DIALOG,{n0}{name} used a Big Bottle Rocket!,{n0}{name} utilise une Mégafusée crayon !,{n0}{name} usa una Gran bottiglia-razzo!,{name}は\nペンシルロケット５を　つかった！,{name}{n0} 5연발 펜슬 로켓을 사용했다!,¡{n0}{name} usó un Cohete botella grande!,¡{n0}{name} ha usado un Megacohete botella!,{n0}{name} usou um Rojão Grande!,{name} użył{n4} Dużej Butlorakiety!,{n0}{n10} benutzte eine Große Flaschenrakete!,{name} бросил{n6} большую бутылочную ракету!,{name} кину{n6} велику пляшкову ракету!,{n0}{name}使用了巨型瓶装火箭！
USEBOTTLEROCKETMULTI_DIALOG,{n0}{name} used a Multi Bottle Rocket!,{n0}{name} utilise une Gigafusée crayon !,{n0}{name} usa una Multi-bottiglia-razzo!,{name}は\nペンシルロケット２０を　つかった！,{name}{n0} 20연발 펜슬 로켓을 사용했다!,¡{n0}{name} usó un Multi cohete botella!,¡{n0}{name} ha usado un Gigacohete botella!,{n0}{name} usou um Multi-Rojão!,{name} użył{n4} Multi Butlorakiety!,{n0}{n10} benutzte eine Multi-Flaschenrakete!,{name} бросил{n6} бутылочную мультиракету!,{name} кину{n6} мульти пляшкову ракету!,{n0}{name}使用了多重瓶装火箭！
USEBULLHORN_DIALOG,{n0}{name} used a Bullhorn!{wait}\n“You're a disgrace to your mom!”,{n0}{name} utilise un Mégaphone magique ¦{wait}\n« Tu fais honte à ta mère ! »,{n0}{name} usa un Megafono!{wait}\n“Sei una vergogna per la tua mamma!”,{name}は　ふしぎなメガホンをつかった！{wait}\n「おまえの　おかあさんは　ないているぞ！」,"{name}{n0} 메가폰을 사용했다!{wait}\n""넌 네 엄마의 망신거리야!""",¡{n0}{name} usó el Megáfono!{wait}\n“¡Eres una desgracia para tu mamá!”,¡{n0}{name} ha usado un Megáfono!\n«¡Eres una desgracia para tu madre!»,{n0}{name} usou um Megafone!{wait}\n“Você é uma desgraça pra sua mãe!”,{name} użył{n4} Megafonu!{wait}\n„Jesteś zawodem dla swojej matki!”,{n0}{n10} benutzte ein Megafon! {wait}\n„Du bist 'ne Schande für deine Mutter!“,{name} прокричал{n6} в рупор:{wait}\n«Ты маму позоришь!»,{name} закрича{n6} у мегафон:{wait}\n«Ти ганьбиш свою маму!»,{n0}{name}使用了扩音喇叭！{wait}\n“你丢光了妈妈的脸！”
USEBULLHORN_FAIL,It wasn't very convincing.{wait}\n{t0}{target} became angry!,Ce n'est pas très convaincant.{wait}\n{t0}{target} se met en colère !,Non è stato molto convincente.{wait}\n{t0}{target} si infuria!,せっとくに　しっぱいした。{wait}\n{target}を　おこらせた！,별로 설득력이 없었다.{wait}\n{target}{t0} 분노했다!,No fue muy convincente.{wait}¡\n{t0}{target} se enojó!,No parece muy convincente. ¡{t0}{target} se ha enfadado!,Não foi muito convincente.{wait}\n{t0}{target} ficou furioso!,Nie było to zbyt przekonujące.{wait}\n{target} jest wściekł{t5}!,Das war nicht sehr überzeugend.{wait}\n{t0}{t10} wurde wütend!,Это было неубедительно.{wait}\n{target} разозлил{n8}!,Це було непереконливо.{wait}\n{target} розлюти{n6}ся!,不是很有说服力。{wait}\n{t0}{target}生气了！
USEBULLHORN_SUCCESS,It was effective!,C'est très efficace !,È stato efficace!,せっとくに　せいこうした！,효과적이었다!,¡{t0}{target} se lo creyó!,¡{t0}{target} se lo ha creído!,{t0}{target} acreditou!,To było skuteczne!,Das war sehr effektiv!,И {target} клюнул{t6} на это!,І {target} повіри{n6} у це!,效果拔群！
USECOPYCAMERA_DIALOG,{n0}{name} used the Copy Camera!,{n0}{name} utilise l'Appareil photomorphique !,{n0}{name} usa la Copiacamera!,{name}は\nコピーカメラを　つかった！,{name}{n0} 복제 카메라를 사용했다!,¡{n0}{name} usó la Copicámara!,¡{n0}{name} ha usado la Copicámara!,{n0}{name} usou a Câmera Copiadora!,{name} użył{n4} Kamery Kopiującej!,{n0}{n10} benutzte die Kopierkamera!,{name} использу{n9} камеру-имитатор!,{name} використовує камеру-імітатор!,{n0}{name}使用了拷贝相机！
USEFLAMETHROWER_DIALOG,{n0}{name} used the Flame Thrower!,{n0}{name} utilise le Lance-flammes !,{n0}{name} usa il Lanciafiamme!,{name}は\nかえんほうしゃきを　つかった！,{name}{n0} 화염방사기를 사용했다!,¡{n0}{name} usó el Lanzallamas!,¡{n0}{name} ha usado el Lanzallamas!,{n0}{name} usou o Lança-chamas!,{name} użył{n4} Miotacza Ognia!,{n0}{n10} benutzte den Flammenwerfer!,{name} использу{n9} огнемёт!,{name} використа{n6} вогнемет!,{n0}{name}使用了火焰喷射器！
USEFLASHDARK_DIALOG,{n0}{name} used the Flashdark!,{n0}{name} utilise l'Ombre de poche !,{n0}{name} usa l'Anti-torcia!,{name}は\nやみのライトを　つかった！,{name}{n0} 어둠의 라이트를 사용했다!,¡{n0}{name} usó la Nocterna!,¡{n0}{name} ha usado la Nocterna!,{n0}{name} usou a Lanturna!,{name} użył{n4} Ladarki!,{n0}{n10} benutzte die Schattenlampe!,{name} использу{n9} темнарик!,{name} використа{n6} темнарик!,{n0}{name}使用了暗闪灯！
USEFLEABAG_DIALOG,{n0}{name} used a Flea Bag!,{n0}{name} utilise un Sachet de puces !,{n0}{name} usa un Sacco di pulci!,{name}は\nノミとシラミを　つかった！,{name}{n0} 벼룩과 이를 사용했다!,¡{n0}{name} usó una Bolsa de pulgas!,¡{n0}{name} ha usado un Saco de pulgas!,{n0}{name} usou o Saco de Pulgas!,{name} użył{n4} Worka Pcheł!,{n0}{n10} benutzte einen Flohbeutel!,{name} использу{n9} пакетик блох!,{name} використа{n6} пакет бліх!,{n0}{name}使用了跳蚤虱子！
USEINSECTICIDE_DIALOG,{n0}{name} used an Insecticide!,{n0}{name} utilise un Insecticide !,{n0}{name} usa un Insetticida!,{name}は\nさっちゅうスプレーを　つかった！,{name}{n0} 살충 스프레이를 사용했다!,¡{n0}{name} usó un Insecticida!,¡{n0}{name} ha usado un Insecticida!,{n0}{name} usou o Inseticida!,{name} użył{n4} Środka Owadobójczego!,{n0}{n10} benutzte ein Insektenspray!,{name} использу{n9} аэрозоль!,{name} використа{n6} інсектецид!,{n0}{name}使用了杀虫剂！
USEROPE_DIALOG,{n0}{name} used a Rope!,{n0}{name} utilise une Corde !,{n0}{name} usa una Corda!,{name}は\nロープを　つかった！,{name}{n0} 밧줄을 사용했다!,¡{n0}{name} usó una Cuerda!,¡{n0}{name} ha usado una Cuerda!,{n0}{name} usou a Corda!,{name} użył{n4} Liny!,{n0}{n10} benutzte ein Seil!,{name} использу{n9} верёвку!,{name} використа{n6} мотузку!,{n0}{name}使用了绳索！
USERULER_DIALOG,{n0}{name} measured {t1}{target}!,{n0}{name} mesure {t1}{target} !,{n0}{name} misura {t1}{target}!,{name}は　{target}をはかった！,{name}{n0} {target}{t2} 측정했다!,¡{n0}{name} midió {t5}{target}!,¡{n0}{name} ha medido {t5}{target}!,{n0}{name} mediu a altura {t1}{target}!,{name} zmierzył{n4} {t1}!,{n0}{n10} hat {t5}{t13} gemessen!,{name} измеря{n9} {t3}!,{name} вимірює {t3} лінійкою!,{n0}{name}正在测量{t1}{target}！
USEDEFENSESHOWER_DIALOG,{n0}{name} used the Defense Shower!,{n0}{name} utilise la Douche Défensive !,{n0}{name} usa la Doccia di difesa!,{name}は\nディフェンスシャワーを　つかった！,{name}{n0} 디펜스 샤워를 사용했다!,¡{n0}{name} usó la Ducha defensiva!,¡{n0}{name} ha usado la Regadera defensiva!,{n0}{name} usou a Ducha de Defesa!,{name} użył{n4} Prysznica Obronnego!,{n0}{n10} benutzte die Abwehrdusche.,{name} использу{n9} лейку защиты!,{name} використа{n6} лійку захисту!,{n0}{name}使用了防御花洒！
USESTICKYMACHINE_DIALOG,{n0}{name} used the Sticky Machine!,{n0}{name} utilise l'appareil à gélatine !,{n0}{name} usa il Macchinario appiccicoso!,{name}は\nねばねばマシンを　つかった！,{name}{n0} 끈적끈적 머신을 사용했다!,¡{n0}{name} usó la Máquina pegajosa!,¡{n0}{name} ha usado la Máquina pegajosa!,{n0}{name} usou o Gerador de Meleca!,{name} użył{n4} Maszyny Klejącej!,{n0}{n10} benutzte den Schleimgenerator!,{name} использу{n9} слизегенератор!,{name} використа{n6} слизегенератор!,{n0}{name}使用了黏合装置！
USESUPERPSRAY_DIALOG,{n0}{name} used a Super Spray!,{n0}{name} utilise un Super Insecticide !,{n0}{name} usa un Super insetticida!,{name}は\nスーパースプレーを　つかった！,{name}{n0} 슈퍼 스프레이를 사용했다!,¡{n0}{name} usó un Super insecticida!,¡{n0}{name} ha usado un Superinsecticida!,{n0}{name} usou o Super Inseticida!,{name} użył{n4} Super Spreju!,{n0}{n10} benutzte das Super-Spray!,{name} использу{n9} супераэрозоль!,{name} використа{n6} суперспрей!,{n0}{name}使用了超级喷雾！
VENTODOR_DESC,Vent a terrible odor to lower an opponent's Offense and Defense.,Fait baisser l'attaque et la défense d'un adversaire en laissant s'échapper une odeur atroce.,Emette un tanfo disgustoso che riduce Attacco e Difesa di un nemico.,あくしゅうを　はなって\nてきのオフェンスとディフェンスをさげる。,뭐라 말할 수 없는 역겨운 악취를 풍겨\n적의 오펜스와 디펜스를 낮춘다.,Emite un olor terrible para reducir la ofensiva y la defensa del oponente.,Desprende un terrible hedor para bajar la Fuerza y Defensa del enemigo.,Emite um cheiro horrível para reduzir o Ataque e Defesa de um inimigo.,"Wydziel straszny zapach, który obniża Ofensywę i Obronę wroga.","Lass einen schrecklichen Gestank ab, um Angriff und Verteidigung eines Gegners zu verringern.",Испускание неприятного запаха.\nПонижает силу и защиту врага.,Випуск неприємного запаху. Знижує Атаку та Захист ворога.,散发出难闻的气味来降低敌人的攻击力与防御力。
VENTODOR_DIALOG,{n0}{name} vented a terrible odor!,{n0}{name} laisse s'échapper une odeur atroce !,{n0}{name} emette un tanfo terribile!,{name}は\nひどい　あくしゅうを　はなった！,{name}{n0} 끔찍한 냄새를 풍겼다!,¡{n0}{name} desprendió un olor horrible!,¡{n0}{name} ha desprendido un terrible hedor!,{n0}{name} emitiu um cheiro horrível!,{name} wydzielił{n4} okropny zapach!,{n0}{n10} verbreitete einen grässlichen Gestank!,{name} испустил{n6} ужасный запах!,{name} випусти{n6} жахливий запах!,{n0}{name}散发出一股恶臭！
VENTODOR_NAME,Vent Odor,Effluves,Emetti tanfo,においをだす,냄새 공격,Hedor,Hedor,Fedor,Wydziel Zapach,Gestank ablassen,Ужасный запах,Жахливий запах,散发异味
WALKAWAY_DESC,Allows to leave combat while giving the enemy a large amount of exp.,Permet de quitter le combat en donnant à l'ennemi une grande quantité d’expérience.,Abbandona il combattimento lasciando molta esperienza al nemico.,てきに　たいりょうのけいけんちを　あたえて\nせんとうから　りだつする。,적에게 많은 양의 경험치를 주고 떠날 수 있다.,Permite abandonar el combate y darle una gran cantidad de experiencia al enemigo.,Permite abandonar el combate y darle una gran cantidad de experiencia al enemigo.,Permite fugir do combate enquanto o inimigo recebe uma grande quantidade de exp.,Pozwala opuścić walkę nagradzając wroga dużą ilością doświadczenia.,"Ermöglicht es, den Kampf zu verlassen und dem Gegner eine Menge Erfahrung zu geben.","Позволяет покинуть битву, оставив много опыта.",Дозволяє покинути битву.,允许在给敌人大量经验后脱离战斗。
WALKAWAY_DIALOG,"{n0}{name} said “hello,” then just walked away.",{n0}{name} salue tout le monde poliment et s'en va.,"{n0}{name} dice “ciao”, e se ne va.",{name}は　あいさつをして　さっていった！,{name}{n0} “안녕”이라고 말한 후 그냥 걸어 나갔다.,{n0}{name} dijo “hola” y simplemente se marchó.,{n0}{name} ha dicho «hola» y se ha ido.,{n0}{name} deu um tchauzinho e foi embora.,"{name} powiedział „serwus”, po czym po prostu sobie poszedł.",{n0}{n10} sagte einfach „Hallöchen“ und ging davon.,{name} поздоровал{n8} и отправил{n8} восвояси.,{name} привіта{n6}ся і піш{n5} у своїх справах.,{n0}{name}说了声“你好”，然后就径直走开了。
WALKAWAY_NAME,Friendly Hello,Salutations distinguées.,Saluto amichevole,しんせつなあいさつ,친절한 안녕,Saludo amistoso,Saludo amistoso,Tchauzinho,Przyjazne Serwus,Freundlicher Gruß,Пламенный привет,Дружнє привітання,友好问候
WICKEDSEED_DESC,Makes one enemy confused.,Rend un ennemi confus.,Confonde un nemico.,１たいを　こんらんにする。,적 하나를 혼란스럽게 만든다.,Confunde a un enemigo.,Confunde a un enemigo.,Confunde um inimigo.,Czyni jednego wroga zdezorientowanym.,Verwirrt einen Gegner.,Приводит врага в замешательство.,Заплутує одного ворога.,让一名敌人陷入混乱。
WICKEDSEED_DIALOG,{n0}{name} used a Wicked Seed!,{n0}{name} utilise une Graine de démon !,{n0}{name} usa un Seme maligno!,{name}は\nデーモンシードを　つかった！,{name}{n0} 사악한 씨앗을 사용했다!,¡{n0}{name} usó una Semilla perversa!,¡{n0}{name} ha usado una semilla perversa!,{n0}{name} usou uma Semente Perversa!,{name} użył{n4} Podłego Nasiona!,{n0}{n10} benutzte einen Teufels-Samen!,{name} использу{n8} порочное семечко!,{name} використа{n6} черстве насіння!,{n0}{name}使用了邪恶种子!
WICKEDSEED_NAME,Wicked Seed,Graine maléfique,Seme maligno,デーモンシード,사악한 씨앗,Semilla perversa,Semilla perversa,Semente Perversa,Podłe Nasiono,Teufels-Samen,Порочное семечко,Черстве насіння,邪恶种子
YOMAMA_ART,,,,,"는,가,를,와",,,,",Twojej Starej",,"твоя мамка,твоей мамки,твоей мамке,твою мамку","твоя мамка,твоєї мамки,твоїй мамці, твою мамку",
YOMAMA_DESC,Destruction,Destruction,Distruzione,はめつ,상대 어머니의 안부를 물어본다. 모든 \n아군과 적군을 파멸로 이끌어 즉사시킨다.,Destrucción,Destrucción,Caos,Destrukcja,Zerstörung,Уничтожение,Знищення,毁灭
YOMAMA_NAME,Yo Mama,Ta maman,Tua mamma,おまえのかあちゃん,안부묻기,Tu mamá,Tu madre,Sua mãe,Twoja Stara,Deine Mudda,Твоя мамка,Твоя мамка,你妈