key,en,fr,it,ja,ko,es,es_ES,pt_BR,pl,de,ru,uk,zh_CN
ALARMGHOST_NAME,Alarm Ghost,Fantôme S.O.S.,Fantallarme,アラームゴースト,알람 고스트,Fantasma alarma,Fantasma asustador,Fantasma Alarmante,Duch Alarmowy,Alarmgeist,Призрак-зазывала,Привид-сторож,警报幽灵
ALARMGHOST_DESC,"Don't alarm this ghost, he has friends!","Attention, il peut envoyer un S.O.S. à ses amis ¦","Attenzione! Se allarmato, chiama i suoi amici!",おどろくと　なかまを　よぶぞ！,울리면 친구들을 데려올 거다!,"¡No alarmes a este fantasma, tiene amigos!","¡No asustes a este fantasma, tiene amigos!","Não alarme esse fantasma, ele tem amigos!","Nie alarmuj tego ducha, on ma przyjaciół!",Alarmiere nicht diesen Geist! Er hat Freunde.,"Не тревожь этого призрака, у него есть друзья!","Не турбуй цього привида, у нього є друзі!",不要惊动这个幽灵，他还有同伙！
ALARMGHOST_ART,"The ,the ,An ,an ,its,it,it","Le ,le ,Un ,un ,du ,au ,,le ,x","Il ,il ,Un ,un ,del ,al ,o,il ",,"는,가,를,와,로","El ,el ,Un ,un ,del ,al ,o,el ","El ,el ,Un ,un ,del ,al ,o,el ","O ,o ,Um ,um ,o,seu ,ao ","jego,Ducha Alarmowego,Duchowi Alarmowemu,Ducha Alarmowego,,y,Duchu Alarmowym","Der ,der ,Ein ,ein ,sein,den ,ihn,vom,,,Alarmgeist,Alarmgeists,Alarmgeist,Alarmgeist","призрак-зазывала,призрака-зазывалы,призраку-зазывале,призрака-зазывалу,призраке-зазывале,,,ён,ся,ет,его","привид-сторож,привида-сторожа,привиду-сторожу,привида-сторожа,привиді-сторожі,ов,в,ий,є,ить,його",",,一个,一个,它的,它,它"
ALLIGATOR_NAME,Alligator,Alligator,Alligatore,ワニ,악어,Caimán,Caimán,Jacaré,Aligator,Alligator,Аллигатор,Алігатор,鳄鱼
ALLIGATOR_DESC,Don't accept his invitation to dinner.,Déclinez toujours les invitations à dîner d'un crocodile.,Rifiuta sempre l'invito a cena di un alligatore.,ワニに　しょくじに　さそわれても\nおことわり　しなさい。,악어의 식사 초대를 받지 마라.,No aceptes su invitación a cenar.,No aceptes su invitación para cenar.,Não aceite o seu convite para jantar.,Nie przyjmuj jego zaproszenia na kolację.,Geh nicht auf seine Essenseinladung ein.,Не смей приходить к нему на ужин.,Не заходь до нього на вечерю.,千万别接受他发出的晚餐邀请。
ALLIGATOR_ART,"The ,the ,An ,an ,its,it,it","L',l',Un ,un ,de l',à l',,le ,x","L',l',Un ,un ,dell',all',o,il ",,"는,가,를,와,로","El ,el ,Un ,un ,del ,al ,o,el ","El ,el ,Un ,un ,del ,al ,o,el ","O ,o ,Um ,um ,o,seu ,ao ","jego,Aligatora,Aligatorowi,Aligatora,,y,Aligatorze","Der ,der ,Ein ,ein ,sein,den ,ihn,vom,,,Alligator,Alligators,Alligator,Alligator","аллигатор,аллигатора,аллигатору,аллигатора,аллигаторе,,,ён,ся,ет,его","алігатор,алігатора,алігатору,алігатора,алігаторі,ов,в,ий,є,ить,його",",,一个,一个,它的,它,它"
ANTOID_NAME,Antoid,Fourmioïde,Formicoide,アリアリ,개미개미,Hormigoide,Hormigoide,Formigoide,Mrówkoid,Ameisoid,Мураш,Мурахойд,蚁虫
ANTOID_DESC,"They're small, quick and they attack in teams.",Ils sont petits et rapides et ils attaquent en groupe.,Sono piccoli e agili. Attaccano in gruppo.,ちいさくて　はやくて　しゅうだんこうげきをしてくる。,"작지만, 빠르고 다 같이 공격한다.","Son pequeños, rápidos y atacan en grupitos.","Son pequeños, rápidos y atacan en grupo.","São pequenos, rápidos e atacam em grupo.","Są małe, szybkie i atakują w grupach.","Sie sind klein, schnell und greifen in Gruppen an.","Мелкий и шустрый, нападает колониями.",Дрібний та спритний; нападає колоніями.,它们体型小巧，行动迅捷，并且擅长团队作战。
ANTOID_ART,"The ,the ,An ,an ,its,it,it","La ,la ,Une ,une ,de la ,à la ,e,la ,se","Il ,il ,Un ,un ,del ,al ,o,il ",,"는,가,를,와,로","El ,el ,Un ,un ,del ,al ,o,el ","El ,el ,Un ,un ,del ,al ,o,el ","O ,o ,Um ,um ,o,seu ,ao ","jego,Mrówkoida,Mrówkoidowi,Mrówkoida,,y,Mrówkoidzie","Der ,der ,Ein ,ein ,sein,den ,ihn,vom,,,Ameisoid,Ameisoiden,Ameisoiden,Ameisoiden","мураш,мураша,мурашу,мураша,мураше,,,ён,ся,ет,его","мурахойд,мурахойда,мурахойду,мурахойда,мурахойді,ов,в,ий,є,ить,його",",,一个,一个,它的,它,它"
ARMOR_NAME,Armor,Armure,Armatura,カッチュウ,갑주,Armadura,Armadura,Armadura,Zbroja,Rüstung,Доспехи,Обладунки,铠甲
ARMOR_DESC,It would be nice to have armor of your own.,Ça doit être sympa d'avoir sa propre armure.,Non sarebbe male avere un'armatura tutta tua.,こっちも　よろいを　みにつけたいよ。,우리도 갑주가 있으면 좋을 텐데.,Sería bueno tener tu propia armadura.,Estaría bien tener una armadura propia.,Seria muito bom se você tivesse uma armadura.,Byłoby miło samemu mieć zbroję.,Es wäre schön eine eigene Rüstung zu haben.,Хорошо бы иметь собственные доспехи.,Добре було б мати власні обладунки.,要是你自己也有铠甲就好了。
ARMOR_ART,"The ,the ,An ,an ,its,it,it","L',l',Une ,une ,de l',à l',e,la ,se","L',l',Un',un',dell',all',a,la ",,"는,가,를,와,로","La ,la ,Una ,una ,de la ,a la ,a,la ","La ,la ,Una ,una ,de la ,a la ,a,la ","A ,a ,Uma ,uma ,a,sua ,à ","jej,Zbroi,Zbroi,Zbroję,a,a,Zbroi","Die ,die ,Eine ,eine ,ihr,die ,sie,von der,,,Rüstung,Rüstung,Rüstung,Rüstung","доспехи,доспехов,доспехам,доспехи,доспехах,,и,ены,ись,ют,их","обладунки,обладунків,обладункам,обладунки,обладунку,,ли,і,ють,ять,їх",",,一个,一个,它的,它,它"
BAGLADY_NAME,Bag Lady,Ménagère,Signorotta,おばさん,아줌마,Señora Bolsos,Señora Bolsos,Dona Sacoleira,Moher z Torbą,Tütendame,Дама с сумками,Тітка з сумками,提袋女士
BAGLADY_DESC,Her refrigerator-shaped body holds a heart of ice.,Son corps façonné tel un réfrigérateur renferme un cœur de glace.,Quel fisico da frigorifero cela un cuore di ghiaccio.,れいぞうこの　ような　からだつきの\nなかみは　こおりの　ハートだ。,냉장고 같은 몸에 얼음 같은 심장을 지녔다.,Su cuerpo con forma de refrigeradora sostiene un corazón de hielo.,Su cuerpo con forma de nevera sostiene un corazón helado.,Seu corpo de geladeira carrega um coração de gelo.,Ciało w kształcie lodówki skrywające serce z lodu.,Ihr kühlschrankartiger Körper trägt ein Herz aus Eis.,В её холодильникоподобном туловище хранится ледяное сердце.,Її холодильникоподібний тулуб приховує крижане серце.,她那冰箱般的身躯里，藏着一颗冰冷的心。
BAGLADY_ART,"The ,the ,A ,a ,her,she,her","La ,la ,Une ,une ,de la ,à la ,e,la ,se","La ,la ,Una ,una ,della ,alla ,a,la ",,"는,가,를,와,로","La ,la ,Una ,una ,de la ,a la ,a,la ","La ,la ,Una ,una ,de la ,a la ,a,la ","A ,a ,Uma ,uma ,a,sua ,à ","jego,Mohra z Torbą,Mohrowi z Torbą,Mohra z Torbą,,y,Mohrze z Torbą","Die ,die ,Eine ,eine ,ihr,die ,sie,von der,,,Tütendame,Tütendame,Tütendame,Tütendame","дама с сумками,дамы с сумками,даме с сумками,даму с сумками,даме с сумками,,а,ена,ась,ет,её","тітка з сумками,тітки з сумками,тітці з сумками,тітку з сумками,тітці з сумками,,ла,а,є,ить,її",",,一个,一个,她的,她,她"
BARBOT_NAME,Barbot,Barrebot,Barbot,バーボット,바보트,Barbot,Barrabot,Bar-bô,Barbot,Barbot,Прутобот,Стержнебот,酒保机器人
BARBOT_DESC,A malnourished robot?,Un robot sous-alimenté ?,Un robot denutrito?,えいようふりょうの　ロボット？,예의 바른 로봇?,¿Un robot desnutrido?,¿Un robot desnutrido?,Um robô desnutrido?,Niedożywiony robot?,Ein unterernährter Bot?,Тощий робот?,Голодуючий робот?,一个营养不良的机器人？
BARBOT_ART,"The ,the ,A ,a ,its,it,it","Le ,le ,Un ,un ,du ,au ,,le ,x","Il ,il ,Un ,un ,del ,al ,o,il ",,"는,가,를,와,로","El ,el ,Un ,un ,del ,al ,o,el ","El ,el ,Un ,un ,del ,al ,o,el ","O ,o ,Um ,um ,o,seu ,ao ","jego,Barbota,Barbotowi,Barbota,,y,Barbocie","Der ,der ,Ein ,ein ,sein,den ,ihn,vom,,,Barbot,Barbots,Barbot,Barbot","прутобот,прутобота,прутоботу,прутобота,прутоботе,,,ён,ся,ет,его","стержнебот,стержнебота,стержнеботу,стержнебота,стержнеботі,ов,в,ий,є,ить,його",",,一个,一个,它的,它,它"
BBGANGSTER_NAME,BB Gangster,Membre du BB Gang,Gangster BB,ブラブラだん,BB단,BB gángster,BB gángster,BB Gângster,Gangster BB,BB-Gangster,Гангстер-чернокров,Гангстер-чорнокров,黑帮BB党
BBGANGSTER_DESC,"A real bad apple, stay out of his way.",Il suffirait de vaincre leur chef pour tous les remettre à leur place.,Stai alla larga da questa mela marcia.,ふりょうの　リーダーを　たおせば\nかれらは　まともに　なるだろう。,두목을 쓰러트려야 길을 비켜줄 것이다.,"Una verdadera manzana podrida, mantente fuera de su camino.","Un verdadero liante, mantente fuera de su camino.","Uma péssima influência, fique longe dele.","Prawdziwy kawał drania, nie wchodź mu w drogę.",Ein ganz übler Geselle. Komm ihm nicht in die Quere.,Самый настоящий мерзавец. Держись от него подальше!,Запеклий негідник. Обминай його десятою дорогою.,一个烂透了的坏苹果，最好别挡他的路。
BBGANGSTER_ART,"The ,the ,A ,a ,his,he,him","Le ,le ,Un ,un ,du ,au ,,le ,x","Il ,il ,Un ,un ,del ,al ,o,il ",,"은,이,을,과,으로","El ,el ,Un ,un ,del ,al ,o,el ","El ,el ,Un ,un ,del ,al ,o,el ","O ,o ,Um ,um ,o,seu ,ao ","jego,Gangstera BB,Gangsterowi BB,Gangstera BB,,y,Gangsterze BB","Der ,der ,Ein ,ein ,sein,den ,ihn,vom,,,BB-Gangster,BB-Gangsters,BB-Gangster,BB-Gangster","гангстер-чернокров,гангстера-чернокрова,гангстеру-чернокрову,гангстера-чернокрова,гангстере-чернокрове,,,ён,ся,ет,его","гангстер-чорнокров,гангстера-чорнокрова,гангстеру-чорнокрову,гангстера-чорнокрова,гангстеру-чорнокровці,ов,в,ий,є,ить,його",",,一个,一个,他的,他,他"
BEAR_NAME,Bear,Ours,Orso,くま,곰,Oso,Oso,Urso Pardo,Niedźwiedź,Bär,Медведь,Ведмідь,熊
BEAR_DESC,"Somebody ate his porridge, and he isn't too happy about it!",Quelqu'un a mangé sa bouillie et il n'est pas content du tout ¦,"Qualcuno ha mangiato la sua zuppa, e ora è su tutte le furie!",だれかに　エサを　とられて\nきげんが　そうとう　よくない！,누군가 죽을 먹어버려서 언짢아하고 있다.,"¡Alguien se comió su avena, y no está muy contento!","¡Alguien se comió sus gachas, y no le ha hecho mucha gracia!",Alguém comeu seu mingau e ele não está nem um pouco feliz!,Ktoś zjadł mu owsiankę i wcale mu się to nie podoba!,Jemand hat seinen Brei gegessen und er ist nicht gerade glücklich darüber!,"Кто-то съел его кашу, и он этим недоволен!","Хтось з'їв його кашу, і він не в настрої!",有人偷喝了他的粥，他对此不太高兴！
BEAR_ART,"The ,the ,A ,a ,its,it,it","L',l',Un ,un ,de l',à l',,le ,x","L',l',Un ,un ,dell',all',o,il ",,"은,이,을,과,으로","El ,el ,Un ,un ,del ,al ,o,el ","El ,el ,Un ,un ,del ,al ,o,el ","O ,o ,Um ,um ,o,seu ,ao ","jego,Niedźwiedzia,Niedźwiedziowi,Niedźwiedzia,,y,Niedźwiedziu","Der ,der ,Ein ,ein ,sein,den ,ihn,vom,,,Bär,Bären,Bären,Bären","медведь,медведя,медведю,медведя,медведе,,,ён,ся,ет,его","ведмідь,ведмедя,ведмедю,ведмедя,ведмеді,ов,в,ий,є,ить,його",",,一个,一个,它的,它,它"
BIGFOOT_NAME,Big Foot,Bigfoot,Big Foot,ビッグフット,빅풋,Pie Grande,Pie Grande,Pé-Grande,Wielka Stopa,Bigfoot,Бигфут,Бігфут,大脚怪
BIGFOOT_DESC,Surprised? It really does exist!,Surpris ? Il existe vraiment ¦,Sorpresa! Esiste davvero!,おどろいたか？　じつざいの　かいぶつ　だったのだ！,놀랐는가? 정말 존재한다!,¿Sorprendido? ¡Realmente existe!,¿Te sorprende? ¡Existe de verdad!,Surpreso? Ele existe mesmo!,Zaskoczony? Naprawdę istnieje!,Überrascht? Er existiert wirklich!,"Да-да, он и правда существует!",Здивовані? Він справді існує!,惊讶吗？它真的存在！
BIGFOOT_ART,",,,,its,it,it","Le ,le ,Le ,le ,du ,au ,,le ,x",",,,,di ,a ,o,il ",,"은,이,을,과,으로","El ,el ,Un ,un ,del ,al ,o,el ","El ,el ,Un ,un ,del ,al ,o,el ",",,,,o,seu ,ao ","jej,Wielkiej Stopy,Wielkiej Stopie,Wielką Stopę,a,a,Wielkiej Stopie","Der ,der ,Der ,der ,sein,den ,ihn,vom,,,Bigfoot,Bigfoots,Bigfoot,Bigfoot","бигфут,бигфута,бигфуту,бигфута,бигфуте,,,ён,ся,ет,его","бігфут,бігфута,бігфуту,бігфута,бігфуті,ов,в,ий,є,ить,його",",,,,它的,它,它"
BIGWOODOH_NAME,Big Woodoh,Gros tronchou,Gran Troncone,だいウッドー,대웃드,Gran roble,Gran madero,Madeirão,Duży Drzewiec,Groß-Gehölz,Большое древло,Великий дубодум,巨大木多
BIGWOODOH_DESC,Should you fight or run?,Devriez-vous l'affronter ? Ou devriez-vous le fuir ?,Combattere? O fuggire?,たたかうべきか　にげるべきか？,"싸울 것인가, 도망칠 것인가?",¿Deberías luchar o huir?,¿Deberías luchar o huir?,É melhor lutar ou fugir?,Powinieneś walczyć czy zwiewać?,Solltest du kämpfen oder fliehen?,Драться или бежать?,Битися чи тікати?,你应该战斗还是逃跑？
BIGWOODOH_ART,"The ,the ,A ,a ,its,it,it","Le ,le ,Un ,un ,du ,au ,,le ,x","Il ,il ,Un ,un ,del ,al ,o,il ",,"는,가,를,와,로","El ,el ,Un ,un ,del ,al ,o,el ","El ,el ,Un ,un ,del ,al ,o,el ","O ,o ,Um ,um ,o,seu ,ao ","jego,Dużego Woodoha,Dużemu Woodohowi,Dużego Woodoha,,y,Dużym Woodoh","Das ,das ,Ein ,ein ,sein,das ,es,vom,,,Groß-Gehölz,Groß-Gehölzes,Groß-Gehölz,Groß-Gehölz","большое древло,большого древла,большому древлу,большое древло,большом древле,,о,ено,ось,ет,его","великий дубодум,великого дубодума,великому дубодуму,великого дубодума,великому дубодумі,ов,в,ий,є,ить,його",",,一个,一个,它的,它,它"
BIONICSCORPION_NAME,Bionic Scorpion,Scorpion bionique,Bio-scorpione,バイオサソリ,바이오 전갈,Escorpión biónico,Escorpión biónico,Escorpião Biônico,Bioniczny Skorpion,Bionischer Skorpion,Бионический скорпион,Біонічний скорпіон,仿生蝎子
BIONICSCORPION_DESC,Beware of its poison and stone of origin.,Gare à son poison et à ses attaques pétrifiantes ¦,Attenzione al veleno e alla pietra dell'origine.,どくと　いしに　きをつけろ。,독과 기원의 돌을 조심하라.,Cuidado con su veneno y piedra de origen.,Ten cuidado con su veneno y piedra de origen.,Cuidado com seu veneno e sua pedra da origem.,Uważaj na jego truciznę i kamień źródła.,Vorsicht vor seinem Gift und seiner Stein-Materie.,Берегись его отравляющих и окаменяющих атак!,"Бережись! Він може отруїти тебе, або перетворити на камінь!",务必当心它的剧毒以及起源石化。
BIONICSCORPION_ART,"The ,the ,A ,a ,its,it,it","Le ,le ,Un ,un ,du ,au ,,le ,x","Il ,il ,Un ,un ,del ,al ,o,il ",,"은,이,을,과,로","El ,el ,Un ,un ,del ,al ,o,el ","El ,el ,Un ,un ,del ,al ,o,el ","O ,o ,Um ,um ,o,seu ,ao ","jego,Bionicznego Skorpiona,Bionicznemu Skorpionowi,Bionicznego Skorpiona,,y,Bionicznym Skorpionie","Der ,der ,Ein ,ein ,sein,den ,ihn,vom,,,Bionische Skorpion,Bionischen Skorpions,Bionischen Skorpion,Bionischen Skorpion","бионический скорпион,бионического скорпиона,бионическому скорпиону,бионического скорпиона,бионическом скорпионе,,,ён,ся,ет,его","біонічний скорпіон,біонічного скорпіона,біонічному скорпіону,біонічного скорпіона,біонічному скорпіоні,ов,в,ий,є,ить,його",",,一个,一个,它的,它,它"
BIOPEDE_NAME,Biopede,Mille-pattes bionique,Bio-millepiedi,バイオムカデ,바이오 지네,Ciempiés biónico,Ciempiés biónico,Lacraia Biônica,Bionoga,Bionischer Tausendfüßer,Бионожка,Біоніжка,生化蜈蚣
BIOPEDE_DESC,Its strong poison was developed in a laboratory.,Son puissant poison a été mis au point en laboratoire.,Il suo potente veleno è stato realizzato in laboratorio.,けんきゅうじょで　きょうりょくな　どくを　さずけられた\nらしい。,실험실에서 개발된 강한 독을 지녔다.,Su fuerte veneno fue desarrollado en un laboratorio.,Su fuerte veneno fue desarrollado en un laboratorio.,Seu veneno forte foi feito em laboratório.,Jej silna trucizna została wyprodukowana w laboratorium.,Sein starkes Gift wurde in einem Labor entwickelt.,Её яд был разработан в лаборатории.,Її потужна отрута була розроблена в лабораторії.,它的剧毒是在实验室里研制的。
BIOPEDE_ART,"The ,the ,A ,a ,its,it,it","Le ,le ,Un ,un ,du ,au ,,le ,x","Il ,il ,Un ,un ,del ,al ,o,il ",,"는,가,를,와,로","El ,el ,Un ,un ,del ,al ,o,el ","El ,el ,Un ,un ,del ,al ,o,el ","A ,a ,Uma ,uma ,a,sua ,à ","jej,Bionogi,Bionodze,Bionogę,a,a,Bionodze","Der ,der ,Ein ,ein ,sein,den ,ihn,vom,,,Bionische Tausendfüßer,Bionischen Tausendfüßers,Bionischen Tausendfüßer,Bionischen Tausendfüßer","бионожка,бионожки,бионожке,бионожку,бионожке,,а,ена,ась,ет,её","біоніжка,біоніжки,біоніжці,біоніжку,біоніжці,,ла,а,є,ить,її",",,一个,一个,它的,它,它"
BISON_NAME,Bison,Bison,Bisonte,バイソン,들소,Bisonte,Bisonte,Bisão,Żubr,Bison,Бизон,Бізон,野牛
BISON_DESC,A face only a mother could love.,"La seule à ne pas avoir peur du visage de cette bête, c'est sa mère.",Ogni bisontone è bell'a mamma soja.,ははおや　いがいの　だれもが　おそれる　つらがまえ。,오직 엄마만 사랑할 수 있는 얼굴을 하고 있다.,Una cara que sólo una madre podría amar.,Un rostro que solo una madre podría amar.,Um rosto que só uma mãe poderia amar.,"Twarz, którą mogłaby pokochać tylko matka.","Ein Gesicht, das nur seine Mutter lieben könnte.",Только собственная мать может любить такую морду.,Таке обличчя тільки власна мать покохає.,这张脸也许只有它妈妈才爱得起来。
BISON_ART,"The ,the ,A ,a ,its,it,it","Le ,le ,Un ,un ,du ,au ,,le ,x","Il ,il ,Un ,un ,del ,al ,o,il ",,"는,가,를,와,로","El ,el ,Un ,un ,del ,al ,o,el ","El ,el ,Un ,un ,del ,al ,o,el ","O ,o ,Um ,um ,o,seu ,ao ","jego,Żubra,Żubrowi,Żubra,,y,Żubrze","Das ,das ,Ein ,ein ,sein,das ,es,vom,,,Bison,Bisons,Bison,Bison","бизон,бизона,бизону,бизона,бизоне,,,ён,ся,ет,его","бізон,бізона,бізону,бізона,бізоні,ов,в,ий,є,ить,його",",,一个,一个,它的,它,它"
BLUESTARMAN_NAME,Blue Starman,Starman bleu,Starman blu,ブルースターマン,블루 스타맨,Starman azul,Starman azul,Starman Azul,Niebieski Starman,Blauer Starman,Синий стармен,Синій стармен,蓝色星人
BLUESTARMAN_DESC,His sole purpose is to keep passengers from passing through the cave.,Sa mission est d'empêcher quiconque de traverser la grotte...,Il suo scopo è impedire a chiunque di attraversare la caverna.,かれの　しめいは　だれにも\nほらあなを　ぬけさせないことだ。,그의 유일한 목적은 누구도 동굴을 지나가지 못하게\n막는 것이다.,Su único propósito es evitar que la gente atraviese la cueva.,Su único propósito es evitar que la gente cruce la cueva.,Seu único propósito é evitar que pessoas passem pela caverna.,Jego jedynym celem jest powstrzymanie pasażerów przechodzących przez jaskinię.,Sein einziger Zweck ist es Leute am Durchgehen dieser Höhle zu hindern.,Его единственная миссия — не пропускать никого через пещеру.,Його єдина місія — не пустити нікого через печеру.,他的唯一职责就是阻止其他人通过这个洞穴。
BLUESTARMAN_ART,"The ,the ,A ,a ,his,he,him","Le ,le ,Un ,un ,du ,au ,,le ,x","Lo ,lo ,Uno ,uno ,dello ,allo ,o,il ",,"은,이,을,과,으로","El ,el ,Un ,un ,del ,al ,o,el ","El ,el ,Un ,un ,del ,al ,o,el ","O ,o ,Um ,um ,o,seu ,ao ","jego,Niebieskiego Starmana,Niebieskiemu Starmanowi,Niebieskiego Starmana,,y,Niebieskim Starmanie","Der ,der ,Ein ,ein ,sein,den ,ihn,vom,,,Blaue Starman,Blauen Starmans,Blauen Starman,Blauen Starman","синий стармен,синего стармена,синему стармену,синего стармена,синем стармене,,,ён,ся,ет,его","синій стармен,синього стармена,синьому стармену,синього стармена,синьому стармені,ов,в,ий,є,ить,його",",,一个,一个,他的,他,他"
BOMBER_NAME,Bomber,Explosœuf,Bomber,ボマー,폭탄마,Bombardero,Bombardero,Bombardeiro,Bombowiec,Bomber,Подрывник,Підривник,轰炸机
BOMBER_DESC,"Shaped like an egg, but a little tougher.","Il ressemble à un œuf, mais en plus dur.","Somiglia a un uovo, ma, fidati, è molto più duro.",たまごみたいだが　もっと　かたいぞ。,"달걀처럼 생겼지만, 깡패이다.","Con forma de huevo, pero un poco más duro.","Con forma de huevo, pero un poco más duro.","Tem a forma de um ovo, porém mais resistente.","Kształtem przypomina jajo, ale jest nieco wytrzymalszy.","Geformt wie ein Ei, aber etwas härter.","По форме — яйцо, а на деле чуть крепче.","Виглядає, як яйце, але насправді міцніше.",形状像鸡蛋，不过稍微硬一些。
BOMBER_ART,"The ,the ,A ,a ,its,it,it","L',l',Un ,un ,de l',à l',,le ,x","Il ,il ,Un ,un ,del ,al ,o,il ",,"는,가,를,와,로","El ,el ,Un ,un ,del ,al ,o,el ","El ,el ,Un ,un ,del ,al ,o,el ","A ,a ,Uma ,uma ,a,sua ,à ","jego,Bombowca,Bombowcowi,Bombowca,,y,Bombowcu","Der ,der ,Ein ,ein ,sein,den ,ihn,vom,,,Bomber,Bombers,Bomber,Bomber","подрывник,подрывника,подрывнику,подрывника,подрывнике,,,ён,ся,ет,его","підривник,підривника,підривнику,підривника,підривнику,ов,в,ий,є,ить,його",",,一个,一个,它的,它,它"
BUFFALO_NAME,Buffalo,Buffle,Bufalo,バッファロー,버팔로,Búfalo,Búfalo,Búfalo,Bawół,Büffel,Буйвол,Буйвол,水牛
BUFFALO_DESC,Its father won't even look at its face.,Même le père de cette bête a peur de son visage.,Suo padre non lo guarda neanche in faccia.,じつの　ちちおや　でさえ　おそれる　つらがまえ。,아빠조차 쳐다보지 못할 얼굴을 하고 있다.,Su padre ni siquiera le mira a la cara.,Ni siquiera su padre lo mira a los ojos.,Nem o próprio pai olha pra cara dele.,Jego ojciec nawet nie spojrzy mu w twarz.,Sein Vater will ihm nicht mal ins Gesicht schauen.,На его морду даже отец не взглянет.,Навіть його тато не подивиться на таку морду.,一张连它爸爸都不想看到的脸。
BUFFALO_ART,"The ,the ,A ,a ,its,it,it","Le ,le ,Un ,un ,du ,au ,,le ,x","Il ,il ,Un ,un ,del ,al ,o,il ",,"는,가,를,와,로","El ,el ,Un ,un ,del ,al ,o,el ","El ,el ,Un ,un ,del ,al ,o,el ","O ,o ,Um ,um ,o,seu ,ao ","jego,Bawoła,Bawołowi,Bawoła,,y,Bawole","Der ,der ,Ein ,ein ,sein,den ,ihn,vom,,,Büffel,Büffels,Büffel,Büffel","буйвол,буйвола,буйволу,буйвола,буйволе,,,ён,ся,ет,его","буйвол,буйвола,буйволу,буйвола,буйволі,ов,в,ий,є,ить,його",",,一个,一个,它的,它,它"
CAPYBARA_NAME,Capybara,Capybara,Capibara,カピバラ,카피바라,Capibara,Capibara,Capivara,Kapibara,Wasserschwein,Капибара,Капібара,水豚
CAPYBARA_DESC,It appears to be a giant hamster.,Il ressemble à un hamster géant.,Sembra un criceto gigante.,ぼんやりな　ひとみは　なにを　おもうのか。,거대한 햄스터가 나타났다.,Parece ser un hámster gigante.,Parece un hámster gigante.,Parece um hamster gigante.,Wygląda jak ogromny chomik.,Es scheint ein riesiger Hamster zu sein.,Что-то вроде огромного хомяка.,"Схоже, якийсь величезний хом'як.",看起来像一只超大号的仓鼠。
CAPYBARA_ART,"The ,the ,A ,a ,its,it,it","Le ,le ,Un ,un ,du ,au ,,le ,x","Il ,il ,Un ,un ,del ,al ,o,il ",,"는,가,를,와,로","El ,el ,Un ,un ,del ,al ,o,el ","El ,el ,Un ,un ,del ,al ,o,el ","A ,a ,Uma ,uma ,a,sua ,à ","jej,Kapibary,Kapibarze,Kapibarę,a,a,Kapibarze","Das ,das ,Ein ,ein ,sein,das ,es,vom,,,Wasserschwein,Wasserschweins,Wasserschwein,Wasserschwein","капибара,капибары,капибаре,капибару,капибара,,а,ена,ась,ет,её","капібара,капібари,капібарі,капібару,капібатрі,,ла,а,є,ить,її",",,一个,一个,它的,它,它"
CENTIPEDE_NAME,Centipede,Mille-pattes,Centopiedi,ムカデ,지네,Ciempiés,Ciempiés,Centopéia,Stonoga,Tausendfüßer,Многоножка,Сороконіжка,蜈蚣
CENTIPEDE_DESC,Exterminate with insecticide.,Réglez-lui son compte avec de l'insecticide.,Da eliminare con l'insetticida.,さっちゅうざいで　やっつけろー。,살충제로 박멸시키자.,Exterminar con insecticida.,Extermínalo con insecticida.,Extermine com inseticida.,Wytęp środkiem owadobójczym.,Mit Insektiziden vernichten.,Уничтожь её аэрозолем.,Знищте її інсектицидом.,喷洒杀虫剂来消灭它。
CENTIPEDE_ART,"The ,the ,A ,a ,its,it,it","Le ,le ,Un ,un ,du ,au ,,le ,x","Il ,il ,Un ,un ,del ,al ,o,il ",,"는,가,를,와,로","El ,el ,Un ,un ,del ,al ,o,el ","El ,el ,Un ,un ,del ,al ,o,el ","A ,a ,Uma ,uma ,a,sua ,à ","jej,Stonogi,Stonodze,Stonogę,a,a,Stonodze","Der ,der ,Ein ,ein ,sein,den ,ihn,vom,,,Tausendfüßer,Tausendfüßers,Tausendfüßer,Tausendfüßer","многоножка,многоножки,многоножке,многоножку,многоножке,,а,ена,ась,ет,её","сороконіжка,сороконіжки,сороконіжці,сороконіжку,сороконіжці,,ла,а,є,ить,її",",,一个,一个,它的,它,它"
CEREBRUM_NAME,Cerebrum,Cerebrum,Cerebrum,ブレインガ,브레인거,Cerebrum,Cerébrum,Cerebrum,Mózgonogi,Wanderhirn,Мозг на ножках,Мозочок,巨脑怪
CEREBRUM_DESC,Its IQ is probably over 200.,Son QI dépasse probablement les 200.,Avrà un QI oltre 200.,じゃあくな　じっけんが　うみだした\nうごきまわる　のうみそ。,IQ는 아마 200을 넘을 것이다.,Su IQ probablemente supere a los 200.,Tiene un CI de probablemente más de 200.,Seu QI provavelmente é de mais de 200.,Ma pewnie ponad 200 IQ.,Sein IQ ist wahrscheinlich höher als 200.,"У него IQ, наверное, выше 200.","Його IQ, ймвовірно, далеко за 200.",它的智商可能超过200。
CEREBRUM_ART,"The ,the ,A ,a ,its,it,it","Le ,le ,Un ,un ,du ,au ,,le ,x","Il ,il ,Un ,un ,del ,al ,o,il ",,"는,가,를,와,로","El ,el ,Un ,un ,del ,al ,o,el ","El ,el ,Un ,un ,del ,al ,o,el ","O ,o ,Um ,um ,o,seu ,ao ","jego,Mózgonogiego,Mózgonogiemu,Mózgonogiego,,y,Mózgonogim","Das ,das ,Ein ,ein ,sein,das ,es,vom,,,Wanderhirn,Wanderhirns,Wanderhirn,Wanderhirn","мозг на ножках,мозга на ножках,мозгу на ножках,мозг на ножках,мозге на ножках,,,ён,ся,ет,его","мозочок,мозочка,мозочку,мозочок,мозочку,ов,в,ий,є,ить,його",",,一个,一个,它的,它,它"
CRIMINALCATERPILLAR_NAME,Criminal Caterpillar,Chenille meurtrière,Bruco criminale,おたずねものムシ,지명수배벌레,Oruga criminal,Oruga criminal,Lagarta Peralta,Przestępcza Gąsienica,Kriminelle Raupe,Гусеница-преступница,Злочинна сороконіжка,罪犯毛毛虫
CRIMINALCATERPILLAR_DESC,Defeating it will yield a huge amount of experience points.,"Une fois vaincue, cette créature rapporte une énorme quantité de points d'expérience.",Se lo sconfiggi otterrai moltissimi punti esperienza.,たおすと　たいりょうの　けいけんちが　てにはいるだろう。,쓰러트리면 어마어마한 EXP를 얻을 수 있을 것이다.,Derrotarla generará una gran cantidad de puntos de experiencia.,Derrotarla te dará muchísimos puntos de experiencia.,Derrotá-la garante uma grande quantidade de pontos de experiência.,Pokonanie jej przyniesie ogromną ilość punktów doświadczenia.,Sie ist eine gigantische Menge an Erfahrungspunkten wert.,Победа над ней принесёт большое количество очков опыта.,Перемога над нею принесе велику кількість очок досвіду.,击败它获得海量经验值！
CRIMINALCATERPILLAR_ART,"The ,the ,A ,a ,its,it,it","La ,la ,Une ,une ,de la ,à la ,e,la ,se","Il ,il ,Un ,un ,del ,al ,o,il ",,"는,가,를,와,로","La ,la ,Una ,una ,de la ,a la ,a,la ","La ,la ,Una ,una ,de la ,a la ,a,la ","A ,a ,Uma ,uma ,a,sua ,à ","jej,Przestępczej Gąsienicy,Przestępczej Gąsienicy,Przestępczą Gąsienicę,a,a,Przestępczej Gąsienicy","Die ,die ,Eine ,eine ,ihr,die ,sie,von der,,,Kriminelle Raupe,Kriminellen Raupe,Kriminellen Raupe,Kriminelle Raupe","гусеница-преступница,гусеницы-преступницы,гусенице-преступнице,гусеницу-преступницу,гусенице-преступнице,,а,ена,ась,ет,её","злочинна сороконіжка,злочинної сороконіжки,злочинній сороконіжці,злочинну сороконіжку,злочинній сороконіжці,,ла,а,є,ить,її",",,一个,一个,它的,它,它"
CROCODILE_NAME,Crocodile,Crocodile,Coccodrillo tenace,つよいワニ,강한 악어,Cocodrilo,Cocodrilo,Crocodilo,Krokodyl,Zähes Krokodil,Крокодил,Крокодил,鳄鱼
CROCODILE_DESC,"If he smiles, don't smile back.","Si ce crocodile vous sourit, ne lui souriez pas en retour.",Non ricambiare il suo sorriso.,ワニに　わらいかえしたり　するなよ。,"악어가 웃어줘도, 웃음을 보이지 말아라.","Si él te sonríe, no le devuelvas la sonrisa.","Si te sonríe, no le sonrías de vuelta.","Se ele sorrir, não sorria de volta.","Jeśli się szczerzy, nie odwzajemniaj uśmiechu.","Wenn es lächelt, lache nicht zurück.",Не улыбайся ему в ответ.,Не посміхайтеся йому у відповідь.,如果他朝你这边微笑，你可别给他回应。
CROCODILE_ART,"The ,the ,A ,a ,its,it,it","Le ,le ,Un ,un ,du ,au ,,le ,x","Il ,il ,Un ,un ,del ,al ,o,il ",,"는,가,를,와,로","El ,el ,Un ,un ,del ,al ,o,el ","El ,el ,Un ,un ,del ,al ,o,el ","O ,o ,Um ,um ,o,seu ,ao ","jego,Krokodyla,Krokodylowi,Krokodyla,,y,Krokodylu","Das ,das ,Ein ,ein ,sein,das ,es,vom,,,Zähe Krokodil,Zähen Krokodils,Zähen Krokodil,Zähe Krokodil","крокодил,крокодила,крокодилу,крокодила,крокодиле,,,ён,ся,ет,его","крокодил,крокодила,крокодилу,крокодила,крокодилі,ов,в,ий,є,ить,його",",,一个,一个,它的,它,它"
CROW_NAME,Crow,Corbeau,Corvo,カラス,까마귀,Cuervo,Cuervo,Corvo,Kruk,Krähe,Ворона,Ворона,乌鸦
CROW_DESC,"Watch your wallet and count your change, he's a thief.",Surveillez vos objets ¦ C'est un voleur...,"Attento al portafogli e conta gli spiccioli, questo qui è un ladro.",もちものは　だいじょうぶ？　こいつは　どろぼうなのだ。,"지갑 속 잔돈은 무사한지 꼭 확인하자, 이 도둑놈!","Cuidado con tu billetera y cuenta tu cambio, es un ladrón.","Vigila tu cartera, está hecho todo un ladrón.","Proteja a carteira e conte o seu dinheiro, ele é um ladrão.","Pilnuj portfela i licz drobne, dobry z niego rabuś.",Pass auf deine Brieftasche auf und zähle dein Kleingeld nach. Sie ist ein Dieb.,"Следи за кошельком, ведь она — воровка.","Стеж за гаманцем, ця птаха — клептоман.",看好你的钱包，数好你的零钱，他可是个盗贼。
CROW_ART,"The ,the ,A ,a ,its,it,it","Le ,le ,Un ,un ,du ,au ,,le ,x","Il ,il ,Un ,un ,del ,al ,o,il ",,"는,가,를,와,로","El ,el ,Un ,un ,del ,al ,o,el ","El ,el ,Un ,un ,del ,al ,o,el ","O ,o ,Um ,um ,o,seu ,ao ","jego,Kruka,Krukowi,Kruka,,y,Kruku","Die ,die ,Eine ,eine ,ihr,die ,sie,von der,,,Krähe,Krähe,Krähe,Krähe","ворона,вороны,вороне,ворону,вороне,,а,ена,ась,ет,её","ворона,ворони,вороні,ворону,вороні,,ла,а,є,ить,її",",,一个,一个,它的,它,它"
DADSEYES_NAME,Dadseyes,Papa zieux,Papà occhi,パパビューン,아빠 뷴,Papá Ojos,Ojos Papá,Olhospai,Ojcze Oczy,Papasblick,Отцовские глазища,Таточі,眼珠爸爸
DADSEYES_DESC,"Watch your step, Dadseyes are everywhere.",Ne baissez pas votre garde. Ce papa vous a à l'œil...,"Fai attenzione, il Papà occhi vede tutto.",きをぬくな。\nパパは　どこでも　みているぞ。,이 녀석은 어디에든 있으니 조심.,"Cuida tus pasos, Papá Ojos está en todas partes.","Anda con cautela, los Ojos Papá están en todos lados.","Tome cuidado, Olhospai está por toda parte.","Patrz gdzie leziesz, ojcze oczy są wszędzie.","Pass auf wo du hintrittst, Papasblick ist überall.","Смотри, куда идёшь — они повсюду!","Дивись, куди ідеш! Вони всюди!",注意你的脚步，眼珠爸爸无处不在。
DADSEYES_ART,"The ,the ,A ,a ,its,it,it","Le ,le ,Un ,un ,du ,au ,,le ,x","Il ,il ,Un ,un ,del ,al ,o,il ",,"은,이,을,과,으로",",,,,de ,a ,o,el ",",,,,de ,a ,o,el ","O ,o ,Um ,um ,o,seu ,ao ","jego,Ojczych Oczu,Ojczym Oczom,Ojcze Oczy,,y,Ojczych Oczach",",,,,sein,,ihn,von,,,Papasblick,Papasblicks,Papasblick,Papasblick","отцовские глазища,отцовских глазищ,отцовским глазищам,отцовские глазища,отцовских глазищах,,и,ены,ись,ют,их","таточі,таточей,таточам,таточі,таточах,,ли,і,ють,ять,їх",",,一个,一个,它的,它,它"
DOLL_NAME,Doll,Poupée,Bambola,にんぎょう,인형,Muñeca,Muñeca,Boneca,Lalka,Puppe,Кукла,Лялька,洋娃娃
DOLL_DESC,It stares back at you.,"Elle aussi, elle vous regarde...",Ricambia il tuo sguardo.,はいごから　きみを　にらんでいる。,등 뒤에서 날 노려보고 있다.,Te mira fijamente.,Te mira fijamente.,Ela está olhando para você.,Odwzajemnia twe spojrzenie.,Sie starrt dich an.,Она уставилась на тебя.,Вона дивиться на тебе.,它的眼睛直勾勾地盯着你。
DOLL_ART,"The ,the ,A ,a ,its,it,it","La ,la ,Une ,une ,de la ,à la ,e,la ,se","La ,la ,Una ,una ,della ,alla ,a,la ",,"은,이,을,과,으로","La ,la ,Una ,una ,de la ,a la ,a,la ","La ,la ,Una ,una ,de la ,a la ,a,la ","A ,a ,Uma ,uma ,a,sua ,à ","jej,Lalki,Lalce,Lalkę,a,a,Lalce","Die ,die ,Eine ,eine ,ihr,die ,sie,von der,,,Puppe,Puppe,Puppe,Puppe","кукла,куклы,кукле,куклу,кукле,,а,ена,ась,ет,её","лялька,ляльки,ляльці,ляльку,ляльці,,ла,а,є,ить,її",",,一个,一个,它的,它,它"
DRAGON_NAME,Dragon,Dragon,Drago,ドラゴン,드래곤,Dragón,Dragón,Dragão,Smok,Drache,Дракон,Дракон,龙
DRAGON_DESC,It seems to have an important secret.,Il semble garder un secret d'une grande importance.,Sembra nascondere un segreto importante.,とても　じゅうような　ひみつを　にぎっているようだ。,중요한 비밀을 가지고 있는 듯하다.,Parece tener un secreto importante.,Parece guardar un importante secreto.,Parece ter um segredo importante.,Wydaje się strzec ważnego sekretu.,Er scheint ein wichtiges Geheimnis zu haben.,"Похоже, он хранит важный секрет.","Здається, він зберігає важливий секрет.",它似乎埋藏着一个重要的秘密。
DRAGON_ART,"The ,the ,The ,the ,its,it,it","Le ,le ,Le ,le ,du ,au ,,le ,x","Il ,il ,Il ,il ,del ,al ,o,il ",,"은,이,을,과,으로","El ,el ,El ,el ,del ,al ,o,el ","El ,el ,El ,el ,del ,al ,o,el ","O ,o ,O ,o ,o,seu ,ao ","jego,Smoka,Smokowi,Smoka,,y,Smoku","Der ,der ,Der ,der ,sein,den ,ihn,vom,,,Drache,Drachen,Drachen,Drachen","дракон,дракона,дракону,дракона,драконе,,,ён,ся,ет,его","дракон,дракона,дракону,дракона,драконі,ов,в,ий,є,ить,його",",,,,它的,它,它"
DRDISTORTO_NAME,Dr. Distorto,Dʳ Distorto,Dr. Distorto,ゆがみはかせ,디스토르토 박사,Dr. Distorto,Dr. Distorto,Dr. Distorto,Dr Distorto,Dr. Carigali,Доктор Деформо,Доктор Деформо,扭曲特博士
DRDISTORTO_DESC,He'll just keep calling backup to fight for him!,Il ne va pas s'arrêter d'appeler des renforts ¦,Continua a chiamare rinforzi che combattano al suo posto!,つぎつぎと　なかまを　よんでくる。,승리를 위해 계속해서 지원팀을 부르려 한다!,¡Seguirá llamando refuerzos para que luchen en su lugar!,¡No dejará de pedir refuerzos para que luchen con él!,Ele só vai chamar reforços para lutarem por ele!,Będzie nieustannie wyręczał się pomocnikami!,Er ruft ständig nach Verstärkung für ihn!,Он постоянно вызывает подкрепление!,Він постійно викликає підкріплення!,他只会一直喊援兵！
DRDISTORTO_ART,",,,,his,he,him","Le ,le ,Le ,le ,du ,au ,,le ,x","Il ,il ,Un ,un ,del ,al ,o,il ",,"는,가,를,와,로","El ,el ,El ,el ,del ,al ,o,el ","El ,el ,El ,el ,del ,al ,o,el ",",,,,o,seu ,ao ","jego,Dr Distorto,Dr Distorto,Dr Distorto,,y,Dr Distorto",",,,,sein,,ihn,von,,,Dr. Carigali,Dr. Carigalis,Dr. Carigali,Dr. Carigali","доктор Деформо,доктора Деформо,доктору Деформо,доктора Деформо,докторе Деформо,,,ён,ся,ет,его","доктор Деформо,доктора Деформо,доктору Деформо,доктора Деформо,докторі Деформо,ов,в,ий,є,ить,його",",,,,他的,他,他"
DUSTBALL_NAME,Dust Ball,Esprit poussiéreux,Palla di polvere,ダストゴースト,먼지 고스트,Pelusa,Pelusa,Bola de Poeira,Kula Kurzu,Staubball,Пыльтергейст,Пиляка,尘球
DUSTBALL_DESC,AHH-choooo!,Aaatchoum ¦¦,Ecciùuuu!,はーーーっくしょん！！,아~~~츄!,¡AHH-choooo!,¡AHH-choooo!,AAATCHIM!,AAA-psik!,HAA-tschiiii!,А-А-А-пчхи-и-и!,А-А-А-пчхі-і-і!,阿——嚏！
DUSTBALL_ART,"The ,the ,A ,a ,its,it,it","L',l',Un ,un ,de l',à l',,le ,x","La ,la ,Una ,una ,della ,alla ,a,la ",,"는,가,를,와,로","La ,la ,Una ,una ,de la ,a la ,a,la ","La ,la ,Una ,una ,de la ,a la ,a,la ","A ,a ,Uma ,uma ,a,sua ,à ","jej,Kuli Kurzu,Kuli Kurzu,Kulę Kurzu,a,a,Kuli Kurzu","Der ,der ,Ein ,ein ,sein,den ,ihn,vom,,,Staubball,Staubballs,Staubball,Staubball","пыльтергейст,пыльтергейста,пыльтергейсту,пыльтергейста,пыльтергейсте,,,ён,ся,ет,его","пиляка,пиляки,пиляці,пилаку,пиляці,ов,в,ий,є,ить,його",",,一个,一个,它的,它,它"
EAGLE_NAME,Eagle,Aigle,Aquila,イーグル,독수리,Águila,Águila,Águia,Orzeł,Adler,Орёл,Орел,雄鹰
EAGLE_DESC,Its quickness is the source for its pride.,Un animal aussi rapide que l'éclair.,È fiera della sua velocità nei movimenti.,すばやさが　こいつの　ごじまん。,저 날렵함이 저 독수리의 유일한 자랑거리다.,Su rapidez es la fuente de su orgullo.,Su rapidez es la fuente de su orgullo.,Sua agilidade é o seu orgulho.,Jego szybkość jest źródłem jego dumy.,Seine Schnelligkeit ist der Quell seines Stolzes.,Его скорость — его гордость.,Дуже пишається своєю швидкістю.,速度是它自豪的来源。
EAGLE_ART,"The ,the ,An ,an ,its,it,it","L',l',Un ,un ,de l',à l',,le ,x","L',l',Un',un',dell',all',a,la ",,"는,가,를,와,로","El ,el ,Un ,un ,del ,al ,o,el ","El ,el ,Un ,un ,del ,al ,o,el ","A ,a ,Uma ,uma ,a,sua ,à ","jego,Orła,Orłowi,Orła,,y,Orle","Der ,der ,Ein ,ein ,sein,den ,ihn,vom,,,Adler,Adlers,Adler,Adler","орёл,орла,орлу,орла,орле,,,ён,ся,ет,его","орел,орла,орлу,орла,орлі,ов,в,ий,є,ить,його",",,一个,一个,它的,它,它"
ELDERBATTY_NAME,Elder Batty,Batou l'ancien,Strello senior,こうもりさま,박쥐님,Lord Murchiflado,Lord Murchiflado,Morceguinho Ancião,Starszy Nietoperek,Fledi-Ältester,Мышкинс-старожил,Стріляний Кажанчик,蝙蝠长老
ELDERBATTY_DESC,Beware of its stone of origin.,Attention à ne pas vous faire pétrifier...,Attenzione alla sua pietra dell'origine.,こうもりさんに　あごで　つかわれている。\nいしのもとを　つかってくるぞ！,기원의 돌을 조심해라.,Cuidado con su piedra de origen.,Ten cuidado con su piedra de origen.,Cuidado com a sua pedra da origem.,Uważaj na jego kamień źródła.,Vorsicht vor seiner Stein-Materie.,Берегись его окаменяющих атак!,"Дивись, щоб не перетворив тебе на камінь!",务必当心它的起源石化。
ELDERBATTY_ART,"The ,the ,An ,an ,its,it,it",",,,,de ,à ,,le ,x","Lo ,lo ,Uno ,uno ,dello ,allo ,o,il ",,"은,이,을,과,으로","El ,el ,Un ,un ,del ,al ,o,el ","El ,el ,Un ,un ,del ,al ,o,el ","O ,o ,Um ,um ,o,seu ,ao ","jego,Starszego Nietoperka,Starszemu Nietoperkowi,Starszego Nietoperka,,y,Starszym Nietoperku","Der ,der ,Ein ,ein ,sein,den ,ihn,vom,,,Fledi-Ältester,Fledi-Ältesten,Fledi-Ältesten,Fledi-Ältesten","Мышкинс-старожил,Мышкинса-старожила,Мышкинсу-старожилу,Мышкинса-старожила,Мышкинсе-старожиле,,,ён,ся,ет,его","стріляний Кажанчик,стріляного Кажанчика,стріляному Кажанчику,стріляного Кажанчика,стріляному Кажанчику,ов,в,ий,є,ить,його",",,一个,一个,它的,它,它"
ELDERMOOK_NAME,Elder Mook,Mook senior,Mook senior,ドムーク,도무크,Lord Mook,Lord Mook,Mook Ancião,Starszy Mook,Mook-Ältester,Мук-старший,Тертий мук,穆克长老
ELDERMOOK_DESC,"Not only will it attack using PSI, it is a thief!","Il ne va pas se contenter d'utiliser la PSI, il va aussi vous voler vos affaires ¦","Non solo attacca con lo PSI, ma è anche un ladro!",PSIを　つかうだけではなく　どろぼうも　するぞ！,PSI 공격을 쓸 수 있을 뿐만 아니라 아이템까지 훔친다!,"¡No sólo atacará usando PSI, sino que es un ladrón!","¡No solo te atacará usando PSI, sino que también es un ladrón!","Além de te atacar com PSI, ele é um ladrão!","Nie dość, że jest z niego użytkownik PSI, to na dodatek kleptoman!","Nicht greift er nur mit PSI an, auch ist er ein Dieb!","Он не только использует психоатаки, но ещё может что-то своровать.","Не лише майстер психокінезу, а ще й крадій!",它不仅会使用PSI攻击，并且还是一个盗贼！
ELDERMOOK_ART,"The ,the ,An ,an ,its,it,it","Le ,le ,Un ,un ,du ,au ,,le ,x","Il ,il ,Un ,un ,del ,al ,o,il ",,"는,가,를,와,로","El ,el ,Un ,un ,del ,al ,o,el ","El ,el ,Un ,un ,del ,al ,o,el ","O ,o ,Um ,um ,o,seu ,ao ","jego,Starszego Mooka,Starszemu Mookowi,Starszego Mooka,,y,Starszym Mooku","Der ,der ,Ein ,ein ,sein,den ,ihn,vom,,,Mook-Ältester,Mook-Ältesten,Mook-Ältesten,Mook-Ältesten","мук-старший,мука-старшего,муку-старшему,мука-старшего,муке-старшем,,,ён,ся,ет,его","тертий мук,тертого мука,тертому мукі,тертого мука,тертому муку,ов,в,ий,є,ить,його",",,一个,一个,它的,它,它"
ELEPHANT_NAME,Elephant,Éléphant,Elefante,きょぞう,코끼리,Elefante,Elefante,Elefante,Słoń,Elefant,Слон,Слон,大象
ELEPHANT_DESC,Don't let him stop and unpack his trunk!,"Ne vous y trompez pas, il n'est pas sans défense ¦",Non fargli usare la sua proboscide!,おもい　からだで　のしかかってきたり\nながい　はなで　おそってくるぞ！,코를 휘두르게 내버려두지 마!,¡No dejes que se detenga y nos aplaste a todos!,¡No dejes que se pare y saque la trompa!,Não deixe ele parar e desenrolar a sua tromba!,Nie pozwól mu się zatrzymać i rozprostować trąby!,Lass ihn nicht anhalten und seinen Rüssel rausholen!,Не дай ему остановиться и использовать свой хобот!,Не дай йому зупинитися та витягнути хобот!,千万别让他停下来甩鼻子！
ELEPHANT_ART,"The ,the ,An ,an ,its,it,it","L',l',Un ,un ,de l',à l',,le ,x","L',l',Un ,un ,dell',all',o,il ",,"는,가,를,와,로","El ,el ,Un ,un ,del ,al ,o,el ","El ,el ,Un ,un ,del ,al ,o,el ","O ,o ,Um ,um ,o,seu ,ao ","jego,Słonia,Słoniowi,Słonia,,y,Słoniu","Der ,der ,Ein ,ein ,sein,den ,ihn,vom,,,Elefant,Elefanten,Elefanten,Elefanten","слон,слона,слону,слона,слоне,,,ён,ся,ет,его","слон,слона,слону,слона,слоні,ов,в,ий,є,ить,його",",,一个,一个,它的,它,它"
ENERGYROBOT_NAME,Energy Robot,Robot atomique,Robot energetico,エナジーロボ,에너지 로봇,Robot energético,Robot energético,Robô Energético,Robot Energetyczny,Energieroboter,Энергобот,Енерго-робот,能量机器人
ENERGYROBOT_DESC,A walking fuel supply.,C'est un distributeur de carburant ambulant.,Una fonte di energia ambulante.,あるく　ねんりょうタンクだ。,걸어 다니는 충전기.,Un suministro de combustible ambulante.,Un suministro de combustible andante.,Uma bomba de combustível ambulante.,Chodzący zapas paliwa.,Eine wandernde Tankstelle.,Ходячий топливный бак.,Ходячий запас палива.,行走的燃料供应。
ENERGYROBOT_ART,"The ,the ,An ,an ,its,it,it","Le ,le ,Un ,un ,du ,au ,,le ,x","Il ,il ,Un ,un ,del ,al ,o,il ",,"은,이,을,과,으로","El ,el ,Un ,un ,del ,al ,o,el ","El ,el ,Un ,un ,del ,al ,o,el ","O ,o ,Um ,um ,o,seu ,ao ","jego,Robota Energetycznego,Robotowi Energetycznemu,Robota Energetycznego,,y,Robocie Energetycznym","Der ,der ,Ein ,ein ,sein,den ,ihn,vom,,,Energieroboter,Energieroboters,Energieroboter,Energieroboter","энергобот,энергобота,энергоботу,энергобота,энергоботе,,,ён,ся,ет,его","енерго-робот,енерго-робота,енерго-роботу,енерго-робота,енерго-роботі,ов,в,ий,є,ить,його",",,一个,一个,它的,它,它"
FIREBALL_NAME,Fire Ball,Boule de feu,Fiammello,ファイアボール,파이어볼,Bola de fuego,Bola de fuego,Bola de Fogo,Kula Ognia,Feuerball,Огненный шар,Вогняна куля,火球
FIREBALL_DESC,It looks like it jumped out of a comic book.,On la croirait tout droit sortie d'une bande dessinée.,Sembra uscito da un fumetto.,マンガから　とびだして　きたような　やつだな。,만화책에서 뛰쳐나온 것처럼 생겼다.,Parece sacado de un cómic.,Parece sacada de un cómic.,Parece ter vindo de uma história em quadrinhos.,"Wygląda, jakby ją wyjął z komiksu.","Sieht aus, wie aus einem Comicbuch entsprungen.",Он словно выcкочил из комикса.,Вона ніби вискочила з коміксу.,看起来就像是从漫画书里跳出来的一样。
FIREBALL_ART,"The ,the ,A ,a ,its,it,it","La ,la ,Une ,une ,de la ,à la ,e,la ,se","Il ,il ,Un ,un ,del ,al ,o,il ",,"은,이,을,과,로","La ,la ,Una ,una ,de la ,a la ,a,la ","La ,la ,Una ,una ,de la ,a la ,a,la ","A ,a ,Uma ,uma ,a,sua ,à ","jej,Kuli Ognia,Kuli Ognia,Kulę Ognia,a,a,Kuli Ognia","Der ,der ,Ein ,ein ,sein,den ,ihn,vom,,,Feuerball,Feuerballs,Feuerball,Feuerball","огненный шар,огненного шара,огненному шару,огненный шар,огненном шаре,,,ён,ся,ет,его","вогняна куля,вогняної кулі,вогняній кулі,вогняну кулю,вогняній кулі,,ла,а,є,ить,її",",,一个,一个,它的,它,它"
FISH_NAME,Fish,Roi des profondeurs,Pesce,ちかたいがのぬし,심층 해안의 주인,La Piraña,Er Piraña,Bacalhau,Ta Ryba,Tiefenkönig,Рыба!,Риба!,渊流之主
FISH_DESC,It seems to be guarding something.,Il semble protéger quelque chose.,Sembra stia facendo la guardia a qualcosa.,なにかを　まもっている　ようだ。,무언가를 지키고 있는 것 같다.,Parece estar protegiendo algo.,Parece estar protegiendo algo.,Parece estar protegendo alguma coisa.,Wydaje się czegoś strzec.,Er scheint etwas zu bewachen.,"Кажется, он что-то охраняет.","Здається, він щось обороняє.",它似乎在守护着什么东西。
FISH_ART,"The ,the ,The ,the ,its,it,it","Le ,le ,Le ,le ,du ,au ,,le ,x","Il ,il ,Il ,il ,del ,al ,o,il ",,"은,이,을,과,으로",",,,,de ,a ,o,el",",,,,de ,a ,o,el","O ,o ,O ,o ,o,seu ,ao ","jej,Tej Ryby,Tej Rybie,Tą Rybę,a,a,Tej Rybie","Der ,der ,Der ,der ,sein,den ,ihn,vom,,,Tiefenkönig,Tiefenkönigs,Tiefenkönig,Tiefenkönig","Рыба!,Рыбы!,Рыбе!,Рыбу!,Рыбе!,,,ён,ся,ет,его","риба!,риби!,рибі!,рибу!,рибі!,ов,в,ий,є,ить,його",",,,,它的,它,它"
FLY_NAME,Fly,Mouche,Mosca,フライ,플라이,Mosca,Mosca,Mosca,Mucha,Fliege,Муха,Муха,苍蝇
FLY_DESC,Insecticide is effective.,L'insecticide fonctionne à merveille sur elle ¦,L'insetticida è efficace.,さっちゅうざいが　よくきくぞ。,살충제가 제격이다.,El insecticida es efectivo.,El insecticida es efectivo.,Inseticida é efetivo.,Środek owadobójczy byłby tutaj skuteczny.,Insektizide sind effektiv.,Здесь не помешает аэрозоль.,Тут не завадить інсектицид.,杀虫剂很有效。
FLY_ART,"The ,the ,A ,a ,its,it,it","La ,la ,Une ,une ,de la ,à la ,e,la ,se","La ,la ,Una ,una ,della ,alla ,a,la ",,"는,가,를,와,로","La ,la ,Una ,una ,de la ,a la ,a,la ","La ,la ,Una ,una ,de la ,a la ,a,la ","A ,a ,Uma ,uma ,a,sua ,à ","jej,Muchy,Musze,Muchę,a,a,Musze","Die ,die ,Eine ,eine ,ihr,die ,sie,von der,,,Fliege,Fliege,Fliege,Fliege","муха,мухи,мухе,муху,мухе,,а,ена,ась,ет,её","муха,мухи,мусі,муху,мусі,,ла,а,є,ить,її",",,一个,一个,它的,它,它"
FOUREYES_NAME,Foureyes,Katzieux,Quattrocchi,ビュンビューン,뷴뷴,Cuatrojos,Cuatrojos,Quatrolhos,Czterooki,Vierauge,Четвероглаз,Четверочі,四眼怪
FOUREYES_DESC,The optometrist's favorite.,Le patient préféré de son ophtalmo.,Il preferito dell'optometrista.,めいしゃさんの　おきにいり。,매지컨트 선정 안경사들이 가장 좋아하는 눈 1위.,El favorito del optometrista.,El favorito del oculista.,O favorito de um oculista.,Ulubieniec optometrystów.,Der Liebling eines jeden Optikers.,Любимец оптометриста.,Улюбленець оптометриста.,验光师的最爱。
FOUREYES_ART,"The ,the ,A ,a ,its,it,it","Le ,le ,Un ,un ,du ,au ,,le ,x","Il ,il ,Un ,un ,del ,al ,o,il ",,"은,이,을,과,으로","El ,el ,Un ,un ,del ,al ,o,el ","El ,el ,Un ,un ,del ,al ,o,el ","O ,o ,Um ,um ,o,seu ,ao ","jego,Czterookiego,Czterookiemu,Czterookiego,,y,Czterookim","Das ,das ,Ein ,ein ,sein,das ,es,vom,,,Vierauge,Vierauges,Vierauge,Vierauge","четвероглаз,четвероглаза,четвероглазу,четвероглаз,четвероглазе,,,ён,ся,ет,его","четверочі,четверочей,четверочам,четверочі,четверочах,,ли,і,ють,ять,їх",",,一个,一个,它的,它,它"
FUGITIVE_NAME,Fugitive,Fugitif,Fuggitivo,だっそうはん,탈주범,Fugitivo,Fugitivo,Fugitivo,Uciekinier,Ausbrecher,Беглец,Втікач,逃犯
FUGITIVE_DESC,He can be found on the FBI's most wanted list.,Il figure au tout début de la liste des gens les plus recherchés par le FBI.,È nella lista dei più ricercati dall'FBI.,FBIの　しめいてはいリストの\nさいしょのほうに　のっている。,FBI 지명수배 목록에서 볼 수 있다.,Se le puede encontrar en la lista de los más buscados del FBI.,Se le puede encontrar en la lista de los más buscados del FBI.,Está na lista dos mais procurados do FBI.,Można go znaleźć na liście najbardziej poszukiwanych przez FBI.,Er ist auf der Most-Wanted-List des FBIs.,Значится в списке самых опасных преступников ФБР.,Значиться у списку найнебезпечніших злочинців ФБР.,可以从联邦调查局的通缉名单上找到他。
FUGITIVE_ART,"The ,the ,A ,a ,his,he,him","Le ,le ,Un ,un ,du ,au ,,le ,x","Il ,il ,Un ,un ,del ,al ,o,il ",,"은,이,을,과,으로","El ,el ,Un ,un ,del ,al ,o,el ","El ,el ,Un ,un ,del ,al ,o,el ","O ,o ,Um ,um ,o,seu ,ao ","jego,Uciekiniera,Uciekinierowi,Uciekiniera,,y,Uciekinierze","Der ,der ,Ein ,ein ,sein,den ,ihn,vom,,,Ausbrecher,Ausbrechers,Ausbrecher,Ausbrecher","беглец,беглеца,беглецу,беглеца,беглеце,,,ён,ся,ет,его","втікач,втікача,втікачу,втікача,втікачу,ов,в,ий,є,ить,його",",,一个,一个,他的,他,他"
FUNKYFREAK_NAME,Funky Freak,Funky Zombie,Zombizzarro,ディスコゾンビ,디스코 좀비,Zombi llamativo,Zombi marchoso,Zumbi Discoteca,Pokręcony Wariat,Komischer Kauz,Зомби-тусовщик,Вечірковий зомбі,时髦怪咖
FUNKYFREAK_DESC,,,,,,,,,,,,,
FUNKYFREAK_ART,"The ,the ,A ,a ,his,he,him","Le ,le ,Un ,un ,du ,au ,,le ,x","Lo ,lo ,Uno ,uno ,dello ,allo ,o,il ",,"는,가,를,와,로","El ,el ,Un ,un ,del ,al ,o,el ","El ,el ,Un ,un ,del ,al ,o,el ","O ,o ,Um ,um ,o,seu ,ao ","jego,Zakręconego Wariata,Zakręconemu Wariatowi,Zakręconego Wariata,,y,Zakręconym Wariacie","Der ,der ,Ein ,ein ,sein,den ,ihn,vom,,,Komische Kauz,Komischen Kauzes,Komischen Kauz,Komischen Kauz","зомби-тусовщик,зомби-тусовщика,зомби-тусовщику,зомби-тусовщика,зомби-тусовщике,,,ён,ся,ет,его","вечірковий зомбі,вечіркового зомбі,вечірковому зомбі,вечіркового зомбі,верчірковому зомбі,ов,в,ий,є,ить,його",",,一个,一个,他的,他,他"
GABILAN_NAME,Gabilan,Gabilan,Gabilan,ガビラン,가비란,Gabilán,Gabilán,Gabilão,Gabilan,Gabilan,Габилан,Габілан,加比兰
GABILAN_DESC,Something like this should not exist on Earth...,Une telle créature ne devrait pas exister sur Terre...,Una creatura simile non dovrebbe esistere...,こんなやつは　ちきゅうじょうには\nそんざいしない　はずだ・・・。,이런 건 지구에 있어서는 안 될 것 같다...,Algo así no debería existir en la tierra...,Algo así no debería existir en la tierra...,Algo assim não pode ser da Terra...,Czegoś takiego nie powinno być na Ziemi...,So etwas sollte nicht auf der Erde existieren ...,Откуда это существо вообще взялось на Земле?..,Така істота взагалі не повинна існувати на Землі...,地球上不该存在这样的生物…
GABILAN_ART,"The ,the ,A ,a ,its,it,it","Le ,le ,Un ,un ,du ,au ,,le ,x","Il ,il ,Un ,un ,del ,al ,o,il ",,"은,이,을,과,으로","El ,el ,Un ,un ,del ,al ,o,el ","El ,el ,Un ,un ,del ,al ,o,el ","O ,o ,Um ,um ,o,seu ,ao ","jego,Gabilana,Gabilanowi,Gabilana,,y,Gabilanie","Das ,das ,Ein ,ein ,sein,das ,es,vom,,,Gabilan,Gabilans,Gabilan,Gabilan","габилан,габилана,габилану,габилана,габилане,,,ён,ся,ет,его","габілан,габілана,габілану,габілана,габілані,ов,в,ий,є,ить,його",",,一个,一个,它的,它,它"
GANGZOMBIE_NAME,Gang Zombie,Zombie mafieux,Zombi gangster,ギャングゾンビ,갱 좀비,Zombi gángster,Zombi gángster,Zumbi Gângster,Zombie Gangster,Zombie-Gangster,Зомби-гангстер,Зомбі-гангстер,帮派丧尸
GANGZOMBIE_DESC,"Careful, his Smash Hit is quite effective.",Attention à ses attaques SMAAAASH ¦,"Attenzione, il suo Colpo Smash è piuttosto forte.",こいつの　スマッシュヒットには　ようちゅうい。,"조심해, 녀석의 스매시 히트는 꽤 아프다고.","Cuidado, su golpe Smash es bastante efectivo.","Ten cuidado, su Golpe Smash es muy efectivo.","Cuidado, seus ataques Smash são bem fortes.","Uważaj, jego Miażdżący Cios jest dość skuteczny.","Vorsicht, sein Smash-Angriff ist sehr effektiv.",Поосторожнее: он весьма хорош в критических ударах.,Дивись не потрап під його критичний удар.,当心，他的暴击十分有效。
GANGZOMBIE_ART,"The ,the ,A ,a ,his,he,him","Le ,le ,Un ,un ,du ,au ,,le ,x","Lo ,lo ,Uno ,uno ,dello ,allo ,o,il ",,"는,가,를,와,로","La ,la ,Una ,una ,de la ,a la ,a,la ","El ,el ,Un ,un ,del ,al ,o,el ","O ,o ,Um ,um ,o,seu ,ao ","jego,Zombie Gangstera,Zombie Gangsterowi,Zombie Gangstera,,y,Zombie Gangsterze","Der ,der ,Ein ,ein ,sein,den ,ihn,vom,,,Zombie-Gangster,Zombie-Gangsters,Zombie-Gangster,Zombie-Gangster","зомби-гангстер,зомби-гангстера,зомби-гангстеру,зомби-гангстера,зомби-гангстере,,,ён,ся,ет,его","зомбі-гангстер,зомбі-гангстера,зомбі-гангстеру,зомбі-гангстера,зомбі-гангстері,ов,в,ий,є,ить,його",",,一个,一个,他的,他,他"
GARGOYLE_NAME,Gargoyle,Gargouille,Gargoyle,ガーゴイラ,가고일,Gárgola,Gárgola,Gárgula,Gargulec,Gargoyle,Гаргулья,Горгулья,石像鬼
GARGOYLE_DESC,It has the awful stone of origin.,Elle a le pouvoir de changer les gens en pierre.,Ha quella terribile pietra dell'origine.,にんげんを　いしに　してしまう\nのうりょくが　ある。,기원의 돌을 쓸 수 있다.,Tiene la horrible piedra de origen.,Tiene la dichosa piedra de origen.,Ela tem a horrível pedra da origem.,Ma okropny kamień źródła.,Es hat schreckliche Stein-Materie.,Умеет обращать людей в камень.,Вміє перетворювати людей на камінь.,它拥有可怕的起源石化。
GARGOYLE_ART,"The ,the ,A ,a ,its,it,it","La ,la ,Une ,une ,de la ,à la ,e,la ,se","Il ,il ,Un ,un ,del ,al ,o,il ",,"은,이,을,과,로","La ,la ,Una ,una ,de la ,a la ,a,la ","La ,la ,Una ,una ,de la ,a la ,a,la ","A ,a ,Uma ,uma ,a,sua ,à ","jego,Gargulca,Gargulcowi,Gargulca,,y,Gargulcu","Das ,das ,Ein ,ein ,sein,das ,es,vom,,,Gargoyle,Gargoyles,Gargoyle,Gargoyle","гаргулья,гаргульи,гаргулье,гаргулью,гаргулье,,а,ена,ась,ет,её","горгулья,горгульї,горгульї,горгулью,горгульї,,ла,а,є,ить,її",",,一个,一个,它的,它,它"
GHOST_NAME,Ghost,Fantôme,Fantasma,ゴースト,고스트,Fantasma,Fantasma,Fantasma,Duch,Geist,Призрак,Привид,幽灵
GHOST_DESC,Just an ordinary ghost.,Un fantôme plutôt banal.,Un fantasma qualunque.,わりと　へいぼんな　おばけです。,그냥 평범한 고스트이다.,Solo un ordinario fantasma.,Solo un fantasma ordinario.,Só um fantasma comum.,"Duch, jaki jest, każdy widzi.",Nur ein gewöhnlicher Geist,Самый обыкновенный призрак.,Звичайнісінький привид.,只是一个普通的幽灵。
GHOST_ART,"The ,the ,A ,a ,its,it,it","Le ,le ,Un ,un ,du ,au ,,le ,x","Il ,il ,Un ,un ,del ,al ,o,il ",,"는,가,를,와,로","El ,el ,Un ,un ,del ,al ,o,el ","El ,el ,Un ,un ,del ,al ,o,el ","O ,o ,Um ,um ,o,seu ,ao ","jego,Ducha,Duchowi,Ducha,,y,Duchu","Der ,der ,Ein ,ein ,sein,den ,ihn,vom,,,Geist,Geists,Geist,Geist","призрак,призрака,призраку,призрака,призраке,,,ён,ся,ет,его","привид,привида,привиду,привид,привиді,ов,в,ий,є,ить,його",",,一个,一个,它的,它,它"
GHOSTOFBARBOT_NAME,Ghost of Barbot,Fantôme de Barrebot,Fantasma di Barbot,バーボット・センゾ,선조 바보트,Fantasma de Barbot,Fantasma de Barbot,Fantasma do Bar-bô,Duch Barbota,Geist eines Barbots,Призрак прутобота,Привид стержнебота,幽灵机器人
GHOSTOFBARBOT_DESC,It is as light as air.,Il est léger comme l'air.,È leggero come l'aria.,ゆうれいなのか？　ロボットなのか？,공기처럼 가볍다.,Es tan ligero como el aire.,Es tan ligero como el aire.,Tão leve quanto o ar.,Jest lekki jak powietrze.,Er ist so leicht wie Luft.,Лёгкий как воздух.,Легкий як повітря.,它轻如空气，这到底是幽灵还是机器人？
GHOSTOFBARBOT_ART,"The ,the ,A ,a ,its,it,it","Le ,le ,Un ,un ,du ,au ,,le ,x","Il ,il ,Un ,un ,del ,al ,o,il ",,"는,가,를,와,로","El ,el ,Un ,un ,del ,al ,o,el ","El ,el ,Un ,un ,del ,al ,o,el ","O ,o ,Um ,um ,o,seu ,ao ","jego,Ducha Barbota,Duchowi Barbota,Ducha Barbota,,y,Duchu Barbota","Der ,der ,Ein ,ein ,sein,den ,ihn,vom,,,Geist eines Barbots,Geist eines Barbots,Geist eines Barbots,Geist eines Barbots","призрак прутобота,призрака прутобота,призраку прутобота,призрака прутобота,призраке прутобота,,,ён,ся,ет,его","привид стержнебота,привида стержнебота,привиду стержнебота,привид стержнебота,привиді стержнебота,ов,в,ий,є,ить,його",",,一个,一个,它的,它,它"
GHOSTOFSTARMAN_NAME,Ghost of Starman,Fantôme de Starman,Fantasma di Starman,スターマン・センゾ,선조 스타맨,Fantasma de Starman,Fantasma de Starman,Fantasma de Starman,Duch Starmana,Geist eines Starmans,Призрак стармена,Привид стармена,幽灵星人
GHOSTOFSTARMAN_DESC,This Starman has come back from the dead to finish its business.,Ce Starman est revenu d'entre les morts pour finir le travail.,Questo Starman è tornato dall'aldilà per finire i suoi compiti.,スターマンは　けっちゃくを\nつけるために　よみがえってきた。,끝없는 업무를 처리하기 위해 죽음으로부터 돌아왔다.,Este Starman ha regresado de entre los muertos para terminar su negocio.,Este Starman ha vuelto de entre los muertos para acabar con sus asuntos.,Esse Starman voltou dos mortos para terminar o que começou.,"Ten Starman powrócił z martwych, aby dokończyć swój proceder.","Dieser Starman ist von den Toten auferstanden, um seinen Verpflichtungen nachzukommen.","Этот стармен восстал из мёртвых, чтобы завершить свою миссию.","Цей стармен повстав із мертвих, щоб завершити своє завдання.",这位星人死而复生，只为完成自己的使命。
GHOSTOFSTARMAN_ART,"The ,the ,A ,a ,its,it,it","Le ,le ,Un ,un ,du ,au ,,le ,x","Il ,il ,Un ,un ,del ,al ,o,il ",,"은,이,을,과,으로","El ,el ,Un ,un ,del ,al ,o,el ","El ,el ,Un ,un ,del ,al ,o,el ","O ,o ,Um ,um ,o,seu ,ao ","jego,Ducha Starmana,Duchowi Starmana,Ducha Starmana,,y,Duchu Starmana","Der ,der ,Ein ,ein ,sein,den ,ihn,vom,,,Geist eines Starmans,Geist eines Starmans,Geist eines Starmans,Geist eines Starmans","призрак стармена,призрака стармена,призраку стармена,призрака стармена,призраке стармена,,,ён,ся,ет,его","привид стармена,привида стармена,привиду стармена,привид стармена,привиді стармена,ов,в,ий,є,ить,його",",,一个,一个,它的,它,它"
GIEGUE_NAME,Giegue,Giegue,Giegue,ギーグ,기그,Giegue,Giegue,Giegue,Giegue,Giygas,Гийгас,Гійгас,吉格
GIEGUE_DESC,,,,,,,,,,,,,
GIEGUE_ART,",,,,his,he,him",",,,,de ,à ,,le ,x",",,,,di ,a ,o,il ",,"는,가,를,와,로","El ,el ,Un ,un ,del ,al ,o,el ",",,,,de ,a ,o,",",,,,o,seu ,ao ","jego,Giegue'a,Giegue'owi,Giegue'a,,y,Giegue'u",",,,,sein,,ihn,von,,,Giygas,Giygas',Giygas,Giygas","Гийгас,Гийгаса,Гийгасу,Гийгаса,Гийгасе,,,ён,ся,ет,его","Гійгас,Гійгаса,Гійгасу,Гійгаса,Гійгасі,ов,в,ий,є,ить,його",",,,,他的,他,他"
GIGABORG_NAME,Giga Borg,Giga-Borg,Giga-Borg,ギガボーグ,기가보그,Giga-Borg,Giga-Borg,Giga-Borg,Giga Borg,Giga-Borg,Гигаборг,Гіга борг,千兆博格
GIGABORG_DESC,He only has PK Beam,Il ne semble utiliser que PK Rayon...,Ha soltanto PsicoRaggio.,PKビームしか　してこないのだが・・・。,오직 PK 빔만 쏜다.,Él solo tiene PK Beam,Solo sabe usar PK Beam.,Ele só usa PK Laser.,Ma tylko PK Promień.,Er beherrscht lediglich PK-Beam.,Он может использовать только ПК-луч.,Має лише ПСИ Промінь.,他只会使用PK光束。
GIGABORG_ART,"The ,the ,A ,a ,its,it,it","Le ,le ,Un ,un ,du ,au ,,le ,x","Il ,il ,Un ,un ,del ,al ,o,il ",,"는,가,를,와,로","El ,el ,Un ,un ,del ,al ,o,el ","El ,el ,Un ,un ,del ,al ,o,el ","O ,o ,Um ,um ,o,seu ,ao ","jego,Giga Borga,Giga Borgowi,Giga Borga,,y,Giga Borgu","Der ,der ,Ein ,ein ,sein,den ,ihn,vom,,,Giga-Borg,Giga-Borgs,Giga-Borg,Giga-Borg","гигаборг,гигаборга,гигаборгу,гигаборга,гигаборге,,,ён,ся,ет,его","гіга борг,гіга борга,гіга боргу,гіга борга,гіга боргу,ов,в,ий,є,ить,його",",,一个,一个,它的,它,它"
GORILLA_NAME,Gorilla,Gorille,Gorilla,ゴリラ,고릴라,Gorila,Gorila,Gorila,Goryl,Gorilla,Горилла,Горила,大猩猩
GORILLA_DESC,Don't let this primate punk pick on you!,Ne laissez pas ce voyou de singe s'en prendre à vous ¦,Non farti prendere di mira da questo primate teppista!,こんな　ちんぴら　るいじんえんに\nからまれている　ばあいではない！,이 영악한 영장류한테 놀아나지 말자.,¡No dejes que su estilo punk te moleste!,¡No dejes que este primate se meta contigo!,Não deixe esse primata valentão implicar com você!,"Nie pozwól, by ten prymitywny dzikus się ciebie czepiał!",Lass dich nicht von diesem Primaten-Punk ärgern!,Не позволяй этому примату-хулигану издеваться над тобой!,Не дай цьому примату-хулігану тебе задирати!,别让这个猿类混混欺负你！
GORILLA_ART,"The ,the ,A ,a ,its,it,it","Le ,le ,Un ,un ,du ,au ,,le ,x","Il ,il ,Un ,un ,del ,al ,o,il ",,"는,가,를,와,로","El ,el ,Un ,un ,del ,al ,o,el ","El ,el ,Un ,un ,del ,al ,o,el ","O ,o ,Um ,um ,o,seu ,ao ","jego,Goryla,Gorylowi,Goryla,,y,Gorylu","Der ,der ,Ein ,ein ,sein,den ,ihn,vom,,,Gorilla,Gorillas,Gorilla,Gorilla","горилла,гориллы,горилле,гориллу,горилле,,а,ена,ась,ет,её","горила,горили,горилі,горилу,горилі,,ла,а,є,ить,її",",,一个,一个,它的,它,它"
GRIZZLYBEAR_NAME,Grizzly Bear,Grizzly,Grizzly,グリズリー,그리즐리,Oso Pardo,Oso pardo,Urso Cinzento,Niedźwiedź Grizzly,Grizzly,Гризли,Гризлі,灰熊
GRIZZLYBEAR_DESC,"If you must sleep, don't borrow his bed!","Ne dormez jamais sur son lit, même si vous êtes exténué ¦","Se proprio devi dormire, non farlo nel suo letto!",どんなに　ねむくても\nこいつの　ベッドでは　ねるなよ！,누군가 밥을 훔쳐먹어 언짢아하고 있다.,"Si debes dormir, ¡no tomes prestada su cama!","Si necesitas dormir, ¡no le quites su cama!","Se quiser dormir, não use a cama dele!","Jeśli chce ci się spać, nie pożyczaj jego łóżka!","Wenn du schlafen willst, leihe dir nicht sein Bettchen!",Хочешь поспать — не вздумай занимать его кровать!,"Якщо тобі захочеться поспати, не займай його ліжко!",如果你非要睡觉，至少别睡他的床！
GRIZZLYBEAR_ART,"The ,the ,A ,a ,its,it,it","Le ,le ,Un ,un ,du ,au ,,le ,x","Il ,il ,Un ,un ,del ,al ,o,il ",,"는,가,를,와,로","El ,el ,Un ,un ,del ,al ,o,el ","El ,el ,Un ,un ,del ,al ,o,el ","O ,o ,Um ,um ,o,seu ,ao ","jego,Niedźwiedzia Grizzly,Niedźwiedziowi Grizzly,Niedźwiedzia Grizzly,,y,Niedźwiedziu Grizzly","Der ,der ,Ein ,ein ,sein,den ,ihn,vom,,,Grizzly,Grizzlys,Grizzly,Grizzly","гризли,гризли,гризли,гризли,гризли,,,ён,ся,ет,его","гризлі,гризлі,гризлі,гризлі,гризлі,ов,в,ий,є,ить,його",",,一个,一个,它的,它,它"
GROUCHO_NAME,Groucho,Groucho,Groucho,おまけビューン,덤 뷴,Groucho,Groucho,Groucho,Zrzęda,Granterich,Очи с усами,Граучо,笑面格鲁乔
GROUCHO_DESC,"If he was a mask, someone might mistake your identity!","S'il mettait un masque, il deviendrait méconnaissable.","Se fosse stato una maschera, qualcuno potrebbe non riconoscerti!",もし　こいつが　マスクを　したら\nだれかと　くべつがつかないな。,만일 이 녀석이 가면이라도 쓴다면 절대 구분할 수 없을 거다.,"¡Si fuera una máscara, alguien podría confundir tu identidad!","¡Si fuese una máscara, alguien podría confundir tu identidad!","Se fosse uma máscara, seria um disfarce e tanto!","Gdyby był maską, mógłbyś się nim za kogoś podszyć!","Wenn er eine Maske wäre, könnte man dich nicht erkennen!","Если бы это была маска, в ней тебя никто бы не узнал!","Якби він був маскою, у ньому ти б отримав повну анонімність.",如果他戴了面具，旁人或许会把你当成他！
GROUCHO_ART,"The ,the ,A ,a ,his,he,him","Le ,le ,Un ,un ,du ,au ,,le ,x","Il ,il ,Un ,un ,del ,al ,o,il ",,"은,이,을,과,으로","El ,el ,Un ,un ,del ,al ,o,el ","El ,el ,Un ,un ,del ,al ,o,el ","O ,o ,Um ,um ,o,seu ,ao ","jego,Zrzędy,Zrzędzie,Zrzędę,,y,Zrzędzie","Der ,der ,Ein ,ein ,sein,den ,ihn,vom,,,Granterich,Granterichs,Granterich,Granterich","очи с усами,очей с усами,очам с усами,очи с усами,очах с усами,,и,ены,ись,ют,их","граучо,граучо,граучо,граучо,граучо,ов,в,ий,є,ить,його",",,一个,一个,他的,他,他"
HIPPIE_NAME,Hippie,Hippie,Hippy,おにいさん,히피,Hippie,Hippie,Hippie,Hipis,Hippie,Хиппи,Хіпі,嬉皮士
HIPPIE_DESC,He looks like he could grow flowers in his hair.,Vous pourriez presque faire pousser des fleurs dans ses cheveux.,Sembra capace di farsi crescere fiori sulla testa.,あの　かみのけの　なかに\nおはなを　うえたらそだつかもね。,저 머리 뒤져보면 제비 한 마리는 나올지도.,Parece que podría hacer crecer las flores en su cabello.,Parece como si le pudiesen crecer flores en el pelo.,Parece que dá para plantar flores no cabelo dele.,"Wygląda tak, jakby mógł hodować kwiaty we włosach.","Er sieht so aus, als könnten Blumen aus seinem Haar wachsen.",Он словно может вырастить цветы на своей голове.,"Виглядає, ніби може вирощувати квіти серед свого волосся.",他看上去仿佛能在发间自然地种出栀子花来。
HIPPIE_ART,"The ,the ,A ,a ,his,he,him","Le ,le ,Un ,un ,du ,au ,,le ,x","L',l',Un ,un ,dell',all',o,il ",,"는,가,를,와,로","El ,el ,Un ,un ,del ,al ,o,el ","El ,el ,Un ,un ,del ,al ,o,el ","O ,o ,Um ,um ,o,seu ,ao ","jego,Hipisa,Hipisowi,Hipisa,,y,Hipisie","Der ,der ,Ein ,ein ,sein,den ,ihn,vom,,,Hippie,Hippies,Hippie,Hippie","хиппи,хиппи,хиппи,хиппи,хиппи,,,ён,ся,ет,его","хіпі,хіпі,хіпі,хіпі,хіпі,ов,в,ий,є,ить,його",",,一个,一个,他的,他,他"
HYENA_NAME,Hyena,Hyène,Iena,ハイエナ,하이에나,Hiena,Hiena,Hiena,Hiena,Hyäne,Гиена,Гієна,鬣狗
HYENA_DESC,He who laughs last laughs best.,Rira bien qui rira le dernier.,Ride bene chi ride ultimo.,わらうものが　さいごに　かつ。,마지막까지 웃는 자가 승자다.,El que ríe último ríe mejor.,El que ríe el último ríe mejor.,Quem ri por último ri melhor.,"Ten się śmieje, kto się śmieje ostatni.","Wer zuletzt lacht, lacht am besten.","Хорошо смеётся тот, кто смеётся последним.","Добре сміється той, хто сміється останнім.",能笑到最后的才算赢家。
HYENA_ART,"The ,the ,A ,a ,its,it,it","La ,la ,Une ,une ,de la ,à la ,e,la ,se","La ,la ,Una ,una ,della ,alla ,a,la ",,"는,가,를,와,로","La ,la ,Una ,una ,de la ,a la ,a,la ","La ,la ,Una ,una ,de la ,a la ,a,la ","A ,a ,Uma ,uma ,a,sua ,à ","jej,Hieny,Hienie,Hienę,a,a,Hienie","Die ,die ,Eine ,eine ,ihr,die ,sie,von der,,,Hyäne,Hyäne,Hyäne,Hyäne","гиена,гиены,гиене,гиену,гиене,,а,ена,ась,ет,её","гієна,гієни,гієні,гієну,гієні,,ла,а,є,ить,її",",,一个,一个,它的,它,它"
JOHN_NAME,John,John,John,ジョン,존,John,John,João,John,Benjamin,Джон,Джон,约翰
JOHN_DESC,This elephant's name is John.,Cet éléphant s'appelle John.,Questo elefante si chiama John.,ゾウさんの　なまえは　ジョンだ。,이 코끼리 이름이 존이란다.,El nombre del elefante es John.,Este elefante se llama John.,Esse elefante se chama João.,Ten słoń ma na imię John.,Dieser Elefanten heißt Benjamin.,Этого слона зовут Джон.,Цього слона звуть Джон.,这只大象的名字叫约翰。
JOHN_ART,",,,,his,he,him",",,,,de ,à ,,le ,x",",,,,di ,a ,o,il ",,"은,이,을,과,으로",",,,,de ,a ,o,el ",",,,,de ,a ,o,el ",",,,,o,seu ,ao ","jego,Johna,Johnowi,Johna,,y,Johnie",",,,,sein,,ihn,von,,,Benjamin,Benjamins,Benjamin,Benjamin","Джон,Джона,Джону,Джона,Джоне,,,ён,ся,ет,его","Джон,Джона,Джону,Джона,Джоні,ов,в,ий,є,ить,його",",,,,他的,他,他"
JUANA_NAME,Juana,Juana,Juana,スージー,수지,Juana,Juana,Juana,Janina,Juana,Жанна,Жанна,胡安娜
JUANA_DESC,"She is good at, and not afraid to use, a strong PSI attack",Prenez garde ¦ Elle n'hésite pas à utiliser de puissantes attaques PSI ¦,"Non si fa problemi a usare un potente attacco PSI, e lo fa anche bene.",きょうりょくな　PSIこうげきを\nためらうことなく　はなってくるぞ。,강력한 PSI 공격에 능숙한 모양이다.,Ella es buena y no tiene miedo de usar un fuerte ataque PSI.,"Se le da bien el PSI, y no dudará en usarlo contra ti.",Ela possui um ataque PSI poderoso e não tem medo de usá-lo.,Jest dobra w używaniu silnych ataków PSI i nie zawaha się ich użyć.,"Sie ist gut darin, starke PSI-Attacken zu benutzen. Und sie schreckt auch nicht davor zurück.",Берегись! Она решительно применяет мощные психоатаки!,"Майстер сильної ПСИ-атаки, яку не боїться використати.",她精于施展强大的PSI攻击，并且从不畏惧。
JUANA_ART,",,,,her,she,her",",,,,de ,à ,e,la ,se",",,,,di ,a ,a,la ",,"는,가,를,와,로",",,,,de ,a ,a,la ",",,,,de ,a ,a,la ",",,,,a,sua ,à ","jej,Janiny,Janinie,Janinę,a,a,Janinie",",,,,ihr,,sie,von,,,Juana,Juanas,Juana,Juana","Жанна,Жанны,Жанне,Жанну,Жанне,,а,ена,ась,ет,её","Жанна,Жанни,Жанні,Жанну,Жанні,,ла,а,є,ить,її",",,,,她的,她,她"
KELLY_NAME,Kelly,Kelly,Kelly,キャロライン,캐롤라인,Kelly,Kelly,Kelly,Kelly,Kelly,Келли,Келлі,凯莉
KELLY_DESC,Do not be tricked by her beauty.,Ne vous laissez pas duper par sa beauté...,Non farti ingannare dalla sua bellezza.,この　うつくしさに　だまされるな。,그녀의 수려한 미모에 넘어가지 말 것.,Que no te engañe su belleza.,No te dejes engañar por su belleza.,Não seja enganado por sua beleza.,Nie daj się zwieść jej urodzie.,Lass dich von ihrer Schönheit nicht blenden.,Смотри в оба — её красота обманчива!,Не поведися на її оманливу чарівність.,别让她的美貌迷惑了你。
KELLY_ART,",,,,her,she,her",",,,,de ,à ,e,la ,se",",,,,di ,a ,a,la ",,"은,이,을,과,으로",",,,,de ,a ,a,la ",",,,,de ,a ,a,la ",",,,,a,sua ,à ","jej,Kelly,Kelly,Kelly,a,a,Kelly",",,,,ihr,,sie,von,,,Kelly,Kellys,Kelly,Kelly","Келли,Келли,Келли,Келли,Келли,,а,ена,ась,ет,её","Келлі,Келлі,Келлі,Келлі,Келлі,,ла,а,є,ить,її",",,,,她的,她,她"
LAMP_NAME,Lamp,Lampe,Lampada,でんきスタンド,전등,Lámpara,Lámpara,Abajur,Lampa,Lampe,Лампа,Лампа,台灯
LAMP_DESC,It hovers in the air!,Elle flotte dans les airs ¦,Sta fluttuando!,くうちゅうを　とびまわっている！,방 안을 날아 돌아다니고 있다!,¡Está flotando en el aire!,¡Flota en el aire!,Está voando sozinho!,Unosi się w powietrzu!,Sie schwebt in der Luft!,Она парит в воздухе!,Вона висить у повітрі!,它在空中盘旋！
LAMP_ART,"The ,the ,A ,a ,its,it,it","La ,la ,Une ,une ,de la ,à la ,e,la ,se","La ,la ,Una ,una ,della ,alla ,a,la ",,"는,가,를,와,로","La ,la ,Una ,una ,de la ,a la ,a,la ","La ,la ,Una ,una ,de la ,a la ,a,la ","O ,o ,Um ,um ,o,seu ,ao ","jej,Lampy,Lampie,Lampę,a,a,Lampie","Die ,die ,Eine ,eine ,ihr,die ,sie,von der,,,Lampe,Lampe,Lampe,Lampe","лампа,лампы,лампе,лампу,лампе,,а,ена,ась,ет,её","лампа,лампи,лампі,лампу,лампі,,ла,а,є,ить,її",",,一个,一个,它的,它,它"
LILSAUCER_NAME,Lil Saucer,P'tite soucoupe,Dischetto volante,リトルソーサー,리틀 소서,Platillo pequeñin,Platillo pequeño,OVNIzinho,Mały Spodek,Kleine Untertasse,Тарелочка,Тарілочка,小型飞碟
LILSAUCER_DESC,Only as big as a dinner plate.,Elle est à peu près aussi grande qu'une assiette...,È grande quanto un piatto.,しょくじの　おさらと　おなじくらいの　おおきさなのだが。,내 밥그릇만큼 크다.,Solo es del tamaño de un plato.,Solo es tan grande como un plato llano.,É do tamanho de um prato de jantar.,"Niewiele większy, niż talerz obiadowy.","So groß wie ein Teller, in Form einer Untertasse.",По размеру не больше столовой тарелки.,За розміром не більше столової тарілки.,只有一个餐盘那么大。
LILSAUCER_ART,"The ,the ,A ,a ,its,it,it","La ,la ,Une ,une ,de la ,à la ,e,la ,se","Il ,il ,Un ,un ,del ,al ,o,il ",,"는,가,를,와,로","El ,el ,Un ,un ,del ,al ,o,el ","El ,el ,Un ,un ,del ,al ,o,el ","O ,o ,Um ,um ,o,seu ,ao ","jego,Małego Spodka,Małemu Spodkowi,Małego Spodka,,y,Małym Spodku","Die ,die ,Eine ,eine ,ihr,die ,sie,von der,,,Kleine Untertasse,Kleinen Untertasse,Kleinen Untertasse,Kleine Untertasse","тарелочка,тарелочки,тарелочке,тарелочку,тарелочке,,а,ена,ась,ет,её","тарілочка,тарілочки,тарілочці,тарілочку,тарілочці,,ла,а,є,ить,її",",,一个,一个,它的,它,它"
LONEWOLF_NAME,Lone Wolf,Loup solitaire,Lupo solitario,いっぴきオオカミ,고독한 늑대,Lobo solitario,Lobo solitario,Lobo Solitário,Samotny Wilk,Einsamer Wolf,Волк-одиночка,Самотній вовк,孤狼
LONEWOLF_DESC,,,,,,,,,,,,,
LONEWOLF_ART,"The ,the ,A ,a ,its,it,it","Le ,le ,Un ,un ,du ,au ,,le ,x","Il ,il ,Un ,un ,del ,al ,o,il ",,"는,가,를,와,로","El ,el ,Un ,un ,del ,al ,o,el ","El ,el ,Un ,un ,del ,al ,o,el ","O ,o ,Um ,um ,o,seu ,ao ","jego,Samotnego Wilka,Samotnemu Wilkowi,Samotnego Wilka,,y,Samotnym Wilku","Der ,der ,Ein ,ein ,sein,den ,ihn,vom,,,Einsame Wolf,Einsamen Wolfs,Einsamen Wolf,Einsamen Wolf","волк-одиночка,волка-одиночки,волку-одиночке,волка-одиночку,волке-одиночке,,,ён,ся,ет,его","самотній вовк,самотнього вовка,самотньому вовку,самотнього вовка,самотньому вовку,ов,в,ий,є,ить,його",",,一个,一个,它的,它,它"
LYNX_NAME,Lynx,Lynx,Lince,やまねこ,삵,Lince,Lince,Lince,Ryś,Luchs,Рысь,Рись,猞猁
LYNX_DESC,It is quite different than a pet cat.,Cet animal est bien différent d'un chat de compagnie ordinaire.,Piuttosto diverso da un gatto.,こいつは　ペットの　ねことは\nおおちがい。,칡과 헷갈리지 말자.,Es bastante diferente a un gato doméstico.,Es bastante diferente a un gato doméstico.,É bem diferente de um gato doméstico.,Zupełnie się różni od kota domowego.,Ganz schön anders als eine Hauskatze.,Сильно отличается от домашней кошки.,Сильно відрізняється від домашньої кішки.,它和宠物猫大不相同。
LYNX_ART,"The ,the ,A ,a ,its,it,it","Le ,le ,Un ,un ,du ,au ,,le ,x","La ,la ,Una ,una ,della ,alla ,a,la ",,"은,이,을,과,으로","El ,el ,Un ,un ,del ,al ,o,el ","El ,el ,Un ,un ,del ,al ,o,el ","O ,o ,Um ,um ,o,seu ,ao ","jego,Rysia,Rysiowi,Rysia,,y,Rysiu","Der ,der ,Ein ,ein ,sein,den ,ihn,vom,,,Luchs,Luchses,Luchs,Luchs","рысь,рыси,рыси,рысь,рыси,,а,ена,ась,ет,её","рись,рисі,рисі,рись,рисі,ов,в,ий,є,ить,його",",,一个,一个,它的,它,它"
MADCAR_NAME,Mad Car,Voiture folle,Auto impazzita,マッドカー,매드 카,Carro lunático,Coche loco,Carro Maluco,Szalony Wóz,Irres Auto,Бешеная тачка,Божевільна машина,疯狂汽车
MADCAR_DESC,No one is in the driver's seat.,"Ouah, il n'y a personne sur le siège du conducteur ¦",Non c'è nessuno a guidarla.,うんてんせきに　だれも　いないぞ！？,운전석은 텅 비어 있다.,No hay nadie en el asiento del conductor.,No hay nadie en el asiento del conductor.,Não tem ninguém no banco do motorista.,Kierowcy w nim brak!,Niemand sitzt im Fahrersitz.,За водительским сиденьем никого нет!,У сидінні водія нікого немає!,驾驶座上空无一人。
MADCAR_ART,"The ,the ,A ,a ,its,it,it","La ,la ,Une ,une ,de la ,à la ,e,la ,se","L',l',Un',un',dell',all',a,la ",,"는,가,를,와,로","El ,el ,Un ,un ,del ,al ,o,el ","El ,el ,Un ,un ,del ,al ,o,el ","O ,o ,Um ,um ,o,seu ,ao ","jego,Szalonego Wozu,Szalonemu Wozowi,Szalony Wóz,,y,Szalonym Wozie","Das ,das ,Ein ,ein ,sein,das ,es,vom,,,Irre Auto,Irren Autos,Irren Auto,Irre Auto","бешеная тачка,бешеной тачки,бешеной тачке,бешеную тачку,бешеной тачке,,а,ена,ась,ет,её","божевільна машина,божевільної машини,божевільній машині,божевільну машину,божевільній машині,,ла,а,є,ить,її",",,一个,一个,它的,它,它"
MADTRUCK_NAME,Mad Truck,Camion fou,Camion impazzito,マッドトラック,매드 트럭,Camión loco,Camión loco,Caminhão Maluco,Szalony Tir,Irrer Truck,Бешеная фура,Божевільна фура,疯狂卡车
MADTRUCK_DESC,Be careful of its exhaust if you're asthmatic.,Attention à ses gaz d'échappement si vous êtes asthmatique.,"Se soffri d'asma, fai attenzione ai suoi gas di scarico.",はいきガスに　ちゅうい。　ぜんそくに　なるぞ。,천식이 있다면 저 배기가스를 조심하자.,Ten cuidado con su escape si eres asmático.,"Si eres asmático, ten cuidado con su tubo de escape.",Cuidado com o escapamento se você tiver asma.,"Uważaj na spaliny, jeśli masz astmę.","Vorsicht vor seinem Auspuff, wenn du Asthmatiker bist.",Её выхлопы могут быть вредны для астматиков.,"Стережися вихлопів, якщо ти — астматик.",如果你患有哮喘，就得小心它排放的尾气。
MADTRUCK_ART,"The ,the ,A ,a ,its,it,it","Le ,le ,Un ,un ,du ,au ,,le ,x","Il ,il ,Un ,un ,del ,al ,o,il ",,"은,이,을,과,으로","El ,el ,Un ,un ,del ,al ,o,el ","El ,el ,Un ,un ,del ,al ,o,el ","O ,o ,Um ,um ,o,seu ,ao ","jego,Szalonego Tira,Szalonemu Tirowi,Szalony Tir,,y,Szalonym Tirze","Der ,der ,Ein ,ein ,sein,den ,ihn,vom,,,Irre Truck,Irren Trucks,Irren Truck,Irren Truck","бешеная фура,бешеной фуры,бешеной фуре,бешеную фуру,бешеной фуре,,а,ена,ась,ет,её","божевільна фура,божевільної фури,божевільній фурі,божевільну фуру,божевільній фурі,,ла,а,є,ить,її",",,一个,一个,它的,它,它"
MAGICANTOID_NAME,Magic Antoid,Fourmioïde magique,Formicoide magico,アリアリマジック,매지컬 개미개미,Magicantoide,Magicantoide,Magicantoide,Magiczny Mrówkoid,Magischer Ameisoid,Волшебный мураш,Чарівний мурахойд,魔法蚁虫
MAGICANTOID_DESC,This ant can only be found in Magicant.,Son aura magique hante le monde de Magicant.,Questa formica si trova solo a Magicant.,マジカントでしか　みられない　アリさん。,이 개미는 오직 매지컨트에서만 만나볼 수 있다.,Esta hormiga solo se puede encontrar en Magicant.,A esta hormiga solo se le puede encontrar en Magicant.,Essa formiga só é encontrada em Magicant.,Mrówkę tę można znaleźć tylko w Magicancie.,Diese Ameise kann nur in Magicant gefunden werden.,Этот муравей водится только в Грезии.,Ця мураха живе тільки у Магіянті.,这种蚂蚁只能在魔法之地找到。
MAGICANTOID_ART,"The ,the ,A ,a ,its,it,it","La ,la ,Une ,une ,de la ,à la ,e,la ,se","Il ,il ,Un ,un ,del ,al ,o,il ",,"는,가,를,와,로","El ,el ,Un ,un ,del ,al ,o,el ","El ,el ,Un ,un ,del ,al ,o,el ","O ,o ,Um ,um ,o,seu ,ao ","jego,Magicznego Mrówkoida,Magicznemu Mrówkoidowi,Magicznego Mrówkoida,,y,Magicznym Mrówkoidzie","Der ,der ,Ein ,ein ,sein,den ,ihn,vom,,,Magische Ameisoid,Magischen Ameisoiden,Magischen Ameisoiden,Magischen Ameisoiden","волшебный мураш,волшебного мураша,волшебному мурашу,волшебного мураша,волшебном мураше,,,ён,ся,ет,его","чарівний мурахойд,чарівного мурахойда,чарівному мурахойду,чарівного мурахойда,чарівному мурахойді,ов,в,ий,є,ить,його",",,一个,一个,它的,它,它"
MAGICSNAIL_NAME,Magic Snail,Magiscargot,Lumagica,マジカスネイル,매지컬 달팽이,Magicaracol,Magicaracol,Caramujo Mágico,Magiczny Ślimak,Magischneck,Волшебная улитка,Чарівний равлик,魔法蜗牛
MAGICSNAIL_DESC,Its shell is unbelievably hard.,Sa coquille est incroyablement dure.,Il suo guscio è incredibilmente duro.,こいつの　からは　しんじられないほど　かたい。,말도 안 되게 단단한 껍질을 지니고 있다.,Su caparazón es increíblemente duro.,Su concha es increíblemente dura.,Sua concha é incrivelmente dura.,Jego skorupa jest niesamowicie twarda.,Sein Haus ist unglaublich hart.,Её раковина невероятно прочная.,Його черепашка неймовірно міцна.,它的壳难以置信的坚硬。
MAGICSNAIL_ART,"The ,the ,A ,a ,its,it,it","Le ,le ,Un ,un ,du ,au ,,le ,x","La ,la ,Una ,una ,della ,alla ,a,la ",,"는,가,를,와,로","El ,el ,Un ,un ,del ,al ,o,el ","El ,el ,Un ,un ,del ,al ,o,el ","O ,o ,Um ,um ,o,seu ,ao ","jego,Magicznego Ślimaka,Magicznemu Ślimakowi,Magicznego Ślimaka,,y,Magicznym Ślimaku","Der ,der ,Ein ,ein ,sein,den ,ihn,vom,,,Magischneck,Magischnecks,Magischneck,Magischneck","волшебная улитка,волшебной улитки,волшебной улитке,волшебную улитку,волшебной улитке,,а,ена,ась,ет,её","чарівний равлик,чарівного равлика,чарівному равлику,чарівного равлика,чарівному равлику,ов,в,ий,є,ить,його",",,一个,一个,它的,它,它"
MANIACTRUCK_NAME,Maniac Truck,Camion mortel,Camion folle,デストラック,데스트럭,Camión maníaco,Camión maníaco,Caminhão Pancada,Szalona Ciężarówka,Manischer Truck,Смертоносная фура,Кровожерна фура,癫狂卡车
MANIACTRUCK_DESC,"What is going to happen next, speeding, reckless driving, or...?","Comment va-t-il vous foncer dessus ?¦ En ligne droite, ou en zigzag ?¦","E dopo che succede? Violare i limiti, guida pericolosa o che?",つぎは　どうくる？　まっすぐか？　ジグザグか？,"다음엔 무슨 짓을 해볼까? 과속, 난폭음전, 아니면...","¿Qué va a pasar después? ¿Exceso de velocidad, conducción imprudente o...?","¿Qué va a pasar ahora? Exceso de velocidad, conducción temeraria, o...","O que vem depois? Excesso de velocidade, condução imprudente ou...","I co jeszcze? Przekroczenie prędkości, nieostrożna jazda, czy...","Was passiert als nächstes: Rasen, rücklichtsloses Fahren, oder ...","Какой же будет исход? Превышение скорости, опасное вождение или...","Що ж далі? Перевищення швидкості, лихацькі маневри, чи...?",接下来会发生什么，是超速、鲁莽驾驶，还是…？
MANIACTRUCK_ART,"The ,the ,A ,a ,its,it,it","Le ,le ,Un ,un ,du ,au ,,le ,x","Il ,il ,Un ,un ,del ,al ,o,il ",,"은,이,을,과,으로","El ,el ,Un ,un ,del ,al ,o,el ","El ,el ,Un ,un ,del ,al ,o,el ","O ,o ,Um ,um ,o,seu ,ao ","jej,Szalonej Ciężarówki,Szalonej Ciężarówce,Szaloną Ciężarówkę,a,a,Szalonej Ciężarówce","Der ,der ,Ein ,ein ,sein,den ,ihn,vom,,,Manische Truck,Manischen Trucks,Manischen Truck,Manischen Truck","смертоносная фура,смертоносной фуры,смертоносной фуре,смертоносную фуру,смертоносной фуре,,а,ена,ась,ет,её","кровожерна фура,кровожерної фури,кровожерній фурі,кровожерну фуру,кровожерній фурі,,ла,а,є,ить,її",",,一个,一个,它的,它,它"
MEGABORG_NAME,Megaborg,Méga-Borg,Mega-Borg,メガボーグ,메가보그,Mega-Borg,Mega-Borg,Megaborg,Megaborg,Megaborg,Мегаборг,Мегаборг,百万博格
MEGABORG_DESC,Special armor protects it from PSI attacks.,Son armure spéciale le protège des attaques PSI.,Un'armatura speciale lo protegge dagli attacchi PSI.,PSIこうげきから　みをまもる\nとくしゅな　よろいを　きている。,PSI 공격을 막아주는 특별한 갑옷을 두르고 있다.,Una armadura especial protege del ataque PSI.,Una armadura especial lo protege de los ataques PSI.,Sua armadura especial o protege contra ataques PSI.,Specjalny pancerz chroni go przed atakami PSI.,Die besondere Panzerung schützt vor PSI-Angriffen.,Особые доспехи защищают его от психоатак.,Особливі обладунки захищають його від психоатак.,他特殊材质的护甲可以抵御PSI攻击。
MEGABORG_ART,"The ,the ,A ,a ,its,it,it","Le ,le ,Un ,un ,du ,au ,,le ,x","Il ,il ,Un ,un ,del ,al ,o,il ",,"는,가,를,와,로","El ,el ,Un ,un ,del ,al ,o,el ","El ,el ,Un ,un ,del ,al ,o,el ","A ,a ,Uma ,uma ,a,sua ,à ","jego,Megaborga,Megaborgowi,Megaborga,,y,Megaborgu","Das ,das ,Ein ,ein ,sein,das ,es,vom,,,Megaborg,Megaborgs,Megaborg,Megaborg","мегаборг,мегаборга,мегаборгу,мегаборга,мегаборге,,,ён,ся,ет,его","мегаборг,мегаборга,мегаборгу,мегаборга,мегаборгу,ов,в,ий,є,ить,його",",,一个,一个,它的,它,它"
MOMSEYES_NAME,Momseyes,Maman zieux,Mamma occhi,ビュビー,뷰비,Mamá Ojos,Ojos Mamá,Olhosmãe,Matczyne Oczy,Mamasblick,Мамины глазоньки,Мамочі,眼珠妈妈
MOMSEYES_DESC,Momseyes will spot you for sure.,Cette maman voit clair dans votre jeu ¦,Mamma occhi ti vedrà di sicuro.,ママは　なんでも　おみとおし！,날 계속 찾아 바라보고 있다.,Los mamá ojos te detectarán con seguridad.,Los Ojos Mamá te detectarán con certeza,Não dá para esconder nada da Olhosmãe.,Nie przejdziesz obok nich niezauważony.,Mamasblick wird dich sicher finden.,Они обязательно тебя найдут.,Знайдуть тебе де завгодно.,眼珠妈妈必定会察觉到你的行踪。
MOMSEYES_ART,"The ,the ,A ,a ,its,it,it","La ,la ,Une ,une ,de la ,à la ,e,la ,se","La ,la ,Una ,una ,della ,alla ,a,la ",,"는,가,를,와,로",",,,,de ,a ,a,la ",",,,,de ,a ,a,la ","A ,a ,Uma ,uma ,a,sua ,à ","jej,Matczynych Oczu,Matczynym Oczom,Matczyne Oczy,a,a,Matczynych Oczach",",,,,sein,,ihn,von,,,Mamasblick,Mamasblicks,Mamasblick,Mamasblick","мамины глазоньки,маминых глазонек,маминым глазонькам,мамины глазоньки,маминых глазоньках,,и,ены,ись,ют,их","мамочі,мамочей,мамочам,мамочі,мамочах,,ли,і,ють,ять,їх",",,一个,一个,它的,它,它"
MOOK_NAME,Mook,Mook,Mook,ムーク,무크,Mook,Mook,Mook,Mook,Mook,Мук,Мук,穆克
MOOK_DESC,It uses various PSI attacks.,Cette créature maîtrise toutes sortes de PSI à la perfection.,Usa diversi attacchi PSI.,さまざまな　PSIを　つかいこなす。,다채로운 PSI를 사용한다.,Utiliza varios ataques PSI.,Puede usar varios ataques PSI.,Pode usar vários ataques PSI.,Używa różnych ataków PSI.,Verwendet verschiedene PSI-Angriffe.,Он использует различные психоатаки.,Використовує різні ПСИ атаки.,它可以使用种类繁多的PSI技能。
MOOK_ART,"The ,the ,A ,a ,its,it,it","Le ,le ,Un ,un ,du ,au ,,le ,x","Il ,il ,Un ,un ,del ,al ,o,il ",,"는,가,를,와,로","El ,el ,Un ,un ,del ,al ,o,el ","El ,el ,Un ,un ,del ,al ,o,el ","O ,o ,Um ,um ,o,seu ,ao ","jego,Mooka,Mookowi,Mooka,,y,Mooku","Das ,das ,Ein ,ein ,sein,das ,es,vom,,,Mook,Mooks,Mook,Mook","мук,мука,муку,мука,муке,,,ён,ся,ет,его","мук,мука,муку,мука,муку,ов,в,ий,є,ить,його",",,一个,一个,它的,它,它"
MOSQUITO_NAME,Mosquito,Moustique,Zanzara,カ,모기,Mosquito,Mosquito,Mosquito,Komar,Mücke,Комар,Комар,蚊虫
MOSQUITO_DESC,,,,,,,,,,,,,
MOSQUITO_ART,"The ,the ,A ,a ,its,it,it","Le ,le ,Un ,un ,du ,au ,,le ,x","La ,la ,Una ,una ,della ,alla ,a,la ",,"는,가,를,와,로","El ,el ,Un ,un ,del ,al ,o,el ","El ,el ,Un ,un ,del ,al ,o,el ","O ,o ,Um ,um ,o,seu ,ao ","jego,Komara,Komarowi,Komara,,y,Komarze","Die ,die ,Eine ,eine ,ihr,die ,sie,von der,,,Mücke,Mücke,Mücke,Mücke","комар,комара,комару,комара,комаре,,,ён,ся,ет,его","комар,комара,комару,комара,комарі,ов,в,ий,є,ить,його",",,一个,一个,它的,它,它"
MRBATTY_NAME,Mr. Batty,M. Batou,Sig. Strello,こうもりさん,박쥐씨,Sr. Murchiflado,Sr. Murchiflado,Sr. Morceguinho,Pan Nietoperek,Herr Fledi,Мистер Мышкинс,Містер Кажанчик,蝙蝠先生
MRBATTY_DESC,Life itself is a puzzle to Mr. Batty,La vie elle-même est une énigme pour M. Batou.,La vita stessa è un mistero per il Sig. Strello.,かれにとって　じんせいとは　パズルのような　ものらしい。,그에게 삶이란 퍼즐과도 같다.,La vida es un enigma para el Sr. Murchiflado.,La vida misma es un rompecabezas para el Sr. Murchiflado.,A vida é confusa para o Sr. Morceguinho.,"Dla Pana Nietoperka, życie samo w sobie jest zagadką.",Das Leben selbst ist ein Rätsel für Herr Fledi.,Жизнь для мистера Мышкинса — одна большая загадка.,Саме життя для містера Кажанчика — велика загадка.,生活本身对蝙蝠先生来说是一个谜。
MRBATTY_ART,",,,,its,it,it",",,,,de ,à ,,le ,x","Il ,il ,Un ,un ,del ,al ,o,il ",,"는,가,를,와,로",",,,,de ,a ,o,el ","El ,el ,Un ,un ,del ,al ,o,el ","O ,o ,Um ,um ,o,seu ,ao ","jego,Pana Nietoperka,Panu Nietoperkowi,Pana Nietoperka,,y,Panu Nietoperku",",,,,sein,,ihn,von,,,Herr Fledi,Herr Fledis,Herr Fledi,Herr Fledi","мистер Мышкинс,мистера Мышкинса,мистеру Мышкинсу,мистера Мышкинса,мистере Мышкинсе,,,ён,ся,ет,его","містер Кажанчик,містера Кажанчика,містеру Кажанчику,містера Кажанчика,містеру Кажанчику,ов,в,ий,є,ить,його",",,,,它的,它,它"
NANCY_NAME,Nancy,Nancy,Nancy,ジェーン,제인,Nancy,Nancy,Nancy,Joanna,Nancy,Нэнси,Ненсі,南希
NANCY_DESC,Do not be tricked by her smile.,Ne vous laissez pas berner par son sourire ¦,Non farti ingannare dal suo sorriso.,かのじょの　えがおに　だまされるな。,그녀의 아름다운 미소에 현혹되지 말 것.,No te dejes engañar por su sonrisa.,No te dejes engañar por su sonrisa.,Não seja iludido pelo seu sorriso.,Nie daj się zwieść jej uśmiechowi.,Lass dich nicht von ihrem Lächeln täuschen.,Смотри в оба — её улыбка обманчива!,Не втрачай пильності - її посмішка оманлива.,别让她的笑容迷惑了你。
NANCY_ART,",,,,her,she,her",",,,,de ,à ,e,la ,se",",,,,di ,a ,a,la ",,"은,이,을,과,으로",",,,,de ,a ,a,la ",",,,,de ,a ,a,la ",",,,,a,sua ,à ","jej,Joanny,Joannie,Joannę,a,a,Joannie",",,,,ihr,,sie,von,,,Nancy,Nancys,Nancy,Nancy","Нэнси,Нэнси,Нэнси,Нэнси,Нэнси,,а,ена,ась,ет,её","Ненсі,Ненсі,Ненсі,Ненсі,Ненсі,,ла,а,є,ить,її",",,,,她的,她,她"
NASTYZOMBIE_NAME,Nasty Zombie,Zombie cruel,Zombi violento,ぼうりょくゾンビ,폭력적인 좀비,Zombi desagradable,Zombi despreciable,Zumbi Desprezível,Paskudny Zombie,Krimineller Zombie,Противный зомби,Мерзенний зомбі,狂暴丧尸
NASTYZOMBIE_DESC,It attacks with bare hands.,Un individu violent qui ne manque pas une occasion de frapper.,Attacca a mani nude.,いきなり　すでで　なぐりかかってくる　らんぼうな　やつ。,맨손으로 공격한다.,Ataca con las manos desnudas.,Te atacará a puño limpio.,Ele luta com as próprias mãos.,Atakuje gołymi rękami.,Er greift mit bloßen Händen an.,Атакует голыми руками.,Б'ється голими руками.,它会赤手空拳地发起攻击。
NASTYZOMBIE_ART,"The ,the ,A ,a ,its,it,it","Le ,le ,Un ,un ,du ,au ,,le ,x","Lo ,lo ,Uno ,uno ,dello ,allo ,o,il ",,"는,가,를,와,로","El ,el ,Un ,un ,del ,al ,o,el ","El ,el ,Un ,un ,del ,al ,o,el ","O ,o ,Um ,um ,o,seu ,ao ","jego,Paskudnego Zombie,Paskudnemu Zombie,Paskudnego Zombie,,y,Paskudnym Zombie","Der ,der ,Ein ,ein ,sein,den ,ihn,vom,,,Kriminelle Zombie,Kriminellen Zombies,Kriminellen Zombie,Kriminellen Zombie","противный зомби,противного зомби,противному зомби,противного зомби,противном зомби,,,ён,ся,ет,его","мерзенний зомбі,мерзенного зомбі,мерзенному зомбі,мерзенного зомбі,мерзенному зомбі,ов,в,ий,є,ить,його",",,一个,一个,它的,它,它"
NUCLEARENERGYROBOT_NAME,Nuclear Energy Robot,Super robot atomique,Super Robot energetico,スーパーエナジーロボ,핵연료 로봇,Robot energético nuclear,Robot energético nuclear,Robô Energético Nuclear,Robot Jądrowy,Nuklearer Energieroboter,Атомный энергобот,Ядерний робот,核能机器人
NUCLEARENERGYROBOT_DESC,There's plenty of fuel inside.,Il est capable de contenir une grande quantité de carburant.,C'è un bel po' di carburante.,ねんりょう　たっぷりだ。,연료는 가득 차 있다.,Hay mucho combustible dentro.,Tiene mucho combustible dentro.,Tem bastante combustível dentro dele.,W środku jest mnóstwo paliwa.,In ihm ist jede Menge Kraftstoff.,Вмещает гораздо больше топлива.,Палива у ньому — по саму зав'язку.,里面有着充足的燃料。
NUCLEARENERGYROBOT_ART,"The ,the ,A ,a ,its,it,it","Le ,le ,Un ,un ,du ,au ,,le ,x","Il ,il ,Un ,un ,del ,al ,o,il ",,"은,이,을,과,으로","El ,el ,Un ,un ,del ,al ,o,el ","El ,el ,Un ,un ,del ,al ,o,el ","O ,o ,Um ,um ,o,seu ,ao ","jego,Robota Jądrowego,Robotowi Jądrowemu,Robota Jądrowego,,y,Robocie Jądrowym","Der ,der ,Ein ,ein ,sein,den ,ihn,vom,,,Nukleare Energieroboter,Nuklearen Energieroboters,Nuklearen Energieroboter,Nuklearen Energieroboter","атомный энергобот,атомного энергобота,атомному энергоботу,атомного энергобота,атомном энергоботе,,,ён,ся,ет,его","ядерний робот,ядерного робота,ядерному роботу,ядерного робота,ядерному роботі,ов,в,ий,є,ить,його",",,一个,一个,它的,它,它"
OCTOBOT_NAME,Octobot,Octobot,Polpobot,マル・デ・タコ,옥토봇,Pulpobot,Octobot,Robô-Polvo,Ośmiornibot,Oktobot,Осьмибот,Восьмибот,章鱼机器人
OCTOBOT_DESC,,,,,,,,,,,,,
OCTOBOT_ART,"The ,the ,An ,an ,its,it,it","L',l',Un ,un ,de l',à l',,le ,x","Il ,il ,Un ,un ,del ,al ,o,il ",,"는,가,를,와,로","El ,el ,Un ,un ,del ,al ,o,el ","El ,el ,Un ,un ,del ,al ,o,el ","O ,o ,Um ,um ,o,seu ,ao ","jego,Ośmiornibota,Ośmiornibotowi,Ośmiornibota,,y,Ośmiornibocie","Der ,der ,Ein ,ein ,sein,den ,ihn,vom,,,Oktobot,Oktobots,Oktobot,Oktobot","осьмибот,осьмибота,осьмиботу,осьмибота,осьмиботе,,,ён,ся,ет,его","восьмибот,восьмибота,восьмиботу,восьмибота,восьмиботі,ов,в,ий,є,ить,його",",,一个,一个,它的,它,它"
OLDROBOT_NAME,Old Robot,Vieux robot,Vecchio robot,オールドロボ,황금 로봇,Robot viejo,Robot viejo,Robô Enferrujado,Stary Robot,Alter Roboter,Старый робот,Старий робот,旧型机器人
OLDROBOT_DESC,This robot does not sleep.,Ce robot ne dort jamais.,Questo robot non dorme.,ロボットを　ねむらせることは　できないだろう。,나름 로봇이라고 잠에 들지 않는다.,Este robot no duerme.,Este robot no duerme.,Este robô não dorme.,Ten robot nigdy nie zasypia.,Dieser Roboter schläft nicht.,Этот робот никогда не спит.,Цей робот не спить.,这个机器人从不睡觉。
OLDROBOT_ART,"The ,the ,An ,an ,its,it,it","Le ,le ,Un ,un ,du ,au ,,le ,x","Il ,il ,Un ,un ,del ,al ,o,il ",,"은,이,을,과,으로","El ,el ,Un ,un ,del ,al ,o,el ","El ,el ,Un ,un ,del ,al ,o,el ","O ,o ,Um ,um ,o,seu ,ao ","jego,Starego Robota,Staremu Robotowi,Starego Robota,,y,Starym Robocie","Der ,der ,Ein ,ein ,sein,den ,ihn,vom,,,Alte Roboter,Alten Roboters,Alten Roboter,Alten Roboter","старый робот,старого робота,старому роботу,старого робота,старом роботе,,,ён,ся,ет,его","старий робот,старого робота,старому роботу,старого робота,старому роботі,ов,в,ий,є,ить,його",",,一个,一个,它的,它,它"
OMEGABARBOT_NAME,Omega Barbot,Oméga-barrebot,Barbot omega,ラストバーボット,오메가 바보트,Omega Barbot,Omega Barbot,Bar-bô Ômega,Omega Barbot,Omega-Barbot,Омега-прутобот,Омега стержнебот,终极酒保机器人
OMEGABARBOT_DESC,"Despite its appearance, it is quite heavy.","Il pèse très lourd, malgré les apparences.","Nonostante l'aspetto, è piuttosto pesante.",みためにはんして、かなり　おもたい。,보기보다 무겁다.,"A pesar de su apariencia, es bastante pesado.","A pesar de su apariencia, pesa bastante.","Apesar da aparência, ele é bem pesado.","Nie wygląda na zbyt ciężkiego, ale pozory mylą.",Trotz seines Aussehens ist er ziemlich schwer.,"Несмотря на его внешний вид, он довольно тяжёлый.","Незважаючи на його зовнішній вигляд, він досить важкий.",尽管它看上去很轻，但实际相当重。
OMEGABARBOT_ART,"The ,the ,An ,an ,its,it,it","L',l',Un ,un ,de l',à l',,le ,x","Il ,il ,Un ,un ,del ,al ,o,il ",,"는,가,를,와,로","El ,el ,Un ,un ,del ,al ,o,el ","El ,el ,Un ,un ,del ,al ,o,el ","O ,o ,Um ,um ,o,seu ,ao ","jego,Omega Barbota,Omega Barbotowi,Omega Barbota,,y,Omega Barbocie","Der ,der ,Ein ,ein ,sein,den ,ihn,vom,,,Omega-Barbot,Omega-Barbots,Omega-Barbot,Omega-Barbot","омега-прутобот,омега-прутобота,омега-прутоботу,омега-прутобота,омега-прутоботе,,,ён,ся,ет,его","омега стержнебот,омега стержнебота,омега стержнеботу,омега стержнебота,омега стержнеботі,ов,в,ий,є,ить,його",",,一个,一个,它的,它,它"
OMEGABORG_NAME,Omega Borg,Oméga-borg,Omega Borg,ラストボーグ,오메가 보그,Omega-Borg,Omega-Borg,Ômega-Borg,Omega Borg,Omega-Borg,Омегаборг,Омега борг,终极博格
OMEGABORG_DESC,Strong as an ox.,Il est extrêmement puissant.,Forte come un bue.,おにの　ように　つよい。,들소에 버금가는 힘의 소유자다.,Es fuerte como un buey.,Es tan fuerte como un buey.,Forte como um touro.,Silny niczym wół.,Stark wie ein Ochse.,Силён как бык.,Сильний як бик.,强壮如牛。
OMEGABORG_ART,"The ,the ,An ,an ,its,it,it","L',l',Un ,un ,de l',à l',,le ,x","L',l',Un ,un ,dell',all',o,il ",,"는,가,를,와,로","El ,el ,Un ,un ,del ,al ,o,el ","El ,el ,Un ,un ,del ,al ,o,el ","O ,o ,Um ,um ,o,seu ,ao ","jego,Omega Borga,Omega Borgowi,Omega Borga,,y,Omega Borgowi","Das ,das ,Ein ,ein ,sein,das ,es,vom,,,Omega-Borg,Omega-Borgs,Omega-Borg,Omega-Borg","омегаборг,омегаборга,омегаборгу,омегаборга,омегаборге,,,ён,ся,ет,его","омега борг,омега борга,омега боргу,омега борга,омега боргу,ов,в,ий,є,ить,його",",,一个,一个,它的,它,它"
OMEGASAUCER_NAME,Omega Saucer,Soucoupe oméga,Disco filante,オメガソーサー,오메가 소서,Platillo omega,Platillo omega,OVNI Ômega,Omega Spodek,Omega-Untertasse,Омега-тарелка,Омега тарілочка,终极飞碟
OMEGASAUCER_DESC,This is as big as a manhole cover.,Elle est à peu près aussi grande qu'une plaque d'égout...,Questo è grande quanto il coperchio di un tombino.,マンホールの　ふたと　おなじくらいの　おおきさなのだが。,맨홀 뚜껑만 하다.,Esto es tan grande como una tapa de alcantarilla.,Es tan grande como una tapa de alcantarilla.,É do tamanho de uma tampa de bueiro.,Duży jak właz do studzienki.,So groß wie ein Gulli.,По размеру как канализационный люк.,За розміром як каналізаційний люк.,这个和下水道井盖一样大。
OMEGASAUCER_ART,"The ,the ,An ,an ,its,it,it","La ,la ,Une ,une ,de la ,à la ,e,la ,se","Il ,il ,Un ,un ,del ,al ,o,il ",,"는,가,를,와,로","El ,el ,Un ,un ,del ,al ,o,el ","El ,el ,Un ,un ,del ,al ,o,el ","O ,o ,Um ,um ,o,seu ,ao ","jego,Omega Spodka,Omega Spodkowi,Omega Spodka,,y,Omega Spodku","Die ,die ,Eine ,eine ,ihr,die ,sie,von der,,,Omega-Untertasse,Omega-Untertasse,Omega-Untertasse,Omega-Untertasse","омега-тарелка,омега-тарелки,омега-тарелке,омега-тарелку,омега-тарелке,,а,ена,ась,ет,её","омега тарілочка,омега тарілочки,омега тарілочці,омега тарілочки,омега тарілочціі,,ла,а,є,ить,її",",,一个,一个,它的,它,它"
PILLOW_NAME,Pillow,Oreiller,Cuscino,まくら,베개,Almohada,Almohada,Travesseiro,Poduszka,Kissen,Подушка,Подушка,枕头
PILLOW_DESC,It doesn't hit very hard.,Il ne peut pas vous faire bien mal.,Non fa molto male.,フワフワで　やわらかい。,보송보송하고 부드럽다.,No golpea muy fuerte.,No parece ser muy fuerte.,Prepare-se para uma briga de travesseiro!,Nie uderza zbyt mocno.,Hat keine große Angriffskraft.,Сильно не бьёт.,Вдаряє не сильно.,轻飘飘，软乎乎的，被它打中也不怎么疼。
PILLOW_ART,"The ,the ,A ,a ,its,it,it","L',l',Un ,un ,de l',à l',,le ,x","Il ,il ,Un ,un ,del ,al ,o,il ",,"는,가,를,와,로","La ,la ,Una ,una ,de la ,a la ,a,la ","La ,la ,Una ,una ,de la ,a la ,a,la ","O ,o ,Um ,um ,o,seu ,ao ","jej,Poduszki,Poduszce,Poduszkę,a,a,Poduszce","Das ,das ,Ein ,ein ,sein,das ,es,vom,,,Kissen,Kissens,Kissen,Kissen","подушка,подушки,подушке,подушку,подушке,,а,ена,ась,ет,её","подушка,подушки,подушці,подушку,подушці,,ла,а,є,ить,її",",,一个,一个,它的,它,它"
PIPPI_NAME,,,,,,,,,,,,,
PIPPI_DESC,,,,,,,,,,,,,
PIPPI_ART,",,,,her,she,her",",,,,d[elision:Pippi],à ,e,la ,se",",,,,di ,a ,a,la ",,"[particle:Pippi:0],[particle:Pippi:1],[particle:Pippi:2],[particle:Pippi:3],[particle:Pippi:4]",",,,,de ,a ,a,la ",",,,,de ,a ,a,la ","A ,a ,Uma ,uma ,a,sua ,à ","jej,[decline:Pippi:F:1],[decline:Pippi:F:2],[decline:Pippi:F:3],a,a,[decline:Pippi:F:5]",",,,,ihr,,sie,von,,,[Pippi],[genitive:Pippi],[Pippi],[Pippi]","[Pippi],[decline:Pippi:F:1],[decline:Pippi:F:2],[decline:Pippi:F:3],[decline:Pippi:F:4],,а,ена,ась,ет,её","[Pippi],[decline:Pippi:F:1],[decline:Pippi:F:2],[decline:Pippi:F:3],[decline:Pippi:F:5],,ла,а,є,ить,її",",,,,她的,她,她"
POLARBEAR_NAME,Polar Bear,Ours polaire,Orso polare,しろくま,흰곰,Oso polar,Oso polar,Urso Polar,Miś Polarny,Eisbär,Белый медведь,Білий ведмідь,北极熊
POLARBEAR_DESC,"His chair was broken, and he isn't very happy!",Sa chaise s'est cassée et maintenant il est VRAIMENT de mauvais poil ¦,"Qualcuno gli ha rotto la sedia, e ora è su tutte le furie!",じぶんの　いすが　こわれて　きげんが　すこぶる\nよくない！,의자 하나가 부서져 언짢아하고 있다.,¡Se le rompió la silla y no está muy contento!,"¡Se le rompió la silla, y no le ha hecho mucha gracia!",Alguém quebrou sua cadeira e ele não está nada feliz com isso!,Krzesło mu się złamało i nie jest zbyt szczęśliwy!,Sein Stuhl ist kaputt und er ist nicht gerade glücklich darüber!,Кто-то сломал его стул и он крайне этим недоволен!,"Його стілець зламався, і він цим не дуже щасливий!",他的椅子坏掉了，他对此不太高兴！
POLARBEAR_ART,"The ,the ,A ,a ,its,it,it","L',l',Un ,un ,de l',à l',,le ,x","L',l',Un ,un ,dell',all',o,il ",,"은,이,을,과,으로","El ,el ,Un ,un ,del ,al ,o,el ","El ,el ,Un ,un ,del ,al ,o,el ","O ,o ,Um ,um ,o,seu ,ao ","jego,Misia Polarnego,Misiowi Polarnemu,Misia Polarnego,,y,Misiu Polarnym","Der ,der ,Ein ,ein ,sein,den ,ihn,vom,,,Eisbär,Eisbären,Eisbären,Eisbären","белый медведь,белого медведя,белому медведю,белого медведя,белом медведе,,,ён,ся,ет,его","білий ведмідь,білого ведмедя,білому ведмедю,білого ведмедя,білому ведмеді,ов,в,ий,є,ить,його",",,一个,一个,它的,它,它"
PSEUDOZOMBIE_NAME,Pseudo Zombie,Pseudo-zombie,Pseudo-zombi,ゾンビもどき,가짜 좀비,Pseudo-zombi,Pseudo-zombi,Pseudo-Zumbi,Pseudo Zombie,Pseudo-Zombie,Полузомби,Псевдозомбі,拟态丧尸
PSEUDOZOMBIE_DESC,Watch out for further sneak attacks.,Attention à ses attaques sournoises ¦,Attenzione ai suoi attacchi a sorpresa.,しつこい　ふいうちに　きをつけろ。,끈질긴 기습을 조심하라.,Cuidado con más ataques furtivos.,Cuidado con sus ataques furtivos.,Cuidado com os seus ataques furtivos.,Uważaj na kolejne ataki z ukrycia.,Pass auf hinterrückse Angriffe auf.,Остерегайся его скрытных атак.,Стережися його інших хитрощів.,小心他进一步的突袭。
PSEUDOZOMBIE_ART,"The ,the ,A ,a ,his,he,him","Le ,le ,Un ,un ,du ,au ,,le ,x","Lo ,lo ,Uno ,uno ,dello ,allo ,o,il ",,"는,가,를,와,로","El ,el ,Un ,un ,del ,al ,o,el ","El ,el ,Un ,un ,del ,al ,o,el ","O ,o ,Um ,um ,o,seu ,ao ","jego,Pseudo Zombie,Pseudo Zombie,Pseudo Zombie,,y,Pseudo Zombie","Der ,der ,Ein ,ein ,sein,den ,ihn,vom,,,Pseudo-Zombie,Pseudo-Zombies,Pseudo-Zombie,Pseudo-Zombie","полузомби,полузомби,полузомби,полузомби,полузомби,,,ён,ся,ет,его","псевдозомбі,псевдозомбі,псевдозомбі,псевдозомбі,псевдозомбі,ов,в,ий,є,ить,його",",,一个,一个,他的,他,他"
PSYCHOCAR_NAME,Psycho Car,Voiture démoniaque,Auto psicopatica,デビルカー,데빌카,Coche psicópata,Coche psicópata,Carro Psicopata,Psycho Auto,Psycho-Auto,Чокнутая тачка,Скажена машина,疯癫汽车
PSYCHOCAR_DESC,It's the vehicular psycho!,L'engin a dû perdre les boulons ¦,È la pazzia del guidare!,あくまの　くるま！,차에 최면술 따윈 통하지 않는다!,¡Es el psicópata vehicular!,¡Es el psicópata vehicular!,Ele não dá seta e faz coisas ainda piores!,To ten psychol samochodowy!,Es ist ein motorisierter Psycho!,Эта машина с катушек съехала!,Ця машина збожеволіла!,那个汽车一定着魔了！
PSYCHOCAR_ART,"The ,the ,A ,a ,its,it,it","La ,la ,Une ,une ,de la ,à la ,e,la ,se","L',l',Un',un',dell',all',a,la ",,"는,가,를,와,로","El ,el ,Un ,un ,del ,al ,o,el ","El ,el ,Un ,un ,del ,al ,o,el ","O ,o ,Um ,um ,o,seu ,ao ","jego,Psycho Auta,Psycho Autu,Psycho Auto,,y,Psycho Aucie","Das ,das ,Ein ,ein ,sein,das ,es,vom,,,Psycho-Auto,Psycho-Autos,Psycho-Auto,Psycho-Auto","чокнутая тачка,чокнутой тачки,чокнутой тачке,чокнутую тачку,чокнутой тачке,,а,ена,ась,ет,её","скажена машина,скаженої машини,скаженій машині,скажену машину,скаженій машині,,ла,а,є,ить,її",",,一个,一个,它的,它,它"
PSYCHOTRUCK_NAME,Psycho Truck,Camion démoniaque,Camion psicopatico,デビルトラック,데빌 트럭,Camión psicópata,Camión psicópata,Caminhão Psicopata,Psycho Ciężarówa,Psycho-Truck,Чокнутая фура,Скажена фура,疯癫卡车
PSYCHOTRUCK_DESC,This truck won't stop until it has finished its job.,Ce camion ne s'arrêtera pas avant d'avoir terminé sa besogne.,Questo camion non si fermerà finché non avrà finito il lavoro.,じごくのはてまで　おいかけてくる！,트럭에 최면술 따윈 통하지 않는다!,Este camión no parará hasta haber terminado su trabajo.,Este camión no parará hasta haber terminado su trabajo.,Esse caminhão não vai parar até terminar o serviço.,"Ta ciężarówa nie zatrzyma się, dopóki nie wykona swojego zadania.","Der Truck wird erst anhalten, wenn er seine Arbeit erledigt hat.","Эта фура не остановится, пока не закончит свою работу.","Ця фура не зупиниться, доки не досягне свого.",这辆卡车在完成工作之前不会停止。
PSYCHOTRUCK_ART,"The ,the ,A ,a ,its,it,it","Le ,le ,Un ,un ,du ,au ,,le ,x","Il ,il ,Un ,un ,del ,al ,o,il ",,"은,이,을,과,으로","El ,el ,Un ,un ,del ,al ,o,el ","El ,el ,Un ,un ,del ,al ,o,el ","O ,o ,Um ,um ,o,seu ,ao ","jego,Psycho Ciężarówy,Psycho Ciężarówie,Psycho Ciężarówę,,y,Psycho Ciężarówie","Der ,der ,Ein ,ein ,sein,den ,ihn,vom,,,Psycho-Truck,Psycho-Trucks,Psycho-Truck,Psycho-Truck","чокнутая фура,чокнутой фуры,чокнутой фуре,чокнутую фуру,чокнутой фуре,,а,ена,ась,ет,её","скажена фура,скаженої фури,скаженій фурі,скажену фуру,скаженій фурі,,ла,а,є,ить,її",",,一个,一个,它的,它,它"
PUTRIDMOLDYMAN_NAME,Putrid Moldyman,Malêtre putride,Uomuffa putrido,カビクサイマン,곰팡내맨,Hombre putrido,Mohosus Putridus,Pútrido Mofoso,Zgniły Pleśnioman,Fauliger Schimmelmann,Гниющий плесневень,Гніючий пліснявик,霉人
PUTRIDMOLDYMAN_DESC,He's just a pile of mold.,Il n'est rien d'autre qu'un amas de moisissure.,È solo un mucchio di muffa.,カビだらけだ！,"우웩, 곰팡이가 잔뜩 피었다.",Es sólo un montón de moho.,Solo es un mónton de moho.,É só uma pilha de mofo.,Jest po prostu kupą pleśni.,Er ist nur ein Haufen Schimmel.,Он просто куча плесени.,Просто купа плісняви.,他看着像一堆霉菌。
PUTRIDMOLDYMAN_ART,"The ,the ,A ,a ,his,he,him","Le ,le ,Un ,un ,du ,au ,,le ,x","L',l',Un ,un ,dell',all',o,il ",,"은,이,을,과,으로","El ,el ,Un ,un ,del ,al ,o,el ","El ,el ,Un ,un ,del ,al ,o,el ","O ,o ,Um ,um ,o,seu ,ao ","jego,Zgniłego Pleśniomana,Zgniłemu Pleśniomanowi,Zgniłego Pleśniomana,,y,Zgniłym Pleśniomanie","Der ,der ,Ein ,ein ,sein,den ,ihn,vom,,,Faulige Schimmelmann,Fauligen Schimmelmannes,Fauligen Schimmelmann,Fauligen Schimmelmann","гниющий плесневень,гниющего плесневеня,гниющему плесневеню,гниющего плесневеня,гниющем плесневене,,,ён,ся,ет,его","гніючий пліснявик,гніючого пліснявика,гніючому пліснявику,гніючого пліснявика,гніючому пліснявику,ов,в,ий,є,ить,його",",,一个,一个,他的,他,他"
R7037_NAME,R7307,R-7037,R*7037,Ｒ｀７０３７,R7037,R7037,R7037,R7307,R7037,R-7037,R-7307,R7307,R7307号
R7037_DESC,He is absolutely huge!,Il est absolument gigantesque ¦,È assolutamente enorme!,なんて　おおきいんだ！,무지막지하게 크다!,¡Es absolutamente enorme!,¡Es absolutamente enorme!,Ele é enorme!,Jest niesamowicie wielki!,Er ist gigantisch!,Он гигантский!,Він гігантський!,他非常巨大！
R7037_ART,",,,,his,he,him",",,,,de ,à ,,le ,x",",,,,di ,a ,o,il ",,"은,이,을,과,로",",,,,de ,a ,o,el ",",,,,de ,a ,o,el ",",,,,o,seu ,ao ","jego,R7037,R7037,R7037,,y,R7037",",,,,sein,,ihn,von,,,R-7037,R-7037s,R-7037,R-7037","R-7307,R-7307,R-7307,R-7307,R-7307,,,ён,ся,ет,его","R7307,R7307,R7307,R7307,R7307,ов,в,ий,є,ить,його",",,,,他的,他,他"
R7038_NAME,R7308,R-7038,R*7038,Ｒ｀７０３８,R7038,R7038,R7038,R7308,R7308,R-7308,R-7308,R7308,R7308号
R7038_DESC,Is there any way to defeat him?,Existe-t-il réellement un moyen de le vaincre ?,C'è modo di sconfiggerlo?,こいつを　たおす　ほうほうは　はたして　あるのだろうか？,이기는 게 가능하긴 할까?,¿Hay alguna forma de derrotarlo?,¿Hay alguna forma de derrotarlo?,"E agora, quem poderá nos defender?","Czy jest jakikolwiek sposób, by go pokonać?",Kann man ihn überhaupt besiegen?,Его вообще возможно победить?,Чи його взагалі можливо перемогти?,有什么办法打败他吗？
R7038_ART,",,,,his,he,him",",,,,de ,à ,,le ,x",",,,,di ,a ,o,il ",,"은,이,을,과,로",",,,,de ,a ,o,el ",",,,,de ,a ,o,el ",",,,,o,seu ,ao ","jego,R7308,R7308,R7308,,y,R7308",",,,,sein,,ihn,von,,,R-7308,R-7308s,R-7308,R-7308","R-7308,R-7308,R-7308,R-7308,R-7308,,,ён,ся,ет,его","R7308,R7308,R7308,R7308,R7308,ов,в,ий,є,ить,його",",,,,他的,他,他"
R7038XX_NAME,R7308XX,R-7038XX,R*7038XX,Ｒ｀７０３８ＸＸ,R7038XX,R7038XX,R7038XX,R7308XX,R7308XX,R-7308XX,R-7308XX,R7308XX,R7308XX号
R7038XX_DESC,"New and, unfortunately, improved.","Il a été rénové, et malheureusement, amélioré.","Nuovo e, purtroppo, migliorato.",あらたに　かいりょうされ　さらに　つよく　なっている。,더욱 새롭게 강화되었다.,"Nuevo y por desgracia, mejorado.","Nuevo, y por desgracia, mejorado.","Novo e, infelizmente, melhorado.","Nowy i, o zgrozo, ulepszony.",Neu und – leider – verbessert.,"Новый и, к сожалению, усовершенствованный.","Новий та, на жаль, покращений.",新的，更不幸的是，还改进升级了。
R7038XX_ART,",,,,his,he,him",",,,,de ,à ,,le ,x",",,,,di ,a ,o,il ",,"은,이,을,과,으로",",,,,de ,a ,o,el ",",,,,de ,a ,o,el ",",,,,o,seu ,ao ","jego,R7308XX,R7308XX,R7308XX,,y,R7308XX",",,,,sein,,ihn,von,,,R-7308XX,R-7308XX',R-7308XX,R-7308XX","R-7308XX,R-7308XX,R-7308XX,R-7308XX,R-7308XX,,,ён,ся,ет,его","R7308XX,R7308XX,R7308XX,R7308XX,R7308XX,ов,в,ий,є,ить,його",",,,,他的,他,他"
RAEBYDDET_NAME,Raeb Yddet,SruonuoN,Ottesro,ベアル,베알,Olam yum,Olam yum,Aicúlep ed Osru,Śim Ywozsulp,Räbyddet,Акшим йывешюлп,Кидемдев,熊迪泰
RAEBYDDET_DESC,It has strong friends.,Il a des amis fidèles.,Ha amici potenti.,かれには　つよい　なかまが　いる。,주변에 강한 친구들이 많나 보다.,Tiene amigos fuertes.,Tiene amigos fuertes.,Ele tem amigos fortes.,Ma silnych przyjaciół.,Er hat starke Freunde.,У него есть сильные друзья.,Він має сильних друзів.,它拥有强大的同伴。
RAEBYDDET_ART,"The ,the ,A ,a ,its,it,it","Le ,le ,Un ,un ,du ,au ,,le ,x","L',l',Un ,un ,dell',all',o,il ",,"은,이,을,과,로","El ,el ,Un ,un ,del ,al ,o,el ","El ,el ,Un ,un ,del ,al ,o,el ","O ,o ,Um ,um ,o,seu ,ao ","jego,Śima Ywozsulpego,Śimowi Ywozsulpemu,Śima Ywozsulpego,,y,Śimie Ywozsulpowym","Der ,der ,Ein ,ein ,sein,den ,ihn,vom,,,Räbyddet,Räbyddets,Räbyddet,Räbyddet","акшим йывешюлп,акшима йывешюлпа,акшиму йывешюлпу,акшима йывешюлпа,акшиме йывешюлпе,,,ён,ся,ет,его","кидемдев,кидемдева,кидемдеву,кидемдева,кидемдеві,ов,в,ий,є,ить,його",",,一个,一个,它的,它,它"
RAMBLINEVILMUSHROOM_NAME,Ramblin' Evil Mushroom,Champinocif ambulant,Fungo malvagio ambulante,あるくキノコ,걷는 버섯,Trotahongos,Trotaseta,Cogumelo Ambulante,Wędrujący Zły Grzyb,Gemeiner Laufpilz,Злой проходиновик,Поганий крокумор,流浪的邪恶蘑菇
RAMBLINEVILMUSHROOM_DESC,Watch out for its spores.,Faites attention à ses spores.,Attenzione alle sue spore.,ほうしには　きをつけよう。,포자 조심.,Cuidado con sus esporas.,Cuidado con sus esporas.,Cuidado com seus esporos.,Uważaj na jego zarodniki.,Pass auf seine Sporen auf.,Остерегайся его спор!,Стережися його спор.,当心它的孢子。
RAMBLINEVILMUSHROOM_ART,"The ,the ,A ,a ,its,it,it","Le ,le ,Un ,un ,du ,au ,,le ,x","Il ,il ,Un ,un ,del ,al ,o,il ",,"은,이,을,과,으로","El ,el ,Un ,un ,del ,al ,o,el ","La ,la ,Una ,una ,de la ,a la ,a,la ","O ,o ,Um ,um ,o,seu ,ao ","jego,Wędrującego Złego Grzyba,Wędrującemu Złemu Grzybowi,Wędrującego Złego Grzyba,,y,Wędrującym Złym Grzybie","Der ,der ,Ein ,ein ,sein,den ,ihn,vom,,,Gemeine Laufpilz,Gemeinen Laufpilzes,Gemeinen Laufpilz,Gemeinen Laufpilz","злой проходиновик,злого проходиновика,злому проходиновику,злого проходиновика,злом проходиновике,,,ён,ся,ет,его","поганий крокумор,поганого крокумора,поганому крокумору,поганого крокумора,поганому крокуморі,ов,в,ий,є,ить,його",",,一个,一个,它的,它,它"
RAT_NAME,Rat,Rat,Ratto,ねずみ,쥐,Rata,Rata,Rato,Szczur,Ratte,Крыса,Щур,老鼠
RAT_DESC,"A big rat, with a big tail.",Un gros rat avec une longue queue.,"Un ratto enorme, con una coda enorme.",しっぽの　ながい　おおきな　ねずみ。,꼬리가 긴 거대한 쥐.,"Una rata grande, con una gran cola.","Una rata grande, con una cola grande.",Igual àqueles que roíam roupas de reis.,Duży szczur z dużym ogonem.,Eine große Ratte mit großem Rattenschwanz.,Большая крыса с большим хвостом.,Великий щур з великим хвостом.,一只大老鼠，还有一条长尾巴。
RAT_ART,"The ,the ,A ,a ,its,it,it","Le ,le ,Un ,un ,du ,au ,,le ,x","Il ,il ,Un ,un ,del ,al ,o,il ",,"는,가,를,와,로","La ,la ,Una ,una ,de la ,a la ,a,la ","La ,la ,Una ,una ,de la ,a la ,a,la ","O ,o ,Um ,um ,o,seu ,ao ","jego,Szczura,Szczurowi,Szczura,,y,Szczurze","Die ,die ,Eine ,eine ,ihr,die ,sie,von der,,,Ratte,Ratte,Ratte,Ratte","крыса,крысы,крысе,крысу,крысе,,а,ена,ась,ет,её","щур,щура,щуру,щура,щурі,ов,в,ий,є,ить,його",",,一个,一个,它的,它,它"
RATKING_NAME,Rat King,Roi des rats,Re ratto,ねずみのおう,쥐들의 왕,Rey Rata,Rey Rata,Rei Ratão,Król Szczurów,Rattenkönig,Крысиный король,Король щурів,鼠王
RATKING_DESC,,,,,,,,Seu manto está todo rasgado.,,,,,
RATKING_ART,"The ,the ,The ,the ,its,it,it","Le ,le ,Le ,le ,du ,au ,,le ,x","Il ,il ,Un ,un ,del ,al ,o,il ",,"은,이,을,과,으로","El ,el ,Un ,un ,del ,al ,o,el ","El ,el ,El ,el ,del ,al ,o,el ","O ,o ,Um ,um ,o,seu ,ao ","jego,Króla Szczurów,Królowi Szczurów,Króla Szczurów,,y,Królu Szczurów","Der ,der ,Der ,der ,sein,den ,ihn,vom,,,Rattenkönig,Rattenkönigs,Rattenkönig,Rattenkönig","Крысиный король,Крысиного короля,Крысиному королю,Крысиного короля,Крысином короле,,,ён,ся,ет,его","король щурів,короля щурів,королю щурів,короля щурів,королю щурів,ов,в,ий,є,ить,його",",,,,它的,它,它"
RATTLESNAKE_NAME,Rattlesnake,Serpent à sonnette,Serpente a sonagli,がらがらへび,방울뱀,Serpiente cascabel,Serpiente de cascabel,Cascavel,Grzechotnik,Klapperschlange,Гремучая змея,Гримуча змія,响尾蛇
RATTLESNAKE_DESC,Don't let it hypnotize you!,Ne le laissez pas vous hypnotiser ¦,Non farti ipnotizzare!,さいみんじゅつには　きをつけろ！,최면술에 걸리면 안 돼!,¡No dejes que te hipnotice!,¡No dejes que te hipnotice!,Não deixe-a te hipnotizar!,Nie daj się zahipnotyzować!,Lass dich nicht von ihr hypnotisieren!,Не позволь ей тебя загипнотизировать!,"Дивись, щоб не загіпнотизувала!",不要被它催眠了！
RATTLESNAKE_ART,"The ,the ,A ,a ,its,it,it","Le ,le ,Un ,un ,du ,au ,,le ,x","Il ,il ,Un ,un ,del ,al ,o,il ",,"은,이,을,과,으로","La ,la ,Una ,una ,de la ,a la ,a,la ","La ,la ,Una ,una ,de la ,a la ,a,la ","A ,a ,Uma ,uma ,a,sua ,à ","jego,Grzechotnika,Grzechotnikowi,Grzechotnika,,y,Grzechotniku","Die ,die ,Eine ,eine ,ihr,die ,sie,von der,,,Klapperschlange,Klapperschlange,Klapperschlange,Klapperschlange","гремучая змея,гремучей змеи,гремучей змее,гремучую змею,гремучей змее,,а,ена,ась,ет,её","гримуча змія,гримучої змії,гримучій змії,гримучу змію,гримучій змії,,ла,а,є,ить,її",",,一个,一个,它的,它,它"
REDSNAKE_NAME,Red Snake,Serpent rouge,Serpente rosso,レッドスネーク,붉은 뱀,Serpiente roja,Serpiente roja,Serpente Vermelha,Czerwony Wąż,Rotschlange,Красная змея,Червона змія,红蛇
REDSNAKE_DESC,Defeat it before it runs away to get a lot of experience.,Ne le laissez pas fuir ¦ Il rapporte beaucoup de points d'expérience ¦,Sconfiggilo prima che scappi per ottenere un sacco di esperienza.,にがすな。けいけんちを　かせげるぞ。,풀숲으로 사라지기 전에 처치한다면 어마어마한 EXP를 얻을\n수 있을 것이다.,Derrótala antes de que escape para obtener mucha experiencia.,Derrótala antes de que huya para ganar un montón de experiencia.,Derrote-a antes que fuja pra conseguir um montão de experiência!,"Pokonaj go, zanim ucieknie, aby zdobyć dużo doświadczenia.","Besiege sie bevor sie abhaut, um eine Menge Erfahrungspunkte zu bekommen.","Победив её до того, как она уползёт, можно получить много очков опыта.","Переможи її до того, як вона втече, і отримаєш багато очок досвіду.",在它逃跑之前击败它可以获得海量经验值。
REDSNAKE_ART,"The ,the ,A ,a ,its,it,it","Le ,le ,Un ,un ,du ,au ,,le ,x","Il ,il ,Un ,un ,del ,al ,o,il ",,"은,이,을,과,으로","La ,la ,Una ,una ,de la ,a la ,a,la ","La ,la ,Una ,una ,de la ,a la ,a,la ","A ,a ,Uma ,uma ,a,sua ,à ","jego,Czerwonego Węża,Czerwonemu Wężowi,Czerwonego Węża,,y,Czerwonym Wężu","Die ,die ,Eine ,eine ,ihr,die ,sie,von der,,,Rotschlange,Rotschlange,Rotschlange,Rotschlange","красная змея,красной змеи,красной змее,красную змею,красной змее,,а,ена,ась,ет,её","червона змія,червоної змії,червоній змії,червону змію,червоній змії,,ла,а,є,ить,її",",,一个,一个,它的,它,它"
ROBOSQUITO_NAME,Robosquito,Moustibot,Robomosca,メカ・カ,로보기,Robosquito,Robosquito,Robosquito,Robokomar,Mecha-Mücke,Робокомар,Комаробот,机械蚊虫
ROBOSQUITO_DESC,Its favorite blood type is O-.,Son groupe sanguin préféré est O-.,Il suo gruppo sanguigno preferito è 0-.,すきな　けつえきがたは　Oマイナスだ。,가장 좋아하는 피는 O-형의 피다.,Su tipo de sangre favorito es O-.,Su grupo sanguíneo favorito es el O-.,Seu tipo sanguíneo favorito é O-.,Jego ulubioną grupą krwi jest 0-.,Seine Lieblingsblutgruppe ist 0-.,Его любимая группа крови — первая отрицательная.,Його улюблена група крові — перша негативна.,它最喜欢的血型是O型。
ROBOSQUITO_ART,"The ,the ,A ,a ,its,it,it","Le ,le ,Un ,un ,du ,au ,,le ,x","La ,la ,Una ,una ,della ,alla ,a,la ",,"는,가,를,와,로","El ,el ,Un ,un ,del ,al ,o,el ","El ,el ,Un ,un ,del ,al ,o,el ","O ,o ,Um ,um ,o,seu ,ao ","jego,Robokomara,Robokomarowi,Robokomara,,y,Robokomarze","Die ,die ,Eine ,eine ,ihr,die ,sie,von der,,,Mecha-Mücke,Mecha-Mücke,Mecha-Mücke,Mecha-Mücke","робокомар,робокомара,робокомару,робокомара,робокомаре,,,ён,ся,ет,его","комаробот,комаробота,комароботу,комаробота,комароботі,ов,в,ий,є,ить,його",",,一个,一个,它的,它,它"
ROCKETLAUNCHER_NAME,Rocket Launcher,Lance-roquettes,Lanciamissili,ロケットランチャー,로켓 런처,Lanzacohetes,Lanzacohetes,Lança Foguetes,Wyrzutnia Rakiet,Raketenwerfer,Пусковая установка,Ракетна установка,火箭发射器
ROCKETLAUNCHER_DESC,"Fires at you when red, fires at the enemy when blue.","Au rouge, il vous tire dessus. Au bleu, il tire sur l'ennemi.","Se è rosso spara a te, se è blu spara al nemico.",カッとなると　こうげきしてくる。\nうれしくなると　はかせたちを　こうげきする。,"붉은색은 우리를, 푸른색은 적을 향해 발사된다.","Te dispara estando en rojo, dispara al enemigo estando en azul.","Te dispara cuando está en rojo, dispara al enemigo cuando está en azul.","Mira em você quando vermelho, mira no inimigo quando azul.","Czerwone strzelają w ciebie, a niebieskie we wrogów.","Feuert auf dich, wenn er rot ist; feuert auf den Gegner, wenn er blau ist.","Красные ракеты летят в тебя, синие — во врага.","Вистрелить у тебе червоною ракетою, а синьою — у ворога.",变成红色时向你开火，变成蓝色时向敌人开火。
ROCKETLAUNCHER_ART,"The ,the ,A ,a ,its,it,it","Le ,le ,Un ,un ,du ,au ,,le ,x","Il ,il ,Un ,un ,del ,al ,o,il ",,"는,가,를,와,로","El ,el ,Un ,un ,del ,al ,o,el ","El ,el ,Un ,un ,del ,al ,o,el ","O ,o ,Um ,um ,o,seu ,ao ","jej,Wyrzutni Rakiet,Wyrzutni Rakiet,Wyrzutnię Rakiet,a,a,Wyrzutni Rakiet","Der ,der ,Ein ,ein ,sein,den ,ihn,vom,,,Raketenwerfer,Raketenwerfers,Raketenwerfer,Raketenwerfer","пусковая установка,пусковой установки,пусковой установке,пусковую установку,пусковой установке,,а,ена,ась,ет,её","ракетна установка,ракетної установки,ракетній установці,ракетну установку,ракетній установці,ла,ла,а,є,ить,її",",,一个,一个,它的,它,它"
ROCKOYLE_NAME,Rockoyle,Satanie,Roccioyle,サターニア,사타니아,Gargoroca,Rócola,Rockoyle,Skargulec,Satania,Горулья,Горулья,岩石鬼
ROCKOYLE_DESC,It likes to use PK Freeze.,Elle aime beaucoup utiliser PK Glace.,Gli piace usare PsicoGhiaccio.,PKフリーズを　このんで　つかう。,PK 프리즈를 사용하는 것을 좋아한다.,Le gusta usar PK Hielo.,Le gusta usar PK Hielo.,Gosta de usar PK Gelo.,Lubi używać PK Mrozu.,Sie verwendet gerne PK-Frost.,Она обожает использовать ПК-стужу.,Полюбляє використовувати ПСИ Мороз.,它擅长使用PK冰冻。
ROCKOYLE_ART,"The ,the ,A ,a ,its,it,it","La ,la ,Une ,une ,de la ,à la ,e,la ,se","Il ,il ,Un ,un ,del ,al ,o,il ",,"는,가,를,와,로","El ,el ,Un ,un ,del ,al ,o,el ","El ,el ,Un ,un ,del ,al ,o,el ","O ,o ,Um ,um ,o,seu ,ao ","jego,Skargulca,Skargulcowi,Skargulca,,y,Skargulcu",",,,,ihr,,sie,von,,,Satania,Satanias,Satania,Satania","горулья,горульи,горулье,горулью,горулье,,а,ена,ась,ет,её","горулья,горульї,горульї,горулью,горульї,,ла,а,є,ить,її",",,一个,一个,它的,它,它"
ROPEMAN_NAME,Rope Man,Homme-corde,Uomo corda,ロープ,밧줄,Hombre cuerda,Hombre cuerda,Homem Corda,Człowiek Lina,Seilmann,Верёвочник,Мотузник,绳索人
ROPEMAN_DESC,Don't let yourself get tied up fighting this guy.,Ne vous mêlez pas trop de ses affaires...,Non farti ingarbugliare quando lo affronti.,めんどうくさいのに　からまれてしまった。,싸우다가 발 묶이지 않도록 조심.,No te dejes atar peleando con este tipo.,No te dejes atar peleando contra este tipo.,Não se enrole lutando contra esse cara.,Nie przywiązuj się do niego!,Lass dich nicht in einen Kampf mit diesem Kerl verwickeln.,Смотри в оба — он может тебя связать!,Стережися — він може тебе зв'язати!,别被这家伙缠住打个没完。
ROPEMAN_ART,"The ,the ,A ,a ,its,it,it","L',l',Un ,un ,de l',à l',,le ,x","L',l',Un ,un ,dell',all',o,il ",,"는,가,를,와,로","El ,el ,Un ,un ,del ,al ,o,el ","El ,el ,Un ,un ,del ,al ,o,el ","O ,o ,Um ,um ,o,seu ,ao ","jego,Człowieka Liny,Człowiekowi Linie,Człowieka Linę,,y,Człowieku Linie","Der ,der ,Ein ,ein ,sein,den ,ihn,vom,,,Seilmann,Seilmannes,Seilmann,Seilmann","верёвочник,верёвочника,верёвочнику,верёвочника,верёвочнике,,,ён,ся,ет,его","мотузник,мотузника,мотузнику,мотузника,мотузнику,ов,в,ий,є,ить,його",",,一个,一个,它的,它,它"
SCORPION_NAME,Scorpion,Scorpion,Scorpione,サソリ,전갈,Escorpión,Escorpión,Escorpião,Skorpion,Skorpion,Скорпион,Скорпіон,毒蝎
SCORPION_DESC,"It's poisonous, but insecticide works.","Il est venimeux, mais vous pouvez le neutraliser avec de l'insecticide.","È velenoso, ma l'insetticida funziona.",どくが　あるが　さっちゅうざいで　やっつけることが\nできるのだ。,독은 있지만 살충제 하나면 문제없다.,"Es venenoso, pero el insecticida funciona.","Es venenoso, pero el insecticida funciona.","É venenoso, mas é fraco contra inseticida.","Jest trujący, ale środek owadobójczy zadziała.",Er ist giftig aber Insektizide funktionieren.,"Ядовитый, но аэрозоль на нём сработает.","Отруйний, але інсектицид із ним впорається.",它有毒，但是可以用杀虫剂来对付。
SCORPION_ART,"The ,the ,A ,a ,its,it,it","Le ,le ,Un ,un ,du ,au ,,le ,x","Lo ,lo ,Uno ,uno ,dello ,allo ,o,il ",,"은,이,을,과,로","El ,el ,Un ,un ,del ,al ,o,el ","El ,el ,Un ,un ,del ,al ,o,el ","O ,o ,Um ,um ,o,seu ,ao ","jego,Skorpiona,Skorpionowi,Skorpiona,,y,Skorpionie","Der ,der ,Ein ,ein ,sein,den ,ihn,vom,,,Skorpion,Skorpions,Skorpion,Skorpion","скорпион,скорпиона,скорпиону,скорпиона,скорпионе,,,ён,ся,ет,его","скорпіон,скорпіона,скорпіону,скорпіона,скорпіоні,ов,в,ий,є,ить,його",",,一个,一个,它的,它,它"
SCRAPPER_NAME,Scrapper,Décharge,Rottobot,スクラッパー,스크래퍼,Robot destrozado,Robot destrozado,Trambolho,Złomek,Robo-Schrottling,Металлоломщик,Брухтонатор,废料打架狂
SCRAPPER_DESC,"Ragged around the edges, but do not underestimate it.",,"È un po' malconcio, ma non sottovalutarlo.",オンボロに　みえても　あなどっては　いけない。,팔 하나가 날아갔다고 해서 얕잡아 봐선 안 된다.,"Desgastado en los bordes, pero no lo subestimes.","Está desgastado por los bordes, pero no lo subestimes.","Está meio desgastado, mas não o subestime.","Najlepsze lata ma już za sobą, ale nie należy go lekceważyć.","Seine Kanten sind rau, aber unterschätze ihn nicht.","Хоть и выглядит поломанным, но его не стоит недооценивать.","Здається пошарпаним, але не варто його недооцінювати.",边缘磨损变得破旧，但不要因此低估了它。
SCRAPPER_ART,"The ,the ,A ,a ,its,it,it","La ,la ,Une ,une ,de la ,à la ,e,la ,se","Il ,il ,Un ,un ,del ,al ,o,il ",,"는,가,를,와,로","El ,el ,Un ,un ,del ,al ,o,el ","El ,el ,Un ,un ,del ,al ,o,el ","O ,o ,Um ,um ,o,seu ,ao ","jego,Złomka,Złomkowi,Złomka,,y,Złomku","Der ,der ,Ein ,ein ,sein,den ,ihn,vom,,,Robo-Schrottling,Robo-Schrottlings,Robo-Schrottling,Robo-Schrottling","металлоломщик,металлоломщика,металлоломщику,металлоломщика,металлоломщике,,,ён,ся,ет,его","брухтонатор,брухтонатора,брухтонатору,брухтонатора,брухтонаторі,ов,в,ий,є,ить,його",",,一个,一个,它的,它,它"
SEAGULL_NAME,Seagull,Mouette,Gabbiano,とうぞくカモメ,도둑 갈매기,Gaviota,Gaviota,Gaivota,Mewa,Seemöwe,Чайка,Чайка,海鸥
SEAGULL_DESC,It tries to steal from gullible people.,"Sa spécialité, c'est le vol.",Cerca di rubare agli ingenui.,カモから　ものを　ぬすむ。,무방비한 이들의 물건들만 쏙쏙 빼간다.,Intenta robar a las personas ingenuas.,Intenta robar a las personas ingenuas.,Tenta roubar coisas de gente trouxa.,Próbuje kraść od łatwowiernych ludzi.,Sie versucht unvorsichtige Leute zu bestehlen.,Любит обкрадывать наивных людей.,Обожнює обкрадати наївних людей.,它专骗容易上当的人。
SEAGULL_ART,"The ,the ,A ,a ,its,it,it","La ,la ,Une ,une ,de la ,à la ,e,la ,se","Il ,il ,Un ,un ,del ,al ,o,il ",,"는,가,를,와,로","La ,la ,Una ,una ,de la ,a la ,a,la ","La ,la ,Una ,una ,de la ,a la ,a,la ","A ,a ,Uma ,uma ,a,sua ,à ","jej,Mewy,Mewie,Mewę,a,a,Mewie","Die ,die ,Eine ,eine ,ihr,die ,sie,von der,,,Seemöwe,Seemöwe,Seemöwe,Seemöwe","чайка,чайки,чайке,чайку,чайке,,а,ена,ась,ет,её","чайка,чайки,чайці,чайку,чайці,,ла,а,є,ить,її",",,一个,一个,它的,它,它"
SHROUDLEY_NAME,Shroudley,Linceullier ,Shroudley,ちみどろゾンビ,피투성이 좀비,Shroudley,Shroudley,Shroudley,Shroudley,Blutiger Zombie,Кровавый зомби,Вурдалак,裹尸鬼
SHROUDLEY_DESC,"An evil, caped zombie. Beware, its last blow could be devastating.","Il a l'air effrayant à première vue, mais son attaque ultime l'est encore plus.",Un malvagio zombi incappucciato. Il suo Colpo Finale è devastante.,みためも　こわいが　さいごのいちげきは　もっとこわい。,"사악한 망토를 두른 좀비, 최후의 일격은 더 위험하다.","Un zombi malvado con capa. Cuidado, su Último Golpe podría ser devastador.","Un malvado zombi con capa. Ten cuidado, su Ataque Final podría ser devastador.","Um zumbi com capa. Cuidado, seu Ataque Final pode ser devastador.","Zły zombie w pelerynie. Uważaj, jego Ostatni Cios może być zabójczy.","Ein böser, Umhang tragender Zombie. Vorsicht, sein Finalschlag kann zerstörerisch sein.","Злой зомби в плаще. Берегись, его последний удар может быть сокрушительным!","Злий зомбі з плащем. Стережіться, його останній удар може бути катастрофічним.",一个身披斗篷的邪恶丧尸。\n当心，它的最后一击可能是毁灭性的。
SHROUDLEY_ART,"The ,the ,A ,a ,its,it,it","Le ,le ,Un ,un ,du ,au ,,le ,x","Lo ,lo ,Uno ,uno ,dello ,allo ,o,il ",,"는,가,를,와,로","El ,el ,Un ,un ,del ,al ,o,el ","El ,el ,Un ,un ,del ,al ,o,el ","O ,o ,Um ,um ,o,seu ,ao ","jego,Shroudley'a,Shroudley'owi,Shroudley'a,,y,Shroudley'u","Der ,der ,Ein ,ein ,sein,den ,ihn,vom,,,Blutige Zombie,Blutigen Zombies,Blutigen Zombie,Blutigen Zombie","кровавый зомби,кровавого зомби,кровавому зомби,кровавого зомби,кровавом зомби,,,ён,ся,ет,его","вурдалак,вурдалака,вурдалаку,вурдалака,вурдалаці,ов,в,ий,є,ить,його",",,一个,一个,它的,它,它"
SILVERWOLF_NAME,Silver Wolf,Loup argenté,Lupo argentato,ぎんオオカミ,은색 늑대,Lobo plateado,Lobo plateado,Lobo Prateado,Srebrny Wilk,Silberwolf,Серебристый волк,Срібний вовк,银狼
SILVERWOLF_DESC,It likes to hunt in packs.,Il aime chasser en meute.,Gli piace cacciare in branco.,むれで　おそうことを　このむ。,무리 사냥을 좋아한다.,Le gusta cazar en manadas.,Le gusta cazar en manada.,Gostam de caçar em grupo.,Lubi polować w stadzie.,Er jagt gerne in Rudeln.,Охотится в стае.,Полює в зграї.,它喜欢成群结队去捕猎。
SILVERWOLF_ART,"The ,the ,A ,a ,its,it,it","Le ,le ,Un ,un ,du ,au ,,le ,x","Il ,il ,Un ,un ,del ,al ,o,il ",,"는,가,를,와,로","El ,el ,Un ,un ,del ,al ,o,el ","El ,el ,Un ,un ,del ,al ,o,el ","O ,o ,Um ,um ,o,seu ,ao ","jego,Srebrnego Wilka,Srebrnemu Wilkowi,Srebrnego Wilka,,y,Srebrnym Wilku","Der ,der ,Ein ,ein ,sein,den ,ihn,vom,,,Silberwolf,Silberwolfes,Silberwolf,Silberwolf","серебристый волк,серебристого волка,серебристому волку,серебристого волка,серебристом волке,,,ён,ся,ет,его","срібний вовк,срібного вовка,срібному вовку,срібного вовка,срібному вовку,ов,в,ий,є,ить,його",",,一个,一个,它的,它,它"
SKUNK_NAME,Skunk,Putois,Puzzola,スクンク,스컹크,Zorrillo,Mofeta,Gambá,Skunks,Stinktier,Скунс,Скунс,臭鼬
SKUNK_DESC,Hold your nose!,Bouchez-vous le nez ¦,Tappati il naso!,はなを　つまめ！,당장 코 막아!,¡Tápate la nariz!,¡Tápate la nariz!,Tampe o nariz!,Zatkaj nos!,Halt dir deine Nase zu!,Скорее зажми нос!,Затисніть ніс!,捏紧你的鼻子！
SKUNK_ART,"The ,the ,A ,a ,its,it,it","Le ,le ,Un ,un ,du ,au ,,le ,x","La ,la ,Una ,una ,della ,alla ,a,la ",,"는,가,를,와,로","El ,el ,Un ,un ,del ,al ,o,el ","La ,la ,Una ,una ,de la ,a la ,a,la ","O ,o ,Um ,um ,o,seu ,ao ","jego,Skunksa,Skunksowi,Skunksa,,y,Skunksie","Das ,das ,Ein ,ein ,sein,das ,es,vom,,,Stinktier,Stinktiers,Stinktier,Stinktier","скунс,скунса,скунсу,скунса,скунсе,,,ён,ся,ет,его","скунс,скунса,скунсу,скунса,скунсі,ов,в,ий,є,ить,його",",,一个,一个,它的,它,它"
SKYYDDET_NAME,Sky Yddet,Sruonuage,Cielottesro,スカイベアル,스카이 베알,Oneub yum,Oneub yum,Osru dos Céus,Śim z Nieba,Räbslemmih,Акшим небесный,Крилатий кидемдев,天空迪泰
SKYYDDET_DESC,It has friends!,Il à des amis ¦,Ha degli amici!,なかまの　ためなら！,친구들도 있다!,¡Tiene amigos!,¡Tiene amigos!,Ele tem amigos!,Ma przyjaciół!,Er hat Freunde!,У него есть друзья!,Має друзів!,他还有同伴！
SKYYDDET_ART,"The ,the ,A ,a ,its,it,it","Le ,le ,Un ,un ,du ,au ,,le ,x","Il ,il ,Un ,un ,del ,al ,o,il ",,"은,이,을,과,로","El ,el ,Un ,un ,del ,al ,o,el ","El ,el ,Un ,un ,del ,al ,o,el ","O ,o ,Um ,um ,o,seu ,ao ","jego,Śima z Nieba,Śimowi z Nieba,Śima z Nieba,,y,Śimie z Nieba","Der ,der ,Ein ,ein ,sein,den ,ihn,vom,,,Räbslemmih,Räbslemmihs,Räbslemmih,Räbslemmih","акшим небесный,акшима небесного,акшиму небесному,акшима небесного,акшиме небесном,,,ён,ся,ет,его","крилатий кидемдев,крилатого кидемдева,крилатому кидемдеву,крилатого кидемдева,крилатому кидемдеві,ов,в,ий,є,ить,його",",,一个,一个,它的,它,它"
SNAKE_NAME,Snake,Serpent,Serpente,スネーク,뱀,Serpiente,Serpiente,Jiboia,Wąż,Schlange,Змея,Змія,蛇
SNAKE_DESC,It might not poison... but it also might poison...,"Il n'est pas venimeux. Enfin, on l'espère...",Potrebbe essere veleno... oppure sì...,どくは　もっていないはず。　たぶん・・・。,독은 없는 것 같다... 아마도?,Tal vez no sea venenosa... pero también podría envenenar...,Puede que no te envenene... o puede que sí...,Jiboias não são venenosas... ou são?,Może nie zatruć... ale może też zatruć...,Sie mag nicht giftig sein ... Oder vielleicht doch ...,"Возможно, не ядовита... а может, и ядовита...","Може, не отруйна... а може й отруйна...",它也许不会让人中毒…但也可能真会让人中毒…
SNAKE_ART,"The ,the ,A ,a ,its,it,it","Le ,le ,Un ,un ,du ,au ,,le ,x","Il ,il ,Un ,un ,del ,al ,o,il ",,"는,가,를,와,로","La ,la ,Una ,una ,de la ,a la ,a,la ","La ,la ,Una ,una ,de la ,a la ,a,la ","A ,a ,Uma ,uma ,a,sua ,à ","jego,Węża,Wężowi,Węża,,y,Wężu","Die ,die ,Eine ,eine ,ihr,die ,sie,von der,,,Schlange,Schlange,Schlange,Schlange","змея,змеи,змее,змею,змее,,а,ена,ась,ет,её","змія,змії,змії,змію,змії,,ла,а,є,ить,її",",,一个,一个,它的,它,它"
SPIDER_NAME,Spider,Araignée,Ragno,スパイダー,거미,Araña,Araña,Aranha,Pająk,Spinne,Паук,Павук,蜘蛛
SPIDER_DESC,"It's not a bug, but Insecticide will work just as well.","Ce n'est pas un insecte, pourtant l'Insecticide fonctionne très bien sur elle.","Non è un insetto, ma l'insetticida funziona lo stesso.",さっちゅうざいを　ためしてみる？,벌레는 아니지만 징그러우니 살충제가 먹힌다.,"No es un insecto, pero el insecticida funcionará igual de bien.","No es un insecto, pero el Insecticida funcionará de todas formas.","Não é inseto, mas inseticida ainda é bem efetivo.","To nie owad, ale środek owadobójczy powinien sobie poradzić.","Sie ist kein Käfer, Insektizide helfen aber trotzdem.","Хоть это и не насекомое, но аэрозоль тут сработает на ура.","Хоч це не комаха, але інсектицид спрацює й тут.",它不属于昆虫，但是杀虫剂一样有效。
SPIDER_ART,"The ,the ,A ,a ,its,it,it","L',l',Une ,une ,de l',à l',e,la ,se","Il ,il ,Un ,un ,del ,al ,o,il ",,"는,가,를,와,로","La ,la ,Una ,una ,de la ,a la ,a,la ","La ,la ,Una ,una ,de la ,a la ,a,la ","A ,a ,Uma ,uma ,a,sua ,à ","jego,Pająka,Pająkowi,Pająka,,y,Pająku","Die ,die ,Eine ,eine ,ihr,die ,sie,von der,,,Spinne,Spinne,Spinne,Spinne","паук,паука,пауку,паука,пауке,,,ён,ся,ет,его","павук,павука,павуку,павука,павуці,ов,в,ий,є,ить,його",",,一个,一个,它的,它,它"
STARBOMB_NAME,Star Bomber,Déflagratœuf,Scoppiotto,スターマイナー,스타마이너,Bombardero estrella,Bombardero estrella,Bombardeiro Estrela,Gwiezdny Bombowiec,Sternenbomber,Звёздный подрывник,Зірковий підривник,星际轰炸机
STARBOMB_DESC,"It carries, and likes to use, Bombs.",Il transporte des bombes... et les utilise souvent.,"Ha con sé delle bombe, e gli piace usarle.",ボムを　もっていて　よく　つかう。,폭탄 던지는 걸 좋아하는 모양이다.,Lleva y le gusta usar bombas.,"Lleva bombas, y le gusta usarlas.",Ele carrega Bombas e não tem medo de usá-las.,Nosi ze sobą Bomby i lubi ich używać.,Es trägt und nutzt gerne Bomben.,"Носит с собой бомбы, а ещё любит их использовать.",Переносить бомби і любить їх використовувати.,它随身带着炸弹，而且非常喜欢用。
STARBOMB_ART,"The ,the ,A ,a ,its,it,it","Le ,le ,Un ,un ,du ,au ,,le ,x","Lo ,lo ,Uno ,uno ,dello ,allo ,o,il ",,"는,가,를,와,로","El ,el ,Un ,un ,del ,al ,o,el ","El ,el ,Un ,un ,del ,al ,o,el ","O ,o ,Um ,um ,o,seu ,ao ","jego,Gwiezdnego Bombowca,Gwiezdnemu Bombowcowi,Gwiezdnego Bombowca,,y,Gwiezdnym Bombowcu","Der ,der ,Ein ,ein ,sein,den ,ihn,vom,,,Sternenbomber,Sternenbombers,Sternenbomber,Sternenbomber","звёздный подрывник,звёздного подрывника,звёздному подрывнику,звёздного подрывника,звёздном подрывнике,,,ён,ся,ет,его","зірковий підривник,зіркового підривника,зірковому підривнику,зіркового підривника,зірковому підривнику,ов,в,ий,є,ить,його",",,一个,一个,它的,它,它"
STARMAN_NAME,Starman,Starman,Starman,スターマン,스타맨,Starman,Starman,Starman,Starman,Starman,Стармен,Стармен,星人
STARMAN_DESC,He is done waiting in the sky.,Il ne peut plus se contenter d'attendre au milieu des étoiles.,Ha smesso di attendere in cielo.,とおい　ほしから　きた　おとこ。,하늘에서의 기약 없는 기다림은 끝이다.,Ya terminó de esperar en el cielo.,Ya ha terminado de esperar en el cielo.,Ele cansou de esperar nos céus.,Skończył z czekaniem w niebie.,"Er hat es satt, im Himmel zu warten.",Он уже не может ждать среди звёзд.,Йому набридло чекати в космосі.,一个来自遥远星球的男人，他不再等待于天际。
STARMAN_ART,"The ,the ,A ,a ,his,he,him","Le ,le ,Un ,un ,du ,au ,,le ,x","Lo ,lo ,Uno ,uno ,dello ,allo ,o,il ",,"은,이,을,과,으로","El ,el ,Un ,un ,del ,al ,o,el ","El ,el ,Un ,un ,del ,al ,o,el ","O ,o ,Um ,um ,o,seu ,ao ","jego,Starmana,Starmanowi,Starmana,,y,Starmanie","Der ,der ,Ein ,ein ,sein,den ,ihn,vom,,,Starman,Starmans,Starman,Starman","стармен,стармена,стармену,стармена,стармене,,,ён,ся,ет,его","стармен,стармена,стармену,стармена,стармені,ов,в,ий,є,ить,його",",,一个,一个,他的,他,他"
STARMANJR_NAME,Starman Jr.,Starman Jr,Starman Jr.,スターマンのむすこ,스타맨 주니어,Starman Jr.,Starman Jr.,Starman Jr.,Starman Jr,Starman Jr.,Стармен-младший,Стармен молодший,星人小子
STARMANJR_DESC,"He is small, but it is obvious he is a spaceman.","Il a beau être petit, ça n'en est pas moins un alien.","È piccolo, ma viene evidentemente dallo spazio.",まだ　ちいさいが　あきらかに　うちゅうじんだ。,크기는 조그마해도 외계인임은 확실하다.,"Él es pequeño, pero es obvio que es un astronauta.","Es pequeño, pero es obvio que es un extraterrestre.","É pequeno, mas claramente um ser do espaço.","Jest mały, ale to oczywiste, że jest z kosmosu.","Er ist klein, aber offensichtlich Raumfahrer.","Хоть он и маленький, но всё ещё пришелец.","Справжній прибулець, хоча й маленький.",他看上去很小，但很明显是个宇宙人。
STARMANJR_ART,"The ,the ,A ,a ,his,he,him","Le ,le ,Un ,un ,du ,au ,,le ,x","Lo ,lo ,Uno ,uno ,dello ,allo ,o,il ",,"는,가,를,와,로","El ,el ,Un ,un ,del ,al ,o,el ","El ,el ,Un ,un ,del ,al ,o,el ","O ,o ,Um ,um ,o,seu ,ao ","jego,Starmana Jr,Starmanowi Jr,Starmana Jr,,y,Starmanie Jr.","Der ,der ,Ein ,ein ,sein,den ,ihn,vom,,,Starman Jr.,Starman Jrs.,Starman Jr.,Starman Jr.","стармен-младший,стармена-младшего,стармену-младшему,стармена-младшего,стармене-младшем,,,ён,ся,ет,его","стармен молодший,стармена молодшого,стармену молодшому,стармена молодшого,стармені молодшому,ов,в,ий,є,ить,його",",,一个,一个,他的,他,他"
STARMANSUPER_NAME,Starman Super,Super Starman,Starman Super,スーパースターマン,슈퍼 스타맨,Súper Starman,Starman Súper,Starman Super,Starman Super,Super Starman,Суперстармен,Стармен супер,超级星人
STARMANSUPER_DESC,The strongest of the Starmen.,Le plus puissant de tous les Starman.,Lo Starman più forte.,もっとも　つよい　スターマン。,이 녀석은 스타맨 중에서도 최강.,El más fuerte de los Starmen.,El más fuerte de los Starmen.,O mais forte dos Starmen.,Najsilniejszy ze Starmanów.,Der stärkste aller Starmen.,Сильнейший из старменов.,Найсильніший із старменів.,星人中最强大的存在。
STARMANSUPER_ART,"The ,the ,A ,a ,his,he,him","Le ,le ,Un ,un ,du ,au ,,le ,x","Lo ,lo ,Uno ,uno ,dello ,allo ,o,il ",,"은,이,을,과,으로","El ,el ,Un ,un ,del ,al ,o,el ","El ,el ,Un ,un ,del ,al ,o,el ","O ,o ,Um ,um ,o,seu ,ao ","jego,Starmana Super,Starmanowi Super,Starmana Super,,y,Starmanie Super","Der ,der ,Ein ,ein ,sein,den ,ihn,vom,,,Super Starman,Super Starmans,Super Starman,Super Starman","суперстармен,суперстармена,суперстармену,суперстармена,суперстармене,,,ён,ся,ет,его","стармен супер,стармена супер,стармену супер,стармена супер,стармені супер,ов,в,ий,є,ить,його",",,一个,一个,他的,他,他"
STRAYDOG_NAME,Stray Dog,Chien errant,Cane randagio,のらイヌ,들개,Perro callejero,Perro callejero,Cachorro de Rua,Bezpański Pies,Streuner,Бродячий пёс,Бродячий собака,流浪狗
STRAYDOG_DESC,I wonder if it has rabies?,Je me demande s'il n'aurait pas la rage ?,Dici che ha la rabbia?,きょうけんびょうに　かんせんしていなければ　いいけど。,광견병이라도 걸렸나?,¿Me pregunto si tendrá rabia?,Me pregunto si tendrá la rabia...,Espero que não tenha raiva.,Ciekawe czy ma wściekliznę...,"Ich frage mich, ob er Tollwut hat?","Интересно, у него есть бешенство?","Цікаво, чи має він сказ?",我想知道它有没有狂犬病？
STRAYDOG_ART,"The ,the ,A ,a ,its,it,it","Le ,le ,Un ,un ,du ,au ,,le ,x","Il ,il ,Un ,un ,del ,al ,o,il ",,"는,가,를,와,로","El ,el ,Un ,un ,del ,al ,o,el ","El ,el ,Un ,un ,del ,al ,o,el ","O ,o ,Um ,um ,o,seu ,ao ","jego,Bezpańskiego Psa,Bezpańskiemu Psu,Bezpańskiego Psa,,y,Bezpańskim Psie","Der ,der ,Ein ,ein ,sein,den ,ihn,vom,,,Streuner,Streuners,Streuner,Streuner","бродячий пёс,бродячего пса,бродячему псу,бродячего пса,бродячем псе,,,ён,ся,ет,его","бродячий собака,бродячої собаки,бродячій собаці,бродячу собаку,бродячій собаці,ов,в,ий,є,ить,його",",,一个,一个,它的,它,它"
MEANERRAT_NAME,Meaner Rat,Vilain rat,Rattaccio,イジワルなねずみ,심술궂은 쥐,Rata feroz,Rata feroz,Rato Revoltado,Wredniejszy Szczur,Gemeine Ratte,Вреднющая крыса,Грубий щур,卑鄙鼠
MEANERRAT_DESC,It's large and in charge!,Il est aussi gros que vilain !,È grande e grosso!,ワルにそまり　イジッパリなせいかくに。,"악에 물들어, 괴롭힘을 일삼는다.",¡Es grandota y fuertota!,¡Son las que cortan el bacalao!,Grandão e mandão!,"Wredniejszy, ale też większy!",Sie ist groß and famos!,Огромная и наглая!,Кожен із них вважає себе господарем становища.,它又大又权威！
MEANERRAT_ART,"The ,the ,A ,a ,its,it,it","Le ,le ,Un ,un ,du ,au ,,le ,x","Il ,il ,Un ,un ,del ,al ,o,il ",,"는,가,를,와,로","La ,la ,Una ,una ,de la ,a la ,a,la ","La ,la ,Una ,una ,de la ,a la ,a,la ","O ,o ,Um ,um ,o,seu ,ao ","jego,Wrednego Szczura,Wrednemu Szczurowi,Wrednego Szczura,,y,Wredniejszym Szczurze","Die ,die ,Eine ,eine ,ihr,die ,sie,von der,,,Gemeine Ratte,Gemeinen Ratte,Gemeinen Ratte,Gemeinen Ratte","вреднющая крыса,вреднющей крысы,вреднющей крысе,вреднющую крысу,вреднющей крысе,,а,ена,ась,ет,её","грубий щур,грубого щура,грубому щурові,грубого щура,грубому щурові,ов,в,ий,є,ить,його",",,一个,一个,它的,它,它"
STRUTTINEVILMUSHROOM_NAME,Struttin' Evil Mushroom,Champinocif vicieux,Fungo malvagio vagante,いけないキノコ,안되는버섯,Hongonoso,Pavoseta,Cogumelo Arrogante,Złowrogi Grzyb,Gemeiner Stolzierpilz,Злющая шаганка,Злий крокумор,嚣张的邪恶蘑菇
STRUTTINEVILMUSHROOM_DESC,It walks very arrogantly,Sa démarche est extrêmement arrogante.,Cammina con fare arrogante.,いけない　あるきかたをする。,팔자걸음으로 거만하게 걸어 다닌다.,Camina con mucha arrogancia.,Camina con mucha arrogancia.,Anda de um jeito todo metido.,Chodzi w arogancki sposób.,Er stolziert sehr arrogant.,Ходит с важным видом.,Гуляє з діловим виглядом.,它走起路来趾高气昂。
STRUTTINEVILMUSHROOM_ART,"The ,the ,A ,a ,its,it,it","Le ,le ,Un ,un ,du ,au ,,le ,x","Il ,il ,Un ,un ,del ,al ,o,il ",,"은,이,을,과,으로","La ,la ,Una ,una ,de la ,a la ,a,la ","La ,la ,Una ,una ,de la ,a la ,a,la ","O ,o ,Um ,um ,o,seu ,ao ","jego,Złowrogiego Grzyba,Złowrogiemu Grzybowi,Złowrogiego Grzyba,,y,Złowrogim Grzybie","Der ,der ,Ein ,ein ,sein,den ,ihn,vom,,,Gemeine Stolzierpilz,Gemeinen Stolzierpilzes,Gemeinen Stolzierpilz,Gemeinen Stolzierpilz","злющая шаганка,злющей шаганки,злющей шаганке,злющую шаганку,злющей шаганке,,а,ена,ась,ет,её","злий крокумор,злого крокумора,злому крокуморові,злого крокумора,злому крокуморі,ов,в,ий,є,ить,його",",,一个,一个,它的,它,它"
TARANTULA_NAME,Tarantula,Tarentule,Tarantola,タランチュラ,타란툴라,Tarántula,Tarántula,Tarântula,Tarantula,Tarantel,Тарантул,Тарантул,塔兰图拉毒蛛
TARANTULA_DESC,"Poison, poison, poison.","Poison, poison, poison.","Veleno, veleno, veleno.",どく　ドク　どぉくぅぅー。,"독, 독, 독.","Veneno, veneno, veneno.","Veneno, veneno, veneno.",É venenosa e do tamanho da sua mão!,"Trucizna, trucizna, trucizna.","Gift, Gift, Gift.",Яд-яд-яд-яд-яд.,"Отрута, отрута, отрута.",有毒，剧毒，猛毒！
TARANTULA_ART,"The ,the ,A ,a ,its,it,it","La ,la ,Une ,une ,de la ,à la ,e,la ,se","La ,la ,Una ,una ,della ,alla ,a,la ",,"는,가,를,와,로","La ,la ,Una ,una ,de la ,a la ,a,la ","La ,la ,Una ,una ,de la ,a la ,a,la ","A ,a ,Uma ,uma ,a,sua ,à ","jej,Tarantuli,Tarantuli,Tarantulę,a,a,Tarantuli","Die ,die ,Eine ,eine ,ihr,die ,sie,von der,,,Tarantel,Tarantel,Tarantel,Tarantel","тарантул,тарантула,тарантулу,тарантула,тарантуле,,,ён,ся,ет,его","тарантул,тарантула,тарантулу,тарантула,тарантулі,ов,в,ий,є,ить,його",",,一个,一个,它的,它,它"
TEDDY_NAME,,,,,,,,,,,,,
TEDDY_DESC,Maybe he isn't completely rotten to the core.,Peut-être qu'il y a encore du bon en lui.,Forse non è poi così cattivo.,ねは　いいやつなのかも　しれない。,어쩌면 좋은 녀석일지도 모른다.,Quizás no está completamente podrido hasta la médula.,Quizá no esté totalmente podrido hasta la médula.,Talvez não seja tão ruim quanto parece.,Może nie jest zepsuty do szpiku kości.,Vielleicht ist er noch nicht zum Kern verdorben.,"Может, в нём всё ещё есть что-то хорошее?","Може, в серці цього негідника лишилося щось добре?",也许他还没坏到骨子里。
TEDDY_ART,",,,,his,he,him",",,,,d[elision:Teddy],à ,,le ,x",",,,,di ,a ,o,il ",,"[particle:Teddy:0],[particle:Teddy:1],[particle:Teddy:2],[particle:Teddy:3],[particle:Teddy:4]",",,,,de ,a ,o,el ",",,,,de ,a ,o,el ",",,,,o,seu ,ao ","jego,[decline:Teddy:M:1],[decline:Teddy:M:2],[decline:Teddy:M:3],,y,[decline:Teddy:M:5]",",,,,sein,,ihn,von,,,[Teddy],[genitive:Teddy],[Teddy],[Teddy]","[Teddy],[decline:Teddy:M:1],[decline:Teddy:M:2],[decline:Teddy:M:3],[decline:Teddy:M:4],,,ён,ся,ет,его","[Teddy],[decline:Teddy:M:1],[decline:Teddy:M:2],[decline:Teddy:M:3],[decline:Teddy:M:5],ов,в,ий,є,ить,його",",,,,他的,他,他"
TEST_NAME,TEST,TEST,TEST,ＴＥＳＴ,TEST,TEST,TEST,TESTE,TEST,TEST,ТЕСТ,ТЕСТ,测试
TEST_DESC,,,,,,,,,,,,,
TEST_ART,"The ,the ,A ,a ,its,it,it","Le ,le ,Un ,un ,du ,au ,,le ,x","Il ,il ,Un ,un ,del ,al ,o,il ",,"은,이,을,과,로","El ,el ,Un ,un ,del ,al ,o,el ","El ,el ,Un ,un ,del ,al ,o,el ","O ,o ,Um ,um ,o,seu ,ao ","jego,TEST,TEST,TEST,,y,TEST","Der ,der ,Ein ,ein ,sein,den ,ihn,vom,,,TEST,TESTs,TEST,TEST","ТЕСТ,ТЕСТа,ТЕСТу,ТЕСТ,ТЕСТе,,,ён,ся,ет,его","ТЕСТ,ТЕСТу,ТЕСТу,ТЕСТ,ТЕСТі,ов,в,ий,є,ить,його",",,一个,一个,它的,它,它"
TIGER_NAME,Tiger,Tigre,Tigre,タイガー,타이거,Tigre,Tigre,Tigre,Tygrys,Tiger,Тигр,Тигр,老虎
TIGER_DESC,Watch those eyes!,Regardez comme ses yeux sont terrifiants ¦,Attenzione a quegli occhi!,あの　おそろしい　めを　みたか！？,떡 하나 줘도 잡아먹을 것 같은 눈빛이다.,¡Cuidado con esos ojos!,¡Ojo con esos ojos!,Esse olhar significa desafio!,Tylko spójrz na te oczy!,Vorsicht vor diesen Augen!,Смотри в оба!,Стеж за його поглядом!,看到那双可怕的眼睛了吗！？
TIGER_ART,"The ,the ,A ,a ,its,it,it","Le ,le ,Un ,un ,du ,au ,,le ,x","La ,la ,Una ,una ,della ,alla ,a,la ",,"는,가,를,와,로","El ,el ,Un ,un ,del ,al ,o,el ","El ,el ,Un ,un ,del ,al ,o,el ","O ,o ,Um ,um ,o,seu ,ao ","jego,Tygrysa,Tygrysowi,Tygrysa,,y,Tygrysie","Der ,der ,Ein ,ein ,sein,den ,ihn,vom,,,Tiger,Tigers,Tiger,Tiger","тигр,тигра,тигру,тигра,тигре,,,ён,ся,ет,его","тигр,тигра,тигру,тигра,тигрі,ов,в,ий,є,ить,його",",,一个,一个,它的,它,它"
TITANEES_NAME,Titanees,Titanie,Titania,タイタニー,타이타니,Titani,Titani,Titanezo,Tytanka,Titanie,Титанида,Титаніда,泰坦尼斯
TITANEES_DESC,It prefers to put its preys to sleep before eating them.,Elle préfère endormir ses proies avant de les manger.,Preferisce mettere a dormire le sue prede prima di divorarle.,えものを　ねむらせてから　ほしょくする。,한숨 잤다가 먹는 걸 좋아한다.,Prefiere poner a dormir a sus presas antes de comérselas.,Prefiere dormir a sus presas antes de comérselas.,Coloca suas presas a dormir antes de comê-las.,Przed zjedzeniem ofiary woli ją uśpić.,"Er zieht es vor, seine Opfer erst zu betäuben, bevor er sie frisst.","Предпочитает усыплять добычу, прежде чем её съесть.","Полюбляє приспати здобич до того, як її з'їсти.",它喜欢先把猎物弄晕然后再吃。
TITANEES_ART,"The ,the ,A ,a ,its,it,it","La ,la ,Une ,une ,de la ,à la ,e,la ,se","La ,la ,Una ,una ,della ,alla ,a,la ",,"는,가,를,와,로","El ,el ,Un ,un ,del ,al ,o,el ","El ,el ,Un ,un ,del ,al ,o,el ","O ,o ,Um ,um ,o,seu ,ao ","jej,Tytanki,Tytance,Tytankę,a,a,Tytance","Der ,der ,Ein ,ein ,sein,den ,ihn,vom,,,Titanie,Titanies,Titanie,Titanie","титанида,титаниды,титаниде,титаниду,титаниде,,а,ена,ась,ет,её","титаніда,титаніди,титаніді,титаніду,титаніді,,ла,а,є,ить,її",",,一个,一个,它的,它,它"
TITANIAN_NAME,Titanian,Titanien,Titaniano,タイタニアン,티타니아,Titanian,Titanian,Titano,Tytanian,Titanian,Титаний,Титаніан,泰坦尼亚
TITANIAN_DESC,Its shell is as hard as titanium.,Sa carapace est aussi dure que du titane.,Il suo corpo è duro come il titanio.,こうらは　チタンなみに　かたい。,껍질은 티타늄처럼 단단하다.,Su caparazón es tan duro como el titanio.,Su concha es tan dura como el titanio.,Sua carapaça é dura feito titânio.,Skorupa twarda jak tytan.,Seine Schale ist so hart wie Titanium.,Его панцирь прочный как титан.,"Його панцир міцний, як титан.",它的壳硬得像钛合金。
TITANIAN_ART,"The ,the ,A ,a ,its,it,it","Le ,le ,Un ,un ,du ,au ,,le ,x","Il ,il ,Un ,un ,del ,al ,o,il ",,"는,가,를,와,로","El ,el ,Un ,un ,del ,al ,o,el ","El ,el ,Un ,un ,del ,al ,o,el ","O ,o ,Um ,um ,o,seu ,ao ","jego,Tytaniana,Tytanianowi,Tytaniana,,y,Tytanianie","Der ,der ,Ein ,ein ,sein,den ,ihn,vom,,,Titanian,Titanians,Titanian,Titanian","титаний,титания,титанию,титания,титании,,,ён,ся,ет,его","титаніан,титаніана,титаніану,титаніана,титаніані,ов,в,ий,є,ить,його",",,一个,一个,它的,它,它"
ULLRICH_NAME,Ullrich,Ullrich,Ullrich,ミラコ,미라코,Ullrich,Ullrich,Ulrich,Ullrich,Wunbert,Ульрих,Ульріх,乌尔里希
ULLRICH_DESC,This thing could not occur naturally.,"La nature n'aurait jamais pu engendrer une chose pareille, c'est impossible.",Questo essere non può essere di origine naturale.,げんじつせかいの　いきものではない。,자연적으로 발생한 게 아니다.,Esto no podría ocurrir de forma natural.,Esto no podría ocurrir de forma natural.,Essa coisa não nasceu de forma natural.,To coś nie może być naturalnym zjawiskiem.,Verwundert? Dieses Ding ist unnatürlich.,Он не может образоваться естественным образом.,Така істота не може утворитися природним чином.,这种东西不可能自然产生的。
ULLRICH_ART,",,,,its,it,it",",,,,d',à ,,le ,x",",,,,di ,a ,o,il ",,"는,가,를,와,로",",,,,de ,a ,o,el ",",,,,de ,a ,o,el ",",,,,o,seu ,ao ","jego,Ullricha,Ullrichowi,Ullricha,,y,Ullrichu",",,,,sein,,ihn,von,,,Wunbert,Wunberts,Wunbert,Wunbert","Ульрих,Ульриха,Ульриху,Ульриха,Ульрихе,,,ён,ся,ет,его","Ульріх,Ульріха,Ульріху,Ульріха,Ульріху,ов,в,ий,є,ить,його",",,,,它的,它,它"
VIOLENTROACH_NAME,Violent Roach,Cafard colérique,Scarafaggio violento,あれ,그거,Cucaracha violenta,Cucaracha violenta,Barata Violenta,Brutalny Karaluch,Brutale Kakerlake,Кровожадный таракан,Брутальний тарган,暴力螳螂
VIOLENTROACH_DESC,"They might be small, but they pack quite a punch.","Il est peut-être petit, mais il frappe sacrément fort.","Saranno anche piccoli, ma fanno male.",ちいさいわりには　かなり　つよい。,작은 주제에 쓸데없이 질기고도 강하다.,"Puede que sean pequeñas, pero pegan fuerte.","Puede que sean pequeñas, pero son fuertes.","Podem ser pequenas, mas não dê bobeira perto delas.","Może i małe, ale jakie z nich wariaty.","Sie mögen klein sein, können aber richtig reinhauen.","Может, он и маленький, но в запасе у него парочка сильных ударов.","Малий, але вміє дати стусана.",它可能看起来很小，但威力不容小觑。
VIOLENTROACH_ART,"The ,the ,A ,a ,its,it,it","Le ,le ,Un ,un ,du ,au ,,le ,x","Lo ,lo ,Uno ,uno ,dello ,allo ,o,il ",,"는,가,를,와,로","La ,la ,Una ,una ,de la ,a la ,a,la ","La ,la ,Una ,una ,de la ,a la ,a,la ","A ,a ,Uma ,uma ,a,sua ,à ","jego,Brutalnego Karalucha,Brutalnemu Karaluchowi,Brutalnego Karalucha,,y,Brutalnym Karaluchu","Die ,die ,Eine ,eine ,ihr,die ,sie,von der,,,Brutale Kakerlake,Brutalen Kakerlake,Brutalen Kakerlake,Brutale Kakerlake","кровожадный таракан,кровожадного таракана,кровожадному таракану,кровожадного таракана,кровожадном таракане,,,ён,ся,ет,его","брутальний тарган,брутального таргана,брутальному таргану,брутального таргана,брутальному таргані,ов,в,ий,є,ить,його",",,一个,一个,它的,它,它"
WALLY_NAME,Wally,Wally,Wally,ウォーリー,아저씨,Wally,Wally,Wally,Wally,Wally,Уолли,Уоллі,沃利
WALLY_DESC,"He has a short temper, so be careful.","Faites attention, il a mauvais caractère.","Ha un caratteraccio, fai attenzione.",おこりっぽいので　ようちゅうい。,까닥했다가 화병 날 수 있으니 조심.,"Tiene mal genio, así que ten cuidado.","Tiene mal genio, así que ten cuidado con él.",Ele tem o pavio curto. Cuidado.,"Jest dość porywczy, więc uważaj.","Er ist leicht reizbar, also sei vorsichtig.","Он вспыльчив, так что поосторожнее.","Характер у нього гарячкуватий, тому обережніше з ним.",他脾气不好，所以小心一点。
WALLY_ART,",,,,his,he,him",",,,,de ,à ,,le ,x",",,,,di ,a ,o,il ",,"는,가,를,와,로",",,,,de ,a ,o,el ",",,,,de ,a ,o,el ",",,,,o,seu ,ao ","jego,Wally'ego,Wally'emu,Wally'ego,,y,Wally'm",",,,,sein,,ihn,von,,,Wally,Wallys,Wally,Wally","Уолли,Уолли,Уолли,Уолли,Уолли,,,ён,ся,ет,его","Уоллі,Уоллі,Уоллі,Уоллі,Уоллі,ов,в,ий,є,ить,його",",,,,他的,他,他"
WATCHER_NAME,Watcher,Zieux,Osservatore,ビューン,뷴,Vigilante,Vigilante,Zoiudo,Obserwator,Obachter,Наблюдатель,Спостерігочі,观察者
WATCHER_DESC,This enemy's face is the easiest to draw.,Son visage est super facile à dessiner.,Questo nemico ha la faccia più facile da disegnare di tutti.,こいつの　かおは　いちばん　かくのが　かんたんです。,이 녀석의 얼굴이 가장 그리기 쉽다.,La cara de este enemigo es la más fácil de dibujar.,El rostro de este enemigo es el más fácil de dibujar.,Foi o mais fácil de desenhar.,Twarz tego wroga jest najłatwiejsza do narysowania.,Sein Gesicht ist am einfachsten zu zeichnen.,Его лик нарисовать проще всего.,Цього ворога найлегше намалювати.,这个敌人的脸是最好画的。
WATCHER_ART,"The ,the ,A ,a ,its,it,it","Le ,le ,Un ,un ,du ,au ,,le ,x","L',l',Un ,un ,dell',all',o,il ",,"은,이,을,과,으로","El ,el ,Un ,un ,del ,al ,o,el ","El ,el ,Un ,un ,del ,al ,o,el ","O ,o ,Um ,um ,o,seu ,ao ","jego,Obserwatora,Obserwatorowi,Obserwatora,,y,Obserwatorze","Der ,der ,Ein ,ein ,sein,den ,ihn,vom,,,Obachter,Obachters,Obachter,Obachter","наблюдатель,наблюдателя,наблюдателю,наблюдателя,наблюдателе,,,ён,ся,ет,его","спостерігочі,спостерігочей,спостерігочам,спостерігочі,спостерігочах,,ли,і,ють,ять,їх",",,一个,一个,它的,它,它"
WOLF_NAME,Wolf,Loup,Lupo,オオカミ,늑대,Lobo,Lobo,Lobo,Wilk,Wolf,Волк,Вовк,狼
WOLF_DESC,Watch out for those pearly whites.,Gare à ses crocs nacrés ¦,Attenzione a quei denti.,しんじゅみたいに　しろいやつらに　きをつけろ。,날카로운 이빨을 조심하라.,Cuidado con sus colmillos perlados.,Ten cuidado con sus colmillos anacarados.,Por que esses dentes tão grandes?,Uważaj na te perłowe zęby.,9 von 10 Zahnärzte empfehlen seine Zahnpasta.,Берегись его острых зубов!,Бережися цих гострих зубів!,当心那些洁白的獠牙。
WOLF_ART,"The ,the ,A ,a ,its,it,it","Le ,le ,Un ,un ,du ,au ,,le ,x","Il ,il ,Un ,un ,del ,al ,o,il ",,"는,가,를,와,로","El ,el ,Un ,un ,del ,al ,o,el ","El ,el ,Un ,un ,del ,al ,o,el ","O ,o ,Um ,um ,o,seu ,ao ","jego,Wilka,Wilkowi,Wilka,,y,Wilku","Der ,der ,Ein ,ein ,sein,den ,ihn,vom,,,Wolf,Wolfes,Wolf,Wolf","волк,волка,волку,волка,волке,,,ён,ся,ет,его","вовк,вовка,вовку,вовка,вовку,ов,в,ий,є,ить,його",",,一个,一个,它的,它,它"
WOODOH_NAME,Woodoh,Tronchou,Troncone,ウッドー,웃드,Roble,Madero,Árvore,Drzewiec,Gehölz,Древло,Дубодум,木多
WOODOH_DESC,An animated tree with suspicious actions.,"Un arbre qui marche, c'est suspect.",Un albero animato con movimenti sospetti.,あやしく　うごきまわる　き。,나무치곤 이상한데...,Un árbol animado con acciones sospechosas.,Un árbol dicharachero de conducta sospechosa.,Uma árvore animada?!,Ożywione drzewo lubiące się czaić.,Ein lebendiger Baum mit verdächtigen Absichten.,"Живое, подозрительно движущееся дерево.","Живе, підозріло активне дерево.",一棵会动、并且举止可疑的树。
WOODOH_ART,"The ,the ,A ,a ,its,it,it","Le ,le ,Un ,un ,du ,au ,,le ,x","Il ,il ,Un ,un ,del ,al ,o,il ",,"는,가,를,와,로","La ,la ,Una ,una ,de la ,a la ,a,la ","El ,el ,Un ,un ,del ,al ,o,el ","O ,o ,Um ,um ,o,seu ,ao ","jego,Drzewca,Drzewcowi,Drzewca,,y,Drzewcu","Das ,das ,Ein ,ein ,sein,das ,es,vom,,,Gehölz,Gehölzes,Gehölz,Gehölz","древло,древла,древлу,древло,древле,,о,ено,ось,ет,его","дубодум,дубодума,дубодуму,дубодума,дубодумі,ов,в,ий,є,ить,його",",,一个,一个,它的,它,它"
ZAPEEL_NAME,Zap Eel,Anguille électrique,Anguilla elettrica,バリバリうなぎ,전기뱀자앙어,Anguila eléctrica,Anguila eléctrica,Enguia Elétrica,Elektryczny Węgorz,Blitzaal,Электрический угорь,Електричний вугор,电鳗
ZAPEEL_DESC,Make sure you're not in the water with it.,Assurez-vous de ne pas vous trouver dans l'eau avec elle.,Assicurati di non essere in acqua con lei.,いっしょに　みずに　はいらないように。,물속 깊은 곳에서 찌릿찌릿하며 날 기다리고 있다.,Asegúrate de no estar en el agua con él.,Asegúrate de no estar en el agua con ella.,Nunca entre na água com uma dessas por perto.,"Upewnij się, że nie jesteś z nim w wodzie.",Geh bloß nicht mit ihm baden.,С ним в воду лучше не заходить.,Краще не заходь з ним у воду.,确保你不会同它一起待在水里。
ZAPEEL_ART,"The ,the ,A ,a ,its,it,it","L',l',Une ,une ,de l',à l',e,la ,se","L',l',Un',un',dell',all',a,la ",,"는,가,를,와,로","La ,la ,Una ,una ,de la ,a la ,a,la ","La ,la ,Una ,una ,de la ,a la ,a,la ","A ,a ,Uma ,uma ,a,sua ,à ","jego,Elektrycznego Węgorza,Elektrycznemu Węgorzowi,Elektrycznego Węgorza,,y,Elektrycznym Węgorzu","Der ,der ,Ein ,ein ,sein,den ,ihn,vom,,,Blitzaal,Blitzaals,Blitzaal,Blitzaal","электрический угорь,электрического угря,электрическому угрю,электрического угря,электрическом угре,,,ён,ся,ет,его","електричний вугор,електричного вугра,електричному вугру,електричного вугра,електричному вугрі,ов,в,ий,є,ить,його",",,一个,一个,它的,它,它"
ZOMBIE_NAME,Zombie,Zombie,Zombi,ゾンビ,좀비,Zombi,Zombi,Zumbi,Zombie,Zombie,Зомби,Зомбі,丧尸
ZOMBIE_DESC,"Careful, he knows Brain Shock.",Prenez garde à ses attaques de Choc mental ¦,"Attento, sa usare Stordimento.",ブレインショックに　きをつけろ。,좀비 주제에 브레인쇼크까지 배우고 있다.,"Cuidado, sabe hacer un Shock cerebral.","Cuidado, sabe hacer Shock mental.","Cuidado, ele usa Choque Mental.","Ostrożnie, on zna Szok Mózgu.","Vorsicht, er beherrscht Hirnschock.","Осторожно, он может использовать Ментальный шок!","Обережно, вміє використовувати Ментальний шок!",当心，他会脑震波。
ZOMBIE_ART,"The ,the ,A ,a ,his,he,him","Le ,le ,Un ,un ,du ,au ,,le ,x","Lo ,lo ,Uno ,uno ,dello ,allo ,o,il ",,"는,가,를,와,로","El ,el ,Un ,un ,del ,al ,o,el ","El ,el ,Un ,un ,del ,al ,o,el ","O ,o ,Um ,um ,o,seu ,ao ","jego,Zombie,Zombie,Zombie,,y,Zombie","Der ,der ,Ein ,ein ,sein,den ,ihn,vom,,,Zombie,Zombies,Zombie,Zombie","зомби,зомби,зомби,зомби,зомби,,,ён,ся,ет,его","зомбі,зомбі,зомбі,зомбі,зомбі,ов,в,ий,є,ить,його",",,一个,一个,他的,他,他"
GUARDDOG_NAME,Guard Dog,Chien de garde,Cane da guardia,ばんけん,경비견,Perro guardián,Perro guardian,Cão de Guarda,Pies Stróżujący,Wachhund,Сторожевой пёс,Сторожовий собака,看门狗
GUARDDOG_DESC,It's been trained since it was a puppy.,Il a été dressé depuis qu'il était tout jeune.,Addestrato fin da cucciolo.,こいぬのころから　トレーニングをうけてきた。,강아지 시절부터 훈련을 받아왔다.,Ha sido entrenado desde que era un cachorro.,Lo entrenaron desde que era un cachorro.,Foi treinado desde que era filhotinho.,Tresowany odkąd był szczeniakiem.,Er wurde schon als Welpe trainiert.,Его обучали ещё с щенячьего возраста.,Дресирований із щенячого віку.,它还是小狗的时候就开始接受训练了。
GUARDDOG_ART,"The ,the ,A ,a ,its,it,it","Le ,le ,Un ,un ,du ,au ,,le ,x","Il ,il ,Un ,un ,del ,al ,o,il ",,"은,이,을,과,으로","El ,el ,Un ,un ,del ,al ,o,el ","El ,el ,Un ,un ,del ,al ,o,el ","O ,o ,Um ,um ,o,seu ,ao ","jego,Psa Stróżującego,Psu Stróżującemu,Psa Stróżującego,,y,Psie Stróżującym","Der ,der ,Der ,der ,sein,den ,ihn,vom,,,Wächterhund,Wächterhundes,Wächterhund,Wächterhund","сторожевой пёс,сторожевого пса,сторожевому псу,сторожевого пса,сторожевом псе,,,ён,ся,ет,его","сторожовий собака,сторожового собаки,сторожовому собаці,сторожового собаку,сторожовим собаці,ов,в,ий,є,ить,його",",,一个,一个,它的,它,它"