key,en,fr,it,ja,ko,es,es_ES,pt_BR,pl,de,ru,uk,zh_CN
DIALOGUE_MERRYSVILLE_CUTSCENES_CAVE_0,[@]It looks dark in there...[W@]Are you sure we have to go in?,"[@]C'est vraiment sombre, là-dedans...[W@]T'es sûr qu'on est obligés de rentrer ?",[@]Sembra buio lì dentro...[W@]Vuoi davvero entrare?,[@]あなのなかは　くらそうだな・・・[W@]ほんとうに　なかを　とおっていくのか？,[@]엄청 어두워 보이는데...[W@]정말로 들어갈 거야?,[@]Parece estar muy oscuro ahí...[@]¿Estás seguro de que debemos entrar?,"[@]Ahí dentro está muy oscuro...
[W@]¿Estás seguro de que tenemos que entrar?",[@]Está muito escuro lá dentro...[W@]Tem certeza que precisamos entrar?,[@]Ciemno tam...[W@]Na pewno musimy tam wchodzić?,"[@]Es sieht so dunkel da drin aus ...[W@]Bist du sicher, dass wir reinmüssen?","[@]Ой, как там темно...[W@]Нам обязательно туда идти?",[@]Т-там дуже темно...[W@]Нам точно варто туди йти?,[@]里面看起来好黑啊…[WAIT@]我们真的要进去吗？
DIALOGUE_MERRYSVILLE_CUTSCENES_CAVE_1,"[@]N-no,[D:6] [F]you don't need to hold my hand-[/F][W@]It's just... [D]don't go too far from me, okay?","[@]N-Non,[D:6] [F]T'as pas besoin de me tenir la main-[/F][W@]C'est juste que... [D]Ne t'éloigne pas trop, ok ?","[@]N-No,[D:6] [F]non devi tenermi per mano-[/F][W@]È che... [D]non ti allontanare troppo, va bene?
",[@]い　いや[D:6]　てを　つないだり　とかは　いいけど・・・[W@]あんまり　とおくに　いかないでよ。,"[@]ㅇ-아니,[D:6] [F]손 잡을 필요는 없고-[/F][W@]그-그냥...[D] 너무 멀리 떨어지지만 말자, 알겠지?","[@]N-no,[D:6] [F]no necesito que me des la mano-[/F][W@]Solo... [D]manténte cerca, ¿sí?","[@]N-no,[D:6] [F]no es necesario que me tomes la mano-[/F]
[W@]Es solo que... [D]no te distancies mucho de mí, ¿vale?","[@]N-não,[D:6] [F]você não precisa segurar minha mão-[/F][W@]É só... [D]não fique muito longe de mim, está bem?","[@]N-nie,[D:6] [F]nie musisz mnie trzymać za rękę-[/F][W@]Po prostu... [D]nie odchodź ode mnie zbyt daleko, dobrze?","[@]N-nein,[D:6] [F]du musst nicht meine Hand halten-[/F][W@]Es ist nur ...[D] bleib in meiner Nähe, okay?","[@]Н-нет,[D:6] [F]можно не держаться за руку!..[/F][W@]П-просто... [D]не отходи далеко, л-ладно?..","[@]Н-ні,[D:6] [F]тобі не треба тримати мене за руку...[/F][W@]Т-тільки... [D]б-будь ласка, не відходь далеко...",[@]不、不用…[DELAY:6][FASTER]你不用牵着我的手——[/FASTER][WAIT@]只是…[DELAY]别离我太远，行吗？
DIALOGUE_MERRYSVILLE_CUTSCENES_DISTORTO_REMATCH_0,[@][DELAY:6:3]...You again?,[@][DELAY:6:3]...Encore vous ?,[@][DELAY:6:3]...Ancora voi?,[@]また[D:6]　きみかい？,[@][DELAY:6:3]...또 네놈들이냐?,[@][DELAY:6:3]...¿Ustedes de nuevo?,[@][DELAY:6:3]...¿Vosotros de nuevo?,[@][DELAY:6:3]...Vocês de novo?,[@][DELAY:6:3]...Znowu wy?,[@][DELAY:6:3]... Ihr schon wieder?,[@][DELAY:6:3]...Опять вы?,[@][DELAY:6:3]...Знову ви?,[@][DELAY:6]…又是你？
DIALOGUE_MERRYSVILLE_CUTSCENES_DISTORTO_REMATCH_1,"[@]W-what horrible,[DELAY:3] selfish children...[WAIT@]WON'T YOU EVER LEARN?!",[@]Q-Quelle bande d'enfants horribles et égoïstes...[WAIT@]VOUS N'ALLEZ DONC JAMAIS APPRENDRE DE VOS ERREURS ?!,"[@]S-Siete bambini[DELAY:3] così egoisti...[WAIT@]QUANDO IMPARERETE LA LEZIONE?!
",[@]なんて　ひどい　こどもたちだ・・・[WAIT@]わしを　おいつめようとでも　いうのか？！,"[@]ㅇ-이 못되고,[DELAY:3]이기적인 꼬마들 같으니라고...[WAIT@]도대체 언제쯤 정신 차릴 거냐?!",[@]Q-qué niños tan[DELAY:3] horribles y egoístas...[WAIT@]¡¿QUE NUNCA APRENDERÁN?!,"[@]Menudos críos tan insoportables[DELAY:3] y egoístas...
[WAIT@]¡¿ES QUE NUNCA VAIS A APRENDER?!",[@]M-mas que crianças egoístas[DELAY:3] e insuportáveis...[WAIT@]VOCÊS NÃO APRENDEM NUNCA?!,"[@]C-co za okropne,[DELAY:3] samolubne dzieci...[WAIT@]CZY NIGDY SIĘ NIE NAUCZĄ?!","[@]W-welch schrecklich,[DELAY:3] egoistische Kinder ...[WAIT@]WERDET IHE DENN NIE LERNEN?!","[@]Какие...[DELAY:3] эгоистичные дети...[WAIT@]ВЫ ЧТО, НИЧЕГО НЕ ПОНЯЛИ?!","[@]Які ж-жахливі,[DELAY:3] егоїстичні діти...[WAIT@]КОЛИ Ж ВИ ЗРОЗУМІЄТЕ?!",[@]太、太可怕了，你们这些可怕又[DELAY:3]自私自利的小鬼…[WAIT@]就不能涨点记性吗？！
DIALOGUE_MERRYSVILLE_CUTSCENES_DISTORTO1_0,"[@]No, no, no![DELAY] Where is it?!","[@]Non, non, et non ![DELAY] Où est-elle ?!","[@]No, no, no![DELAY] Dov'è finita?!
",[@]ど　[DELAY:3]ど　[DELAY:3]ど　[DELAY]どこにいった？！,"[@]아니, 아니, 아니![DELAY] 어디로 간 거지?!","[@]¡No, no, no![DELAY] ¡¿Dónde está?!","[@]¡No, no, no![DELAY] ¡¿Dónde está?!","[@]Não, não, não![DELAY] Cadê?!","[@]Nie, nie, nie![DELAY] Gdzie on jest?!","[@]Nein, nein, nein![DELAY] Wo ist er?!",[@]Нет-нет-нет![DELAY] Ну где она?!,"[@]Ні, ні, ні![DELAY] Де ж вона?!",[@]没有，没有，没有！[DELAY]到底在哪儿？！
DIALOGUE_MERRYSVILLE_CUTSCENES_DISTORTO1_1,[@]M-my radar picked it up just a moment ago![WAIT@]How does that thing keep evading me?!,[@]M-mon radar l'a détectée il y a un instant ![WAIT@]Où a-t-elle bien pu aller ?!,[@]I-Il mio radar l'ha rilevata poco fa![WAIT@]Come diamine ha fatto a sparire così?!,[@]レーダーは　さっきまでばしょを[BR]しめしていたというのに！[WAIT@]そらから　あんなにおおきい　ぶったいが[BR]きえるはずはない！,[@]방금까지만 해도 ㄴ-내 레이더에 잡혔는데![WAIT@]어떻게 내 추적을 따돌리는 거지?!,[@]¡M-mi radar la detectó solo hace un minuto![WAIT@]¡¿Cómo es que sigue eludiéndome?!,"[@]¡P-pero si mi radar la detectó hace solo un minuto!
[WAIT@]¡¿Cómo es que esa cosa sigue eludiéndome?!",[@]O m-meu radar acabou de captar![WAIT@]Como que aquilo fica sempre escapando de mim?!,[@]M-mój radar wykrył go dopiero minutę temu![WAIT@]W jaki sposób mnie ciągle unika?!,[@]M-mein Radar hat ihn doch vor einer Minute noch erfasst![WAIT@]Wie kann etwas einfach so verschwinden?!,[@]Ещё минуту назад мой радар её ловил![W@]К-как она постоянно уклоняется?!,"[@]М-мій радар виявив її лише хвилину тому!
[WAIT@]Як вона постійно мене уникає?!",[@]我、我的雷达刚才明明还探测到它了！[WAIT@]那东西怎么老是能从我眼皮底下溜走？！
DIALOGUE_MERRYSVILLE_CUTSCENES_DISTORTO1_2,[@]It's...[DELAY] I...,[@]C'est...[DELAY] Je...,"[@]Io...[DELAY] non...
",[@]きえ・・・[D]て・・・,[@]이건...[DELAY] 아직...,[@]Es...[DELAY] Es...,[@]Esto...[DELAY] Pero...,[@]Isso...[DELAY] Eu...,[@]Ja...[DELAY] To...,[@]Es ist ...[DELAY] ich ...,[@]Нет...[D] я...,[@]Ні...[DELAY] Я...,[@]这怎么可能…[DELAY]我…
DIALOGUE_MERRYSVILLE_CUTSCENES_DISTORTO1_3,"[@]I can still fix it.[WAIT@]I just...[DELAY] need to try again.[DELAY] Yes, that's it!","[@]J-Je peux encore réparer tout ça.[WAIT@]J'ai juste...[DELAY] besoin de réessayer.[DELAY] Oui, C'est ça !","[@]Posso risolvere.[WAIT@]Devo solo...[DELAY] riprovarci.[DELAY] Sì, esatto!
",[@]まだ　なおせるはずだ。[WAIT@]なんどだって　やりなおせばいい。[D][BR]そうさ　やりなおせばいいんだ！,"[@]아직 바로잡을 수 있어.[WAIT@]그냥...[DELAY] 다시 시도해 보면 돼.[DELAY] 그래, 그거야!","[@]Aún puedo arreglarlo.[WAIT@]Sólo tengo que...[DELAY] intentarlo otra vez.[DELAY] Sí, ¡eso es!","[@]Pero todavía puedo arreglarlo.
[WAIT@]Solo...[DELAY] tengo que volver a intentarlo.[DELAY] ¡Sí, eso es!","[@]Eu ainda posso consertar.[WAIT@]Eu só...[DELAY] preciso tentar de novo.[DELAY] Sim, é isso!","[@]To się nadal da naprawić.[WAIT@]Po prostu...[DELAY] muszę spróbować od nowa.[DELAY] Tak, dokładnie!","[@]Ich kann noch immer alles in Ordnung bringen.[WAIT@]Ich muss es nur ...[DELAY] noch einmal versuchen.[DELAY] Ja, so ist es!","[@]Я ещё могу всё исправить.[W@]Надо просто...[D] попытаться ещё.[D] Ага, есть!","[@]Я ще досі можу це виправити.[WAIT@]Мені всього лиш...[DELAY] потрібно спробувати ще раз.[DELAY] Так, от і все!",[@]还有办法补救。[WAIT@]我只需要…[DELAY]再试一次…[DELAY]对，就是这样！
DIALOGUE_MERRYSVILLE_CUTSCENES_DISTORTO1_4,"[@]Now, where's that terminal?[DELAY] Double security isn't cutting it[DELAY:3:3]... I need it tripled!","[@]Maintenant, où est le terminal ?[DELAY] Une double sécurité n'est pas suffisante[DELAY:3:3]... Il m'en faut une triple !","[@]Dov'è quel terminale?[DELAY] Non basta la sicurezza raddoppiata[DELAY:3:3]... deve essere triplicata!
",[@]さぁ　せいぎょターミナルは　どこだ？[D][BR]セキュリティを　ばいぞう・・・[D:3:3]いや　さんばいぞうだ！,[@]이제 그 터미널은 어디 갔지?[DELAY] 이중 보완으로는 불충분해[DELAY:3:3] 삼중으로 늘려야겠어!,[@]¿Dónde era que estaba la terminal?[DELAY] El doble de seguridad ya no es suficiente[DELAY:3:3]... ¡Necesito el triple!,"[@]A ver, ¿dónde está esa terminal?[DELAY] La seguridad doble se queda corta[DELAY:3:3]... ¡Necesito triplicarla!","[@]Agora, cadê aquele terminal?[DELAY] A segurança dupla não está dando certo[DELAY:3:3]... Eu preciso triplicá-la!",[@]No i gdzie ten terminal?[DELAY] Podwojenie ochrony nic nie dało[DELAY:3:3]...Trzeba ją potroić!,[@]Wo ist denn nun die Konsole?[D] Doppelte Sicherheit reicht nicht aus [D:3:3]... Ich brauche die dreifache!,[@]Где же та консоль?[D] Двойной системы охраны мало[D:3:3]... необходима тройная!,[@]Але ж де той термінал?[DELAY] Подвоєного захисту не вистачає[DELAY:3:3]... Мені треба його потроїти!,[@]现在，那个控制终端在哪？[DELAY]双重安全保障已经不够了[DELAY:3:3]…我需要提升到三重保障！
DIALOGUE_MERRYSVILLE_CUTSCENES_DISTORTO2_0,"[@]Oh,[DELAY:3] my dear child...[DELAY:10] C-can you hear me?","[@]Oh,[DELAY:3] mon cher enfant...[DELAY:10] Est-ce que tu m'entends ?","[@]Oh,[DELAY:3] piccolo mio...[DELAY:10] M-Mi senti?
",[@]ああ[D:3]　いとしい　わが　はつめいひんよ[D:10][BR]きこえるかい？,"[@]아,[DELAY:3] 내 아이야...[DELAY:10] 내 목소리가 ㄷ-들리니?","[@]Oh,[DELAY:3] mi querido niño...[DELAY:10] ¿M-me escuchas?","[@]Oh,[DELAY:3] mi pequeño...[DELAY:10] ¿M-me escuchas?","[@]Oh,[DELAY:3] meu filhinho...[DELAY:10] V-você pode me ouvir?","[@]Och,[DELAY:3] moje dziecię...[DELAY:10] Cz-czy mnie słyszysz?","[@]Oh,[DELAY:3] mein liebes Kind ...[DELAY:10] K-kannst du mich hören?","[@]Ах,[D:3] моё милое дитя...[D:10] Ты меня слышишь?","[@]Ох,[DELAY:3] дитя моє ненаглядне...[DELAY:10] Т-ти мене чуєш?
",[@]噢，[DELAY:3]我亲爱的孩子…[DELAY:10]你-[DELAY:2]你能听到我说话吗？
DIALOGUE_MERRYSVILLE_CUTSCENES_DISTORTO2_1,"[@]Please, don't break down...[DELAY] Not now![DELAY] I can't afford to be distracted![WAIT@]I built you,[DELAY] programmed you![DELAY:10] H-how can you just...[DELAY] ABANDON ME LIKE THIS?![WAIT@]Y-you're doing this on purpose,[DELAY:4] aren't you?[DELAY:10] You wanted to leave me all this time,[DELAY] just like everyone else?![WAIT@]ANSWER ME, YOU BUSTED MACHINE!","[@]S'il te plaît, ne me lâche pas...[DELAY] Pas maintenant ![DELAY] Je ne peux pas me permettre d'être distrait ![WAIT@]Je t'ai construit,[DELAY] programmé...[DELAY:10] C-Comment oses-tu...[DELAY] M'ABANDONNER DE LA SORTE ?! [WAIT@]T-Tu le fais exprès,[DELAY:4] c'est ça ?[DELAY:10] Tu voulais m'abandonner depuis tout ce temps, comme les autres ??[WAIT@]RÉPONDS-MOI, SALE TAS DE FERRAILLE !","[@]Ti prego, funziona...[DELAY] Non romperti ora![DELAY] Non posso permettermi distrazioni![WAIT@]Ti ho creato,[DELAY] programmato![DELAY:10] C-Come puoi...[DELAY] ABBANDONARMI COSÌ?![WAIT@]L-Lo fai apposta,[DELAY:4] vero?[DELAY:10] Hai sempre voluto lasciarmi solo,[DELAY] come tutti gli altri![WAIT@]RISPONDIMI, BRUTTO AMMASSO DI FERRAGLIA!
",[@]こわれないでくれ　おねがいだ・・・[D]いまだけは　どうか！[W@]わしが　おまえを　つくってやったと　いうのに　なんてことを　するんだ！[W@]まさか　ほかのやつらの　ように　さいしょから　おれを　みすてる　つもり　だったとか？！[WAIT@]へんとうしろ！　この　ポンコツマシンが！,"[@]제발 멈추지 마...[DELAY] 지금은 안 돼![DELAY] 한눈팔 여유 따위는 없단 말이야![WAIT@]널 만든 것도![DELAY] 널 프로그래밍한 것도! 전부 나라고![DELAY:10] 그-그런데 어떻게 네가...[DELAY] 날 이렇게 버릴 수가 있어?![WAIT@]이것도 다 일부로 이러는 거지,[DELAY:4] 그렇지?[DELAY:10] 넌 그냥 처음부터 날 떠나고 싶었던 것뿐이야, [DELAY]여타 다른 인간들처럼 말이야!![WAIT@]대답해, 이 깡통 대가리야!","[@]Por favor, no te averíes...[DELAY] ¡No ahora![DELAY] ¡No puedo permitirme distracciones![WAIT@]¡Yo te construí,[DELAY] te programé![DELAY:10] C-cómo puedes tan solo...[DELAY] ¡¿ABANDONARME ASÍ?![WAIT@]L-lo estás haciendo a propósito,[DELAY:4] ¿no?[DELAY:10] ¡¿Me querías abandonar todo este tiempo,[DELAY] igual que todos los demás?![WAIT@]¡RESPÓNDEME, MALDITA MÁQUINA DESCOMPUESTA!","[@]No te averíes, por favor...[DELAY] ¡Ahora no![DELAY] ¡No puedo permitirme distracciones!
[WAIT@]¡Te he construido![DELAY] ¡Te he programado![DELAY:10] ¿C-cómo puedes...[DELAY] ¡ABANDONARME ASÍ!?
[WAIT@]L-lo haces adrede,[DELAY:4] ¿verdad?[DELAY:10] ¡¿Querías dejarme todo este tiempo,[DELAY] igual que todos los demás?!
[WAIT@]¡RÉSPONDEME, PEDAZO DE CHATARRA!","[@]Por favor, não estrague...[DELAY] Agora não![DELAY] Eu não posso ficar me distraindo![WAIT@]Eu te construí,[DELAY] te programei![DELAY:10] C-como você pode...[DELAY] ME ABANDONAR ASSIM?![WAIT@]V-você está fazendo isso de propósito,[DELAY:4] não é?[DELAY:10] Você sempre quis ir embora,[DELAY] igual todo mundo?![WAIT@]ME RESPONDA, SEU MONTE DE LATA VELHA!","[@]Proszę, nie zepsuj się...[DELAY] Nie teraz![DELAY] Nie mogę się teraz rozpraszać![WAIT@]Zbudowałem cię,[DELAY] zaprogramowałem![DELAY:10] J-jak możesz mnie...[DELAY] TAK PO PROSTU OPUŚCIĆ?![WAIT@]T-ty robisz to specjalnie,[DELAY:4] co nie?[DELAY:10] Od początku chciałeś mnie opuścić,[DELAY] jak wszyscy inni?![WAIT@]ODPOWIEDZ, TY KUPO ZŁOMU!","[@]Bitte, nicht zusammenbrechen ...[DELAY] Nicht jetzt![DELAY] Ich kann mir keine Ablenkung leisten![WAIT@]Ich habe dich gebaut,[DELAY] dich programmiert![DELAY:10] W-wie kannst du mich nur ... [DELAY] MICH NUR SO IM STICH LASSEN?![WAIT@]D-das machst du absichtlich,[DELAY:4] nicht wahr?[DELAY:10] Du wolltest mich die ganze Zeit verlassen,[DELAY] genau wie alle anderen?![WAIT@]ANTWORTE MIR, DU DEFEKTE BLECHBÜCHSE!","[@]Прошу тебя, не выходи из строя...[D] Только не сейчас![D] Мне сейчас не до этого![W@]Я тебя сконструировал![D] Я тебя запрограммировал![D:10] Д-да как ты можешь...[D] ВЗЯТЬ И ОСТАВИТЬ МЕНЯ?![W@]Я знаю, [DELAY:4]т-ты это нарочно!!![D:10] Ты всё это время хотел бросить меня, [D:4]как и все![W@]ОТВЕЧАЙ, ДРЯННОЙ КУСОК МЕТАЛЛА!","[@]Будь ласка,[DELAY:3] не виходь з ладу...[DELAY:8] Не зараз![DELAY] Я не можу відволікатись!
[WAIT@]Я збудував тебе,[DELAY:3] запрограмував![DELAY:10] Як т-ти смієш...[DELAY] ПРОСТО ТАК МЕНЕ ПОКИНУТИ?!
[WAIT@]Т-ти робиш це навмисно,[DELAY:4] правда?[DELAY:10] Весь цей час ти хотів піти від мене,[DELAY] як і всі інші?!
[WAIT@]ВІДПОВІДАЙ,[DELAY:3] НІКЧЕМНА ТИ БЛЯШАНКА!
",[@]拜托了，别出故障…[DELAY]别是现在！[DELAY]我不能分心！[WAIT@]是我制造了你，[DELAY]是我给你编的程序！[DELAY:10]你、你怎么能就这样…[DELAY]这样抛弃我？！[WAIT@]你、你是故意的，[DELAY:4]对不对？[DELAY:10]你一直都想离开我，[DELAY]就像其他人一样？！[WAIT@]回答我，你这台破机器！
DIALOGUE_MERRYSVILLE_CUTSCENES_DISTORTO2_10,[@]YES SIR.,"[@]OUI MONSIEUR.
","[@]SISSIGNORE.
",[@]イエッサー。,[@]예. 주인님.,"[@]SÍ, SEÑOR.","[@]SÍ, SEÑOR.","[@]SIM, SENHOR.",[@]TAK JEST.,"[@]JA, MEISTER.",[@]ТАК ТОЧНО.,[@]ТАК ТОЧНО.,[@]遵命。
DIALOGUE_MERRYSVILLE_CUTSCENES_DISTORTO2_2,[@]N-no...,[@]N-Non...,"[@]N-No...
",[@]そ　そんな・・・,[@]ㅇ-안 돼...,[@]N-no...,[@]N-no...,[@]N-não...,[@]N-nie...,[@]N-nein ...,[@]Н-нет...,[@]Н-ні...,[@]不…
DIALOGUE_MERRYSVILLE_CUTSCENES_DISTORTO2_3,"[@]It's not fair to say that...[DELAY] Not fair at all...[WAIT@]Y-you probably hate me,[DELAY:4] right?[WAIT@]Do you t-think Goldie hated me too?[DELAY] All along[DELAY:4:3]...?","[@]C'est injuste de dire ça...[DELAY] Vraiment injuste...[WAIT@]T-Tu me détestes,[DELAY:4] non ?[WAIT@]T-Tu penses que Goldie me détestait aussi ?[DELAY] Depuis le début[DELAY:4:3]...?","[@]Non posso dire cose del genere...[DELAY] Non è giusto...[WAIT@]M-Mi odi,[DELAY:4] non è vero?[WAIT@]Anche Goldie mi odiava?[DELAY] È così, vero[DELAY:4:3]...?
",[@]ひ　ひきょうもの！[WAIT@]き　きみも　わしのことが　きらいなのだろう？[WAIT@]まさか　ダンカンも　わしのことが　きらいだったとでも　いうのか？[D][BR]さいしょから　ずっと[D:4:3]・・・？,"[@]그렇게 말하면 안 되는 거였는데...[DELAY] 정말 끔찍한 말을...[DELAY] ㄴ-너도 날 싫어하는 거지,[DELAY:4] 그렇지?[WAIT@]골디도 날 ㅅ-싫어 했던걸까?[DELAY] 처음부터[DELAY:4:3]...?","[@]No es justo decir eso...[DELAY] No lo es para nada...[WAIT@]T-tú probablemente también me odias,[DELAY:4] ¿cierto?[WAIT@]¿Acaso p-piensas que Goldi también me odiaba?[DELAY] ¿Todo este tiempo[DELAY:4:3]...?","[@]No es justo decir eso...[DELAY] Nada justo...
[WAIT@]P-probablemente me odias,[DELAY:4] ¿verdad?
[WAIT@]¿C-crees que Goldi también me odiaba?[DELAY] ¿Desde el principio[DELAY:4:3]...?","[@]Não é justo dizer isso...[DELAY] Não é justo...[WAIT@]V-você deve me odiar,[DELAY:4] né?[WAIT@]Você acha que o Rico também me odiava?[DELAY] Todo esse tempo[DELAY:4:3]...?","[@]Nie mogę tak mówić...[DELAY] To niesprawiedliwe...[WAIT@]P-pewnie mnie nienawidzisz,[DELAY:4] prawda?[WAIT@]Czy m-myślisz, że Goldie mnie też nienawidził?[DELAY] Od samego początku[DELAY:4:3]...?","[@]Es ist nicht fair, das zu sagen ...[D] Ganz und gar nicht fair ...[W@]W-wahrscheinlich hasst du mich jetzt,[D:4] oder?[W@]Glaubst du, Goldie hat mich auch gehasst?[D] Die ganze Zeit über[D:4:3] ...?","[@]Нет, это грубо...[D] слишком грубо...[W@]Т-ты, наверное,[D:4] меня ненавидишь?[W@]Может, Голди тоже меня ненавидел?[D][BR]С самого начала[DELAY:3:3]?..","[@]Несправедливо це казати...[DELAY] несправедливо...[WAIT@]Т-ти,[DELAY:3] напевно,[DELAY:3] мене ненавидиш,[DELAY:4] так?[WAIT@]Н-невже...[DELAY] невже Голді теж мене ненавидів?[DELAY][BR]Весь цей час[DELAY:4:3]...?
",[@]你这么说…不公平…[DELAY]一点都不公平…[WAIT@]你、你大概很恨我吧，[DELAY:4]对吗？[WAIT@]你觉得…小戈德也恨我吗？[DELAY]自始至终…？
DIALOGUE_MERRYSVILLE_CUTSCENES_DISTORTO2_4,[@]Hello?[DELAY] Excuse us?,[@]Bonjour ?[DELAY] Excusez-nous?,"[@]Salve?[DELAY] Ci scusi?
",[@]すみません[DELAY]　えっと・・・,[@]안녕하세요?[DELAY] 저기요?,[@]¿Hola?[DELAY] ¿Disculpe?,[@]¿Buenas?[DELAY] ¿Disculpe?,[@]Olá?[DELAY] Com licença?,[@]Halo?[DELAY] Czy można?,[@]Hallo?[DELAY] Entschuldigen Sie?,[@]Здравствуйте?[D] Извините?,[@]Добрий день?[DELAY] Перепрошую?,[@]你好？[DELAY]打扰一下？
DIALOGUE_MERRYSVILLE_CUTSCENES_DISTORTO2_5,[@]W-who are you?![DELAY:7] Who sent you here?!,[@]Q-Qui êtes-vous ?![DELAY:7] Qui vous a envoyés ?!,"[@]C-Chi siete?![DELAY:7] Chi vi ha mandato?!
",[@]お　おまえたちは　だれだっ？！[DELAY:7][BR]さ[D]　さては[D]　わしを[BR]つかまえにきたとでも　いうのかっ？！,[@]너네는 ㄴ-누구야?![DELAY:7] 누가 너희들을 보낸 거지?!,[@]¡¿Q-quiénes son?![DELAY:7] ¡¿Quién los envió aquí?!,[@]¡¿Y v-vosotros quiénes sois?![DELAY:7] ¡¿Quién os ha enviado?!,[@]Q-quem são vocês?![DELAY:7] Quem mandou vocês aqui?!,[@]A-a wy to kto?![DELAY:7] Kto was tu przysłał?!,[@]W-wer seid ihr?![DELAY:7] Wer hat euch hergeschickt?!,[@]В-вы к-кто такие?![D:7] Кто вас сюда послал?!,[@]Х-хто ви?![DELAY:7] Хто вас сюди прислав?!,[@]你-你是谁？！[DELAY:7]是谁派你来的？！
DIALOGUE_MERRYSVILLE_CUTSCENES_DISTORTO2_6,[@]Um...[DELAY] We just wanted to ask about...,[@]Euh...[DELAY] On voulait juste vous demander...,"[@]Ehm...[DELAY] Vorremmo solo chiederle...
",[@]いや　はなしを　きいてほしい　だけなんだ！[D][BR]ロケットに　ついて　なんだけど・・・,[@]음...[DELAY] 저희는 그냥 물어보고 싶은 게...,[@]Em...[DELAY] Solo queríamos preguntarle sobre...,[@]Esto...[DELAY] Solo queríamos preguntarle sobre...,[@]Hum...[DELAY] A gente só queria perguntar...,[@]Ym...[DELAY] Chcieliśmy tylko spytać...,"[@]Ähm ...[DELAY] Wir wollten Sie nur fragen, ob ...",[@]Мы...[D] просто хотели спросить...,[@]Е-е...[DELAY] Ми всього лиш хотіли запитати про...,[@]呃…[DELAY]我们只是想问一下，关于…
DIALOGUE_MERRYSVILLE_CUTSCENES_DISTORTO2_7,[@]G-get away from me!,[@]É-Éloignez-vous de moi !,"[@]S-State indietro!
",[@]く　[DELAY:3]くるな！,[@]가-가까이 오지 마!,[@]¡A-aléjate de mi!,[@]¡A-alejaos de mí!,[@]F-fiquem longe de mim!,[@]Z-z dala ode mnie!,[@]G-geht weg von mir!,[@]Не подходите!,[@]В-відійдіть від мене!,[@]别、[DELAY:2]别靠近我！[DELAY:3]离我远点！
DIALOGUE_MERRYSVILLE_CUTSCENES_DISTORTO2_8,"[@]Help![DELAY] Somebody, help me!","[@]À l'aide ![DELAY] quelqu'un, aidez-moi !","[@]Aiuto![DELAY] Aiutatemi!
",[@]だれかっ！[DELAY][BR]だれでも　なんでもいいから　たすけてくれ！,"[@]도와주세요![DELAY] 누가, 누가 좀 도와주세요!","[@]¡Auxilio![DELAY] ¡Por favor, que alguien me ayude!",[@]¡Auxilio![DELAY] ¡Que alguien me ayude!,[@]Socorro![DELAY] Alguém me ajude!,[@]Pomocy![DELAY] Niech ktoś mi pomoże!,[@]Hilfe![DELAY] Hilf mir jemand!,[@]На помощь![D] Кто-нибудь![D:6] Караул!,"[@]Допоможіть![DELAY] Хто-небудь, рятуйте!",[@]救命！[DELAY]来人啊，救我！
DIALOGUE_MERRYSVILLE_CUTSCENES_DISTORTO2_9,"[@]Oh, f-finally![WAIT@]Secure the area![DELAY:5] They broke into my factory!","[@]Ah, e-enfin ![WAIT@]Sécurisez la zone ![DELAY:5] Ils sont entrés par effraction dans mon usine!","[@]Oh, f-finalmente![WAIT@]Mettete in sicurezza l'area![DELAY:5] Hanno fatto irruzione nella mia fabbrica!
",[@]う　うごいてくれた　かっ！[WAIT@]よし　エリアを　ふうさしろ！[DELAY:5][BR]わしの　こうじょうに　はいりこんだ　やつらを　しまつしてくれ！,[@]아... ㄷ-드디어![WAIT@]주변을 봉쇄해![DELAY:5] 이 녀석들이 내 공장에 침입했어!,"[@]¡Oh, p-por fin![WAIT@]¡Asegura el área![DELAY:5] ¡Están invadiendo mi fábrica!","[@]¡Ah, p-por fin![WAIT@]¡Asegura la zona![DELAY:5] ¡Están invadiendo mi fábrica!","[@]Oh, a-até que enfim![WAIT@]Isolem a área![DELAY:5] Eles invadiram a minha fábrica!","[@]O, n-nareszcie![WAIT@]Bronić terenu![DELAY:5] Włamali się do mojej fabryki!","[@]Oh, e-endlich![WAIT@]Sicher das Areal![DELAY:5] Sie sind in meine Fabrik eingebrochen!","[@]Ох, н-ну неужели![W@]Очистить территорию![D:5] Они вторглись на мой завод!","[@]Ух,[DELAY:3] н-ну нарешті![WAIT@]Зачистити територію! [DELAY]Вони проникли на мій завод!",[@]哦，终[DELAY:2]，终于来了！[WAIT@]封锁这片区域！[DELAY:5]他们闯进我的工厂了！
DIALOGUE_MERRYSVILLE_CUTSCENES_DISTORTO3_0,[@]What happened?!,[@]Qu'est-ce qu'il se passe ?!,[@]Che succede?!,[@]ど　どうしたんだ？！,[@]ㅁ-뭐야?!,[@]¡¿Qué pasó?!,[@]¡¿Qué ha ocurrido?!,[@]O que houve?!,[@]Co się stało?!,[@]Was ist hier passiert?,[@]Что такое?!,[@]Що трапилось?!,[@]发生什么事了？！
DIALOGUE_MERRYSVILLE_CUTSCENES_DISTORTO3_1,[@]W-who do you work for?[DELAY:10] What do you want?![WAIT@]ANSWER ME!,[@]P-Pour qui travaillez-vous ?[DELAY:10] Que me voulez-vous ?![WAIT@]RÉPONDEZ !,[@]P-Per chi lavorate?[DELAY:10] Che volete?![WAIT@]RISPONDETEMI!,[@]お　おまえらは　どこからきた？[DELAY:10][BR]なにが　ほしい？！[WAIT@]はやく　こたえろ！,[@]ㄴ-누구 밑에서 일하고 있는 거냐?[DELAY:10] 무얼 원하는 거지?![WAIT@]대답해!,[@]¿P-para quién trabajas?[DELAY:10] ¡¿Qué es lo que quieres?![WAIT@]¡RESPÓNDEME!,"[@]¡¿P-para quién trabajáis?![DELAY:10] ¡¿Qué queréis de mí?!
[WAIT@]¡RESPONDED!",[@]P-para quem vocês trabalham?[DELAY:10] O que querem comigo?![WAIT@]ME RESPONDAM!,[@]D-Dla kogo pracujecie?[DELAY:10] Czego chcecie?![WAIT@]ODPOWIADAĆ!,[@]F-für wen arbeitet ihr?[DELAY:10] Was wollt ihr?![WAIT@]ANTWORTET!,[@]Н-на кого вы работаете?[D:10] Чего вам нужно?![W@]ОТВЕЧАЙТЕ!,[@]Н-на кого ви працюєте?[DELAY:10] Чого вам треба?![WAIT@]ВІДПОВІДАЙТЕ МЕНI!,[@]谁、谁派你来的？[DELAY:10]你到底想要干什么？！[WAIT@]回答我！
DIALOGUE_MERRYSVILLE_CUTSCENES_DISTORTO3_2,"[@]The[DELAY:4:3]... missiles?[WAIT] Oh, you s-shameless flatterer![WAIT@]Of course they're mine![DELAY] Who else's?![WAIT@]T-that's patented Duncan's Factory firepower to you,[DELAY] my young fashion-challenged friend...[WAIT@]And the next batch will be strong enough to raze entire city blocks![DELAY] Marvellous, isn't it?[DELAY] Truly terrific!","[@]Les[DELAY:4:3]... missiles ?[WAIT] Oh, p-petit flatteur ![WAIT@]Bien sûr que ce sont mes œuvres ![DELAY] Qui d'autre aurait pu faire ça ?![WAIT@]Après tout c'est ça, les fusées de chez Duncan,[DELAY] mon jeune ami au sens de la mode douteux... [WAIT@]Et la prochaine fournée va être assez puissante pour raser des quartiers entiers de la carte ![DELAY] Merveilleux, n'est-ce pas ?[DELAY] Formidable, même !","[@]I[DELAY:4:3]... missili?[WAIT] Oh, che r-ruffiano![WAIT@]Certo che li ho fatti io![DELAY] Chi altro ci riuscirebbe?![WAIT@]Sono armi brevettate dalla Fabbrica di Duncan,[DELAY] mio giovane amico dal dubbio stile nel vestirsi...[WAIT@]E i prossimi saranno così forti da radere al suolo interi quartieri![DELAY] Non è incredibile?[DELAY] Anzi, meraviglioso?!
",[@]ロケット[DELAY:4:3]・・・だって？[WAIT][BR]いまさら　おせじをいったって　つうようはしない！[WAIT@]ああ　それは　もちろん　わしのだよ！[BR]ダンカンこうじょうの　ぎじゅつで　つくられた　いちりゅうひん　さ！[WAIT@]そして　おおがたロケットが　かんせいすれば[BR]いっぱつで　まちかどをも　こわすことができる！[BR][D]すばらしい[D]　だろう？,"[@]미사일[DELAY:4:3]...?[WAIT] 이런 뻔뻔한 아첨꾼들 같으니라고![WAIT@]당연히 내가 만들었다![DELAY] 그럼 그걸 누가 만들어내겠어?![WAIT@]ㄱ-그게 바로 이 던컨 공장의 특허받은 화력이라고,[DELAY] 패션 감각 제로인 꼬맹이...[WAIT@]그리고 다음 생산분은 도시 한 구역 정도는 흔적도 없이 날려 버릴 만큼 강력할 거다![DELAY] 놀랍지 않나?[DELAY] 가히 경이롭지 않나!","[@]¿Los[DELAY:4:3]... misiles?[WAIT] ¡Ay, p-pero que halagador que eres![WAIT@]¡Por supuesto que son míos![DELAY] ¡¿De quién más si no?![WAIT@]E-ese es el patentado poder de fuego de la Fábrica Duncan,[DELAY] mi estimado amigo sin sentido de la moda...[WAIT@]¡Y el próximo grupo será lo suficientemente fuerte para arrasar con barrios enteros![DELAY] ¿Maravilloso, no?[DELAY] ¡Simplemente espectacular!","[@]¿Los[DELAY:4:3]... misiles?[WAIT] ¡Vaya, m-menudo adulador que eres!
[WAIT@]¡Pues claro que son míos![DELAY] ¡¿De quién si no?!
[WAIT@]Potencia de fuego patentada de la Fábrica Duncan,[DELAY] mi estimado jovenzuelo sin sentido alguno para la moda...
[WAIT@]¡Y la próxima remesa será lo bastante potente como para arrasar con barrios enteros![DELAY] Es maravilloso, ¿no crees?[DELAY] ¡Sencillamente grandioso!","[@]Os[DELAY:4:3]... mísseis?[WAIT] Oh, assim você me envergonha![WAIT@]São meus, sim![DELAY] De quem mais seriam?![WAIT@]É o p-poder de fogo registrado da Fábrica Duncan,[DELAY] meu caro jovem sem noção de moda...[WAIT@]E a próxima leva terá potência suficiente para dizimar bairros inteiros![DELAY] É maravilhoso, não é?[DELAY] Um espetáculo!","[@]Ra[DELAY:4:3]... rakiety?[WAIT] O ty b-bezwstydny pochlebco![WAIT@]Oczywiście, że są ode mnie![DELAY] Bo od kogo innego?![WAIT@]T-tak właśnie wygląda siła ognia patentu Fabryki Duncana,[DELAY] mój młody, niegrzeszący poczuciem stylu przyjacielu...[WAIT@]A następna partia będzie dość silna, by zrównać z ziemią całe bloki budowlane![DELAY] Cudowne, czyż nie?[DELAY] Doprawdy niesamowite!","[@]Die[DELAY:4:3] ... Raketen?[WAIT] Oh, du schamloser Charmeur![WAIT@]Natürlich gehören sie mir![DELAY] Wem denn sonst?![WAIT@]D-das ist patentierte Feuerkraft aus Duncans Fabrik,[DELAY] mein junger, modisch ungeschickter, mutiger Freund ... [WAIT@]Und die nächste Charge wird stark genug sein, ganze Stadtviertel dem Erdboden gleichzumachen![DELAY] Wunderbar, nicht wahr?[DELAY] Wirklich grandios!","[@]Ра[D:4:3]... ракеты?[W] Ах ты, б-бесстыжий подлиза![W@]Конечно, они мои![D] Чьи же ещё?![W@]Это запатентованная артиллерия завода имени Дункана,[D:6] мой юный и отставший от моды друг...[W@]И моя следующая партия запросто сравняет с землёй целые кварталы![D] Не правда ли, потрясающе?[D] Просто фантастика!","[@]Ра[DELAY:4:3]... ракети?[WAIT] Ох, який б-безсоромний підлесник![WAIT@]Звичайно ж вони мої![DELAY] А чиї ще?![WAIT@]Ось в-вона,[DELAY] патентована міць фабрики Дункана,[DELAY][BR]мій юний, обмежений у моді друже...[WAIT@]А наступна партія зможе запросто спопелити цілі квартали![DELAY:10] Чудово, правда?[DELAY] Справжня казка!
",[@]那些…导弹？[WAIT]哦，你-这厚脸皮的家伙！[WAIT@]当然是我的杰作！[DELAY]还能有谁？！[WAIT@]我告诉你，这可是邓肯工厂专利武装，[DELAY]这位时尚感堪忧的年轻朋友…[WAIT@]下一批的破坏力会更强，足以夷平整片街区！[WAIT@]很惊人吧？[DELAY]很了不起吧？！[WAIT@]真的是太伟大了！
DIALOGUE_MERRYSVILLE_CUTSCENES_DISTORTO3_3,"[@]A-actually, sir,[DELAY] we were wondering if...[DELAY] um...[WAIT@]If you could stop launching them?[DELAY] Maybe?","[@]E-En fait, monsieur,[DELAY] on se demandait si...[DELAY] Euh...[WAIT@]Vous pourriez arrêter les tirs ?[DELAY] S'il vous plaît ?
","[@]I-In realtà, signore,[DELAY] speravamo che potesse...[DELAY] ehm...[WAIT@]Smettere di lanciare i missili?[DELAY] Se possibile?",[@]じ　じつは[D]　たのみたいことが　あるんだけど・・・[W@]これいじょう　ロケットを　まちに　おとすことを　やめてほしいんだ。[D][BR]おねがい　だよ。,"[@]ㅈ-저기, 박사님,[DELAY] 사실 저희가요...[DELAY] 음...[WAIT@]혹시 그 미사일 말인데요, 멈춰 주시면 안 될까...[DELAY] 해서 말인데요...","[@]D-de hecho, señor,[DELAY] nos estábamos preguntando si tal vez...[DELAY] em...[WAIT@]¿Podría parar de lanzarlos?[DELAY] ¿Quizás?","[@]E-en realidad, señor,[DELAY] nos preguntábamos si...[DELAY] esto...
[WAIT@]¿Si podría parar de lanzarlos?[DELAY] ¿Tal vez?","[@]N-na verdade,[DELAY] a gente queria saber se...[DELAY] er...[WAIT@]Se o senhor poderia parar de lançar os mísseis?[DELAY] Quem sabe?","[@]Tak właściwie, psze pana,[DELAY] to chcieliśmy zapytać, czy...[DELAY] no...[WAIT@]Czy mógłby je pan przestać odpalać?[DELAY] Proszę?","[@]Äh, eigentlich, Sir,[D] wir haben uns gefragt, ob ...[D] ähm ...[W@]Ob Sie die Zündung vielleicht stoppen könnten?[D] Rein eventuell?","[@]Извините, сэр,[D] мы бы хотели спросить...[W@]А вы...[D:6] не можете перестать их запускать?","[@]Н-насправді, сер,[DELAY] ми хотіли б дізнатися, чи...[DELAY] е-е...[WAIT@]Чи не могли б ви припинити їх запускати?
",[@]那、那个，先生，[DELAY]我们是想问，[DELAY]嗯……[WAIT@]您能不能别再发射它们了？[DELAY]拜托？
DIALOGUE_MERRYSVILLE_CUTSCENES_DISTORTO3_4,"[@][DELAY:3:3]...Hah![DELAY] Ha-haha![DELAY] HAHAHAH![WAIT@]Stop, he says![DELAY] Did I hear that right?[WAIT@]Stop?[DELAY] STOP?!","[@][DELAY:3:3]...Ha ![DELAY] Ha-haha ![DELAY] HAHAHAH ![WAIT@]Les arrêter, dit-il ![DELAY] Ai-je bien entendu ?[WAIT@]Les arrêter ?[DELAY] LES ARRÊTER ?!","[@][DELAY:3:3]...Hah![DELAY] Ha-haha![DELAY] HAHAHAH![WAIT@]Smettere, dice![DELAY] Ho capito bene?[WAIT@]Smettere?[DELAY] SMETTERE?!",[@]ハハッ！[D][BR]ハーハッハッ！[D][BR]ハ[D]　[SL]ハハハハハハハ！！！[/SL][W@]やめろ[D]　だって？[W@]とめろ　[D]だって？！,[@][DELAY:3:3]...하![DELAY] 하-하하![DELAY] 하하하하!![WAIT@]멈추라고?[DELAY]뭐를? 미사일을? [DELAY]내가 잘못 들었나?[WAIT@] 멈추라고?[DELAY] 멈추라고?!,"[@][DELAY:3:3]...¡Ja![DELAY] ¡Ja, ja, ja![DELAY] ¡JA, JA, JA, JA![WAIT@]¡Parar, dice![DELAY] ¿Escuché eso correctamente?[WAIT@]¿Parar?[DELAY] ¡¿PARAR?!","[@][DELAY:3:3]...¡Ja![DELAY] ¡Ja, ja, ja![DELAY] ¡JA, JA, JA, JA!
[WAIT@]¡Que pare, dice![DELAY] ¿He oído bien?
[WAIT@]¿Que pare?[DELAY] ¡¿Que pare?!",[@][DELAY:3:3]...Ha![DELAY] Ha-haha![DELAY] HAHAHA![WAIT@]Parar![DELAY] Eu ouvi direito?[WAIT@]Parar?[DELAY] PARAR?!,"[@][DELAY:3:3]...Ha![DELAY] Ha-haha![DELAY] HAHAHAH![WAIT@]Przestać, powiada![DELAY] Dobrze słyszę?[WAIT@]Przestać?[DELAY] PRZESTAĆ?!",[@][DELAY:3:3]... Ha![DELAY] Ha-haha![DELAY] HAHAHAH-HALT![WAIT@]„Stoppen“ sagt er![DELAY] Habe ich das richtig gehört?[WAIT@]„Stoppen“?[DELAY] „STOPPEN“?!,[@][D:3:3]...Ха![D] Ха-ха![D] ПФА-ХА-ХА![W@]«Перестать»?[D] Что?[D:4] Ну-ка скажи ещё раз?[W@]Перестать?[D] ПЕРЕСТАТЬ?!,"[@][DELAY:3:3]...Хах![DELAY] Хa-хaхa![DELAY] ХАХАХАХ![WAIT@]«Припинити»,[DELAY:2] каже![DELAY] Я правильно почув?[WAIT@]Припинити?[DELAY] ПРИПИНИТИ?!
",[@][DELAY:3]…哈！[DELAY]哈——哈哈！[DELAY]哈哈哈——哈哈哈哈！[WAIT@]他说，停下！[DELAY]我没听错吧？[WAIT@]停下？[DELAY]你让我停下？！
DIALOGUE_MERRYSVILLE_CUTSCENES_DISTORTO3_5,"[@]ARE YOU INSANE, BOY?![WAIT@]I can't stop![DELAY] Not now![DELAY] I CAN'T![WAIT@]It's...[DELAY] it's...[DELAY] personal matters, you see.[WAIT] A very...[DELAY] reasonable set of circumstances,[DELAY:4] I assure you.[WAIT@]Y-you understand, right?[DELAY] Oh,[DELAY:3] I'm glad.[DELAY] So very glad,[DELAY:5] indeed...[WAIT@]And now that the confusion has been cleared...[WAIT@]Get out of my sight.","[@]ES-TU FOU, PETIT ?![WAIT@]Je ne peux pas m'arrêter ![DELAY] Pas maintenant ![DELAY] C'EST IMPOSSIBLE ![WAIT@]C'est...[DELAY] c'est...[DELAY] assez personnel, vois-tu.[WAIT] C'est vraiment...[DELAY] un ensemble de circonstances vraiment raisonnables,[DELAY:4] je t'assure.[WAIT@]T-Tu comprends, n'est-ce pas ?[DELAY] Oh,[DELAY:3] je suis rassuré.[DELAY] très rassuré,[DELAY:5] oui...[WAIT@]Maintenant que cette histoire est réglée...[WAIT@]Hors de ma vue.","[@]SEI IMPAZZITO?![WAIT@]Non posso smettere![DELAY] Non ora![DELAY] NON POSSO![WAIT@]È...[DELAY] è...[DELAY] per motivi personali.[WAIT] Motivi molto...[DELAY] sensati e personali,[DELAY:4] te lo assicuro.[WAIT@]L-Lo capisci, sì?[DELAY] Oh,[DELAY:3] meno male.[DELAY] Meno male,[DELAY:5] sì...[WAIT@]E ora che ci siamo capiti...[WAIT@]Fuori da qui.",[@]きみたちは　ばかげてるのかい？[W@]いまさら・・・[BR][D]いまさら　やめるわけには　いかないのだよ！[BR][D]ぜったいに　だ！[W@]・・・コホン。[BR][D]こ　[D]こじんてきじじょう　とでもいえば[BR]わかるかね。[W@]きみたちなら　りかいできるだろう？[D][BR]そうか　よかった。[BR]ほんとうに　[D:5]ほんとうに　よかった・・・[W@]きみたちとの　ごかいも　とけたようだし・・・[W@]とっとと　きえてなくなりやがれ。,"[@]자네들 제정신인가, 소년![WAIT@]난 절대 멈추지 않는다![DELAY] 지금은 안 돼![DELAY] 안 된다고![WAIT@] 그건...[DELAY] 그건...[DELAY] 내 개인적인 사정이다.[WAIT@]아주...[DELAY] 아주...[DELAY] 충분히 합리적인 이유가 있단 말이다,[DELAY] 내가 장담하지.[WAIT@]ㅈ-자네도 이해하지?[DELAY] 오,[DELAY:3] 그래, 다행이군.[DELAY] 다행이야.[DELAY:5] 정말로...[WAIT@]이제 오해도 풀린 듯하니...[WAIT@]내 눈앞에서 꺼져.","[@]¿¡ESTÁS LOCO O QUÉ?![WAIT@]¡No puedo parar![DELAY] ¡No ahora![DELAY] ¡NO PUEDO![WAIT@]Son...[DELAY] son...[DELAY] asuntos personales.[WAIT] Un...[DELAY] conjunto muy razonable de circunstancias,[DELAY:4] te aseguro.[WAIT@]L-lo entienden, ¿verdad?[DELAY] Ah,[DELAY:3] qué alivio.[DELAY] Qué gran,[DELAY:5] gran alivio...[WAIT@]Ahora que esa confusión se ha aclarado...[WAIT@]Fuera de mi vista.","[@]¡¿ESTÁS MAL DE LA CABEZA?!
[WAIT@]¡No puedo parar![DELAY] ¡No ahora![DELAY] ¡NO PUEDO!
[WAIT@]Son...[DELAY] son...[DELAY] asuntos personales.[WAIT] Un conjunto de circunstancias...[DELAY] de lo más razonables,[DELAY:4] te lo aseguro.
[WAIT@]L-lo entiendes, ¿verdad?[DELAY] Oh,[DELAY:3] me alegro.[DELAY] Me alegro muchísimo,[DELAY:5] de verdad...
[WAIT@]Y ahora que se ha aclarado la confusión...
[WAIT@]Fuera de mi vista.","[@]VOCÊ PIROU, MENINO?![WAIT@]Eu não posso parar![DELAY] Agora não![DELAY] NÃO POSSO![WAIT@]É...[DELAY] é uma...[DELAY] questão pessoal, sabe?[WAIT] Uma série de...[DELAY] condições perfeitamente aceitáveis,[DELAY:4] posso te garantir isso.[WAIT@]V-você entende, não é?[DELAY] Oh,[DELAY:3] Que bom.[DELAY] Muito bom,[DELAY:5] mesmo...[WAIT@]E agora que a confusão foi esclarecida...[WAIT@]Sumam da minha frente.","[@]CZYŚ TY POSTRADAŁ ZMYSŁY, CHŁOPCZE?![WAIT@]Nie mogę przestać![DELAY] Nie teraz![DELAY] NIE MOGĘ![WAIT@]To...[DELAY] to...[DELAY] dość osobista sprawa, rozumiesz.[WAIT] Naprawdę...[DELAY] zmuszają mnie do tego zaistniałe okoliczności,[DELAY:4] zapewniam cię.[WAIT@]R-rozumiesz, prawda?[DELAY] Ach,[DELAY:3] jestem rad.[DELAY] Tak bardzo,[DELAY:5] bardzo rad...[WAIT@]A skoro już sobie wszystko wyjaśniliśmy...[WAIT@]Wynocha stąd.","[@]BIST DU DENN DES WAHNSINNS, KINDCHEN?![WAIT@]Ich kann sie nicht stoppen![DELAY] Nicht jetzt![DELAY] Ich KANN NICHT![WAIT@]Es ist ...[DELAY] es ist ...[DELAY] eine sehr persönliche Angelegenheit, wenn du verstehst.[WAIT] Eine überaus ...[DELAY] vernünftige Lösung der Umstände,[DELAY:4] das versichere ich dir.[WAIT@]D-du verstehst das doch, oder?[DELAY] Oh,[DELAY:3] ich bin froh.[DELAY] So sehr froh,[DELAY:5] wirklich ...[WAIT@]Und jetzt, da die Verwirrung beseitigt ist ...[WAIT@]Geh mir aus den Augen.","[@]У ТЕБЯ ТАМ ВСЕ ДОМА?![W@]Так прямо возьму и перестану![D] Тем более сейчас![D] Я УЖЕ НЕ МОГУ![W@]Это...[D] гм...[D] довольно личное дело.[WBR]И к тому же...[D] вынужденная мера![W@]Т-ты меня понял?[D] Вот и славно.[D] Очень...[D:5] очень славно...[W@]Ну, раз мы всё прояснили...[W@]Теперь прочь с глаз моих.","[@]ТИ З ГЛУЗДУ З’ЇХАВ,[DELAY:3] ХЛОПЧИСЬКО?!
[WAIT@]Я не можу припинити стріляти![DELAY] Не зараз![DELAY] Я НЕ МОЖУ!
[WAIT@]Це...[DELAY] це...[DELAY] особистi справи, бачите.[WAIT] Дуже...[DELAY] пробачливий збіг обставин,[DELAY:4] запевняю вас.
[WAIT@]В-ви ж розумієте, правда?[DELAY] Ох,[DELAY:4] яке щастя.[DELAY] Яке велике,[DELAY:4] велике щастя...[WAIT@]Я радий,[DELAY:3] що ми виправили цю неясність.[DELAY] А тепер...[WAIT@]Геть з моїх очей.
",[@]你这家伙疯了吗？！[WAIT@]我不能停！[DELAY]现在不能！[DELAY]我停不下来！[WAIT@]这…[DELAY]这牵扯到……[DELAY]个人私事，你明白吗。[WAIT@]绝对…[DELAY]绝对没什么可疑的，[DELAY:4]我向你保证。[WAIT@]你、你能理解的，对吧？[WAIT@]哦，[DELAY:3]我很欣慰，[DELAY]非常欣慰，[DELAY:5]我说真的…[WAIT@]好了，既然误会已经解开了…[WAIT@]赶紧给我从我眼前消失。
DIALOGUE_MERRYSVILLE_CUTSCENES_DISTORTO4_0,[@][DELAY:6:3]...[WAIT@]Do you see it?[WAIT] That dark cloud on top of the mountain?,[@][DELAY:6:3]...[WAIT@]Vous le voyez ?[WAIT] Le nuage sombre au sommet de la montagne ?,"[@][DELAY:6:3]...[WAIT@]La vedete?[WAIT] Quella nube nera in cima al monte?
",[@][DELAY:6:3]・・・。[WAIT@]みえるかい？[WAIT][BR]あの　やまのうえに　かかる　くもを。,[@][DELAY:6:3]...[WAIT@]보이나?[WAIT] 저 산 위에 떠 있는 구름이?,[@][DELAY:6:3]...[WAIT@]¿La pueden ver?[WAIT] ¿Esa nube en la cima de la montaña?,"[@][DELAY:6:3]...
[WAIT@]¿Veis eso?[WAIT] ¿El nubarrón en la cima de la montaña?",[@][DELAY:6:3]...[WAIT@]Está vendo aquilo?[WAIT] A nuvem escura em cima da montanha?,[@][DELAY:6:3]...[WAIT@]Widzicie go?[WAIT] Ten czarny obłok na szczycie góry?,[@][DELAY:6:3]...[WAIT@]Siehst du sie?[WAIT] Die dunkle Wolke auf dem Gipfel des Berges?,[@][D:6:3]...[W@]Вы её видите?[W] Тучу на вершине горы.,[@][DELAY:6:3]...[WAIT@]Бачите її?[WAIT] Ту хмару на вершині гори?,[@]……[WAIT@]你看到了吗？[WAIT]那座山顶上的乌云？
DIALOGUE_MERRYSVILLE_CUTSCENES_DISTORTO4_1,[@]This isn't the first time it appeared.[WAIT@]It happened 80 years ago as well.[WAIT@]Objects coming to life.[DELAY] Animals going berserk.[DELAY] People vanishing from the streets...[WAIT] and returning like nothing happened.,[@]Ce n'est pas la première fois qu'il se montre.[WAIT@]Il a aussi été aperçu il y a 80 ans.[WAIT@]Des objets qui s'animent.[DELAY] Des animaux qui s'enragent.[DELAY] Des gens qui disparaissent d'un coup...[WAIT] et qui reviennent comme si de rien n'était,"[@]Non è la prima volta che appare.[WAIT@]È successo anche 80 anni fa.[WAIT@]Gli oggetti si animano.[DELAY] Gli animali impazziscono.[DELAY] Le persone scompaiono...[WAIT] e riappaiono come niente fosse.
",[@]はじめてのこと　ではない。[WAIT@]８０ねんまえにも　おなじことがあった。[WAIT@]ものが　いきているかのように　うごきだし[DELAY][BR]どうぶつは　くるいだす。[W@]ひとびとは　つぎつぎと　しっそうし・・・[DELAY][BR]なにごとも　なかったかのように　もどってくる。,"[@]저 구름이 나타난 건 이번이 처음이 아니야.[WAIT@]80년 전에도 똑같은 일이 있었지.[WAIT@]물건들이 살아 움직이고,[DELAY] 동물들이 미쳐 날뛰고.[DELAY] 사람들이 거리에서 사라졌다가...[WAIT] 아무 일도 없었다는 듯이 돌아왔지.",[@]Esta no es la primera vez que ha aparecido. [WAIT@]También ocurrió hace 80 años.[WAIT@]Objetos cobrando vida.[DELAY] Animales volviéndose locos.[DELAY] Gente desapareciendo de las calles...[WAIT] y volviendo como si nada hubiera ocurrido.,"[@]No es la primera vez que aparece.
[WAIT@]También apareció hace 80 años.
[WAIT@]Objetos cobrando vida.[DELAY] Animales perdiendo los estribos.[DELAY] Gente esfumándose de las calles...[WAIT] y reapareciendo como si nada.",[@]Esta não é a primeira vez que ela apareceu.[WAIT@]Foi a mesma coisa há 80 anos.[WAIT@]Objetos ganhando vida.[DELAY] Animais perdendo o controle.[DELAY] Pessoas desaparecendo das ruas...[WAIT] e voltando como se nada tivesse acontecido.,"[@]Już nie pierwszy raz się tu pojawił.[WAIT@]Podobne zjawisko miało miejsce 80 lat temu.[WAIT@]Obiekty ożywały.[DELAY] Zwierzęta szalały.[DELAY] Ludzie znikali na ulicach...[WAIT] po czym wracali, jak gdyby nigdy nic.","[@]Das ist nicht das erste Mal, dass sie erscheint.[WAIT@]Das ist vor 80 Jahren schon einmal passiert.[WAIT@]Objekte, die lebendig werden.[DELAY] Tiere, die durchdrehen.[DELAY] Menschen, die von den Straßen verschwinden ...[WAIT] und zurückkehren, als wäre nichts.",[@]Это уже не первый случай.[W@]Она появлялась ещё 80 лет тому назад.[W@]Предметы тогда оживали.[D] Животные приходили в бешенство.[D] А люди пропадали без вести...[W] и возвращались как ни в чём ни бывало.,"[@]Це не поодинокий випадок.
[WAIT@]Вперше вона з'явилася 80 років тому.
[WAIT@]Речі оживали.[DELAY] Тварини божеволіли.[DELAY] Люди зникали з вулиць...[WAIT] і поверталися, наче й не було нічого.",[@]这并不是它第一次出现。[WAIT@]在80年前也曾发生过同样的事情。[WAIT@]物体获得了生命，[DELAY]动物陷入暴走，[DELAY]人们从大街上消失…[WAIT]然后又若无其事地回来。
DIALOGUE_MERRYSVILLE_CUTSCENES_DISTORTO4_2,"[@]It was all over the newspapers,[DELAY:3] for a while...[DELAY] but then everyone moved on.[WAIT@]It's nothing but a campfire story now.[WAIT@]What do you kids call it?[DELAY] The Legend of The Devil?","[@]Pendant un moment,[DELAY:3] ça a fait la une des journaux...[DELAY] Mais... Tout le monde est passé à autre chose.[WAIT@]Désormais, ce n'est rien d'autre qu'une légende urbaine.[WAIT@]Vous l'appelez comment, déjà ?[DELAY] \n« La légende du diable » ?
","[@]Ne parlavano tutti i giornali,[DELAY:3] per un po'...[DELAY] ma poi se la sono lasciati alle spalle.[WAIT@]Non è che una storiella, ora.[WAIT@]Com'è che la chiamate voi giovani?[DELAY] La Leggenda del Diavolo?",[@]おかげで　とうじの　しんぶんは　おおさわぎさ。[W@]けど　いまとなっては　むかしのはなしだ。[W@]きみたちのような　こどものあいだで　ながれる　うわさばなし・・・[D]「あくまのでんせつ」。[D][BR]きいたことある　だろう？,[@]한동안 신문의 1면은 관련 내용으로 장식됐지.[DELAY:3] 하지만...[DELAY] 결국 사람들에게 잊혔어.[WAIT@]이제 그저 캠프파이어 옆에서나 하는 괴담일 뿐이야.[WAIT@]요즘 애들은 뭐라고 부르더라?[DELAY] 악마의 전설?,"[@]Estaba en todos los periódicos,[DELAY:3] en su momento...[DELAY] pero luego todos decidieron seguir adelante.[WAIT@]Ahora no es nada más que una historia que se cuenta alrededor de una fogata.[WAIT@]¿Cómo le dicen los jóvenes?[DELAY] ¿La leyenda del diablo?","[@]En su día,[DELAY:3] salió en todos los periódicos...[DELAY] pero todo el mundo pasó página.
[WAIT@]Ahora no es más que un cuento de viejas.
[WAIT@]¿Cómo lo llamáis los críos?[DELAY] ¿La leyenda del diablo?","[@]Na época,[DELAY:3] todos os jornais só falavam disso...[DELAY] mas depois esqueceram.[WAIT@]Agora não passa de uma história para contar no acampamento.[WAIT@]Como é que vocês chamam?[DELAY] A Lenda do Diabo?","[@]Wszędzie o tym pisali,[DELAY:3] przez jakiś czas...[DELAY] ale potem wszyscy o tym zapomnieli.[WAIT@]Teraz to tylko historia opowiadana przy ognisku.[WAIT@]Jak wy dzieciaki ją nazywacie?[DELAY] Legenda o Diable?","[@]Es war in allen Zeitungen,[DELAY:3] eine Zeit lang ...[DELAY] aber dann wendeten sie sich anderen Dingen zu.[WAIT@]Jetzt ist es nichts weiter als eine Lagerfeuer-Geschichte.[WAIT@]Wie nennt ihr Kinder die?[DELAY] Die Teufelslegende?","[@]Тогда об этом писали во всех газетах...[BR][D]Но время шло,[D:4] люди продолжили жить дальше.[W@]И теперь это просто очередная байка у костра.[W@]Как вы, детки, её называете?[D] «Легенда о дьяволе»?","[@]Тоді про це писали у всіх газетах...[DELAY] але життя рухається далі.
[WAIT@]Тепер цю історію хіба що біля багаття розповідають.
[WAIT@]Як ви її, діти, називаєте?[DELAY] «Легенда про Диявола»?",[@]当时报纸上铺天盖地全是这新闻，[DELAY:3]好一阵子没消停…[BR][DELAY]但后来大家慢慢地也就翻篇了。[WAIT@]现在不过是些茶余饭后的奇谈怪论罢了。[WAIT@]你们小孩子管它叫啥来着？[DELAY]“恶魔传说”？
DIALOGUE_MERRYSVILLE_CUTSCENES_DISTORTO4_3,[@]I don't understand...[WAIT@]What does any of this have to do with the rockets?,[@]Je ne comprends pas...[WAIT@]C'est quoi le rapport avec les fusées ?,[@]Non capisco...[WAIT@]Che c'entrano i missili qui?,[@]なんのことだ？[W@]その　としでんせつと　ロケットが　どう　かんけいしてるんだ？,[@]이해가 안 돼요...[WAIT@]그게 로켓이랑 무슨 상관인데요?,[@]No entiendo...[WAIT@]¿Qué tiene que ver esto con los cohetes?,"[@]No entiendo...
[WAIT@]¿Qué tiene que ver todo esto con los cohetes?",[@]Eu não estou entendendo...[WAIT@]O que isso tudo tem a ver com os mísseis?,[@]Nie rozumiem...[WAIT@]Co to wszystko ma w związku z rakietami?,[@]Ich verstehe nicht ganz ...[WAIT@]Was hat das mit den Raketen zu tun?,[@]Я не совсем понимаю...[W@]Как это связано с ракетами?,[@]Я не розумію...[WAIT@]Як це все пов'язано з ракетами?,[@]我不明白…[WAIT@]这些和火箭又有什么关系？
DIALOGUE_MERRYSVILLE_CUTSCENES_DISTORTO4_4,[@]WHO AUTHORIZED YOU TO SPEAK?!,[@]QUI T'A AUTORISÉ À PARLER ?!,[@]CHI TI HA PERMESSO DI PARLARE?!,[@]だれが　はなしていいと　いった？！,[@]누가 말하라고 했지?!,[@]¡¿QUIÉN TE DIO PERMISO PARA HABLAR?!,[@]¡¿QUIÉN TE HA DADO PERMISO PARA HABLAR?!,[@]QUEM TE DEU PERMISSÂO PARA FALAR?!,[@]KTO POZWOLIŁ CI MÓWIĆ?!,[@]WER HAT DIR ERLAUBT ZU REDEN?!,[@]ТЕБЕ КТО СЛОВО ДАВАЛ?!,[@]ХТО ДОЗВОЛИВ ТОБІ ГОВОРИТИ?!,[@]谁允许你说话的？！
DIALOGUE_MERRYSVILLE_CUTSCENES_DISTORTO4_5,"[@]Now, where was I?[DELAY] Oh, yes.[WAIT@]I've researched this little curiosity for years...[DELAY] and now it has seen a return![WAIT@]A few days ago,[DELAY] I saw a shadow emerge f-from that dark cloud...[WAIT@]I-I saw it from afar...[DELAY:8] It was terrifying![WAIT@]Someone walked into it,[DELAY:5] and in a blink of an eye[DELAY:5:3]...[DELAY:4] disappeared![WAIT@]But that thing wasn't satisfied...[DELAY] I just know it's coming after me next![WAIT@]I h-have to protect myself![DELAY] It's all I can do![WAIT@]Do you understand what's at stake here?!","[@]Bon, où est-ce que j'en étais ?[DELAY] Ah, oui.[WAIT@]Cela fait des années que j'étudie cette petite curiosité...[DELAY] Et la voilà enfin de retour ![WAIT@]Il y a quelques jours,[DELAY] j'ai vu une ombre émerger d-de ce nuage sombre...[WAIT@]J-Je l'ai vue de loin...[DELAY:8] Elle était terrifiante ![WAIT@]Quelqu'un est rentré dedans,[DELAY:5] et a en un clin d'œil[DELAY:5:3]...[DELAY:4] disparu ¦[WAIT@]Mais cette chose n'était pas satisfaite... Je suis persuadé d'être le prochain sur sa liste ![WAIT@]J-Je dois me défendre ![DELAY] C'est tout ce que je peux faire ![WAIT@]Tu comprends la gravité de la situation ?!","[@]Dov'ero rimasto?[DELAY] Ah, ecco.[WAIT@]Ho passato anni a fare ricerche su questo fenomeno...[DELAY] e ora è tornata![WAIT@]Qualche giorno fa,[DELAY] ho visto emergere un'ombra da quella n-nube nera...[WAIT@]L-L'ho vista da lontano...[DELAY:8] Era terrificante![WAIT@]Qualcuno ci è entrato dentro,[DELAY:5] e in un attimo[DELAY:5:3]...[DELAY:4] era sparito![WAIT@]Ma quella cosa non era soddisfatta...[DELAY] so che sono il prossimo![WAIT@]D-Devo proteggere me stesso![DELAY] Non posso fare altrimenti![WAIT@]Capisci il rischio che sto correndo?!",[@]ああ[D]　はなしが　とぎれてしまった。[W@]わしは　このげんしょうを　どくじで　[BR]けんきゅうしてきた。[D][BR]まさか　ふたたび　おこるとは！[W@]そして・・・ついに　みたのだ！[D][BR]あの　くろくもから　おおきな　かげが[BR]のびる　すがたを・・・[W@]じつに　おそろしい　げんしょうだった！[W@]そして　なにかが[BR]なかへと　あるいてゆき[D:5][BR]またたくまに　きえさった・・・[W@]そうしたら　きづいたのだ・・・[D][BR]あれを　もくげきした　わしは[BR]きっと　ねらわれるだろう　と！[W@]わしは　じぶんを　まもらなければ　ならない！[D][BR]じこぼうえい　なんだ！[W@]おまえたちにも　わかるだろう？！[BR]わしに　どれほど　きけんが　せまっているかを！,"[@]어디까지 말했지?[DELAY] 아, 그래.[WAIT@]난 수년 동안 이 기묘한 현상을 연구해 왔어...[DELAY] 그리고 이제 그것이 다시 나타난 거다![WAIT@]며칠 전,[DELAY] 난 저 검은 구름 속에서 그림자 하나가 나오는 걸 봐버렸어...[WAIT@]ㅁ-멀리서 본 거지만...[DELAY:8] 정말 불길하더군![WAIT@]누군가 그 안으로 걸어 들어갔는데,[DELAY:5] 눈 깜짝할 사이에[DELAY:5:3]...[DELAY:4] 사라져 버린 거야![WAIT@]하지만 그걸로 끝이 아니지...[DELAY] 다음 표적은 분명 나다![WAIT@]ㄴ-난 나 자신을 지켜야 해![DELAY] 지금 내가 할 수 있는 건 그것뿐이야![WAIT@]이게 무슨 상황인지 이해하나?","[@]Veamos, ¿dónde iba?[DELAY] Ah, sí.[WAIT@]He estado investigando esta pequeña curiosidad por años...[DELAY] ¡y ahora ha vuelto![WAIT@]Hace unos días,[DELAY] vi una sombra emerger d-desde esa nube oscura...[WAIT@]L-la vi desde lejos...[DELAY:8] ¡Fue aterrador![WAIT@]Alguien caminó hacia ella,[DELAY:5] y en un abrir y cerrar de ojos[DELAY:5:3]...[DELAY:4] ¡desapareció![WAIT@]Pero esa cosa no estaba satisfecha...[DELAY] ¡Sé que vendrá por mí ahora![WAIT@]¡Yo t-tengo que protegerme![DELAY] ¡Es todo lo que puedo hacer![WAIT@]¡¿Siquiera entienden lo que está en riesgo?!","[@]Veamos, ¿por dónde iba?[DELAY] Ah, sí.
[WAIT@]Llevo años investigando esta minúscula curiosidad...[DELAY][BR]¡y ahora ha regresado!
[WAIT@]Hace unos días,[DELAY] vi una sombra emerger de esa nube oscura...
[WAIT@]L-la vi desde lejos...[DELAY:4] ¡Fue aterrador!
[WAIT@]Alguien se metió en la sombra y,[DELAY:5] en un abrir y cerrar[BR]de ojos[DELAY:5:3]...[DELAY:4] ¡desapareció!
[WAIT@]Esa cosa todavía no está satisfecha...[DELAY] ¡Sé que vendrá a por mí también!
[WAIT@]¡T-tengo que protegerme![DELAY] ¡Es lo único que puedo hacer!
[WAIT@]¡¿Entendéis quién está en peligro aquí?!","[@]Vamos ver, onde é que eu estava?[DELAY] Ah, é.[WAIT@]Eu pesquisei esse acontecimento durante anos...[DELAY] e agora está acontecendo de novo![WAIT@]Alguns dias atrás,[DELAY] eu vi uma sombra surgir d-daquela nuvem escura...[WAIT@]E-eu vi de longe...[DELAY:8] Foi assustador![WAIT@]Alguém andou em direção a ela e,[DELAY:5] num piscar de olhos[DELAY:5:3]...[DELAY:4] desapareceu![WAIT@]Mas aquela coisa não ficou satisfeita...[DELAY] Eu sei que agora ela quer vir me pegar![WAIT@]Eu t-tenho que me proteger![DELAY] É tudo o que posso fazer![WAIT@]Você tem noção do perigo?!","[@]Na czym to ja?[DELAY] No tak.[WAIT@]Zgłębiałem wiedzę na temat tego kuriozum przez lata...[DELAY] a teraz doczekałem się jego powrotu![WAIT@]Kilka dni temu[DELAY] widziałem, jak cień wychodzi z t-tej czarnej chmury...[WAIT@]W-widziałem to z daleka...[DELAY:8] To było przerażające![WAIT@]Ktoś w to wszedł i[DELAY:5] w mgnieniu oka[DELAY:5:3]...[DELAY:4] zniknął![WAIT@]Ale to coś nie miało dosyć...[DELAY] Wiem, że następnym razem przyjdzie po mnie![WAIT@]Ja m-muszę się bronić![DELAY] To wszystko co mogę![WAIT@]Czy rozumiecie, ile mam do stracenia?!","[@]Nun, wo war ich?[DELAY] Ach ja.[WAIT@]Ich habe diese kleine Kuriosität jahrelang erforscht ...[DELAY] und jetzt ist sie wieder aufgetaucht![WAIT@]Vor ein paar Tagen[DELAY] sah ich einen Schatten v-von dieser dunklen Wolke ausgehen ...[WAIT@]I-ich sah ihn aus der Ferne ...[DELAY:8] Es war furchterregend![WAIT@]Jemand ist hineingegangen[DELAY:5] und im Handumdrehen[DELAY:5:3] ...[DELAY:4] verschwunden![WAIT@]Aber dieses Ding war noch nicht zufrieden ...[DELAY] Ich weiß einfach, dass ich der Nächste sein werde![WAIT@]Ich m-muss mich schützen![DELAY] Das ist alles, was ich tun kann![WAIT@]Verstehst du, was hier auf dem Spiel steht?!","[@]Так, на чём я остановился...[D] Ах да.[W@]Я годами изучал это прелюбопытнейшее явление...[D] и вот оно — тут как тут![W@]Пару дней назад я увидел, как из тучи выступила тень...[W@]Я смотрел издалека...[D:8] З-зрелище страшное![W@]Кто-то попал под тень — и[D:5:3]... тут же испарился![W@]Но ей этого мало...[D] Я непременно буду следующим![W@]Так что я буду защищаться![D:4] Что тут ещё остаётся?![W@]Вы теперь понимаете, чем я сейчас рискую?!","[@]На чому ж я зупинився?[DELAY] Ах, так.
[WAIT@]Я роками досліджував це найцікавіше явище... [DELAY]і ось воно, тут як тут!
[WAIT@]Кілька днів тому я побачив,[DELAY] як із т-тієї темної хмари сформувалася тінь...
[WAIT@]Я б-бачив все це здалеку...[DELAY:8] Це було жахливо!
[WAIT@]Хтось опинився на її шляху,[DELAY:5] увійшов у неї,[DELAY:5] і в одну мить ока[DELAY:5:3]...[DELAY:4] зник!
[WAIT@]Але ця істота не наситилася...[DELAY] Я знав, що далі вона поженеться і за мною!
[WAIT@]Я м-маю захистити себе! [DELAY]Це все, що я можу зробити!
[WAIT@]Ви хоч розумієте, що тут поставлено на кону?!",[@]我刚才说到哪儿了？[DELAY]哦，对了。[WAIT@]这个不起眼的小奇事我研究了好多年…[BR][DELAY]现在它又卷土重来了！[WAIT@]几天前，[DELAY]我看见一道黑影从那团乌云里钻出来…[WAIT@]我…我亲眼看到的…大老远…[DELAY:8]真是太可怕了！[WAIT@]有人走进了那道黑影里，[DELAY:5]一眨眼的功夫[DELAY:5:3]…[DELAY:4]就消失了！[WAIT@]但那东西还不满足…[DELAY]我总觉得它下一个就要来找我了！[WAIT@]我、我必须得保护自己！[DELAY]这是我现在唯一能做的了！[WAIT@]你到底懂不懂现在的处境有多危险？！
DIALOGUE_MERRYSVILLE_CUTSCENES_DISTORTO4_6,"[@]B-but,[DELAY:3] aren't you worried about hurting people?[WAIT@]You hit a building![DELAY] A-and you almost hit our school![WAIT@]I mean...[DELAY] c-can't you think about the bigger picture..?","[@]M-Mais,[DELAY:3] vous n'avez pas peur de faire du mal aux gens ?[WAIT@]Vous avez touché un immeuble ![DELAY] E-Et presque notre école ![WAIT@]Je veux dire...[DELAY] v-vous ne pensez pas être allé trop loin... ?","[@]P-Però,[DELAY:3] non ha paura di ferire delle persone?[WAIT@]Ha colpito un edificio![DELAY] E ha q-quasi preso la nostra scuola![WAIT@]Insomma...[DELAY] n-non può avere una visione d'insieme...?",[@]で　[D:3]でも　それで　みんなを　きずつけるのは　きにならないのか？[W@]きみの　はっしゃした　ロケットで[BR]たてものが　くずれたんだぞ！[W@]ぼくの　がっこうにも　あたりそうだったし！[W@]もうすこし・・・[D][BR]ほかのひとに　ついて　かんがえてみたり[BR]してみたら　どうなんだ？,"[@]ㅎ-하지만,[DELAY] 사람들을 다치게 하는 건 걱정되지도 않으세요?[WAIT@]건물도 맞췄잖아요![DELAY] ㅎ-학교도 거의 맞출 뻔했고요![WAIT@]제 말은...[DELAY] 더 큰 그림을 보셔야 하는 거 아니냐고요...!","[@]P-pero,[DELAY:3] ¿no le preocupa herir a la gente?[WAIT@]¡Le pegó a un edificio![DELAY] ¡Y-y casi también a nuestra escuela![WAIT@]Digo...[DELAY] ¿n-no puede pensar sobre esto más ampliamente...?","[@]P-pero...[DELAY:3] ¿no le preocupa herir a alguien?
[WAIT@]¡Ha alcanzado un edificio![DELAY] ¡Y-y casi alcanza el colegio!
[WAIT@]Quiero decir...[DELAY] ¿n-no podría pensar pensar en el bien mayor...?","[@]M-mas,[DELAY:3] você não se importa se alguém se ferir?[WAIT@]Olha, você atingiu um prédio![DELAY] E q-quase acertou a nossa escola![WAIT@]Quero dizer...[DELAY] v-você não poderia pensar mais amplamente...?","[@]A-ale,[DELAY:3] czy nie boisz się, że skrzywdzisz ludzi?[WAIT@]Trafiłeś w budynek![DELAY] J-jak i prawie w naszą szkołę![WAIT@]Jakby...[DELAY] cz-czy nie myślisz o tym w szerszej skali?","[@]A-aber,[DELAY:3] fürchten Sie sich nicht Menschen zu verletzen?[WAIT@]Sie haben ein Gebäude getroffen![DELAY] U-und fast sogar unsere Schule![WAIT@]Ich meine ...[DELAY] K-können Sie nicht an das große Ganze denken ...?","[@]А как же другие люди?[D] Вы за них не волнуетесь?[W@]Ваша ракета уже попала по дому!..[D] И ещё одна[BR]к нам чуть в школу не прилетела![W@]М-может, лучше...[D] смотреть на это чуть шире?.. ","[@]А-але як же інши люди?[DELAY] Ви не боїтеся їм нашкодити?
[WAIT@]Одна з ваших ракет прилетіла до будівлі![DELAY] А ще одна т-трохи не потрапила у нашу школу!
[WAIT@]Хіба...[DELAY] н-не могли б ви мислити ширше?",[@]但、但是，[DELAY:3]你就不担心会伤到人吗？[WAIT@]你都砸中大楼了！[DELAY]而、而且还差点砸到我们学校！[WAIT@]我的意思是…[DELAY]天啊你就不能稍微考虑一下大局吗…？
DIALOGUE_MERRYSVILLE_CUTSCENES_DISTORTO4_7,[@]The bigger picture?[WAIT@]Someone I...[DELAY] used to know said the worst thing you can do is not think big enough.[WAIT@]And that means taking care of liabilities[DELAY:5:3]...[DELAY] LIKE YOU!,"[@]Être allé trop loin ?[WAIT@]Quelqu'un que je...[DELAY] connaissais disait que la pire chose qu'on puisse faire, c'est de ne pas aller assez loin.[WAIT@]Ce qui implique de devoir s'occuper des variables imprévues[DELAY:5:3]...[DELAY] COMME VOUS !",[@]Una visione d'insieme?[WAIT@]Qualcuno che...[DELAY] conoscevo un tempo disse che la cosa peggiore che si può fare è non pensare abbastanza in grande.[WAIT@]E ciò vuol dire togliere di mezzo gli ostacoli[DELAY:5:3]...[DELAY] COME VOI!,[@]ほかの　ひと　だって？[W@]わしの　かつての　しりあいは・・・[D][BR]ほかの　ひとのことを　つねに[BR]あたまに　いれておけと　いっていた。[W@]それは　すなわち[D]　じゃまものを　[BR]はいじょすることを　わすれるな　ってことだ[D:5:3]・・・[D][BR]おまえたちの　ような　こどもでもな！,[@]더 큰 그림?[WAIT@]예전에 내가...[DELAY] 알던 누군가가 그랬지. 가장 큰 실수는 충분히 크게 생각해 보지 않은 거라고.[WAIT@]그 말인즉슨 방해되는 걸림돌들을 처리해야 한다는 뜻이지[DELAY:5:3]...[DELAY] 너희들 같이!,[@]¿Más ampliamente?[WAIT@]Alguien que...[DELAY] solía conocer me dijo que lo peor que puedes hacer es no pensar lo suficientemente amplio.[WAIT@]Y eso significa encargarme de los problemas...[DELAY:5:3]...[DELAY] ¡COMO USTEDES!,"[@]¿El bien mayor?
[WAIT@]Alguien que...[DELAY] conocía me dijo que lo peor que podías hacer es no pensar a lo grande.
[WAIT@]Y eso significa encargarse de los lastres[DELAY:5:3]...[DELAY][BR]¡COMO VOSOTROS!",[@]Amplamente?[WAIT@]Uma pessoa que eu...[DELAY] conhecia me disse que a pior coisa que você pode fazer é não pensar grande o bastante.[WAIT@]E isso significa cuidar dos imprevistos[DELAY:5:3]...[DELAY] COMO VOCÊS!,"[@]Szerszej skali?[WAIT@]Ktoś kogo...[DELAY] znałem powiedział mi, że najgorszą rzeczą jaką można zrobić, to zawężać swoje myślenie.[WAIT@]Muszę więc pozbyć się ograniczeń[DELAY:5:3]...[DELAY] TAKICH JAK WY!","[@]Das große Ganze?[WAIT@]Jemand, den ich ...[DELAY] früher kannte, hat gesagt: das Schlimmste, was du machen kannst, ist, nicht groß genug zu denken.[WAIT@]Und das bedeutet, Bürden zu beseitigen[DELAY:5:3] ...[DELAY] WIE DICH!","[@]Смотреть шире?[W@]Когда-то мне один очень...[D] знакомый человек[D:5] сказал, что хуже всего — смотреть на ситуацию недостаточно широко.[W@]А это значит — устранить все мелкие препятствия[D:5:3]...[D] КОТОРЫЕ ТАК И МЕШАЮТСЯ МНЕ ПОД НОГАМИ!","[@]Думати ширше?
[WAIT@]Колись один чоловік, якого я...[DELAY] знав,[D:5] сказав, що найгірше — це недостатньо широко мислити.
[WAIT@]А це означає рішуче позбавлятися всіх дрібних перешкод[DELAY:5:3]...[DELAY] ЩО ЗАСТУПАЮТЬ МЕНІ ДОРОГУ!",[@]考虑大局？[WAIT@]我……[DELAY]以前有一个认识一个人说过，[WAITBR]最糟糕的事就是眼界太小，格局不够大。[WAIT@]那就意味着要把碍事的都处理掉…[DELAY]比如你！
DIALOGUE_MERRYSVILLE_CUTSCENES_DISTORTO5_0,"[@]I'm sorry![DELAY] I'm so sorry![DELAY] P-please, have mercy![WAIT@]I'll stop the rockets, I swear! [DELAY:8]I dont know what came over me, just please spare me!","[@]Je suis désolé ![DELAY] Tellement désolé ![DELAY] S'il v-vous plaît, épargnez-moi ![WAIT@]Je vais arrêter les missiles, je le jure ! [DELAY:8]Je ne sais pas ce qui m'a traversé l'esprit, mais s'il vous plaît épargnez-moi !","[@]Mi dispiace![DELAY] Mi dispiace tanto![DELAY] A-Abbiate pietà, vi prego![WAIT@]Fermerò i missili, lo giuro! [DELAY:8]Non so cosa mi sia preso, perdonatemi!",[@]！！！　[D]す　すまない　[D]どうかゆるしてくれ！[WAIT@]ロケットの　はっしゃは　とめる！[DELAY:8][BR]わしの　こころが　いつしか　ゆがんでおった！[D][BR]たのむから　もう　ゆるしてくれ！,"[@]미안해![DELAY] 내가 미안해![DELAY] ㅈ-제발 자비를 베풀어줘![WAIT@]로켓도 멈출게, 정말로![DELAY:8] 무슨 일인지 정말 모르겠어. 그러니 제발 봐줘!","[@]¡Lo siento![DELAY] ¡Lo siento mucho![DELAY] ¡P-por favor, tengan piedad![WAIT@]¡Detendré los cohetes, lo juro! [DELAY:8]¡No se qué me pasó, por favor solo perdónenme!","[@]¡Lo siento![DELAY] ¡Lo siento muchísimo![DELAY] ¡P-por favor, tened piedad!
[WAIT@]¡Detendré los cohetes, lo juro! [DELAY:8]¡No sé qué me pasó, perdonadme!
","[@]Perdão![DELAY] Perdão![DELAY] P-por favor, eu te imploro![WAIT@]Juro que vou parar com os foguetes! [DELAY:8]Eu não sei o que deu em mim, tenha misericórdia!","[@]Przepraszam![DELAY] Tak bardzo przepraszam![DELAY] P-proszę, miejcie litość![WAIT@]Wstrzymam rakiety, obiecuję! [DELAY:8]Nie wiem, co mnie opętało, po prostu mi darujcie!","[@]Es tut mir leid![DELAY] Es tut mir so leid![DELAY] B-bitte, habt Erbarmen![WAIT@]Ich werde die Raketen stoppen, ich schwöre es! [DELAY:8]Ich weiß nicht, was über mich gekommen ist, bitte verschont mich!","[@]Простите![D] Простите меня![D] П-пожалуйста, смилуйтесь![W@]Я прекращу запускать ракеты, клянусь! [D:8]Я не знаю, что на меня нашло! Умоляю, пощадите!","[@]Вибачте![DELAY] Вибачте мені![DELAY] Б-будь ласка, змилуйтеся![DELAY:8] Я не знаю, що на мене найшло! Благаю, помилуйте!",[@]对不起！[DELAY]真的对不起！[DELAY]求、求你了，发发慈悲吧！[WAIT@]我保证会停止发射火箭！[BR][DELAY:8]我也不知道自己是怎么了，求你饶了我！
DIALOGUE_MERRYSVILLE_CUTSCENES_DISTORTO5_1,[@]Would you listen to us?[DELAY] We just want to talk!,"[@]Vous allez nous écouter, maintenant ?[DELAY] On veut juste vous parler !",[@]Ci vuole ascoltare?[DELAY] Vogliamo solo parlare!,[@]なら　たたかうのは　もう　やめてくれないか？[DELAY][BR]ぼくたちは　はなしを　きいてほしいだけ　なんだ！,[@]저희 말 좀 들어 주실래요?[DELAY] 저희는 그냥 대화하고 싶을 뿐이라고요!,[@]¿Nos podría escuchar?[DELAY] ¡Sólo queremos hablar!,[@]¿Podría escucharnos?[DELAY] ¡Solo queremos hablar!,[@]Você poderia nos escutar?[DELAY] A gente só quer conversar!,[@]Czy możesz nas wysłuchać?[DELAY] Chcemy tylko porozmawiać!,[@]Würden Sie uns zuhören?[DELAY] Wir wollen nur reden!,[@]Вы хотя бы нас послушаете?[D] Давайте просто поговорим!,[@]Ви хоча б нас послухаєте?[DELAY] Ми просто хочемо поговорити!,[@]你就不能听我们一句吗？[DELAY]我们只是想谈谈！
DIALOGUE_MERRYSVILLE_CUTSCENES_DISTORTO5_10,[@]And I don’t think I’ll find anyone like him ever again.,[@]Et je pense que je ne retrouverai plus jamais quelqu'un comme lui.,[@]E temo che non conoscerò mai più qualcuno come lui.,[@]そして　わしなんかと[BR]ともだちに　なってくれるひとは[BR]もうこのさき　みつかるはずがない。,[@]그리고 다시는 그런 사람을 찾을 수 없겠지.,[@]Y no creo que encontraré a alguien como él nunca más.,[@]Y no creo que vuelva a encontrar a alguien como él nunca más.,[@]E acho que nunca mais vou encontrar alguém como ele.,"[@]I nie sądzę, że kiedykolwiek znajdę kogoś takiego, jak on.","[@]Und ich glaube nicht, dass ich irgendeinen wie ihn noch einmal sehen werde.","[@]И я больше не встречу такого, как он.","[@]І такого, як він, я більше ніколи не зустріну.",[@]我想我这辈子再也找不到像他那样的人了。
DIALOGUE_MERRYSVILLE_CUTSCENES_DISTORTO5_11,[@]But[DELAY:5:3]...[DELAY] maybe I need to begin looking ahead.,"[@]Mais[DELAY:5:3]...[DELAY] peut-être que maintenant, je dois commencer à aller de l'avant.",[@]Eppure[DELAY:5:3]...[DELAY] forse devo iniziare ad andare avanti.,[@]・・・が。[DELAY][BR]わしも　そろそろ　さきを　みはじめないとな。,[@]하지만...[DELAY:5:3][DELAY] 이제 앞을 바라봐야 할지도 모르겠군.,[@]Pero[DELAY:5:3]...[DELAY] quizá tengo que comenzar a ver hacia adelante.,[@]Pero[DELAY:5:3]...[DELAY] tal vez debo empezar a mirar hacia adelante.,[@]Mas[DELAY:5:3]...[DELAY] talvez seja melhor eu começar a olhar para frente.,[@]Ale[DELAY:5:3]...[DELAY] może powinienem patrzeć w przyszłość.,"[@]Aber[DELAY:5:3] ...[DELAY] vielleicht kann ich anfangen, nach vorne zu schauen.","[@]Но[D:5:3]...[D] думаю, мне пора перестать жить прошлым.","[@]Але[DELAY:5:3]...[DELAY] Мабуть, мені доведеться перестати жити минулим.",[@]但是…[DELAY]也许我该开始向前看了。
DIALOGUE_MERRYSVILLE_CUTSCENES_DISTORTO5_12,"[@]Now, if I may ask...[WAIT@]What did you two come here for, exactly?","[@]Maintenant, si je peux me permettre...[WAIT@]Pourquoi êtes-vous ici, exactement ?","[@]Ora, se posso chiedere...[WAIT@]Cosa siete venuti a fare qui?",[@]いままで　はなしを　むししてきて　すまなかった。[WAIT@]きみたち　ふたりは　なんのために　ここにきたのだね？,[@]내 하나만 묻지...[WAIT@]너희는 정확히 뭘 위해 여기까지 온 거지?,"[@]Ahora, si es que puedo preguntar...[WAIT@]¿Para qué vinieron ustedes dos aquí exactamente?","[@]Ahora, si se me permite preguntar...
[WAIT@]¿Para qué habéis venido exactamente vosotros dos?","[@]Ah, se me permite perguntar...[WAIT@]Por que exatamente vocês dois vieram para cá?","[@]A teraz, jeśli wolno spytać...[WAIT@]Po co tu w ogóle przyszliście?","[@]Also, wenn ich fragen darf ...[WAIT@]Wofür seid ihr beide genau hierhergekommen?",[@]Могу я спросить...[W@]Для чего именно вы сюда пришли?,"[@]А тепер дозвольте поцікавитись...
[WAIT@]Навіщо ви, в цілому, сюди прийшли?
",[@]那么，顺便问一下…[WAIT@]你们俩来这里，到底是为了什么？
DIALOGUE_MERRYSVILLE_CUTSCENES_DISTORTO5_13,"[@]You fought your way here to stop me from launching rockets...[DELAY:8] and now you need to launch one yourselves?[WAIT@]Heh,[DELAY:4] aren't you boys something?","[@]Vous vous êtes frayé un chemin jusqu'ici pour m'empêcher de tirer mes roquettes...[DELAY:8] et maintenant vous voulez en tirer une également ?[WAIT@]Haha,[DELAY:4] vous êtes vraiment fascinants !","[@]Avete combattuto per impedirmi di lanciare altri missili...[DELAY:8] e ora ne volete lanciare uno voi?[WAIT@]Heh,[DELAY:4] voi sì che siete un portento.",[@]ロケットの　はっしゃを　そししたというのに・・・[DELAY:8][BR]じぶんたちでも　ロケットを　はっしゃするって？[WAIT@]なんてこった。[DELAY:4][BR]きみたちも　なかなか　ガッツがあるね・・・,"[@]나를 막으려고 여기까지 왔단 말이냐...[DELAY:8] 그리고 이제 직접 로켓을 발사하고 싶다고?[WAIT@]하, [WAIT:4]정말 이상한 녀석들이군.","[@]Pelearon hasta aquí para detenerme de lanzar cohetes...[DELAY:8] ¿y ahora necesitan lanzar uno ustedes mismos?[WAIT@]Je,[DELAY:4] ustedes sí que son una barbaridad, ¿no?","[@]Habéis venido hasta aquí para impedir que lance cohetes...[DELAY:8] ¿y ahora necesitáis lanzar uno vosotros?
[WAIT@]Je,[DELAY:4] desde luego, tiene guasa la cosa.","[@]Vocês vieram até aqui para me impedir de lançar foguetes...[DELAY:8] e agora estão querendo lançar um também?[WAIT@]He he,[DELAY:4] vocês inventam cada uma!","[@]Przedarliście się tutaj, by powstrzymać mnie od wystrzeliwania rakiet...[DELAY:8] a teraz sami chcecie jedną odpalić?[WAIT@]Cha,[DELAY:4] nieźli jesteście.","[@]Ihr habt euch bis hierher gekämpft, um mich davon abzuhalten, die Raketen abzufeuern ...[DELAY:8] und jetzt wollt ihr selbst eine abfeuern?[WAIT@]Heh,[DELAY:4] ihr seid ja sonderbare Burschen?","[@]Вы прорвались сюда, чтобы помешать мне с ракетами...[D:8] а теперь собираетесь ещё одну запустить?[W@]Хе,[D:4] да вы, мальчишки, с приветом.","[@]Ви пробилися сюди, щоб не дати мені запускати ракети...[DELAY:8] а тепер самі бажаєте запустити одну?[WAIT@]Хе,[DELAY:4] які ви, все-таки, дивні хлопчики.",[@]你们一路打到这里是为了阻止我发射火箭…[DELAY:8][BR]结果现在你们自己反倒要发射一枚？[WAIT@]呵，[DELAY:4]你们两个小子还真挺有意思的啊。
DIALOGUE_MERRYSVILLE_CUTSCENES_DISTORTO5_14,"[@]Go ahead, then.[DELAY] I won’t stop you.","[@]Dans ce cas, allez-y.[DELAY] Je ne vous arrêterai pas.",[@]Fate pure.[DELAY] Non vi fermerò.,[@]さぁ　どうぞ　ボタンをおしてくれ。[DELAY][BR]わしに　きみたちを　とめることは　できまい・・・,"[@]좋아, 해 보도록.[DELAY] 내가 막지는 않겠다.","[@]Háganlo, adelante.[DELAY] No los detendré.","[@]Adelante, pues.[DELAY] No os detendré.",[@]Vão em frente.[DELAY] Eu não vou impedi-los.,[@]No to śmiało.[DELAY] Ja was nie zatrzymam.,[@]Dann macht ruhig.[DELAY] Ich werde euch nicht aufhalten.,"[@]Что ж, вам виднее.[D] Пожалуйста.","[@]Що ж, приступайте.[DELAY] Не смію вас затримувати.",[@]快去吧，[DELAY]我不会拦你们的。
DIALOGUE_MERRYSVILLE_CUTSCENES_DISTORTO5_2,"[@]Please, I didn't mean to![WAIT@]This isn't how it was supposed to be![WAIT@]It’s all a big mistake![DELAY] I don't...[DELAY] I[DELAY:3:3]...","[@]S'il vous plaît, ce n'était pas mon intention ![WAIT@]Ce n'était pas censé se passer comme ça ![WAIT@]Ce n'est qu'une grossière erreur ![DELAY] Je ne...[DELAY] Je[DELAY:3:3]...","[@]Vi prego, non era la mia intenzione![WAIT@]Non doveva andare così![WAIT@]È andato tutto male![DELAY] Io non...[DELAY] non[DELAY:3:3]...",[@]ああ　きくとも！[WAIT@]こんなことに　なるはず　なかったんだ![WAIT@]すべては　かんちがい　だったんだ！[D][BR]わしは・・・[D]なにを　いったい・・・,"[@]제발, 그럴 생각은 아니었어![WAIT@]이렇게까지 할 생각이 아니었다고![WAIT@]전부 엄청난 실수였어![DELAY] 나는...[DELAY] 잘...[DELAY] 난[DELAY:3:3]...","[@]¡Por favor, no era mi intención![WAIT@]¡No se suponía que iba a ser así![WAIT@]¡Fue un gran error![DELAY] Yo no...[DELAY] Yo[DELAY:3:3]...","[@]¡Por favor, no era mi intención!
[WAIT@]¡Esto no tenía que ser así!
[WAIT@]¡Es todo un gran error![DELAY] Yo no...[DELAY] Yo[DELAY:3:3]...","[@]Olha, não era a minha intenção![WAIT@]Não era para ser assim![WAIT@]Foi tudo um mal-entendido![DELAY] Eu não...[DELAY] Eu[DELAY:3:3]...","[@]Błagam, ja nie chciałem![WAIT@]To nie tak miało być![WAIT@]To wszystko to wielka pomyłka![DELAY] Ja nie...[DELAY] Ja[DELAY:3:3]...","[@]Bitte, das war nicht meine Absicht![WAIT@]So sollte das doch gar nicht laufen![WAIT@]Das ist alles ein großes Missverständnis![DELAY] Ich habe nicht ...[DELAY] Ich[DELAY:3:3] ...","[@]Я этого не хотел, правда![W@]Всё должно было быть совсем иначе![W@]Это огромная ошибка![D] Я не...[D] я не[D:3:3]...","[@]Я цього не хотів, правда![WAIT@]Так не повинно було бути![WAIT@]Це величезна помилка![DELAY] Я не...[DELAY] я[DELAY:3:3]...",[@]求你了，我不是故意的！[WAIT@]事情不该变成这样的！[WAIT@]全都是误会！[DELAY]我不知道…[DELAY]我……
DIALOGUE_MERRYSVILLE_CUTSCENES_DISTORTO5_3,[@]How could I[DELAY:5:3]...[WAIT@]W-what have I done?!,[@]Comment ai-je pu[DELAY:5:3]...[WAIT@]Q-Qu'est-ce que j'ai fait ?!,[@]Come ho potuto[DELAY:5:3]...[WAIT@]C-Che cosa ho fatto?!,[@]まさか　わしは[DELAY:5:3]・・・[WAIT@]いったい　なんてことを　するつもり　だったんだ？！,[@]내가 대체 무슨...[DELAY:5:3][WAIT@]ㄴ-내가 무슨 짓을 한 거지?!,[@]Cómo pude haber[DELAY:5:3]...[WAIT@]¡¿Q-qué es lo que he hecho?!,"[@]¿Cómo he podido[DELAY:5:3]...?
[WAIT@]¿Q-qué he hecho[DELAY:5:3]...?",[@]Como eu pude[DELAY:5:3]...?[WAIT@]O-o que foi que eu fiz?!,[@]Jak mogłem[DELAY:5:3]...[WAIT@]C-co ja zrobiłem?!,[@]Wie konnte ich[DELAY:5:3] ... nur ...[WAIT@]W-was habe ich getan?!,[@]Да как я мог[D:5:3]...[W@]Ч-что я натворил?!,[@]Як я міг[DELAY:5:3]...[WAIT@]Щ-що я накоїв?!,[@]我怎么能…[WAIT@]我、我都做了什么？！
DIALOGUE_MERRYSVILLE_CUTSCENES_DISTORTO5_4,"[@]Did something happen to you, sir?","[@]Quelque chose vous est arrivé, monsieur ?","[@]Cosa le è successo, signore?",[@]・・・どうか　されましたか？,"[@]무슨 일이 있었던 건가요, 박사님?","[@]¿Acaso le pasó algo, señor?","[@]¿Le ha ocurrido algo, señor?",[@]Aconteceu alguma coisa com o senhor?,[@]Czy coś się Panu stało?,"[@]Ist Ihnen etwas zugestoßen, Sir?","[@]Сэр, что с вами случилось?","[@]Сер, що з вами трапилось?",[@]先生，您是不是出什么事了？
DIALOGUE_MERRYSVILLE_CUTSCENES_DISTORTO5_5,"[@]I knew it’d be difficult, trying to manage the factory by myself...[DELAY:10] The workload, the pressure...[WAIT@]But h-how could it all go to my head?[WAIT@]It's like...[DELAY] something was telling me that I was in danger... [DELAY:10]Whispering to me,[DELAY] saying that I had to protect myself from that shadow,[DELAY] no matter the cost.","[@]Je savais déjà qu'essayer de gérer l'usine par moi-même allait être difficile...[DELAY:10] La charge de travail, la pression... [WAIT@]Mais c-comment tout cela a-t-il pu me monter à la tête ? [WAIT@]C'est comme si...[DELAY] quelque chose me disait que j'étais en danger...[DELAY:10] chuchotant, me disant que je devais me protéger de cette ombre,[DELAY] peu importe le prix.","[@]Sapevo che sarebbe stato difficile gestire la fabbrica da solo...[DELAY:10] Il carico di lavoro, la pressione...[WAIT@]Ma c-come ha fatto a darmi alla testa?[WAIT@]È come...[DELAY] come se qualcosa mi stesse dicendo che ero in pericolo... [DELAY:10]Sussurandomi[DELAY] che dovevo proteggermi da quell'ombra,[DELAY] a ogni costo.",[@]わかっていたんだ[D][BR]こうじょうを　ひとりで　かんりすることが[BR]たいへんだと　いうことは。[W@]たいりょうの　しごと[D:10]おわらない　ざんぎょう・・・[WAIT@]なのに　なぜ[D]　わしは　ここまで[BR]ゆがんでしまったの　だろうか？[WAIT@]まるでなにかが　ささやいている　ようだったんだ。[W@]きけんなことが　おこると・・・[BR]すべてを　ぎせいにしてまで[BR]じぶんを　まもるべきだと。,"[@]혼자서 공장을 운영한다는 게 얼마나 힘든지는 알고 있었어...[DELAY:10] 업무량도, 압박감도...[WAIT@]ㅎ-하지만 어쩌다가 이렇게 되어 버린 거지?[WAIT@]마치...[DELAY] 무언가가 내가 위험에 처해 있다고 속삭이는 것 같았어...[DELAY:10] 계속 귓가에 대고,[DELAY] 그 어떤 대가를 치러서라도 그 그림자로부터,[DELAY] 나를 지켜야 한다며...","[@]Sabía que iba a ser difícil, intentar manejar la fábrica yo sólo...[DELAY:10] Todo el trabajo, la presión...[WAIT@]¿Pero c-cómo pude dejar que todo se me fuera a la cabeza?[WAIT@]Es como si...[DELAY] algo me estuviera diciendo que estaba en peligro... [DELAY:10]Susurrándome,[DELAY] diciendo que tenía que protegerme de esa sombra,[DELAY] sin importar el costo.","[@]Sabía que sería difícil intentar gestionar la fábrica yo solo...[DELAY:10] La carga de trabajo, la presión...
[WAIT@]¿P-pero cómo se me ha podido subir todo a la cabeza?
[WAIT@]Es como si...[DELAY] algo me estuviera diciendo que corría peligro... [DELAY:10]Susurrándome,[DELAY] diciendo que tenía que protegerme de la sombra,[DELAY] costara lo que costara.","[@]Eu sabia que não seria fácil cuidar da fábrica sozinho...[DELAY:10] Era tanto trabalho, tanta pressão...[WAIT@]Mas c-como pude deixar isso mexer comigo?[WAIT@]Era como se...[DELAY] algo dissesse que eu corria perigo...[DELAY:10] Uma voz baixinha,[DELAY] ordenando que eu me protegesse daquela sombra,[DELAY] custasse o que custasse.","[@]Wiedziałem, że nie będzie to łatwe, zarządzać fabryką samemu...[DELAY:10] Nakład pracy, presja...[WAIT@]Ale j-jak mogło mi to tak uderzyć do głowy?[WAIT@]To tak, jakby...[DELAY] coś mi mówiło, że jestem w niebezpieczeństwie... [DELAY:10]Szeptało do mnie,[DELAY] żebym bronił się od tego cienia,[DELAY] bronił się za wszelką cenę.","[@]Ich wusste, es wird schwierig werden, die Fabrik allein zu leiten ...[DELAY:10] Die Arbeitslast, der Druck ...[WAIT@]Aber w-wie konnte mir das alles so zu Kopf steigen?[WAIT@]Es ist, als ...[DELAY] hätte mir etwas gesagt, ich sei in Gefahr ... [DELAY:10]Es flüsterte in mein Ohr,[DELAY] ich müsse mich vor diesem Schatten schützen.[DELAY] Koste es, was es wolle.","[@]Я, конечно, знал, насколько будет тяжело руководить заводом в одиночку...[D:10] Сплошная нервотрёпка...[W@]Но чтобы всё настолько затмило мой разум?[W@]Мне как будто...[D] что-то говорило...[D:10] шептало о том,[BR]что я в опасности...[D] что я должен защититься[BR]от тени любой ценой.","[@]Я знав, що мені буде важко керувати заводом наодинці...[DELAY:10] Постійний стрес, тиск з кожної сторони...
[WAIT@]Але як це в-все затьмарило мені розум?
[WAIT@]Начебто...[DELAY] щось казало мені, що я в небезпеці... [WAIT@]Шептало про те,[DELAY] що я повинен захиститися від тіні за будь-яку ціну.",[@]我就知道，这工厂靠我一个人撑着太难了…[BR][DELAY:10]工作量和压力都非常大…[WAIT@]可、可这些事怎么会冲昏我的头呢？[WAIT@]就好像…[DELAY]有什么东西在告诉我，我很危险…[WAIT@]它在我耳边低语，[DELAY]我必须不惜一切代价，保护好自己，远离那个黑影。
DIALOGUE_MERRYSVILLE_CUTSCENES_DISTORTO5_6,"[@]Hang on,[DELAY:4] if it was something else all along...[WAIT@]Then was the shadow you speak of even real?","[@]Attendez,[DELAY:4] s'il y avait autre chose depuis le début...[WAIT@]Est-ce que l'ombre dont vous parliez était réelle ?","[@]Un attimo,[DELAY:4] se è stata colpa di qualcos'altro...[WAIT@]L'ombra di cui parla esiste davvero?",[@]もし[D:4]　そのなにかが　げんいんだと　するなら・・・[WAIT@]きみが　みたという　かげは[BR]はたして　ほんものだと　いえるのか？,"[@]잠시만요,[DELAY:4] 그게 전부 다른 무언가의 영향이었다면...[WAIT@]박사님이 말한 그림자도 실제로 존재했던 게 맞나요?","[@]Espérate, si era algo mas todo este tiempo...[WAIT@]¿La sombra de la que habla siquiera fue real?","[@]Un momento,[DELAY:4] si todo este tiempo se trataba de algo más...
[WAIT@]¿Entonces esa sombra de la que hablaba existió siquiera?","[@]Peraí,[DELAY:4] se tinha outra coisa o tempo todo...[WAIT@]Então essa tal sombra que você falou era real?","[@]Zaraz,[DELAY:4] skoro to od początku było coś innego...[WAIT@]To czy ten cień, o którym mówisz, w ogóle istnieje?","[@]Einen Moment,[DELAY:4] wenn es die ganze Zeit über etwas anderes war ...[WAIT@]War der Schatten, den Sie meinten, dann überhaupt echt?","[@]Погодите,[D:4] а если вы были под этим влиянием...[W@]То тени, может, и не было вообще?","[@]Хвилинку,[D:5] якщо це був якийсь сторонній вплив...
[W@]То чи тінь, про яку ви кажете, взагалі існувала?",[@]等等，[DELAY:4]如果从头到尾都是别的东西在作祟…[WAIT@]那你说那个什么黑影，是真的存在吗？
DIALOGUE_MERRYSVILLE_CUTSCENES_DISTORTO5_7,"[@]I...[DELAY] I don't know, anymore.[WAIT@]It was feeding into my fears...[DELAY] amplifying my worst, darkest thoughts...[WAIT@]It had a name,[DELAY:3] I think.[WAIT@]It kept coming up in my mind...[DELAY] something too frightening to say, let alone remember...[WAIT@]I think it started with G[DELAY:5:3]...[DELAY] Oh, I can't say it![WAIT@]Agh![DELAY] How could I let myself listen to it?!","[@]Je...[DELAY] Je ne suis plus sûr.[WAIT@]Elle nourrissait mes peurs...[DELAY] amplifiait mes pensées les plus sombres...[WAIT@]La chose avait un nom,[DELAY:3] je crois.[WAIT@]Ça n'arrêtait pas de me revenir en tête...[DELAY] Quelque chose de trop effrayant à dire, s'en souvenir est pire encore....[WAIT@]Je crois que ça commençait par G[DELAY:5:3]...[DELAY] Oh, je ne peux pas le dire ![WAIT@]Argh ![DELAY] Pourquoi ai-je écouté ses viles paroles ?!","[@]Io...[DELAY] non ne sono più così sicuro.[WAIT@]Si nutriva delle mie paure...[DELAY] amplificava i miei pensieri peggiori...[WAIT@]Aveva un nome,[DELAY:3] penso.[WAIT@]Continuava a venirmi alla mente...[DELAY] era troppo spaventoso da dire, figuriamoci da ricordare...[WAIT@]Credo iniziasse con G[DELAY:5:3]...[DELAY] Oh, non posso dirlo![WAIT@]Agh![DELAY] Come ho potuto dare ascolto a quella voce?!",[@]わ・・・[DELAY]わしには　もうわからん・・・[WAIT@]あれは　わしの　なかの　ふあんを　ひきだし・・・[DELAY][BR]こころの　やみと　きょうふを　ふくらませた。[WAIT@]たしか　なまえが　あったはずだ。[W@]くちに　だすにも　おそろしい[D][BR]おもいだしたくもない　なまえが。[W@]そのなは　たしか　ギ[DELAY:5:3]・・・[DELAY][BR]ああ[D]　なんてぶきみな　なまえなんだ！[WAIT@]いったい　なぜ　わしは[BR]そいつの　いうとおりに　してたんだ？！,"[@]ㅁ...[DELAY]모르겠어, 아무것도.[WAIT@]그건 내 두려움을 불러일으키더군...[DELAY] 가장 어둡고 끔찍한 생각들을 부풀리며...[WAIT@]그래, 이름도 있었던 거 같군.[DELAY:3] 아마.[WAIT@]계속 머릿속을 헤집어놨지...[DELAY] 입에 담기도, 기억하기도 두려운 이름이었어...[WAIT@]아마 ㄱ...으로 시작했던 것 같은데[DELAY:5:3]...[DELAY] 아, 역시 말할 수 없겠어![DELAY] 으! 내가 어떻게 그런 말을 들은 거지?!","[@]Yo...[DELAY] ya no lo sé.[WAIT@]Se estaba alimentando de mis miedos...[DELAY] amplificando mis peores, más oscuros pensamientos...[WAIT@]Tenía un nombre,[DELAY:3] creo.[WAIT@]Seguía apareciendo en mi mente...[DELAY] algo demasiado aterrador de decir, mucho menos recordar.[WAIT@]Creo que comenzaba con G[DELAY:5:3]...[DELAY] ¡Ay, no lo puedo ni decir![WAIT@]¡Agh![DELAY] ¡¿Cómo pude dejar que mi mente escuchara a esa voz?!","[@]Yo...[DELAY] ya no sé.
[WAIT@]Se alimentaba de mis miedos...[DELAY] amplificando mis peores y más oscuros pensamientos...
[WAIT@]Tenía un nombre,[DELAY:3] creo.
[WAIT@]No paraba de aparecérseme en la mente...[DELAY] algo demasiado aterrador para decir, y mucho menos para recordar...
[WAIT@]Creo que empezaba por G[DELAY:5:3]...[DELAY] ¡Ah, no puedo decirlo!
[WAIT@]¡Agh![DELAY] ¡¿Cómo he podido permitirme escuchar esa voz?!","[@]Eu...[DELAY] já não sei mais.[WAIT@]Isso ficava alimentando meus temores...[DELAY] reforçando meus pensamentos mais sombrios...[WAIT@]Tinha um nome,[DELAY:3] se não me engano.[WAIT@]Ficava aparecendo na minha cabeça...[DELAY] era pavoroso de pronunciar, não gosto nem de lembrar...[WAIT@]Acho que começava com G[DELAY:5:3]...[DELAY] Oh, não consigo dizer![WAIT@]Argh![DELAY] Como fui dar ouvidos a essa coisa?!","[@]Ja...[DELAY] już sam nie wiem.[WAIT@]To coś podsycało moje lęki...[DELAY] potęgowało moje najgorsze, najmroczniejsze myśli...[WAIT@]Chyba nawet[DELAY:3] miało swoje imię.[WAIT@]Ciągle krążyło mi po głowie...[DELAY] coś zbyt strasznego do wymówienia, a co dopiero do zapamiętania...[WAIT@]Chyba zaczynało się na G[DELAY:5:3]...[DELAY] Nie, nie mogę tego wymówić![WAIT@]Ach![DELAY] Jak mogłem pozwolić sobie tego słuchać?!","[@]Ich ...[DELAY] Ich weiß es nicht mehr.[WAIT@]Es hat mir Ängste eingeschürt ...[DELAY] meine schlimmsten, dunkelsten Gedanken verstärkt ...[WAIT@]Es hatte einen Namen,[DELAY:3] meine ich.[WAIT@]Es ging mir endlos durch den Kopf ...[DELAY] etwas, das zu verstörend war, um es auszusprechen, geschweige denn, daran zu denken ... [WAIT@]Ich glaube, es fing mit G an[DELAY:5:3] ...[DELAY] Oh, ich kann es nicht sagen![WAIT@]Agh![DELAY] Wie konnte ich ihm nur gehorchen?!","[@]Теперь мне...[D] трудно сказать.[W@]Что-то подпитывало мои страхи...[D] усиливало мои самые ужасные опасения...[W@]У него вроде даже имя было.[W@]Это имя постоянно всплывало у меня в голове...[D][BR]Его не то что произносить — его и вспоминать страшно...[W@]Кажется, оно начиналось на «Г»[D:5:3]...[D] Нет, никак не могу произнести![W@]Чёрт,[D] да как я вообще мог этому подчиниться?!","[@]Я...[DELAY] Я більше не певен.
[WAIT@]Цей голос підживлював мої страхи...[DELAY] посилював мої найгірші, найтемніші думки...
[WAIT@]У нього навіть було ім'я.
[WAIT@]Воно постійно спливало в мене в голові... [DELAY] Його не те, що вимовляти, але і згадувати страшно...
[WAIT@]Здається, воно починалося на Г[DELAY:5:3]...[DELAY] Боже, я н-не можу це вимовити!
[WAIT@]Ах![DELAY] Та як я тільки міг цьому підкоритися?!
",[@]我…[DELAY]我也不知道了。[WAIT@]它一直在利用我的恐惧…[DELAY]放大我最坏、最阴暗的想法…[WAIT@]它似乎有个名字，[DELAY:3]我想想。[WAIT@]那个名字一直在我脑海里浮现…[WAITBR]一个可怕到说不出口，甚至记不起来的名字…[WAIT@]我记得是以“吉”字开头的…[DELAY]呃，我说不出口！[WAIT@]可恶！[DELAY]我怎么就能让它摆布我呢？！
DIALOGUE_MERRYSVILLE_CUTSCENES_DISTORTO5_8,"[@]I understand what it feels like,[DELAY:5] being all alone. [DELAY]Trapped with your own thoughts...[WAIT@]It could lead you to some dark places...[WAIT@]But it doesn’t have to be that way.[WAIT@]Sometimes,[DELAY] all you need is for someone to be there for you.","[@]Je sais ce que ça fait,[DELAY:5] d'être tout seul. [DELAY]Coincé avec ses propres pensées... [WAIT@]Ça peut vous amener dans des endroits bien sinistres...[WAIT@]Mais rien ne nous oblige à finir comme ça.[WAIT@]Des fois,[DELAY] on a juste besoin que quelqu'un soit là pour nous.","[@]So cosa vuol dire,[DELAY:5] essere da soli. [DELAY]Non puoi fare altro che pensare...[WAIT@]Non porta a nulla di buono...[WAIT@]Ma non deve essere così.[WAIT@]A volte, [DELAY] basta avere qualcuno a farti compagnia.",[@]こどくな　きもちは・・・[DELAY:5][BR]ぼくにも　よくわかるよ。[W@]かんがえの　なみに　のみこまれて・・・[D][BR]しんどいと　かんじたことだって　ある。[WAIT@]でも　ずっと　そうである　ひつようは　ないんだ。[WAIT@]だれかが　そばに　いてくれるだけでも　いい[D][BR]そういうことも　あるんだよ。,"[@]저도 그 기분 어떤지 잘 알아요,[DELAY:5] 완전히 혼자가 된다는 게 어떤 건지.[DELAY] 자신의 망상 속에 빠져서...[WAIT@]내면 깊은 어두운 곳까지 가게 되기도 하죠...[WAIT@]하지만 꼭 그럴 필요는 없어요.[WAIT@]가끔은,[DELAY] 누군가가 곁에 있어 주기만 해도 충분하니까요.","[@]Yo entiendo cómo se siente,[DELAY:5] estar totalmente solo. [DELAY]Atrapado solo con tus pensamientos...[WAIT@]Te puede llevar a lugares muy oscuros...[WAIT@]Pero no tiene que ser así.[WAIT@]A veces,[DELAY] todo lo que necesitas es que alguien esté ahí para ti.","[@]Comprendo lo que se siente[DELAY:5] al estar completamente solo. [DELAY]Atrapado en tus propios pensamientos.
[WAIT@]Eso puede conducirte a lugares muy siniestros...
[WAIT@]Pero no tiene por qué ser así.
[WAIT@]A veces,[DELAY] lo único que necesitas es alguien que esté ahí para ti.","[@]Eu sei como é...[DELAY:5] estar completamente sozinho. [DELAY][BR]Preso nos próprios pensamentos...[WAIT@]Isso pode levar a lugares terríveis...[WAIT@]Mas não precisa ser assim.[WAIT@]Às vezes,[DELAY] tudo o que você precisa é de alguém em quem confiar.","[@]Wiem, jakie to uczucie,[DELAY:5] być całkiem samemu. [DELAY]Zamkniętym z własnymi myślami...[WAIT@]Doprowadza to do strasznego stanu...[WAIT@]Ale wcale nie musi tak być.[WAIT@]Czasem,[DELAY] jedyne czego trzeba, to żeby ktoś był obok.","[@]Ich weiß, wie es sich anfühlt,[DELAY:5] so einsam zu sein. [DELAY]Gefangen in eigenen Gedanken ...[WAIT@]Das kann einen an echt dunkle Orte führen ...[WAIT@]Aber das muss nicht sein.[WAIT@]Manchmal[DELAY] braucht man einfach nur jemanden, der für einen da ist.","[@]Я знаю, что такое одиночество, [D]каково быть заложником собственных мыслей...[W@]Порой это заводит нас в страшные дебри...[W@]Но это ведь совсем необязательно![W@]Иногда всё, что нам нужно,[D] — это хороший приятель, готовый поддержать.","[@]Я розумію, як це, бути зовсім наодинці. [DELAY]Ти стаєш заручником своїх же думок...
[WAIT@]Повна самотність може загнати будь-кого в саму безодню відчаю...
[WAIT@]Але так не повинно бути.
[WAIT@]Іноді, все, що нам потрібно...[DELAY] це хтось поруч.",[@]我懂那种感觉，[DELAY:5]那种孤立无援、[DELAY]困在自己的思绪里出不来的感觉…[WAIT@]它会把你引向一些很黑暗的地方…[WAIT@]但其实不必这样。[WAIT@]有时候，[DELAY]你只需要有个人陪在你身边。
DIALOGUE_MERRYSVILLE_CUTSCENES_DISTORTO5_9,[@]Hah.[DELAY:8] And what could you possibly know?[WAIT@]I used to have someone like that.[DELAY] Someone who cared.[WAIT@]But this person isn’t here anymore.,"[@]Ha.[DELAY:8] Et qu'est-ce que tu en sais ?[WAIT@]J'avais une personne comme ça, avant.[DELAY] Quelqu'un qui se souciait de moi.[WAIT@]Mais cette personne n'est plus ici.",[@]Hah.[DELAY:8] Cosa ne sai tu?[WAIT@]Una volta avevo qualcuno così.[DELAY] Qualcuno a cui importava di me.[WAIT@]Ma quella persona non c'è più.,[@]よくわかる　だって？[DELAY:8][BR]ハッ！　わかる　はずがない。[WAIT@]わしにも　たいせつな　ゆうじんが　いた。[DELAY][BR]こころまで　ゆがんだ　わしを[BR]きにかけてくれた　おとこが。[WAIT@]でも　かれはもう　このよには　いないじゃないか。,[@]하.[DELAY:8] 네가 뭘 안다고 그러는 거지?[WAIT@]나도 그런 사람이 있었지.[DELAY] 나는 아껴 주던 그런 사람 말이야.[WAIT@]하지만 그 사람은 이제 내 곁에 없어.,[@]Ja.[DELAY:8] ¿Y qué podrías saber tú?[WAIT@]Yo tenía a alguien así.[DELAY] Alguien a quien le importaba.[WAIT@]Pero esa persona ya no está aquí.,"[@]Ja.[DELAY:8] ¿Y qué sabrás tú?
[WAIT@]Yo solía tener a alguien así.[DELAY] Alguien a quien le importaba.
[WAIT@]Pero esa persona ya no está aquí.",[@]Ora.[DELAY:8] Mas o que você sabe sobre isso?[WAIT@]Havia alguém assim comigo.[DELAY] Que se importava.[WAIT@]Mas essa pessoa foi embora.,[@]Cha.[DELAY:8] A co ty możesz o tym wiedzieć?[WAIT@]Miałem kiedyś kogoś takiego.[DELAY] Kogoś u swego boku.[WAIT@]Ale już go tutaj nie ma.,"[@]Hah.[DELAY:8] Und was kannst du schon wissen?[WAIT@]Ich hatte schon einmal so jemanden.[DELAY] Jemand, dem ich wichtig war.[WAIT@]Aber diese Person ist nicht mehr hier.","[@]Ха.[D:8] Да разве ты что-то в этом понимаешь![W@]Был у меня в жизни один такой приятель.[D] Единственный, которому было не всё равно.[W@]Но его больше нет с нами.","[@]Ех.[DELAY:8] Та що ти взагалі розумієш?
[WAIT@]У моєму житті була така людина.[DELAY] Один-єдиний чоловік, якому було не байдуже.
[WAIT@]Але його більше немає з нами.",[@]哈，[DELAY:8]你懂什么？[WAIT@]我以前也遇见过一个那样的人，[DELAY]一个在乎我的人。[WAIT@]可那个人已经不在了。
DIALOGUE_MERRYSVILLE_CUTSCENES_GUARDDOG_0,"[@]Gr-rrr![WAIT@](Back off, intruder![DELAY:7] No Factory Pass, no entry!)","[@]Gr-rrr ![WAIT@](Du balai, intrus ![DELAY:7] Pas de Passe, pas d'entrée !)","[@]Gr-rrr![WAIT@](Via da qui, intrus[if party:plural]i[else]o[/if]![DELAY:7] Non si entra senza una Tessera Fabbrica!)",[@]グルル・・・[W@]（このこうじょうは　ダンカンさんの　もちものです。　[WAIT@]つうこうきょかしょうは　もっていますか？）,"[@]그르르르르![WAIT@](물러서라, 침입자![DELAY:7] 공장 출입증 없이는 못 지나간다!)","[@]¡Gr-rrr![WAIT@](¡Atrás, intruso![DELAY:7] ¡Si no tienes pase no hay entrada!)","[@]¡Gr-rrr!
[W@](¡Atrás, intruso[if party:plural]s[/if]![D:7] ¡Sin pase, no hay entrada!)","[@]Grrr![WAIT@](Afaste[if party:plural]m[/if]-se, intruso[if party:plural]s[/if]![DELAY:7] Sem Crachá, ninguém entra!)","[@]Gr-rrr![WAIT@](Cofnij się, intruzie![DELAY:7] Nie ma Przepustki, nie ma wstępu!)","[@]Gr-rrr![WAIT@](Zurück, Eindringling![DELAY:7] Ohne Fabrik-Ausweis kein Zutritt!)","[@]Гр-р-р![WAIT@](Назад, нарушител[if party:plural]и[else]ь[/if]![DELAY:7] Без пропуска — вход[BR]на завод воспрещён!)","[@]Гр-р-р![WAIT@](Назад, порушник![DELAY:7] Без пропуску на завод вхід заборонено!)",[@]嗷——！[WAITBR]（退后，入侵者！[DELAY:7]没有工厂通行证，禁止入内！）
DIALOGUE_MERRYSVILLE_CUTSCENES_GUARDDOG_1,"[@]Gr-rrr![DELAY:4] Bark, bark![WAIT@](Halt![DELAY:5] This factory is my master’s private property!)[WAIT@](Nobody is allowed inside!)","[@]Gr-rrr ![DELAY:4] ouaf, ouaf ![WAIT@](Halte ![DELAY:5] Cette usine est la propriété de mon maître !)[WAIT@](Personne ne peut entrer !)","[@]Gr-rrr![DELAY:4] Bau, bau![WAIT@](Alt![DELAY:5] Questa fabbrica è proprietà privata del mio padrone!)[WAIT@](Nessuno può entrare!)",[@]グルル・・・[DELAY:4]ワン　ワン！[W@]（まてい！[DELAY:5]この　こうじょうは[BR]ダンカンさんの　もちものです！[W@]つうこうきょかしょうは　もっていますか？）,[@]그르르르르![WAIT@](멈춰라![DELAY:5] 이 공장은 우리 주인의 사유지다!)[WAIT@](누구도 안에 들어가지 못한다!),"[@]¡Gr-rrr![DELAY:4] ¡Guau, guau![WAIT@](¡Detente![DELAY:5] ¡Esta fábrica es propiedad privada de mi maestro!)[WAIT@](¡Nadie tiene permitido entrar!)","[@]¡Gr-rrr![D:4] ¡Guau, guau!
[W@](¡Alto![D:5] ¡Esta fábrica es propiedad de mi amo!)
[W@](¡Nadie tiene permiso para entrar!)","[@]Grrr![DELAY:4] Au, au![WAIT@](Alto lá![DELAY:5] Esta fábrica é propriedade privada do meu mestre!)[WAIT@](Ninguém pode entrar!)","[@]Gr-rrr![DELAY:4] Hau, hau![WAIT@](Stać![DELAY:5] Ta fabryka to prywatna własność mego pana!)[WAIT@](Nikt nie może tu wejść!)","[@]Gr-rrr![DELAY:4] Wuff, wuff![WAIT@](Halt![DELAY:5] Diese Fabrik ist das Privatgründstück meines Herrn!)[WAIT@](Niemand darf hier rein!)","[@]Гр-р-р![DELAY:4] Гав, гав![WAIT@](Стоять![DELAY:5] Это частная собственность моего хозяина!)[WAIT@](Никому не дозволено входить!)","[@]Гр-р-р![DELAY:4] Гав, гав![WAIT@](Стояти![DELAY:5] Це приватна властність мого господаря!)[WAIT@](Нікому не дозволено входити!)",[@]呜——！[DELAY:4]汪汪！[WAITBR]（站住！[DELAY:5]这座工厂是我主人的私有财产！）[WAITBR]（也别想进去！）
DIALOGUE_MERRYSVILLE_CUTSCENES_GUARDDOG_2,"[@]T-tell it we come in peace, [Ninten]...[DELAY:6] Show it the Factory Pass before it eats us!","[@]D-Dis lui qu'on vient en paix, [Ninten]...[DELAY:6] Montre-lui le Passe d'usine avant qu'il nous mange !","[@]D-Digli che veniamo in pace, [Ninten]...[DELAY:6] Fagli vedere la Tessera Fabbrica prima che ci mangi!",[@]こ　こわいよ　[Ninten]・・・[D:6][BR]はやく　つうこうきょかしょうを　みせてやってくれ！,"[@]ㅈ-저기, [Ninten]... 어서 가져온 출입증...[DELAY:6] 잡아먹히기 전에 어서 보여줘!","[@]D-dile que venimos en paz, [Ninten]...[DELAY:6] ¡Muéstrale el Pase de la fábrica antes que nos coma!","[@]D-dile que venimos en son de paz, [Ninten]...[D:6] ¡Muéstrale el Pase de la fábrica antes de que nos devore!","[@]D-diga a ele que viemos em paz, [Ninten]...[DELAY:6] Mostre o Crachá da Fábrica antes que ele nos devore!","[@][Ninten], powiedz mu, że przychodzimy w pokoju...[DELAY:6] Pokaż mu Przepustkę zanim nas zje!","[@]S-sag ihm, wir kommen in Frieden, [Ninten] ...[DELAY:6] Zeig ihm den Fabrik-Ausweis, bevor er uns auffrisst!","[@]М-мы пришли с миром!..[DELAY:6] [Ninten], п-п-показывай ему пропуск, пока он нас не загрыз!","[@][Ninten], з-зроби вже щось...[DELAY] П-п-покажи йому той пропуск,[DELAY:4] п-поки він нас не загриз!",[@]快、快告诉它我们是来和平谈判的，[Ninten]…[DELAY:6][BR@]在它把我们吃了之前，快把工厂通行证给它看！
DIALOGUE_MERRYSVILLE_CUTSCENES_GUARDDOG_3,[@][Ninten] took out the Factory Pass.,[@][Ninten] a sorti le Passe d'usine.,[@][Ninten] tira fuori la Tessera Fabbrica.,[@][Ninten]は　つうこうきょかしょうを[BR]とりだした。,[@][Ninten][particle:Ninten:0] 공장 출입증을 꺼냈다.,[@][Ninten] ha sacado el Pase de la fábrica.,[@][Ninten] ha sacado el Pase de la fábrica.,[@][Ninten] pegou o Crachá da Fábrica.,[@][Ninten] wyciągnął Przepustkę Służbową.,[@][Ninten] zeigte den Fabrik-Ausweis.,[@][Ninten] достал пропуск на завод.,[@][Ninten] дістав пропуск на завод.,[@][Ninten]拿出了工厂通行证。
DIALOGUE_MERRYSVILLE_CUTSCENES_GUARDDOG_4,"[@]Sniff, sniff[DELAY:6:3]...","[@]Sniff, sniff[DELAY:6:3]...","[@]Sniff, sniff[DELAY:6:3]...
",[@]くんくんくん[DELAY:6:3]・・・,[@]킁킁[DELAY:6:3]...,"[@]Snif, snif[DELAY:6:3]...","[@]Snif, snif[DELAY:6:3]...","[@]Func, func[DELAY:6:3]...","[@]Niuch, niuch[DELAY:6:3]...","[@]Schnüffel, schnüffel[DELAY:6:3] ...",[@]Нюх-нюх[DELAY:6:3]...,"[@]Нюх, нюх[DELAY:6:3]...",[@]嗅嗅、[DELAY:3]嗅嗅…
DIALOGUE_MERRYSVILLE_CUTSCENES_GUARDDOG_5,[@](This Pass is a fake![DELAY:7] Who are you trying to dupe?!),[@](Ce Passe est faux ![DELAY:7] Qui t'essaies d'arnaquer comme ça ?!),"[@](Questa Tessera è fasulla![DELAY:7] State cercando di fregarmi?!)
",[@]（こりゃ　きげんぎれですぜ　おにいさん！[DELAY:7][BR]さては　にせものだな？！）,[@](이건 가짜다![DELAY:7] 누굴 속이려 드는 거냐?!),[@](¡Este pase es falso![DELAY:7] ¡¿A quién intentas engañar?!),[@](¡Este pase es falso![DELAY:7] ¡¿A quién intentáis engañar?!),[@](Esse Crachá é falso![DELAY:7] Quem você está querendo enganar?!),[@](Ta Przepustka to fałszywka![DELAY:7] Kogo wy chcecie oszukać?!),[@](Dieser Ausweis ist gefälscht![DELAY:7] Wen wollt ihr hinters Licht führen?!),[@](Это фальшивка![DELAY:7] Вы кого обдурить пытаетесь?!),[@](Це фальшивка![DELAY: 7] Кого ви хочете обдурити?!),[@]（这张通行证是假的！[DELAY:7]你居然想糊弄我？！）
DIALOGUE_MERRYSVILLE_CUTSCENES_GUARDDOG_6,"[@]W-why are you looking at me like that!?[WAIT@]It's the real deal, I swear![WAIT@]W-well...[DELAY] the kid who sold it to me said it was!","[@]P-Pourquoi tu me regardes comme ça !?[WAIT@]C'est pas un faux, je le jure ![WAIT@]E-En tout cas...[DELAY] l'enfant qui me l'a vendu m'a dit ça !","[@]P-Perché mi guardi così?![WAIT@]Giuro che è autentica![WAIT@]I-Insomma... così ha detto il bambino che me l'ha venduta!
",[@]なんで　ぼくを　そんなめで　みるんだ！？[WAIT@]にせものなんかじゃない　ほんものだ！[WAIT@]・・・って　うってくれた　やつが　いってたんだ！,"[@]ㅇ-왜 그런 눈으로 쳐다보는 거야!?[WAIT@]진짜 맞다니까, 진짜로![WAIT@]아, 아니...[DELAY] 나한테 판 애는 진짜라 했단 말이야!","[@]¿¡P-por qué me miras así!?[WAIT@]¡Es uno de verdad, te lo juro![WAIT@]B-bueno...[DELAY] ¡Eso es lo que me dijo el niño que me lo vendió!","[@]¡¿P-por qué me miras así?!
[WAIT@]¡Es auténtico, lo juro!
[WAIT@]B-bueno...[DELAY] ¡Eso me dijo el chico que me lo vendió!",[@]P-por que está me olhando assim!?[WAIT@]Eu juro que é verdadeiro![WAIT@]B-bem...[DELAY] pelo menos o menino que me vendeu disse que era!,"[@]Cz-czemu tak na mnie patrzysz!?[WAIT@]Jest prawdziwa, przysięgam![WAIT@]No, znaczy...[DELAY] dzieciak, który mi ją sprzedał tak powiedział!","[@]W-warum guckst du mich so an!?[WAIT@]Er ist echt, ich schwöre![WAIT@]N-naja ...[DELAY] das Kind, das ihn mir verkauft hat, meinte das zumindest!","[@]Ты что на меня-то смотришь?![W@]Он настоящий, клянусь![W@]Н-ну...[DELAY] так мне сказали!","[@]Щ-що ти на мене так дивишся?![WAIT@]Він справжній, клянуся!
[WAIT@]Т-точніше...[DELAY] так сказав хлопчик, який мені його продав!
",[@]干、[DELAY:5]干嘛那样看着我啊！？[WAIT@]我发誓，这绝对是真的！[WAIT@]额…[DELAY]那个卖给我的小孩是这么说的！
DIALOGUE_MERRYSVILLE_CUTSCENES_GUARDDOG_7,[@](I've had enough of you trespassers!)[WAIT@](Suspicious two-legged creatures...[WAIT] Look me in the eye!!),[@](J'en ai marre des intrus !)[WAIT@](Bipèdes suspects...[WAIT] Regardez-moi dans les yeux !!),"[@](Ne ho abbastanza di voi intrusi!)[WAIT@](Creature sospette su due gambe...[WAIT] Guardatemi negli occhi!!)
",[@]（しんにゅうしゃはもう　うんざりだ！）[BR][WAIT@]（あやしいやつらめ・・・[DELAY]おれの　めを　みろ！！）,[@](침입자 놈들은 이제 질렸다!)[WAIT@](수상한 두 발 달린 것들...[WAIT] 내 눈을 똑바로 봐라!!),"[@](¡Ya he oído suficiente de ustedes, intrusos!)[WAIT@](Bípedos sospechosos...[WAIT] ¡¡Mírenme a los ojos!!)","[@](¡Ya he tenido suficiente, intrusos!)
[WAIT@](Bípedos sospechosos...[WAIT] ¡¡Miradme a la cara!!)","[@](Eu já me cansei de vocês, invasores!)[WAIT@](Seus bípedes suspeitos...[WAIT] Olhem nos meus olhos!!)","[@](Dość już mam was, włamywacze!)[WAIT@](Podejrzane dwunożne istoty...[WAIT] Spójrzcie mi w oczy!!)",[@](Ich habe genug von euch Eindringlingen!)[WAIT@](Ihr suspekten zweibeinigen Kreaturen ...[WAIT] Schaut mir in die Augen!!),[@](С меня довольно!)[W@](Двуногие нарушители закона...[W] Смотрите[BR]мне прямо в глаза!!!),"[@](Все з вами зрозуміло, негідники!)[WAIT@](Підозріливі двоногі...[WAIT] Дивіться мені в очі!!!)",[@]（我受够你们这些入侵者了！）[WAITBR]（可疑的两脚兽…[WAIT]直视我的眼睛！！）
DIALOGUE_MERRYSVILLE_CUTSCENES_GUARDDOG_SPEAKER,Guard Dog,Chien de garde,Cane da guardia,ばんけん,경비견,Perro guardián,Perro guardián,Cão de Guarda,Pies stróżujący,Wachhund,Сторожевой пёс,Сторожовий собака,看门狗
DIALOGUE_MERRYSVILLE_CUTSCENES_JANITOR_0,"[@]Now, you need to go up to the roof, right? Follow me.","[@]Bon, tu dois monter sur le toit, c'est bien ça ? Suis-moi.","[@]Perciò, devi salire sul tetto, giusto? Seguimi.
",[@]あ　おくじょうに　いきたいんだっけな。[BR][WAIT@]じゃ　ついておいで。,[@]옥상으로 가고 싶다고 했나? 따라오게.,"[@]Ahora, necesitas subir a la azotea, ¿verdad? Sígueme.","[@]Necesitas subir a la azotea, ¿verdad? Sígueme.","[@]Você precisa subir no terraço, não é? Siga-me.","[@]Chcesz wejść na dach, tak? Chodź za mną.","[@]Also, du musst auf's Dach, richtig? Komm mit.",[@]Куда ты там хотел?[D:4] На крышу?[D:6] Ну пошли.,"[@]Тобі треба піднятися на дах, вірно? Слідуй за мною.",[@]好了，你是想到天台上去是吧？跟我来。
DIALOGUE_MERRYSVILLE_CUTSCENES_JANITOR_3,"[@]Did you know?[DELAY:20] My wife was the first Miss Merrysville in history![DELAY:20][BR@]Oh,[DELAY:5] yes,[DELAY:5] she was very pretty when she was young[DELAY:5:3]...
","[@]Le savais-tu ?[DELAY:20] Ma femme a été la première Miss Merrysville de l'histoire ![DELAY:20][BR@]Oh,[DELAY:5] oui,[DELAY:5] elle était si belle plus jeune[DELAY:5:3]...","[@]Lo sapevi?[DELAY:20] Mia moglie è stata la prima Miss Merrysville della storia![DELAY:20][BR@]Oh,[DELAY:5] sì,[DELAY:5] quand'era giovane era proprio bella[DELAY:5:3]...

",[@]しってるかい？[DELAY:20][BR]じつは　うちのにょうぼう[BR]しょだいミスいなかまち　だったんだ！[DELAY:20][BR@]ああ[DELAY:5]　むかしはかわいかったなぁ[DELAY:5:3]・・・,"[@]알고 있나?[DELAY:20] 우리 집사람은 초대 미스-땡스기빙이었다네![DELAY:20][BR@]음,[DELAY:5] 그래,[DELAY:5] 젊었을 적엔 정말 예뻤지[DELAY:5:3]...","[@]¿Acaso sabías?[DELAY:20] ¡Mi esposa fue la primera miss Merrysville en la historia![DELAY:20][BR@]Ay,[DELAY:5] sí,[DELAY:5] ella era muy hermosa en esos tiempos[DELAY:5:3]...","[@]¿Sabes una cosa?[DELAY:20] ¡Mi mujer fue la primera Miss Merrysville de la historia![DELAY:20]
[BR@]Ah,[DELAY:5] sí,[DELAY:5] era muy guapa de joven[DELAY:5:3]...","[@]Você sabia?[DELAY:20] A minha esposa foi a primeira Miss Gratidão da história![DELAY:20][BR@]Ah,[DELAY:5] sim,[DELAY:5] ela era bonita demais quando nova[DELAY:5:3]...","[@]Wiedziałeś?[DELAY:20] Moja żona była pierwszą w historii Miss Merrysville![DELAY:20][BR@]Och,[DELAY:5] tak,[DELAY:5] była taka piękna, kiedy była młoda[DELAY:5:3]...","[@]Wusstest du?[DELAY:20] Meine Frau war die erste Miss Merrysville in der Geschichte![DELAY:20][BR@]Oh[DELAY:5] ja,[DELAY:5] sie war eine Augenweite, als sie jung war[DELAY:5:3] ...","[@]А вообще...[D:20] моя жена была самой первой Мисс Меррисвиль![D:20][BR@]Д[D:2:4]а-а,[D:5] в молодости она была такой красавицей[D:5:3]...","[@]А ти знав?[DELAY:20] Моя дружина була найпершою Міс Меррісвіль в історії![DELAY:20][BR@]Ах,[DELAY:5] у молодості вона була такою красунею[DELAY:5:3]...
",[@]你知道吗？[DELAY:20]我老婆可是历史上第一届梅里斯维尔镇花！[DELAY:20][BR@]哦，[DELAY:5]是啊，[DELAY:5]她年轻时可漂亮了…
DIALOGUE_MERRYSVILLE_CUTSCENES_JANITOR_5,"[@]Come to think of it,[DELAY:15] she's not that bad after all.[DELAY:20][BR@]I oughta buy her flowers more often.","[@]Maintenant que j'y pense,[DELAY:15] elle n'est vraiment pas si méchante.[DELAY:20][BR@]Je devrais lui acheter des fleurs plus souvent.","[@]Ora che ci penso,[DELAY:15] non è poi così male.[DELAY:20][BR@]Dorvrei comprarle dei fiori più spesso.

",[@]よくよくかんがえたら[DELAY:15][BR]いまでもじゅうぶん　うつくしいわい。[DELAY:20][BR@]もうすこし　ひんぱんに[BR]おはなでも　かってあげようかな。,"[@]생각해 보니,[DELAY:15] 그렇게까지 나쁜 사람은 아니야.[DELAY:20][BR@]앞으로는 꽃이라도 좀 자주 사줘야겠어.","[@]Pensándolo mejor,[DELAY:15] ella no es tan mala después de todo.[DELAY:20][BR@]Le tengo que comprar flores más seguido.","[@]Ahora que lo pienso,[DELAY:15] en el fondo no es tan mala, después de todo.[DELAY:20]
[BR@]Debería comprarle flores más a menudo.","[@]Pensando bem,[DELAY:15] até que ela não é tão ruim assim.[DELAY:20][BR@]Eu deveria comprar flores para ela mais vezes.","[@]Jak już tak o niej myślę,[DELAY:15] to wcale nie jest taka zła.[DELAY:20][BR@]Powinienem jej częściej kupować kwiaty.","[@]Jetzt, wo ich drüber nachdenke,[DELAY:15] ist sie eigentlich gar nicht so schlimm.[DELAY:20][BR@]Ich sollte ihr mehr Blumen schenken.",[@]Ну... [D:10]всё-таки она уж не настолько плохая.[D:20][BR@]Мне надо бы почаще дарить ей цветы.,"[@]Якщо так подумати,[DELAY:15] вона не така вже і погана.[DELAY:20][BR@]Мені варто частіше купувати їй квіти.",[@]但仔细想想，[DELAY:15]她其实也还挺不错的。[DELAY:20][BR@]以后应该多给她买点花。
DIALOGUE_MERRYSVILLE_CUTSCENES_JANITOR_7,"[@]Okay, I've unlocked the roof. While you're up there...
[WAIT@]Make sure to take in the view. The mountain is beautiful this time of year. 
","[@]Très bien, j'ai ouvert l'accès au toit. Tant que tu es là-haut...
[WAIT@]Prends le temps d'admirer la vue. La montagne est magnifique pendant cette période de l'année. ","[@]OK, ho aperto la porta del tetto. Già che sei lì...
[WAIT@]Goditi la vista. In questo momento dell'anno, la montagna è bellissima.

",[@]よし　カギはあけたよ。[BR]おくじょうは　けしきがいいぞ。[WAIT@]ホーリーローリーマウンテンは[BR]ことしのいまごろが　みどころなんだ。[DELAY:3][BR]たのしんで。,"[@]좋아, 옥상 문은 열어놨다. 올라가 있는 동안...[WAIT@]경치도 한번 보고 와라. 이맘때 산 풍경이 정말 예쁘거든.","[@]Muy bien, ya abrí la azotea. Mientras estés allí arriba...
[WAIT@]Asegúrate de disfrutar la vista. La montaña se ve preciosa en esta época del año.
","[@]Muy bien, ya he abierto la puerta. Ya que vas a la azotea...
[WAIT@]Disfruta de las vistas. Da gusto ver la montaña en[BR]esta época del año.","[@]Prontinho, o terraço está aberto. Enquanto estiver lá em cima...[WAIT@]Dê uma olhada na vista. A montanha fica maravilhosa esta época do ano.","[@]Dobra, otworzyłem dach. Skoro już tam wchodzisz...
[WAIT@]Nie zapomnij popodziwiać widoków. Góry są piękne o tej porze roku.","[@]Okay, ich habe das Dach aufgeschlossen. Wenn du oben bist ...
[WAIT@]Genieße unbedingt die Aussicht. Die Berge sind zu dieser Jahreszeit wunderschön. 
","[@]Ну, вход на крышу открыт.
[W@]Обязательно полюбуйся видами. [D:6]Гора в это время года особенно живописная.","[@]Добре, я відкрив двері на дах. Поки ти будеш там...[WAIT@]Не забудь помилуватися видом. Гора особливо вродлива цієї пори року.",[@]好了，天台的门我已经打开了。[WAIT@]你上去以后啊，别忘了好好看看风景…[WAIT@]这座山每年在这个季节都特别的漂亮。
DIALOGUE_MERRYSVILLE_CUTSCENES_JANITOR_SPEAKER,Janitor,Concierge,Bidello,ようむいん,수위,Conserje,Conserje,Zelador,Woźny,Hausmeister,Уборщик,Прибиральник,校工
DIALOGUE_MERRYSVILLE_CUTSCENES_LLOYD_KITCHEN_0,"[@]Oh hello, [NINTEN]. [D]I mean, good morning.[W@]I woke up pretty early, so I decided to make breakfast.[W@]I tried cooking some [FAVFOOD], but I'm not sure if it came out right...[W@]Do you want to test it?","[@]Oh, bonsoir [NINTEN]. [D]Euh, je veux dire, bonjour.[W@]Je me suis levé tôt, donc j'ai préparé le petit déjeuner.[W@]J'ai essayé de faire un peu d[elision][FavFood], mais je suis pas un super cuistot...[W@]Tu veux goûter quand même ?","[@]Oh, ciao, [NINTEN]. [D]Cioè, buongiorno.[W@]Mi sono svegliato un po' prima e ho preparato la colazione.[W@]Ho cercato di preparare un po' di [FAVFOOD], ma non so se ci sono riuscito...[W@]Vuoi assaggiare?",[@]あ　[NINTEN]　こんにちは。[W@]じゃなくて　おはよう。[W@]はやく　おきたから　あさごはんを　つくったんだ。[W@]・・・[FAVFOOD]を　つくろうとしたけど　[BR]うまく　できてるかなぁ。[W@]たべてみてくれ。,"[@]안녕, [NINTEN]. [D]그러니까... 좋은 아침.[W@]일찍 일어난 김에 아침을 만들어 봤어.[W@][FAVFOOD][particle:FavFood:2] 만들어 봤는데, 제대로 된 건지는 잘 모르겠네...[W@]한번 맛봐 줄래?","[@]Oh, hola, [NINTEN]. [D]Digo, buenos días.
[W@]Me desperté bien temprano, así que decidí preparar el desayuno.
[W@]He intentado cocinar algo de [FAVFOOD], pero no estoy seguro del resultado...
[W@]¿Quieres probar?","[@]Oh, hola, [NINTEN]. [D]Es decir, buenos días.
[W@]Me desperté bastante temprano, así que decidí preparar el desayuno.
[W@]He intentado cocinar algo de [FAVFOOD], pero no estoy seguro del resultado...
[W@]¿Quieres probar?","[@]Ah, olá, [NINTEN]. [D]Digo, bom dia.[W@]Eu acordei bem cedo, então resolvi preparar o café da manhã.[W@]Tentei fazer [FAVFOOD], mas não sei se ficou muito bom...[W@]Quer experimentar?","[@]O, cześć, [NINTEN]. [D]Znaczy się, dzień dobry.[W@]Obudziłem się dość wcześnie, więc postanowiłem zrobić śniadanie.[W@]Próbowałem ugotować [FAVFOOD], ale nie jestem pewien, czy mi wyszło...[W@]Chcesz spróbować?","[@]Oh hallo, [NINTEN]. [D]Ich meine, guten Morgen.[W@]Ich bin ziemlich früh aufgewacht, also dachte ich mir, ich könnte Frühstück machen.[W@]Ich wollte [FAVFOOD] machen, aber bin mir nicht sicher, ob der Geschmack passt ...[W@]Möchtest du mal probieren?","[@]А, привет, [Ninten]. [D]В смысле, с добрым утром.[W@]Я встал довольно рано, поэтому решил сделать завтрак.[W@]И на завтрак у нас [FavFood]. Только я готовлю это впервые — не уверен, что получилось...[W@]Попробуешь?","[@]Привіт, [NINTEN]. [D]Ой, я мав на увазі, доброго ранку.
[W@]Я прокинувся досить рано, тому вирішив приготувати сніданок.
[W@]Я спробував приготувати [FAVFOOD], але не знаю, чи впорався...
[W@]Хочеш спробувати?",[@]哦你好啊，[NINTEN]，[D]我是说，早安呀。[W@]我今天醒得很早，就想着做顿早饭。[W@]我试着做了些[FAVFOOD]，但不太确定做得对不对…[W@]你要不要尝尝看？
DIALOGUE_MERRYSVILLE_CUTSCENES_LLOYD_KITCHEN_1,"[@]Somehow, the [FAVFOOD] turned out awful...","[@]Malheureusement, ce n'était vraiment pas bon...",[@]Che [FAVFOOD] dal sapore orribile...,[@][LLOYD]の　つくる　[FAVFOOD]は[BR]あまり　おいしくなかった・・・,"[@]무슨 일인지, [FAVFOOD]에서 끔찍한 맛이 나고야 말았다...","[@]Por alguna razón, el plato de [FAVFOOD] quedó horrible...","[@]Por algún motivo, el plato de [FAVFOOD] ha salido fatal...","[@]De alguma forma, o prato de [FAVFOOD] ficou horrível...","[@]Jakimś cudem, jedzenie wyszło okropnie...",[@]Irgendwie ist [FAVFOOD] schrecklich geworden ...,[@]По какой-то причине получилось ужасно...,[@]Якимось чином їжа вийшла жахливою...,[@]不知怎么的，[FAVFOOD]被做得一塌糊涂…
DIALOGUE_MERRYSVILLE_CUTSCENES_LLOYD_KITCHEN_10,"[@]But...[D] I'm just a weakling on my own.[W@]And yet still,[D:6] I believe[D:3:3]... [D]I believe[D:4] there's a chance for me to be useful.","[@]Mais...[D] Tout seul, je reste un faiblard.[W@]Et pourtant,[D:6] je crois[D:3:3]... [D]Je crois[D:4] que je peux me rendre utile.","[@]Eppure...[D] da solo non sono che un rammollito.[W@]Ciononostante,[D:6] credo[D:3:3]... [D]credo[D:4] di potermi rendere utile, in qualche modo.",[@]そうさ[D]　ぼくは　みんなが　いうような[BR]よわむしけむし　さ。[W@]でも[D:6]　それでも[D:3:3]・・・[D][BR]ぼくは　きみの　やくに　たつことが[BR]できると　しんじているんだ。,"[@]하지만...[D]나 혼자서는 그냥 겁쟁이일 뿐이야.[W@]그래도,[D:6] 난 믿어[D:3:3]...[D] 내가 도움이 될 수 있는 방법이 분명 있을 거라고.","[@]Pero...[D] estando sólo no soy más que un debilucho.
[W@]Sin embargo,[D:6] creo[D:3:3]... [D]creo[D:4] que hay alguna forma en la que pueda ser de utilidad.","[@]Pero...[D] por mi cuenta, no soy más que un blandengue.
[W@]Sin embargo,[D:6] confío[D:3:3]... [D]confío[D:4] en que hay alguna forma de que pueda resultar de utilidad.","[@]Mas...[D] Eu sou só um moloide por conta própria.[W@]E mesmo assim,[D:6] eu acredito[D:3:3]... [D]eu acredito[D:4] que tem uma chance de eu ser útil.","[@]Ale...[D] Sam jestem tylko słabeuszem.[W@]A jednak[D:6] wierzę[D:3:3]... [D]wierzę[D:4], że jest szansa, bym się do czegoś przydał.","[@]Aber ...[D] alleine bin ich nur ein Schwächling.[W@]Und trotzdem [D:6]glaube ich [D:3:3]... [D]glaube ich,[D:4] dass ich nützlich sein kann.","[@]Только...[D] в одиночку я просто хлюпик.[W@]И всё же я верю[D:3:3]... [D]и надеюсь, [D:4]что смогу чем-то помочь.","[@]Але...[D] без тебе я просто хирляк.
[W@]І все ж таки,[D:6] я вірю... [D]я вірю,[D:4] що зможу бути корисним.",[@]可…[DELAY]我只是个软弱的胆小鬼。[WAIT@]但即便如此，[DELAY:6]我依然相信…[DELAY]我也有能派上用场的时候。
DIALOGUE_MERRYSVILLE_CUTSCENES_LLOYD_KITCHEN_11,"[@]So, please... [D][F]take me with you![/F][W@]I know I might just be a burden, [D]but I need to help save my mother!","[@]Donc, s'il te plaît... [D][F]emmène-moi avec toi ![/F][W@]Je suis conscient d'être un poids, [D]mais je dois sauver ma mère !","[@]Ti prego... [D][F]fammi venire con te![/F][W@]So che potrei essere un peso e basta, [D]ma voglio provare a salvare mia madre!",[@]だから　おねがいだ！[D][BR]ぼくを　きみの　ぼうけんに　つれていってくれ！[W@]あしでまといだと　おもうけど　[D][BR]ぼくは　かあさんを　すくいたいんだ！,"[@]그러니까 제발...[D][F]날 대려가 줘![/F][W@]짐만 될지도 모르지만,[D] 어머니를 구하는 데 나도 힘을 보태고 싶어.","[@]Así que, por favor... [D][F]¡llévame contigo![/F]
[W@]Soy consciente de que podría ser un estorbo, [D]¡pero debo ayudar a mi madre!","[@]Así que, por favor... [D][F]¡llévame contigo![/F]
[W@]Soy consciente de que podría ser un estorbo,[D][BR]¡pero debo ayudar a mi madre!","[@]Então, por favor... [D][F]me leve com você![/F][W@]Eu sei que posso acabar sendo só um estorvo, [D]mas eu preciso salvar a minha mãe!","[@]Więc proszę... [D][F]weź mnie ze sobą![/F][W@]Wiem, że mogę okazać się jedynie ciężarem, [D]ale muszę pomóc uratować moją mamę!","[@]Also bitte ... [D][F]nimm mich bei dir mit![/F][W@]Ich weiß, dass ich vielleicht nur eine Last sein werde, [D]aber ich möchte helfen, meine Mutter zu retten!","[@]Прошу тебя, [Ninten]... [D][F]возьми меня с собой![/F][W@]Я знаю, что могу быть обузой, [D]но мне очень нужно спасти свою маму!","[@]Тому, будь ласка... [DELAY][FASTER]візьми мене з собою![/FASTER]
[WAIT@]Я розумію, що я всього лише тягар,[DELAY] але мені треба врятувати свою матір!",[@]所以，拜托了…[DELAY][FASTER]带上我一起走吧！[/FASTER][WAIT@]我知道我可能只是个累赘，[DELAY]但我必须去救我妈妈！[DELAY]我想让她回来！
DIALOGUE_MERRYSVILLE_CUTSCENES_LLOYD_KITCHEN_12,[@]So... [DELAY]you thought I was already coming along with you?,[@]Donc... [DELAY]Tu pensais que je venais déjà avec toi ?,[@]Quindi... [DELAY]hai dato per scontato che sarei venuto con te?,[@]え・・・[DELAY]あしでまとい　なんかじゃないって？,[@]그러니까...[DELAY] 내가 당연히 같이 갈 거라고 생각하고 있었던 거야?,[@]Entonces... [DELAY]¿dabas por hecho que iría contigo?,[@]Entonces... [DELAY]¿dabas por hecho que iría contigo?,[@]Então... [DELAY]você achou que eu já estava indo com você?,"[@]Więc... [DELAY]już i tak byłeś przekonany, że pójdę z tobą? ","[@]Also ... [D] du dachtest, ich würde bereits mit dir mitkommen?","[@]Ты и так думал, что мы пойдём вместе?","[@]Ти... [DELAY]ти вже думав, що я приєднаюсь до твоєї пригоди?",[@]啊…？[DELAY]你原本就觉得我会跟你一起走？
DIALOGUE_MERRYSVILLE_CUTSCENES_LLOYD_KITCHEN_13,[@]Then... [D]that's great! [D]Let's get going!,[@]Dans ce cas... [D]C'est génial ! [D]Allons-y !,"[@]Beh... [D]ottimo! [D]Andiamo, allora!",[@]それなら　[D]よかった！[D][BR]さぁ　いこうよ　[NINTEN]！,[@]그럼...[D] 잘됐다! [D]어서 출발하자!,[@]En ese caso... [D]¡genial! [D]¡Vamos!,[@]En ese caso... [D]¡estupendo! [D]¡Vamos allá!,[@]Ora... [D]isso é ótimo! [D]Vamos indo!,[@]No to... [D]świetnie! [D]W drogę!,[@]Dann ... [D] ist das ja großartig! [D]Lasst uns gehen!,[@]Прекрасно! [D]Ну... тогда в путь!,[@]Це... [D]Це просто чудово! [D]Тоді в дорогу!,[@]那真的…[DELAY]太好了！[DELAY]我们快出发吧！
DIALOGUE_MERRYSVILLE_CUTSCENES_LLOYD_KITCHEN_14,"[@]My father said he was heading to [C]Reindeer[/C].[W@]It's a town famous for its advanced medicine.[W@]I doubt he's still there,[D:6] but we might find some clues on where he is now.","[@]Mon père m'a dit qu'il allait à [C]Reindeer[/C].[W@]C'est une ville connue pour sa médecine avancée.[W@]Je doute qu'il soit encore là-bas,[D:6] mais on pourrait peut-être y trouver des indices sur là où il se trouve actuellement.","[@]Mio padre disse che si sarebbe diretto a [C]Reindeer[/C].[W@]È una citta famosa per le loro cure mediche avanzate.[W@]Dubito che sia ancora lì,[D:6] ma potremmo scoprire dove si trovi ora.",[@]とうさんは　[C]レインディア[/C]にむかう　っていってた。[W@]くすりで　ゆうめいな　まちなんだ。[W@]たぶん　いまは　もう　いないだろうけど[BR]きっと　どこへいったか　てがかりが　あるはずだ。,"[@]아버지는 [C]레인디어[/C]로 간다고 하셨어.[W@]거긴 의학이 발달하기로 유명한 마을이야.[W@]지금도 거기에 머물진 않으시겠지만,[D:6] 지금 어디에 계시는지 알 단서를 찾을 수 있을지도 몰라.","[@]Mi padre dijo que se dirigía a [C]Reindeer[/C].
[W@]Es una ciudad famosa por su medicina avanzada.
[W@]Dudo que todavía esté allí,[D:6] pero quizá encontremos pistas sobre su paradero actual.","[@]Mi padre dijo que se dirigía a [C]Reindeer[/C].
[W@]Es una ciudad famosa por su medicina avanzada.
[W@]Dudo que todavía esté allí,[D:6] pero es posible que hallemos pistas sobre su paradero actual.","[@]Meu pai disse que estava indo a [C]Renápolis[/C].[W@]É uma cidade famosa pela sua medicina avançada.[W@]Duvido que ainda esteja lá,[D:6] mas podemos encontrar alguma pista de onde ele está agora.","[@]Mój ojciec powiedział, że wybiera się do [C]Reindeer[/C].[W@]To miasto znane z zaawansowanej medycyny.[W@]Wątpię, że wciąż tam jest,[D:6] ale może uda nam się znaleźć ślady, które nas do niego zaprowadzą.","[@]Mein Vater sagte, er würde nach [C]Reindeer[/C] gehen.[W@]Es ist eine Stadt, die bekannt für ihre fortschrittliche Medizin ist.[W@]Ich bezweifle zwar, dass er noch da ist, [D:6]aber vielleicht bekommen wir dort ein paar Hinweise, wo er jetzt sein könnte.","[@]Мой папа сказал, что он поехал в [C]Рейндир[/C].[W@]Этот город прежде всего известен своей современной медициной.[W@]Не думаю, что он всё ещё там...[D:6] но мы хотя бы разузнаем, куда он направился дальше.","[@]Мій батько сказав, що вирушить до [color]Рейндіру[/color].
[WAIT@]Це місто відоме своєю сучасною медициною.
[WAIT@]Не впевнений, що він досі там...[DELAY:10] але, мабуть, ми зможемо дізнатися, де він зараз.",[@]我爸爸说过他要去趟[color]驯鹿镇[/color]。[WAIT@]那是个以先进医学闻名的小镇。[WAIT@]我不确定他现在还在不在那儿，[DELAY:6][BR]但或许我们能找到他去向的线索。
DIALOGUE_MERRYSVILLE_CUTSCENES_LLOYD_KITCHEN_15,[@]There could also be something there that will help you find another melody.,[@]On pourrait même trouver une piste vers les prochaines mélodies.,[@]Lì ci potrebbe essere anche qualcosa che ti aiuterà a trovare la prossima melodia.,[@]きみの　あつめる　メロディー・・・[BR][D]その　てがかりの　いちぶも　きっと　そこに。,[@]그리고 또 거기에 네가 또 다른 멜로디를 찾는 데 도움이 될 만한 것도 있을 지도 모르고...,[@]También podría haber algo allí que te ayude a encontrar otra melodía.,[@]También podría haber algo allí que te ayude a encontrar otra melodía.,[@]Também pode ter alguma coisa lá que te ajude a encontrar outra melodia.,"[@]Może znajdzie się tam coś, co pomoże ci znaleźć kolejną melodię.","[@]Dort könnte auch etwas sein, was dir helfen kann, die nächste Melodie zu finden.","[@]А ещё, может, мы заодно найдём там следующую мелодию.","[@]А ще там може бути щось, що допоможе тобі знайти наступну мелодію.",[@]那里说不定也有能帮你找到下一段旋律的东西。
DIALOGUE_MERRYSVILLE_CUTSCENES_LLOYD_KITCHEN_16,"[@]Now that the tracks are cleared, [D:6]we should be able to use the [C]train[/C] when we're ready.[W@]Just lead the way, [D:6][NINTEN].","[@]Maintenant que les débris ont été détruits, [D:6]on peut utiliser le [C]train[/C] dès qu'on est prêt.[W@]On y va, [D:6][NINTEN] !","[@]Ora che i binari sono sgombri, [D:6]possiamo prendere il [C]treno[/C] quando vogliamo.[W@]Fai strada, [D:6][NINTEN].",[@]せんろは　ロケットで　はかいしたことだし　[D:6][BR][C]でんしゃ[/C]に　のって　そこに　いけるはずだ。[W@][NINTEN]　じゅんびが　できたら[BR]えきまで　つれていってくれ。,"[@]이제 선로도 복구됐을 테니까,[D:6] 준비만 되면 [C]기차[/C]를 탈 수 있을 거야.[W@]자, [D:6][NINTEN]. 네가 압장서 줘.","[@]Ahora que las vías están despejadas, [D:6]deberíamos poder tomar el [C]tren[/C] cuando estemos listos.
[W@]Tú ve primero, [D:6][NINTEN].","[@]Ahora que las vías están despejadas, [D:6]deberíamos poder tomar el [C]tren[/C] cuando estemos listos.
[W@]Toma la iniciativa, [D:6][NINTEN].","[@]Agora que os trilhos foram liberados, [D:6]acho que podemos usar o [C]trem[/C] quando estarmos prontos.[W@]Pode ir na frente, [D:6][NINTEN].","[@]Skoro tory są już przejezdne, [D:6]powinniśmy móc skorzystać z [C]pociągu[/C], kiedy będziemy gotowi.[W@]A więc prowadź, [D:6][NINTEN].","[@]Jetzt, wo die Schienen wieder frei sind, [D:6]können wir mit dem [C]Zug[/C] fahren, wenn wir bereit sind.[W@]Sag einfach, wo wir langgehen, [D:6][NINTEN].","[@]Раз рельсы теперь расчищены, [D:6]мы можем пойти на вокзал и сесть на [c]поезд[/c].[W@]Веди нас, [D:6][Ninten]!","[@]Оскільки рейки розчищено, [D:6]ми можемо піти на вокзал і сісти на [C]поїзд[/C].
[W@]Я слідую за тобою, [D:6][NINTEN].",[@]铁轨现在已经清理干净了，[BR][DELAY:6]等咱们准备好了，应该就能搭乘[color]火车[/color]了。[WAIT@]你来带路吧，[DELAY:6][NINTEN]。
DIALOGUE_MERRYSVILLE_CUTSCENES_LLOYD_KITCHEN_2,"[@]You know, [D]my mother would have made it a lot better.[W@]Sigh, [D:6]if only she were here...","[@]Tu sais, [D]ma mère cuisinait tellement mieux que moi.[W@]Si seulement elle était là...","[@]Sai, [D]mia mamma ci sarebbe riuscita di sicuro.[W@]Sigh, [D:6]se solo fosse qui...",[@]かあさんなら　もっとうまく　つくれたんだろうな。[W@]もうすこしだけ　げんきだったら・・・,"[@]아마...[D] 우리 어머니가 만들었으면 더 맛있었을 거야.[W@]하아, [D:6]여기 계셨으면...","[@]Sabes, [D]a mi madre le habría quedado mejor.
[W@]Ay, [D:6]si tan solo estuviese aquí...","[@]Sabes, [D]a mi madre le habría salido bastante mejor.
[W@]Ay, [D:6]si tan solo estuviese aquí...","[@]Sabe, [D]a mina mãe teria feito muito melhor.[W@]Ai ai, [D:6]se ela estivesse aqui...","[@]Wiesz, [D]mojej mamie wyszłoby o wiele lepiej.[W@]Och, [D:6]gdyby tylko tu była...","[@]Weißt du, [D]meine Mutter hat das immer viel besser hinbekommen.[W@]Hach, [D:6]wenn sie doch nur hier wäre ...","[@]Моя мама, конечно, лучше бы приготовила.[W@]Эх, [D:6]жаль, она сейчас не здесь...","[@]Думаю, моя мама приготувала б набагато краще.
[WAIT@]Ех, [DELAY:6]якби тільки вона була тут...",[@]你知道吗，[DELAY]我妈妈来做的话肯定会好吃很多。[WAIT@]唉，[DELAY:6]要是她在这儿就好了…
DIALOGUE_MERRYSVILLE_CUTSCENES_LLOYD_KITCHEN_3,"[@]Oh, uh... [D]I don't really like talking about it.","[@]Oh, euh... [D]Je n'aime pas trop en parler.","[@]Oh, ehm... [D]Non mi piace molto parlarne.",[@]あっ　いや・・・[D][BR]このことは　はなしづらいんだ。,"[@]아, 음...[D] 이 얘기는 별로 꺼내고 싶지 않아.","[@]Oh, em... [D]La verdad es que prefiero no hablar de eso.","[@]Oh, esto... [D]Lo cierto es que no me agrada mucho[BR]hablar del tema.","[@]Ah, bem... [D]Eu não gosto de falar nesse assunto.","[@]Ach, em... [D]Nie lubię za bardzo o tym rozmawiać.","[@]Oh, ähm ... [D] Ich möchte nicht wirklich darüber reden.",[@]Ох... [D]я не люблю об этом рассказывать...,"[@]Ох, мені...[D] не дуже подобається про це говорити.",[@]哦，呃…[DELAY]算了我不太想谈这个。
DIALOGUE_MERRYSVILLE_CUTSCENES_LLOYD_KITCHEN_4,"[@]You see, [D:6]my parents haven't been home in[D] a while.[W@]I've had to take care of myself all this time.[W@]It started when my mother contracted a terrible illness.[W@]She was taken to the hospital, [D:6]but the doctors said it was incurable.[W@]Apparently, there isn't much time for her left...","[@]Tu sais, [D:6]ça fait un moment que mes parents ne sont pas rentrés à la maison.[W@]J'ai dû apprendre à me débrouiller tout seul.[W@]Tout a commencé quand ma mère a contracté une terrible maladie.[W@]On l'a amenée à l'hôpital, [D:6]mais les médecins nous ont dit que c'était incurable.[W@]Apparemment, elle n'en a plus pour très longtemps...","[@]In realtà, [D:6]i miei genitori non si fanno vedere da[D] un po'.[W@]Me la sono dovuto cavare da solo per tutto questo tempo.[W@]È cominciato tutto quando mia madre si prese una malattia terribile.[W@]La portarono in ospedale, [D:6]ma i medici dissero che non c'era cura.[W@]Pare che non le resti molto tempo...",[@]みて　わかるかも　しれないけど[D:6][BR]いまの　ぼくは　おやと　くらしていない。[W@]ここ　さいきんは　ずっと　ひとりぐらしさ。[W@]きっかけは　かあさんが　たおれたことだ。[W@]びょういんに　つれていかれて・・・[D:6][BR]いしゃからは　さきが　ながくないって　いわれた。[W@]てを　つくしても　なおらないんだってさ。,"[@]사실,[D:6] 우리 부모님은 한동안 이 집에 안 계셔.[D][W@]그래서 한동안 계속 혼자 지냈어.[W@]어머니가 심각한 병에 걸리면서였지...[W@]병원에 입원하셨지만,[D:6][B]의사들이 불치병이라고하더라.[W@]이제 남은 시간이 얼마 없다고도...","[@]Verás, [D:6]mis padres llevan fuera de casa[D] ya un tiempo.
[W@]Me he visto obligado a cuidarme yo solo.
[W@]Todo inició cuando mi madre contrajo una enfermedad grave.
[W@]La hospitalizaron, [D:6]pero los doctores dijeron que era incurable.
[W@]Al parecer, no le queda mucho tiempo...","[@]Verás, [D:6]mis padres llevan fuera de casa[D] un tiempo.
[W@]Me he visto obligado a apañármelas yo solo.
[W@]Todo inició cuando mi madre contrajo una enfermedad grave.
[W@]La hospitalizaron, [D:6]pero los doctores dijeron que era incurable.
[W@]Al parecer, no le queda mucho tiempo...
","[@]Veja bem, [D:6]meus pais não vêm para casa há[D] algum tempo.[W@]Eu tive que cuidar de mim mesmo nesse período. [W@]Tudo começou quando minha mãe pegou uma doença terrível.[W@]Ela foi levada ao hospital, [D:6]mas os médicos disseram que era incurável.[W@]Aparentemente, ela não tem muito tempo sobrando...","[@]No bo widzisz, [D:6]moich rodziców nie ma w domu już[D] od jakiegoś czasu. [W@]Przez cały ten czas musiałem sam o siebie dbać.[W@]Zaczęło się od tego, że moja mama bardzo ciężko zachorowała.[W@]Zabrano ją do szpitala, [D:6]ale lekarze powiedzieli, że choroba jest nieuleczalna.[W@]Podobno nie zostało jej już zbyt wiele czasu...","[@]Weißt du, [D:6]meine Eltern sind schon eine ganze Weile[D] nicht mehr hier gewesen.[W@]Ich musste mich die ganze Zeit um mich selbst kümmern.[W@]Es hat alles damit begonnen, dass meine Mutter von einer schrecklichen Krankheit heimgefallen wurde.[W@]Sie wurde ins Krankenhaus gebracht, [D:6]aber der Arzt sagte, dass sie unheilbar wäre.[W@]Anscheinend hatte sie nicht mehr viel Zeit ...","[@]Но, как видишь, [D:6]моих родителей...[D] давно не было дома.[W@]И сейчас мне приходится заботиться о себе самому.[W@]Всё началось с того, что моя мама сильно заболела.[W@]Её отвезли в больницу, [D:6]а врачи сказали, что у неё неизлечимая болезнь.[W@]Похоже, ей осталось жить совсем недолго...","[@]Останнім часом мої батьки...[D:6] зовсім не з'являлись удома.
[W@]Весь цей час мені доводилось піклуватися про себе.
[W@]Все почалося тоді, коли моя мати дуже тяжко захворіла.
[W@]Її відвезли до лікарні,[D:6] але лікарі сказали, що ця хвороба невиліковна.
[W@]Виявилося, що часу для неї залишилося зовсім мало...",[@]是这样的，[DELAY:6]我父母已经[DELAY]有一阵子没回过家了。[WAIT@]这段时间我一直都是自己照顾自己。[WAIT@]一开始是我妈妈得了一场重病。[WAIT@]她被送去了医院，[DELAY:6]可医生说那病治不好。[WAIT@]听说…她剩下的时间不多了……
DIALOGUE_MERRYSVILLE_CUTSCENES_LLOYD_KITCHEN_5,"[@]Being a doctor himself, [D:6]my father wasn't so quick to give up.[W@]He often says that there isn't a disease in the world that cannot be cured.[W@]And so, he left in hopes of finding a way to save her.","[@]Étant lui-même médecin, [D:6]mon père était résolu à ne pas abandonner de si tôt.[W@]Il m'a toujours dit qu'il n'y avait aucune maladie au monde qui ne puisse être guérie.[W@]C'est ainsi qu'il est parti, dans l'espoir de trouver un moyen de la sauver.","[@]Essendo anche lui un medico, [D:6]mio padre non si arrese facilmente.[W@]Dice spesso che non esistono malattie incurabili al mondo.[W@]Così, se ne è andato in cerca di un modo per curarla.",[@]「このよに　なおせない　びょうきは　ない」[BR]って　とうさんは　よくいってたっけ。[W@]いしゃの　はしくれ　だからさ。[BR]あきらめたく　なかったんだろうな。[W@]そこから　かあさんを　なおす　ほうほうを[BR]みつけに　でていったきりで[BR]いっかいも　もどってきてない。,"[@]우리 아버지는 의사이신 만큼,[D:6] 쉽게 포기하지 않으셨어.[W@]세상에 치료할 수 없는 병은 없다고 늘 말씀하시고 다녔거든.[W@]그래서 어머니를 구할 방법을 찾기 위해 떠나셨어.","[@]Siendo doctor, [D:6]mi padre no se dio por vencido con tanta facilidad.
[W@]Él suele decir que no existe enfermedad en el mundo que no se pueda curar.
[W@]Y por eso, se marchó con la esperanza de hallar una forma de salvarla.","[@]Mi padre, siendo él mismo doctor, [D:6]no se dio por vencido con tanta facilidad.
[W@]A menudo dice que no existe enfermedad en el mundo que no se pueda curar.
[W@]Y por eso, se marchó con la esperanza de hallar una forma de salvarla.","[@]Já que ele é médico, [D:6]meu pai não desistiu tão facilmente.[W@]Ele fala frequentemente que não existe doença no mundo que não pode ser curada.[W@]Então, ele partiu na esperança de encontrar um jeito de salva-la.","[@]Jako że sam jest lekarzem, [D:6]mój ojciec nie poddał się tak szybko.[W@]Często powtarza, że nie ma na świecie choroby, której nie dałoby się wyleczyć.[W@]Wyruszył więc z nadzieją, że znajdzie sposób, by ją uratować.","[@]Da er selbst Arzt war,[D:6] hat mein Vater nicht so schnell aufgegeben.[W@]Er hat oft gesagt, dass es keine Krankheit gäbe, die nicht geheilt werden kann.[W@]Und so ging er in der Hoffnung, einen Weg zu finden, meine Mutter zu heilen.","[@]Мой папа сам врач,[D:6] и он не стал сразу опускать руки.[W@]Он часто говорит, что в мире нет болезни, которую нельзя вылечить.[W@]Поэтому он ушёл на поиски того, как можно её спасти.","[@]Але мій тато теж лікар, і він вирішив не здаватися.
[W@]Він часто каже, що немає на світі хвороби, яку не можна вилікувати.
[W@]І тому він пішов шукати спосіб врятувати її.",[@]我爸爸自己就是医生，[DELAY:6]他不肯那么轻易就放弃。[WAIT@]他常说，世上没有治不好的病。[WAIT@]于是，他出了远门，想找到能救她的办法。
DIALOGUE_MERRYSVILLE_CUTSCENES_LLOYD_KITCHEN_6,"[@]But... [D]it's been months, [D:6]and I haven't heard a word from him.[W@]Ever since, I've just been all on my own.","[@]Mais... [D]ça fait des mois, [D:6]et je n'ai eu aucune de ses nouvelles.[W@]Je suis tout seul depuis.","[@]Però... [D]sono passati mesi, [D:6]e non si è mai fatto sentire.[W@]Sono rimasto solo da allora.",[@]・・・なんかげつも　まって[BR]てがみの　ひとつも　なしさ。[W@]そして　そのあいだ[BR]ぼくは　ずっと　ひとりぼっち　だった。,[@]그렇게...[D] 몇 달이 지났는데...[D:6] 아무런 소식도 없으셔.[W@]그 뒤로 줄곧 혼자였지.,"[@]Pero... [D]ya han pasado meses, [D:6]y no he recibido ni una noticia suya.
[W@]Desde entonces, he estado completamente solo.
","[@]Pero... [D]ya han pasado meses, [D:6]y no he recibido ni una noticia suya.
[W@]Desde entonces, me he quedado completamente solo.
","[@]Mas... [D]Já se passaram meses, [D:6]e eu ainda não ouvi uma palavra dele.[W@]Desde então, estive vivendo sozinho.","[@]Ale... [D]minęło już wiele miesięcy, [D:6]a on się w ogóle nie odezwał.[W@]Od tamtej pory jestem zupełnie sam.",[@]Aber ... [D]es sind Monate vergangen [D:6]und ich habe nichts mehr von ihm gehört.[W@]Seitdem bin ich ganz alleine.,"[@]Только вот... [D]прошло уже несколько месяцев, [D:6]а от него до сих пор никаких новостей...[W@]Так я и остался совсем один.","[@]Але... [D]минуло вже кілька місяців,[D:6] а я нічого від нього не чув.
[W@]З того часу я залишився повністю наодинці.",[@]可是…[DELAY]已经过去好几个月了，[BR][DELAY:6]我连一点爸爸的消息都没收到。[WAIT@]从那以后，我就一直孤零零的一个人。
DIALOGUE_MERRYSVILLE_CUTSCENES_LLOYD_KITCHEN_7,[@]That was [D:6]until you showed up.,"[@]Mais tout ça,[D:6] c'était avant que tu ne viennes ici. ",[@]Finché [D:6]non sei arrivato tu.,[@]きみに　であうまで　[D:6]はね。,"[@]네가 나타나기 전[D:6]까지는 말이야
",[@]Eso fue así [D:6]hasta que apareciste tú.,[@]Eso fue [D:6]hasta que apareciste tú.,"[@]Isso é, [D:6]até você aparecer.","[@]To znaczy, byłem sam,[DELAY:6] dopóki się nie zjawiłeś.","[@]Naja, [D:6]bis du aufgetaucht bist.",[@]Пока мы с тобой не познакомились.,[@]Принаймні [D:6]поки не з'явився ти.,[@]直到…[DELAY:6]你出现之前。
DIALOGUE_MERRYSVILLE_CUTSCENES_LLOYD_KITCHEN_8,"[@]Yesterday was interesting, [D:6]wasn't it?[W@]I wasn't sure if we'd make it out alive, [D:6]but with you standing by my side, [D:6]nothing felt impossible.","[@]C'était vraiment sympa hier,[D:6] hein ?[W@]J'avais peur qu'on ne s'en sorte pas vivants, [D:6]mais avec toi à mes côtés, [D:6]tout était possible.","[@]Ieri è stata una giornata interessante, [D:6]vero?[W@]Non sapevo se ne saremmo usciti vivi, [D:6]ma con te al mio fianco, [D:6]niente mi sembrava impossibile.",[@]きのうは　たのしかったよ。[W@]いきてかえれるか　しんぱいだったけど[D:6][BR]きみがそばに　いてくれたから[D:6][BR]なにも　こわいと　おもわなかったんだ。,"[@]어제는 정말 대단했어,[D:6] 안 그래?[W@]살아 나갈 수 있을지 확신이 안 섰지만,[D:6] 네가 곁에 있으니까,[D:6] 불가능하지는 않을 거 같았어
","[@]Lo de ayer fue interesante, [D:6]¿no lo crees?
[W@]No estaba seguro de que viviéramos para contarlo, [D:6]pero contigo a mi lado, [D:6]nada pareció imposible.","[@]Lo de ayer fue interesante, [D:6]cuanto menos.
[W@]No estaba seguro de si viviríamos para contarlo, [D:6]pero contigo a mi lado, [D:6]nada parecía imposible.","[@]Ontem foi interessante, [D:6]não foi?[W@]Eu não tinha certeza se iriamos sair de lá vivos, [D:6] mas com você do meu lado, [D:6]me senti mais confiante.","[@]Wczoraj było ciekawie, [D:6]prawda?[W@]Nie byłem pewien, czy uda nam się z tego wyjść w jednym kawałku, [D:6]ale mając cię u swego boku, [D:6]nic nie wydawało się niemożliwe.","[@]Gestern war super interessant,[D:6] oder?[W@]Ich war mir nicht sicher, ob wir lebend wieder rauskommen, [D:6]aber mit dir an meiner Seite[D:6] fühlt sich nichts unmöglich an.","[@]Занятный был вчера день![W@]Я вообще не был уверен, что мы выживем,[D:6] но[BR]вместе с тобой — мы хоть горы свернём.","[@]Вчорашній день виявився досить цікавим,[DELAY:6] правда?
[WAIT@]Я не був певен, чи ми взагалі виживемо... [DELAY:6]але, коли я поруч з тобою, [DELAY:6]ніщо не здається неможливим.",[@]昨天还挺惊险的，[DELAY:6]是吧？[WAIT@]我当时都不确定我们能不能活着出来，[DELAY:6]但有你在身边，[DELAY:6]就感觉没有什么是不可能的。
DIALOGUE_MERRYSVILLE_CUTSCENES_LLOYD_KITCHEN_9,"[@]When I see you, [NINTEN], [D:6]I can't help but admire your courage.[W@]I think[D:3:3]... [D]I want to be brave [D]like you.[W@]If I were, then I could find my father, and even save my mother.","[@]Quand je te vois, [NINTEN], [D:6]je ne peux m'empêcher d'admirer ton courage.[W@]Je crois[D:3:3]... [D]Que je veux être tout aussi courageux que toi.[W@]Si je l'étais, alors je pourrais retrouver mon père, et même sauver ma mère.","[@]Quando ti guardo, [NINTEN], [D:6]non posso fare a meno di ammirare il tuo coraggio.[W@]Penso[D:3:3]... [D]di voler essere coraggioso [D]come te.[W@]Forse così potrei trovare mio padre, e magari salvare mia madre.",[@][NINTEN]・・・[D:6][BR]きみの　ゆうきは　すごいよ。[W@]ぼくは[D:3:3]・・・[D]きみのような[BR]ゆうかんな　ひとに　なりたいんだ。[W@]そうすれば　とうさんの　ところまで[BR]たどりつける　だろうし[BR]かあさんを　すくえるかも　しれない。,"[@][NINTEN], 널 보고 있으면,[D:6] 네 용기에 감탄하게 돼.[W@]나도[D:3:3]...[D] 너처럼 용감해지고 싶어.[W@]그럴 수만 있다면 아버지도 찾고, 어머니도 구할 수 있을 텐데.","[@]Cuando te veo, [NINTEN], [D:6]no puedo dejar de admirar tu coraje.
[W@]Creo[D:3:3]... [D]que me gustaría ser tan valiente [D]como tú.
[W@]Si lo fuera, entonces podría hallar a mi padre, e incluso salvar a mi madre.","[@]Cuando te veo, [NINTEN], [D:6]no puedo dejar de admirar tu coraje.
[W@]Creo[D:3:3]... [D]que me gustaría ser tan valiente [D]como tú.
[W@]Si lo fuera, entonces podría hallar a mi padre, e incluso salvar a mi madre.","[@]Quando vejo você, [NINTEN], [D:6]Não consigo deixar de admirar sua coragem.[W@]Eu acho[D:3:3]... [D]que quero ser corajoso [D]que nem você.[W@]Assim, eu conseguiria encontrar meu pai, e até salvar a minha mãe.","[@]Kiedy się na ciebie patrzę, [NINTEN], [D:6]mogę tylko podziwiać twoją odwagę.[W@]Myślę, że[D:3:3]... [D]chciałbym być tak odważny [D]jak ty.[W@]Gdybym był, to mógłbym odnaleźć mojego ojca, a nawet uratować moją matkę.","[@]Wenn ich dich sehe, [NINTEN],[D:6] kann ich nicht anders, als deinen Mut zu bewundern.[W@]Ich glaube[D:3:3] ... [D] dass ich so mutig werden möchte [D]wie du.[W@]Wenn ich das wäre, könnte ich meinen Vater suchen, und sogar meine Mutter retten.","[@][Ninten], [D:6]я каждый раз восхищаюсь твоей храбростью.[W@]Я бы[D:3:3]... [D]очень хотел стать таким же храбрым, как ты.[W@]Тогда бы я смог найти папу и даже спас бы жизнь моей маме.","[@]Коли я дивлюся на тебе, [NINTEN], [D:6]я завжди захоплююсь твоєю сміливістю.
[W@]Думаю[D:3:3]... [D]я хочу бути таким же сміливим, [D]як ти.
[W@]Тоді я зміг би знайти свого батька, і навіть врятувати свою матір.",[@][NINTEN]，每次看到你，[DELAY:6]我都忍不住佩服你的勇气。[WAIT@]我想…[DELAY]我想变得像你一样勇敢。[WAIT@]那样的话，就能找到我爸爸，甚至还能救回我的妈妈。
DIALOGUE_MERRYSVILLE_CUTSCENES_LLOYDCOMMITSARSON_0,[@]Follow me!,[@]Suis-moi !,[@]Seguimi!,[@]ついてきて！,[@]따라와!,[@]¡Sígueme!,[@]¡Sígueme!,[@]Siga-me!,[@]Za mną!,[@]Folge mir!,[@]За мной!,[@]За мною!,[@]跟我来！
DIALOGUE_MERRYSVILLE_CUTSCENES_LLOYDCOMMITSARSON_1,"[@]The lab is my favorite place in the school.[DELAY:30][BR@]Nobody goes there at this hour, [DELAY:10]so I can do experiments without anybody bothering me.","[@]Le labo est mon endroit préféré de l'école.[DELAY:30][BR@]Personne ne vient ici à cette heure-là, [DELAY:10]donc je peux faire mes expériences sans que personne ne me dérange.","[@]Il laboratorio è il mio posto preferito a scuola.[DELAY:30][BR@]A quest'ora non ci va nessuno, [DELAY:10]così posso fare esperimenti senza distrazioni.",[@]ラボは　このがっこうで　いちばんすきなばしょさ。[DELAY:30][BR@]だれも　ほうかごに　こないから[DELAY:10][BR]じゃまされず　じっけんに　しゅうちゅうできるんだ。,"[@]연구실은 학교에서 내가 가장 좋아하는 장소야.[DELAY:30][BR@]이 시간에는 아무도 안 오거든, [DELAY:10]그래서 아무 방해 없이 실험할 수 있어.","[@]El laboratorio es mi lugar favorito de la escuela.[DELAY:30][BR@]Nadie va allí a esta hora, [DELAY:10]así que puedo hacer experimentos sin que nadie me moleste.","[@]El laboratorio es mi lugar favorito del colegio.[D:30][BR@]Nadie va durante esta hora, [D:10]así que puedo hacer experimentos sin que nadie me moleste.","[@]O laboratório é o meu lugar favorito da escola.[DELAY:30][BR@]Não tem ninguém lá a essa hora, [DELAY:10]então posso fazer meus experimentos sem ninguém incomodando.","[@]Laboratorium to moje ulubione miejsce w szkole.[DELAY:30][BR@]Nikt tam nie wchodzi o tej godzinie, [DELAY:10]więc nikt nie przeszkadza mi eksperymentować.","[@]Das Labor ist mein Lieblingsort in der Schule.[DELAY:30][BR@]Um diese Uhrzeit ist niemand dort, [DELAY:10]also kann ich in aller Ruhe experimentieren, ohne dass mich jemand unterbricht.","[@]Лабораторная — моё самое любимое место в школе.[DELAY:30][BR@]В это время сюда никто не заглядывает, [DELAY:10]а значит, никто не помешает мне проводить опыты.","[@]Лабораторія це моє улюблене місце у всій школі.[DELAY:30][BR@]Ніхто туди не ходить так пізно, [DELAY:10]тому я можу займатися своїми експерементами без докучань.",[@]这间实验室在学校里面可是我最喜欢的地方。[DELAY:30][BR@]这个时间没通常人会来，[DELAY:10]这样我就能安安静静地摆弄我的实验了。
DIALOGUE_MERRYSVILLE_CUTSCENES_LLOYDCOMMITSARSON_10,"[@]Whatever it is, you're the first person who's ever been nice to me.[WAIT@]I've told you my name already, but I haven't asked for yours yet.","[@]Peu importe, tu es le premier à avoir été aussi gentil avec moi.[WAIT@]Je t'ai déjà dit mon nom, mais je ne crois pas avoir eu l'occasion de connaître le tien.","[@]Comunque sia, sei il primo che mi tratta bene.[WAIT@]Ti ho già detto il mio nome, ma non mi hai detto tu il tuo.",[@]こんなぼくに　やさしくしてくれたのは[BR]きみが　はじめてだ。[WAIT@]そういえば　なまえ　きいてなかったな。[BR]なまえは？,"[@]나한테 왜 그래 주는지 모르겠지만, 넌 처음으로 나한테 친절하게 대해 준 사람이야.[WAIT@]내 이름은 조금 전에 이미 말해줬는데, 네 이름은 아직 못 물어봤네.","[@]Como sea, eres la primera persona que ha sido amable conmigo.[WAIT@]Ya te dije mi nombre, pero todavía no sé el tuyo.","[@]En todo caso, eres la primera persona que me ha tratado bien.
[W@]Ya te he dicho mi nombre, pero todavía no sé el tuyo.","[@]De toda forma, você é a primeira pessoa que foi legal comigo.[WAIT@]Eu já te falei o meu nome, mas ainda não perguntei o seu.","[@]Co by to nie było, jesteś pierwszą osobą, która kiedykolwiek była dla mnie miła.[WAIT@]Powiedziałem ci już, jak mam na imię, ale nie zapytałem jeszcze o twoje.","[@]Was es auch sein mag, du bist der Erste, der nett zu mir ist.[WAIT@]Meinen Namen habe ich dir schon verraten, aber nach deinem habe ich noch gar nicht gefragt.","[@]Это уже неважно.[D:6] Ты — первый, кому до меня есть дело.[W@]Я уже говорил, как меня зовут.[D:4] А тебя как?","[@]Якою б на то не була причина, ти перший, хто ставився до мене з добротою.[WAIT@]Я вже сказав тобі своє ім'я, але твого я ще не запитував.",[@]不管怎样，你是第一个对我这么好的人。[WAIT@]我的名字已经告诉过你了，可我还不知道你叫什么呢。
DIALOGUE_MERRYSVILLE_CUTSCENES_LLOYDCOMMITSARSON_12,"[@]... [Ninten], huh?[WAIT@]Well, I hope we can be good friends.[WAIT@]With your Bottle Rocket and my great intellect, we'll...","[@]... [Ninten], C'est ça ?[WAIT@]Et bien, j'espère vraiment que nous serons bons amis.[WAIT@]Avec ta Fusée bouteille et mon intelligence, on va...","[@]... [Ninten], eh?[WAIT@]Spero che potremo diventare amici.[WAIT@]Con la tua Bottiglia-razzo e la mia grande intelligenza, potremo...",[@]・・・[Ninten]　か。[WAIT@]きみとは　しんゆうに　なれるといいな。[WAIT@]きみの　もってきた　ペンシルロケットと[BR]ぼくの　ずのうなら　きっと・・・,"[@]... [Ninten]?[WAIT@]음, 우린 정말 좋은 친구가 될 수 있으면 좋겠어.[WAIT@]네 펜슬 로켓과 내 명석한 두뇌가 있다면, 우리는...","[@]... ¿[Ninten]?[WAIT@]Bueno, espero que podamos ser buenos amigos.[WAIT@]Gracias a tu Cohete botella y a mi gran intelecto, podremos...","[@]... ¿[Ninten]?
[W@]Bueno, espero que podamos ser buenos amigos.
[W@]Gracias a tu Cohete botella y a mi gran intelecto, podremos...","[@]... [Ninten], né?[WAIT@]Bem, espero que possamos ser bons amigos.[WAIT@]Com o seu Rojão e o meu grande intelecto, nós...","[@]... [Ninten]?[WAIT@]Cóż, mam nadzieję, że będziemy dobrymi przyjaciółmi.[WAIT@]Dzięki twojej Butlorakiecie i moim wspaniałym intelekcie, będziemy...","[@]... [Ninten], wie?[WAIT@]Tja, ich hoffe, wir können gute Freunde werden.[WAIT@]Mit deiner Flaschenrakete und meinem hohen Intellekt können wir ...","[@]М-м... [Ninten]?[WAIT@]Надеюсь, мы станем хорошими друзьями.[WAIT@]С твоей бутылочной ракетой и моим умом у нас выйдет...","[@]... [Ninten], гм?[WAIT@]Ну, я надіюся ми будемо хорошими друзями.[WAIT@]З твоєю пляшковою ракетою і моїм відмінним інтелектом, ми...",[@]…[Ninten]，是吗？[WAIT@]嗯…希望我们能成为好朋友。[WAIT@]有了你的瓶装火箭和我的天才大脑，我们就能……
DIALOGUE_MERRYSVILLE_CUTSCENES_LLOYDCOMMITSARSON_16,[@][Lloyd] joined your party!,[@][Lloyd] rejoint l'équipe !,[@][Lloyd] si unisce al gruppo!,[@][Lloyd]が　なかまになった。,[@][Lloyd][particle:Lloyd:1] 파티에 합류했다!,[@]¡[Lloyd] se unió a tu equipo!,[@]¡[Lloyd] se ha unido al grupo!,[@][Lloyd] se juntou à equipe!,[@][Lloyd] dołączył do twojej drużyny!,[@][Lloyd] trat deinem Team bei!,[@][Lloyd] присоединился к команде!,[@][Lloyd] приєднався до команди!,[@][Lloyd]加入了队伍！
DIALOGUE_MERRYSVILLE_CUTSCENES_LLOYDCOMMITSARSON_3,"[@]They call me names.[DELAY:20][BR@]Weakling, [DELAY:15]four eyes, [DELAY:15]sometimes worse[DELAY:7:3]...[DELAY:20][BR@]I'm sure that you've heard them.","[@]Ils ont des surnoms pour moi.[DELAY:20][BR@]Mauviette, [DELAY:15]binoclard, [DELAY:15]parfois pire[DELAY:7:3]...[DELAY:20][BR@]Je suis sûr que tu les as déjà entendus.","[@]Mi prendono in giro.[DELAY:20][BR@]Rammollito, [DELAY:15]quattrocchi, [DELAY:15]a volte pure peggio[DELAY:7:3]...[DELAY:20][BR@]Li avrai sentiti anche tu.",[@]みんな　ぼくのことを　うわさしてなかったかなぁ。[DELAY:20][BR@]よわむしとか　[DELAY:15]けむしとか　[DELAY:15]アホタレとか　[DELAY:15][BR]さらにひどいこと　とか[DELAY:7:3]・・・[DELAY:20][BR@]きっと　してたんだろうなぁ。,"[@]얘들은 날 정말 다양하게 불러.[DELAY:20][BR@]찐따, [DELAY]안경,[DELAY:15] 가끔은 그보다 더 심한 말도[DELAY:7:3]...[DELAY:20][BR@]너도 분명 들어봤을 거야.","[@]A mi me llaman de todo.[DELAY:20][BR@]Debilucho, [DELAY:15]cuatro ojos, [DELAY:15]y a veces cosas peores[DELAY:7:3]...[DELAY:20][BR@]Estoy seguro de que ya los has escuchado.","[@]A mí me dicen de todo.[D:20][BR@]Pringado, [D:15]gafotas,[D:15] y a veces cosas peores[D:7:3]...[DELAY:20][BR@]Seguro que lo has escuchado.","[@]Eles inventaram apelidos para mim.[DELAY:20][BR@]Moloide, [DELAY:15]quatro-olhos, [DELAY:15]tem outros piores[DELAY:7:3]...[DELAY:20][BR@]Aposto que você já conhece.","[@]Przezywają mnie.[DELAY:20][BR@]Mówią na mnie słabeusz, [DELAY:15]czterooki, [DELAY:15]czasem gorzej[DELAY:7:3]...[DELAY:20][BR@]Jestem pewien, że słyszałeś te przezwiska.","[@]Sie beleidigen mich.[DELAY:20][BR@]Ferkelfeigling, [DELAY:15]Glubschfresse, [DELAY:15]manchmal noch schlimmeres [DELAY:7:3]... [DELAY:20][BR@]Du hast sie bestimmt schon gehört.","[@]Меня по-разному обзывают.[D:20][BR@]«Хлюпик», [D:15]«очкарик», [D:15]иногда и ещё хуже.[D:7:2]..[D:20][BR@]Не сомневаюсь, ты этого уже успел наслышаться.","[@]Вони обзивають мене.[DELAY:20][BR@]Слабак, [DELAY:15]чотири ока,[DELAY:15] а іноді навіть і гірше[DELAY:7:3]...[DELAY:20][BR@]Я впевнений, що ти вже достатньо чув тих прізвиськ.",[@]他们总给我起绰号，说我是：[DELAY:20]软蛋、[DELAY:15]四眼之类的。[DELAY:15][BR@]有时候比这还过分…[DELAY:20][BR@]我想你肯定已经听到过了。
DIALOGUE_MERRYSVILLE_CUTSCENES_LLOYDCOMMITSARSON_6,[@]I've always wondered why everyone keeps calling me these names.[WAIT@]Are they jealous of my superior intellect?[WAIT@]Did I do something to upset them?,[@]Je me suis toujours demandé pourquoi on m'appelle comme ça.[WAIT@]Est-ce qu'ils sont jaloux de mon intelligence supérieure ?[WAIT@]Peut-être que j'ai fait quelque chose pour les énerver ?,[@]Mi chiedo sempre perché mi prendono in giro.[WAIT@]Sono invidiosi perché sono più intelligente?[WAIT@]Li ho fatti arrabbiare in qualche modo?,[@]なんでみんなから　なかまはずれにされたり[BR]いじめられるのか　わからないんだ。[WAIT@]ほかのひとにない　ずのうをもっているから？[WAIT@]それかなんか　おこらせるようなことでも　した？,[@]난 항상 의문이었어. 왜 다들 나를 그런 이름으로 부르는 걸까?[WAIT@]내 뛰어난 지능을 질투하는 걸까?[WAIT@]아니면 내가 뭔가 기분 나빠할 일을 한 걸까?,[@]Siempre me he preguntado por qué todos me llaman así.[WAIT@]¿Será que tienen envidia de mi intelecto superior?[WAIT@]¿Hice algo para molestarlos?,"[@]Siempre me pregunto por qué todo el mundo me dice esas cosas.
[W@]¿Es que sienten recelo ante mi intelecto superior?
[W@]¿He hecho algo que les ha molestado?",[@]Eu nunca entendi por que ficam inventando esses apelidos.[WAIT@]Será que têm inveja do meu intelecto superior?[WAIT@]Ou eu fiz alguma coisa que os chateou?,"[@]Zawsze zastanawiałem się, dlaczego wszyscy mnie tak wyzywają.[WAIT@]Czy zazdroszcą mi mego wybitnego intelektu?[WAIT@]A może złoszczą się o coś, co im zrobiłem?","[@]Ich habe mich immer gewundert, warum mich alle ständig so nennen.[WAIT@]Sind sie neidisch auf meinen hohen Intellekt?[WAIT@]Habe ich etwas getan, was sie verärgert?","[@]Я всё не могу понять, почему же они меня постоянно обзывают?[W@]Они что, завидуют, что я умнее их?[W@]Или, может, я их чем-то обидел?",[@]Я ніколи не розумів чому вони мене так обзивають.[WAIT@]Чи вони просто заздрять моєму відмінному інтелекту?[WAIT@]Чи я їх якось образив?,[@]我一直想不明白，为什么大家都这么叫我。[WAIT@]他们是嫉妒我太聪明？[WAIT@]还是我怎么招惹他们了？
DIALOGUE_MERRYSVILLE_CUTSCENES_LLOYDCOMMITSARSON_8,[@][DELAY:6:3]... Or maybe it's because I really am just a weakling.,"[@][DELAY:6:3]... Ou alors, c'est parce que je suis vraiment une mauviette.",[@][DELAY:6:3]... O forse sono davvero un rammollito.,[@][DELAY:6:3]・・・それか　ほんとうに　ぼくが　[BR]よわむしけむしだから　[DELAY:3]だったりして。,[@][DELAY:6:3]... 아니면 그냥 내가 겁쟁이인 걸까.,[@][DELAY:6:3]... O quizás será porque en verdad sólo soy un debilucho.,[@][D:6:3]... O a lo mejor es que de verdad soy un blandengue.,[@][DELAY:6:3]... Ou talvez seja porque sou um moloide mesmo.,"[@][DELAY:6:3]... A może to przez to, że faktycznie jest ze mnie tylko mięczak.","[@][DELAY:6:3]... Oder vielleicht ist es, weil ich wirklich ein Feigling bin.","[@][D:6:4]...А может, я и правда хлюпик...",[@][DELAY:6:3]...Чи тому що я і дійсно слабак.,[@]…又或者，[DELAY]我也许真的是一个软蛋吧。
DIALOGUE_MERRYSVILLE_CUTSCENES_LLOYDROOF1_1,"[@]W-[DELAY:3]who is it?![WAIT@]I mean, [DELAY:6]uh...[DELAY][BR]No problem here.[WAIT@][DELAY:6:3]... [DELAY][BR]Oh, nevermind.[WAIT@]I've made enough of a fool of myself today.","[@]Q-[DELAY:3]Qui est là ?![WAIT@]Je veux dire, [DELAY:6]euh...[DELAY][BR]Pas de problème ici.[WAIT@][DELAY:6:3]... [DELAY][BR]Tu sais quoi, oublie.[WAIT@]Je me suis déjà assez ridiculisé aujourd'hui.","[@]C-[DELAY:3]Chi va là?![WAIT@]Cioè, [DELAY:6]ehm...[DELAY][BR]Nessun problema qui.[WAIT@][DELAY:6:3]... [DELAY][BR]Ah, lasciamo stare.[WAIT@]Mi sono già messo abbastanza in ridicolo oggi.",[@]き　[D:3]きみは　だれだ！[W@]あ　えっと・・・[D][BR]もんだいなし。[W@][D:6:3]・・・ああ　もういいや。[W@]きょうは　じゅうぶんに　はじを　かいたし・・・,"[@]누-[DELAY:3]누구야?![WAIT@]아니, 그러니까[DELAY:6], 음...[DELAY][BR]""문제없다.""[WAIT@][DELAY:6:3]... [DELAY][BR]아, 됐어.[WAIT@]오늘 이미 충분히 망신은 제대로 당했으니까","[@]¡¿Q-[DELAY:3]quién es?![WAIT@]Digo, [DELAY:6]eh...[DELAY][BR]Nada interesante.[WAIT@][DELAY:6:3]... [DELAY][BR]Oh, olvídalo.[WAIT@]Hoy ya hice bastante el ridículo.","[@]¡¿Q-[DELAY:3]quién anda ahí?!
[WAIT@]Digo, [DELAY:6]eh...[DELAY][BR]Nada interesante.
[WAIT@][DELAY:6:3]...[DELAY][BR]Ah, olvídalo.
[WAIT@]Ya he hecho el ridículo bastante por hoy.","[@]Q-[DELAY:3]quem está aí?![WAIT@]Digo, [DELAY:6]hã...[DELAY][BR]Nada de interessante aqui.[WAIT@][DELAY:6:3]...[DELAY][BR]Ah, deixa pra lá.[WAIT@]Já me fiz de bobo o suficiente hoje.","[@]K-[DELAY:3]kto tam?![WAIT@]Znaczy się, [DELAY:6]em...[DELAY][BR]Tu nic nie ma.[WAIT@][DELAY:6:3]... [DELAY][BR]Ech, daj spokój.[WAIT@]Wystarczająco się już dzisiaj ośmieszyłem.","[@]W-[D:3]wer ist da?![W@]Ich meine, [D:6]ähh ...[D][BR]Nichts interessantes hier.[W@][D:6:3]...[D][BR]Ach egal.[W@]Ich habe mich heute schon genug zum Affen gemacht.","[@]К-[DELAY:3]кто это?![WAIT@]Э-э-э, [DELAY:6]то есть...[DELAY][@]Ничего интересного.[WAIT@][DELAY:6:3]... [DELAY][BR]Ох, ладно, простите.[WAIT@]Я сегодня и так столько глупостей наделал.","[@]Х-[DELAY:3]хто це?!
[WAIT@]Тобто, [DELAY:6]е-е...[DELAY]
[BR]Нічого цікавого.
[WAIT@][DELAY:6:3]...[DELAY][BR]Ех, кого я обманюю?
[WAIT@]Я і без цього сьогодні зганьбився.",[@]谁、[DELAY:3]谁？！[WAIT@]我是说，[DELAY:6]呃…[DELAY][BR]这里一切正常。[WAIT@][DELAY:6]… [DELAY][BR]哦，算了。[WAIT@]我今天丢的脸已经够多了。
DIALOGUE_MERRYSVILLE_CUTSCENES_LLOYDROOF1_2,"[@]Are you still here?[WAIT@]No matter what, [DELAY:6]I won’t come out.[WAIT@]If I do, [DELAY:6]everyone will pick on me again...","[@]Tu es toujours là ? [WAIT@]Peu importe ce que tu me dis, [DELAY:6]je ne vais pas sortir.[WAIT@]Si je me montre, [DELAY:6]tout le monde va encore s'en prendre à moi...","[@]Ancora qui?[WAIT@]Non mi importa, [DELAY:6]io resto qui.[WAIT@]Se no, [DELAY:6]torneranno tutti a prendermi in giro...",[@]まだ　いるのか？[W@]なにを　いおうと　ぼくは　ここからでないぞ。[W@]でたら　きっと　いじめられるんだから。,"[@]아직도 거기 있어?[WAIT@]무슨 일이 있어도,[DELAY:6] 난 밖으로 안 나갈 거야.[WAIT@]나가면,[DELAY:6] 또 얘들이 놀릴 테니까...","[@]¿Sigues aquí?[WAIT@]No importa qué pase, [DELAY:6]no voy a salir.[WAIT@]Si lo hago, [DELAY:6]de seguro me seguirán molestando...","[@]¿Sigues aquí?
[WAIT@]Da igual lo que me digas, [DELAY:6]no pienso salir.
[WAIT@]Si salgo, [DELAY:6]se volverán a meter conmigo.","[@]Você ainda tá aí?[WAIT@]Não importa o que faça, [DELAY:6]eu não vou sair.[WAIT@]Se eu sair, [DELAY:6]todo mundo vai me zoar de novo... ","[@]Nadal tam jesteś?[WAIT@]Nie wyjdę stąd, [DELAY:6]nie ważne co.[WAIT@]Jeśli stąd wyjdę, [DELAY:6]wszyscy będą mi znowu dokuczać...","[@]Bist du noch da?[W@]Ich werde[D:6] auf keinen Fall rauskommen.[W@]Wenn ich das tun würde, würden mich alle nur wieder mobben ...","[@]Вы что, ещё здесь?[WAIT@]Я всё равно не выйду.[WAIT@]А если выйду, [DELAY:6]надо мной опять будут издеваться...","[@]Ти що, ще тут? [WAIT@]Я все одно не вилізу.
[WAIT@]А якщо вилізу, [DELAY:6]то з мене знову будуть знущатися...",[@]你还在这儿吗？[WAIT@]不管怎样，[DELAY:6]我都不会出去的。[WAIT@]我要是出去了，[DELAY:6]大家又会欺负我了…
DIALOGUE_MERRYSVILLE_CUTSCENES_LLOYDROOF1_3,[@]Why do you keep trying to talk to me?[WAIT@]You didn't have to notice me.[WAIT@]Please... [DELAY]just ignore me.,"[@]Pourquoi tu continues d'essayer de me parler ?[WAIT@]Tu n'étais pas obligé de me remarquer. 
[WAIT@]S'il te plaît... [DELAY]Ignore-moi.",[@]Perché continui a rivolgermi la parola?[WAIT@]Non ti saresti neanche dovuto accorgere di me.[WAIT@]Ti prego... [DELAY]fai come se non ci fossi.,[@]なぜ　そんなに　はなしかけてくるんだ？[W@]きづかなくたって　よかったのに。[W@]おねがいだから・・・[D]もう　ひとりにさせてくれ。,[@]왜 자꾸 나한테 말 거는 거야?[WAIT@]굳이 날 챙겨줄 필요 없어.[WAIT@]제발...[DELAY] 그냥 신경 꺼줘.,[@]¿Por qué insistes en hablarme?[WAIT@]No deberías ni notarme.[WAIT@]Por favor... [DELAY]sólo ignórame.,"[@]¿Por qué insistes en hablar conmigo?
[WAIT@]No deberías fijarte en mí.
[WAIT@]Por favor...[DELAY], ignórame.",[@]Por que você insiste em falar comigo?[WAIT@]Você não precisava me notar.[WAIT@]Por favor... [DELAY]só me ignore.,[@]Dlaczego ciągle próbujesz ze mną rozmawiać?[WAIT@]Nie musiałeś mnie zauważać.[WAIT@]Proszę... [DELAY]po prostu mnie zignoruj.,[@]Warum sprichst du mich ständig an?[W@]Du hättest mich nicht bemerken müssen.[W@]Bitte ... [D]ignorier mich einfach.,[@]Да зачем я вам нужен?[WAIT@]Со мной не о чем разговаривать.[WAIT@]Пожалуйста... [DELAY]оставьте меня в покое.,[@]Чому ти постійно намагаєшся зі мною поговорити?[WAIT@]Тобі не треба мене помічати.[WAIT@]Будь ласка... [DELAY] залиш мене на самоті.,[@]你为什么总是试图和我说说话？[WAIT@]你本不必注意到我的。[WAIT@]求你了…[DELAY]请直接无视我吧。
DIALOGUE_MERRYSVILLE_CUTSCENES_LLOYDROOF1_4,[@]Just forget about me. [WAIT@]The only way I'm coming out is if someone brings me a [color]Bottle Rocket[/color] from [color]Sweet's Little Factory[/color]!,[@]Laisse-moi tranquille. [WAIT@]La seule chose qui me ferait sortir d'ici est une [color]Fusée bouteille[/color] de la [color]petite usine de Sweet[/color] !,[@]Lasciami stare. [WAIT@]Verrò fuori da qui solo se qualcuno mi porterà una [color]Bottiglia-razzo[/color] della [color]Piccola Dolce Fabbrica[/color]!,[@]もう　ぼくのことは　わすれてくれ。[W@]スイートリトルこうじょうさんの[BR][color]ペンシルロケット[/color]を　もってこない　かぎり　でるつもりは　ないさ。,"[@]그냥 날 잊어버려.[WAIT@]누가 [color]스위트 리틀 팩토리[/color]에서 [color]펜슬 로켓[/color]을 가져다주기 전까진, 난 절대 여기서 안 나갈 거야!",[@]Solo olvídate de mí. [WAIT@]¡La única manera en la que saldré será si alguien me trae un [color]Cohete botella[/color] de la [color]Fábrica Pequedulce[/color]!,"[@]Solo olvídate de mí.
[WAIT@]La única manera de que salga es si alguien me trae un [color]Cohete botella[/color] de la [color]Fábrica Pequedulce[/color].",[@]Só me esqueça.[WAIT@]A única coisa que vai me fazer sair daqui é um [color]Rojão[/color] da [color]Fábrica da Docita[/color]!,"[@]Weź już o mnie zapomnij. [WAIT@]Wyjdę tylko wtedy, gdy ktoś przyniesie mi [color]Butlorakietę[/color] z [color]Fabryki ""Bombonierka""[/color]!","[@]Vergiss mich einfach.[W@]Ich würde nur rauskommen, wenn mir jemand eine [C]Flaschenrakete[/C] aus der [C]Kleinen Süßfabrik[/C] bringt!","[@]Не думай обо мне. [WAIT@]Я вылезу, только если мне принесут [color]бутылочную ракету[/color] с [color]фабрики «Крошка»[/color].","[@]Просто забудь про мене. [W@]Я вийду звідси лише тоді, коли хтось принесе мені [C]пляшкову ракету[/C] з [C]фабрики «Крихітка»[/C]!",[@]别管我了。[WAIT@]除非有人能从[color]甜甜小工厂[/color]里给我带一枚[color]瓶装火箭[/color]，否则我是不会出来的！
DIALOGUE_MERRYSVILLE_CUTSCENES_LLOYDROOF2_2,[@]Wow! [DELAY:6]Is that a real Bottle Rocket?![WAIT@]Show me! [DELAY:4]Show me!,[@]Wow ! [DELAY:6]C'est une vraie Fusée bouteille ? ![WAIT@]Montre-moi ! [DELAY:4]Montre-moi !,"[@]Wow! [DELAY:6]È una Bottiglia-razzo vera?![WAIT@]Fammi vedere! [DELAY:4]Dai, fammi vedere!
",[@]わぁっ！もしかして　これがあのうわさの　ペンシルロケット？！[WAIT@]みせてくれ！,[@]우와! [DELAY:6]진짜 펜슬 로켓이잖아?![WAIT@]보여 줘! [DELAY:4]보여 줘!,[@]¿¡Pero qué!? [DELAY:6]¿Eso es un Cohete botella de verdad?[WAIT@]¡Vamos! [DELAY:4]¡Déjame verlo!,"[@]¡Hala! [DELAY:6]¡¿Eso es un Cohete botella de verdad?!
[WAIT@]¡Muéstramelo! [DELAY:4]¡Vamos! ",[@]Uau! [DELAY:6]Esse Rojão é de verdade mesmo?![WAIT@]Deixa eu ver! [DELAY:4]Deixa eu ver!,[@]Łał! [DELAY:6]Czy to prawdziwa Butlorakieta?![WAIT@]Pokaż! [DELAY:4]Pokaż!,[@]Wow! [DELAY:6]Ist das eine echte Flaschenrakete?![WAIT@]Zeig her! [DELAY:4]Zeig her!,"[@]Это что, [DELAY:6]настоящая бутылочная ракета?![WAIT@]Покажи-ка,[DELAY:4] покажи!",[@]Ого! [DELAY:6]Чи це справжня пляшкова ракета?![WAIT@]Покажи! [DELAY:4]Покажи!,[@]哇！[DELAY:6]那是真的瓶装火箭吗？！[WAIT@]快让我看看！[DELAY:4]给我看看啦！
DIALOGUE_MERRYSVILLE_CUTSCENES_LLOYDROOF2_7,[@]Unbelievable! [DELAY:6]You really got one! [WAIT@]And it’s in pristine condition too! [DELAY:6]I'd wager we could make a bang with this!,"[@]Incroyable ! [DELAY:6]T'en as vraiment une ! [WAIT@]Et en plus, elle est en excellent état ! [DELAY:6]Je parie qu'on va faire un carton avec ça !","[@]Incredibile! [DELAY:6]Ne hai davvero una! [WAIT@]Ed è pure in buone condizioni! [DELAY:6]Scommetto che potremmo farci un bel botto!
",[@]すごい[DELAY:6]　ほんものだ！[WAIT@]しかも　しんぴんだ！[WAIT@]これなら　おなじものを　つくれるかもしれないぞ。　,[@]말도 안 돼! [DELAY:6]정말로 구해왔어![WAIT@]게다가 상태도 완벽하고![DELAY:6] 이걸로 최고의 한방을 터뜨릴 수 있겠어.,[@]¡Increíble! [DELAY:6]¡De verdad tienes uno! [WAIT@]¡Y está en perfectas condiciones! [DELAY:6]¡Apuesto que la vamos a romper con esto!,[@]¡Increíble! [DELAY:6]¡De verdad tienes uno![WAIT@]¡Y está en perfectas condiciones! [DELAY:6]¡Seguro que con esto causaremos sensación!,"[@]Não acredito! [DELAY:6]Você realmente conseguiu um![WAIT@]E está perfeitinho![DELAY:6] Aposto que dá pra fazer um ""cabum"" bem da hora com ele!","[@]Niewiarygodne! [DELAY:6]Naprawdę ją masz! [WAIT@]I to w idealnym stanie! [DELAY:6]Coś czuję, że będzie nam dane się trochę rozerwać!","[@]Unglaublich![DELAY:6] Du hast wirklich eine bekommen![WAIT@]Und auch noch im makellosen Zustand! [DELAY:6]Ich wette, dass der richtig knallen kann!",[@]Уму непостижимо! [D:6]Ты как её достал? [W@]Ещё и совсем новенькую! [D:6]С ней-то мы точно произведём самый что ни на есть бум!,[@]Неймовірно! [DELAY:6]Ти справді знайшов одну![WAIT@]Та ще й у бездоганному стані!,[@]简直不可思议！[DELAY:6]你居然真的弄到了一个！[WAIT@]而且它居然还崭新如初！[DELAY:6]我敢肯定我们能用这个造出个大动静来！
DIALOGUE_MERRYSVILLE_CUTSCENES_LLOYDROOF2_9,"[@]Come on, let’s go to the lab!","[@]Vite, allons au labo !","[@]Forza, andiamo al laboratorio!",[@]りかしつへ　きてくれ！,[@]어서! 연구실로 가자!,"[@]Bien, ¡vamos al laboratorio!","[@]¡Venga, vamos al laboratorio!","[@]Vamos lá, para o laboratório!","[@]Chodź, idziemy do laboratorium!","[@]Komm schon, gehen wir ins Schullabor!",[@]Побежали в лабораторную!,"[@]Ну ж бо, ходімо до лабораторії!",[@]快走，我们现在到实验室去！
DIALOGUE_MERRYSVILLE_CUTSCENES_LLOYDROOF4_0,"[@]What? [DELAY]You just want to know why I’m in a trashcan?[WAIT@]If I tell you, [DELAY:6]do you promise to not make fun of me?","[@]Quoi ? [DELAY]Tu veux savoir ce que je fais dans cette poubelle ?[WAIT@]Si je te raconte, [DELAY:6]tu promets de pas te moquer de moi ?","[@]Cosa? [DELAY]Vuoi sapere perché sono in un cestino?[WAIT@]Se te lo dico, [DELAY:6]prometti di non prendermi in giro?",[@]なぜ　ゴミばこに　はいっているか　しりたいだけ[D]　だって？[W@]からかわない　ことを[D:6][BR]やくそくして　くれるか？,"[@]뭐라고? [DELAY]내가 왜 쓰레기통 안에 들어가 있는지 궁금하다고?[WAIT@]듣고 나서,[DELAY:6] 비웃지 않겠다고 약속할 수 있어?","[@]¿Cómo? [DELAY]¿Que solo quieres saber por qué estoy en un basurero?[WAIT@]Si te digo, [DELAY:6]¿prometes no reírte de mi?","[@]¿Qué? [DELAY]¿Quieres saber por qué estoy en un cubo de basura?
[WAIT@]Si te lo cuento, [DELAY:6]¿prometes que no te burlarás de mí?","[@]O quê? [DELAY]Você quer saber por que estou dentro da lixeira?[WAIT@]Se eu te contar, [DELAY:6]promete não ficar me zoando?","[@]Co? [DELAY]Chcesz po prostu wiedzieć, czemu siedzę w śmietniku?[WAIT@]Czy jak ci powiem, [DELAY:6]to obiecasz się ze mnie nie śmiać?","[@]Was? [DELAY]Du willst nur wissen, warum ich in einer Tonne sitze?[WAIT@]Wenn ich es dir sage, [DELAY:6]versprichst du dann, mich nicht auszulachen?","[@]Что? [DELAY]Почему я в мусорке?[WAIT@]Если я расскажу, [DELAY:6]обещай, что не будешь смеяться!","[@]Що? [DELAY]Ти цікавишся, чому я у сміттєвому кошику?
[WAIT@]Якщо я тобі росповім,[DELAY:6] обіцяєш не глузувати з мене?",[@]什么？[DELAY]你只是想知道我为什么在垃圾桶里？[WAIT@]我要是告诉你，[DELAY:6]你能保证不笑话我吗？
DIALOGUE_MERRYSVILLE_CUTSCENES_LLOYDROOF4_1,[@]Yeah[DELAY:4:3]... [DELAY]I thought so.,[@]Ouais[DELAY:4:3]... [DELAY]C'est bien ce que je pensais.,[@]Già[DELAY:4:3]... [DELAY]immaginavo.,[@][D:4:3]・・・だろうな。,[@]그래[DELAY:4:3]... [DELAY]그럴 줄 알았어.,[@]Si[DELAY:4:3]... [DELAY]Eso creía.,[@]Ya[DELAY:4:3]... [DELAY]Me lo imaginaba.,"[@]Ah, tá[DELAY:4:3]... [DELAY]Já imaginava.",[@]No tak[DELAY:4:3]... [DELAY]Tak myślałem.,[@]Ja[DELAY:4:3] ... [DELAY]Das dachte ich mir.,[@]М-м[DELAY:4:3]... [DELAY]так я и думал.,[@]Ага[DELAY:4:3]... [DELAY]Так я й думав.,[@]是啊…[DELAY]我就知道。
DIALOGUE_MERRYSVILLE_CUTSCENES_LLOYDROOF4_2,"[@]Alright... [DELAY]Well, it started this morning...","[@]D'accord... [DELAY]Eh bien, tout a commencé ce matin...",[@]OK... [DELAY]È iniziato tutto stamattina...,[@]・・・[DELAY]けさの　ことだ。,"[@]좋아... [DELAY]이건, 오늘 아침에 있던 일인데...","[@]Okay... [DELAY]Bueno, todo empezó esta mañana...","[@]Está bien... [DELAY]Bueno, todo empezó esta mañana.","[@]Tá bom... [DELAY]Bem, começou hoje de manhã...",[@]No dobrze... [DELAY]Więc wszystko zaczęło się dzisiaj rano...,"[@]Na gut ... [DELAY]Also, es begann heute Morgen ...",[@]Ну хорошо... [DELAY]Всё началось этим утром...,[@]Добре... [WAIT]Все це почалося сьогодні вранці...,[@]好吧…[DELAY]呃，事情是从今天早上开始的…
DIALOGUE_MERRYSVILLE_CUTSCENES_LLOYDROOF4_3,"[@]When I arrived at school, [DELAY:5]I saw a big missile sitting in the middle of the playground...[WAIT@]W-w-wait-[DELAY:4] uh,[DELAY:4] what?[DELAY] You’re not from around here?[WAIT@]T-then how did you even...[DELAY] nevermind.[WAIT@]Why am I surprised, anyway?[DELAY] Everything has been so chaotic lately...[WAIT@]For the past few days, [DELAY:6]missiles have been raining down on our town...[WAIT@]But the adults are too busy arguing to do anything.[WAIT@]One missile almost hit our school today, and crashed into the playground.[WAIT@]It didn't explode like all the other ones, however. [WAIT@]I was curious to learn more about it, [DELAY]but I kept my distance just to be safe.[WAIT@]I hoped nobody else would see me,[DELAY] but...","[@]Quand je suis arrivé à l'école,[DELAY:5] j'ai vu un missile gigantesque en plein milieu de la cour de récré...[WAIT@]A-A-Attends-[DELAY:4] hein,[DELAY:4] quoi ? Tu n'es pas d'ici ?[WAIT@]M-Mais comment t'es...[DELAY] Laisse tomber. [WAIT@]Pourquoi est-ce que ça me surprend ?[DELAY] En ce moment, le monde est totalement à l'envers...[WAIT@]Depuis quelques jours, la ville est victime d'une pluie de missiles...[WAIT@]Malheureusement, les adultes sont trop occupés à se chamailler pour faire quoi que ce soit.[WAIT@]Même qu'aujourd'hui, un missile a presque touché l'école, mais il a fini par tomber sur la cour de récré. [WAIT@]En revanche, il n'a pas explosé comme les autres. [WAIT@]J'étais curieux d'en savoir plus, tout en gardant mes distances par sécurité.[WAIT@]J'ai vraiment espéré que personne ne me voie,[DELAY] mais...","[@]Quando sono arrivato a scuola, [DELAY:5]ho visto un missile in mezzo al cortile...[WAIT@]A-A-Aspetta-[DELAY:4] ehm,[DELAY:4] cosa?[DELAY] Non sei di qui?[WAIT@]C-Come hai fatto allora a...[DELAY] Vabbè, lascia perdere.[WAIT@]Non so nemmeno perché sono così sorpreso.[DELAY] È tutto fuori controllo, ultimamente...[WAIT@]Da qualche giorno, [DELAY:6]arrivano missili uno dopo l'altro in città...[WAIT@]Ma gli adulti perdono il loro tempo a litigare invece di fare qualcosa di concreto.[WAIT@]Un missile oggi ha quasi colpito la nostra scuola, e si è schiantato nel cortile.[WAIT@]Non è esploso come gli altri, però. [WAIT@]Mi sono incuriosito e sono andato in cortile a vedere... [DELAY]a distanza di sicurezza.[WAIT@]Speravo che non mi avrebbe visto nessuno,[DELAY] ma...
",[@]がっこうに　きたら　おおきな　ロケットが　グラウンドに　おちてたんだ。[W@]え　グラウンドが　どこか　わからないって？[W@]まさか　となりまちから　ここまで　きたというのか？[W@]・・・おどろく　までも　ないか。[D][BR]さいきん　なにもかにも　めちゃくちゃだし・・・[W@]とにかく　だ。[D:6][BR]ここ　すうじつ　ロケットが　まちに　おっこちてきているんだ。[W@]おとなたちは　さわいでいて　なにもしてくれやしない・・・[W@]そして　きょう　ロケットが[BR]がっこう　めがけて　おちてきて[BR]グラウンドに　ついらくしてきた　わけさ。[W@]でも　なぜか　ほかのとは　ちがって　ばくはつとかは　しなかった。[W@]ちかくで　しらべたかったけど　ねんのため　きょりを　おいて　しらべてたんだ。[W@]そうしたら　とつぜん　うしろから　こえが　きこえてきて・・・,"[@]학교로 등교할 때[DELAY:5] 운동장 한가운데에 커다란 미사일이 떨어져 있는 걸 봤어...[WAIT@]ㅈ-자-잠깐-[DELAY:4] 어,[DELAY] 뭐라고?[DELAY] 넌 이 동네 사람이 아니라고?[WAIT@]ㄱ-그럼 그걸 어떻게...[DELAY] 아냐, 됐어.[WAIT@]애초에 내가 왜 놀라는 거지?[DELAY] 요즘 하나같이 다 혼란스러우니까... 그래[WAIT@]며칠 전부터,[DELAY:6] 우리 마을에 미사일이 미친 듯이 쏟아지고 있어...[WAIT@]그런데 어른들은 서로 말다툼만 하고 해결하려고는 하지도 않고 있고.[WAIT@]게다가 오늘은 학교 바로 근처, 운동장에 떨어졌잖아![WAIT@]이번에는 폭발하지는 않았지만.[WAIT@]좀 더 자세히 살펴보고 싶었지만,[DELAY]  혹시 몰라서 근처에 다가가진 않았어.[WAIT@]아무도 날 보지 않았으면 했는데,[DELAY] 그런데...","[@]Cuando llegué a la escuela, [DELAY:5]vi que había un enorme misil plantado en el medio del patio...[WAIT@]E-e-spera-[DELAY:4] em,[DELAY:4] ¿cómo?[DELAY] ¿Que no eres de por acá?[WAIT@]E-entonces, ¿cómo pudiste...?[DELAY] olvídalo.[WAIT@]¿Por qué me sorprende, siquiera?[DELAY] Todo ha sido tan caótico últimamente...[WAIT@]Estos últimos días, [DELAY:6]misiles han estado cayendo sobre nuestro pueblo...[WAIT@]Pero los adultos están muy ocupados discutiendo para hacer algo...[WAIT@]Un misil casi golpéo a la escuela hoy, cayó en el patio.[WAIT@]Pero no explotó, a diferencia del resto. [WAIT@]Tenía curiosidad y quería aprender más sobre él, [DELAY]pero mantuve distancia para estar a salvo.[WAIT@]Esperaba que nadie me viera,[DELAY:3] pero...","[@]Cuando llegué al colegio, [DELAY:5]vi un misil enorme plantado en medio del patio...
[WAIT@]E-e-espera-[DELAY:4] eh,[DELAY:4] ¿qué?[DELAY] ¿No eres de por aquí?
[WAIT@]E-entonces,  ¿cómo has...?[DELAY] Bueno, da igual.
[WAIT@]No sé de qué me sorprendo.[DELAY] Todo está hecho un caos últimamente...
[WAIT@]Desde hace unos días, [DELAY:6]no paran de llover misiles sobre el pueblo...
[WAIT@]Pero los adultos están demasiado ocupados discutiendo y no hacen nada...
[WAIT@]Hoy un misil casi golpea nuestro colegio y se ha estrellado contra el patio.
[WAIT@]Pero este no ha explotado como todos los demás.
[WAIT@]Me picaba la curiosidad por saber más de él, [DELAY]pero me mantuve a distancia por si acaso.
[WAIT@]Esperaba que no me viera nadie más,[DELAY:3] pero...","[@]Quando cheguei na escola, [DELAY:5]tinha um baita míssil bem no meio do parquinho...[WAIT@]P-p-peraí,[DELAY:4] oh,[DELAY:4] ué?[DELAY] Você não é daqui?[WAIT@]E-então como foi que você...[DELAY] ah, deixa.[WAIT@]Nem sei por que estou surpreso.[DELAY] Tá tudo um caos ultimamente...[WAIT@]De uns dias para cá, [DELAY:6]tem caído mísseis pela cidade toda...[WAIT@]Os adultos ficam só reclamando e não fazem nada.[WAIT@]Um míssil quase atingiu a nossa escola hoje, mas ficou caído ali no parquinho.[WAIT@]Por sorte, ele não explodiu igual aos outros. [WAIT@]Eu estava querendo saber melhor sobre ele, [DELAY]mas fiquei de longe só por segurança.[WAIT@]Estava esperando que ninguem me visse,[DELAY] mas...","[@]Kiedy dotarłem do szkoły, [DELAY:5]zauważyłem wielką rakietę stojącą na środku placu zabaw...[WAIT@]Ch-ch-chwileczkę...[DELAY:4] em,[DELAY:4] co?[DELAY] Nie jesteś stąd?[WAIT@]T-to jak w ogóle...[DELAY] nieważne. [WAIT@]Czemu się w ogóle dziwię?[DELAY] Ostatnio wszystko jest takie chaotyczne...[WAIT@]Przez ostatnie kilka dni [DELAY:6]na nasze miasto spada grad rakiet...[WAIT@]Ale dorośli są zbyt zajęci kłóceniem się, żeby cokolwiek z tym zrobić. [WAIT@]Dzisiaj jeden z pocisków prawie trafił w naszą szkołę i uderzył w plac zabaw.[WAIT@]Nie wybuchł jednak tak jak wszystkie inne. [WAIT@]Byłem ciekaw, co się z nim stało, [DELAY]ale dla bezpieczeństwa trzymałem się z daleka.[WAIT@]Miałem nadzieję, że nikt mnie nie zobaczy,[DELAY] ale...","[@]Als ich in der Schule ankam, [DELAY:5]sah ich eine riesige Rakete mitten auf dem Schulhof ...[WAIT@]W-w-warte mal – [DELAY:4]äh, [DELAY:4]was? [DELAY]Du bist nicht von hier? [WAIT@]W-wie bist du dann überhaupt ... [DELAY] Ach, egal. [WAIT@]Warum überrascht mich sowas überhaupt noch?[DELAY] Es ist alles so chaotisch in letzter Zeit ...[WAIT@]In den vergangenen Tagen [DELAY:6]sind Raketen nur so auf die Stadt niedergeprasselt ...[WAIT@]Aber die Erwachsenen streiten sich zu sehr, als was zu unternehmen. [WAIT@]Heute hätte eine Rakete fast unsere Schule getroffen und ist auf dem Schulhof eingeschlagen.[WAIT@]Sie ist aber nicht explodiert wie die anderen. [WAIT@]Ich war neugierig, mehr darüber zu erfahren, [DELAY]aber ich habe sicherheitshalber Abstand genommen.[WAIT@]Ich hab gehofft, dass mich niemand sehen wird,[DELAY] aber ...","[@]Когда я подошёл к школе, [D:5]то увидел в центре спортивной площадки большую ракету...[W@]Э-э-э...[D:4] что?[D] Ты не отсюда?[W@]А как ты хоть сюда...[D] Хм, ладно.[W@]Чему я вообще удивляюсь.[D] Сейчас повсюду сплошной кавардак...[W@]На наш город уже несколько дней подряд падают ракеты...[W@]А взрослым лишь бы спорить и ничего не делать.[W@]Сегодня одна ракета едва не попала в нашу школу.[W@]Повезло ещё,[D:4] что она осталась торчать на площадке и так и не взорвалась, в отличие от других.[W@]Я хотел разглядеть её получше, [D]но всё-таки не подходил слишком близко.[W@]Я надеялся, что меня никто не увидит, [D]но...","[@]Коли я прийшов до школи, [DELAY:5]я побачив посеред дитячого майданчика велику ракету...
[WAIT@]П-п-погодь,[DELAY:4] що-що?[DELAY] Ти не з цього міста?
[WAIT@]Т-тоді як ти взагалі...[DELAY] Ех, яка різниця.
[WAIT@]І чого це я дивуюсь?[DELAY] Останнім часом,[DELAY:3] що не день — повний хаос...
[WAIT@]На наше місто почали безперервно сипатися ракети...
[WAIT@]А дорослі занадто зайняті суперечками,[DELAY] щоб щось зробити.
[WAIT@]Сьогодні одна з ракет мало не влучила в нашу школу,[DELAY] і впала на майданчик.
[WAIT@]Однак вона не вибухнула, як усі інші.
[WAIT@]Я хотів розглянути її ближче,[DELAY] але, заради безпеки, тримався на відстані.
[WAIT@]Я сподівався,[DELAY:4] що мене ніхто не побаче,[DELAY] але...",[@]今天早上我到学校的时候，[DELAY:5]看见操场中央落着一枚好大的导弹…[WAIT@]等、等一下——[DELAY:4]呃，[DELAY:4]什么？[DELAY]你不是本地人？[WAIT@]那你怎么会…[DELAY]算了，不说了。[WAIT@]我在惊讶什么呢，[DELAY]这些天所有事都乱成一团了…[WAIT@]过去这几天，[DELAY:6]导弹像下雨一样砸在我们镇上…[WAIT@]但大人们光顾着吵来吵去，谁都不管。[WAIT@]今天有一枚差点砸到我们学校，最后它栽在了操场上。[WAIT@]不过它跟之前那些不一样，没有爆炸。[WAIT@]我挺想凑近看看的，[DELAY]但为了安全我还是没敢过去。[WAIT@]本来以为没人会看见我，[DELAY]但是…
DIALOGUE_MERRYSVILLE_CUTSCENES_LLOYDROOF4_4,"[@]Hey, look at [LLOYD] over there! [WAIT@]What's he doing looking at that big rocket?","[@]Hé, regardez [LLOYD] là-bas ! [WAIT@]Pourquoi est-ce qu'il fixe cet énorme missile ?","[@]Ehi, guardate [LLOYD]! [WAIT@]Perché sta guardando quel razzo?",[@]おい　みろよ[BR][LLOYD]が　あんなところに　いるぜ！[W@]ロケットなんか　みて　どうしたんだ？,"[@]야, 저기 [LLOYD] 좀 봐![WAIT@]저 큰 로켓을 계속 보고 있는 거야?","[@]¡Eh, miren a [LLOYD]! [WAIT@]¿Qué hace mirando ese cohete?","[@]¡Eh, mirad a [LLOYD]!
[WAIT@]¿Qué hace mirando ese cohete tan grande?","[@]Ei, olha, é o [LLOYD]! [WAIT@]Por que ele tá encarando o foguete daquele jeito?","[@]Patrzcie, tam jest [LLOYD]! [WAIT@]Co on robi przy tej wielkiej rakiecie?","[@]Hey, schaut mal, da ist [LLOYD]! [WAIT@]Was guckt der so auf diese große Rakete?","[@]Эй, взгляните-ка на [decline:Lloyd:M:1]! [WAIT@]Что это он так на ракету засмотрелся?","[@]Гей, подивіться-но на [decline:Lloyd:M:1]![WAIT@]Що це він робить поруч з тою ракетою?",[@]嘿，快看那边的[LLOYD]！[WAIT@]他盯着那枚大火箭干嘛呢？
DIALOGUE_MERRYSVILLE_CUTSCENES_LLOYDROOF4_5,"[@]Pfft, don't you know? [DELAY][LLOYD]'s in love with those things!","[@]Pff, t'es pas au courant ? [DELAY][LLOYD] adore ces trucs !","[@]Pfft, non lo sai? [DELAY][LLOYD] ama quella roba!",[@]ぷぷっ　しらないの？[D][BR]ロイドは　アレに　むちゅうなんだよ！,"[@]풋, 너 몰라?[DELAY][LLOYD], 쟤 저런 거랑 사랑에 빠진 거잖아!","[@]Pfft, ¿que no sabes? [DELAY]¡[LLOYD] está enamorado de esas cosas!","Buah, ¿es que no lo sabes? [DELAY]¡[LLOYD] está enamorado de esos chismes!","[@]Oxe, você não sabia? [DELAY]O [LLOYD] é caídinho por essas coisas!","[@]Pff, no co ty, nie wiesz? [DELAY][LLOYD] wręcz kocha takie rzeczy!","[@]Pfft, wusstest du nicht? [DELAY][LLOYD] ist verliebt in solche Dinger!","[@]Ты чё, не знал? [D]Да он помешан по этим штуковинам!","[@]Пф-ф-ф, ти що, не чув?[DELAY] [LLOYD] закоханий у них по самісінькі вуха!",[@]噗，你难道不知道吗？[BR][DELAY][LLOYD]对那玩意儿可是爱得不得了！
DIALOGUE_MERRYSVILLE_CUTSCENES_LLOYDROOF4_6,[@]No way! [DELAY]You don't think [LLOYD] could be catching[DELAY:2:3]... [DELAY]feelings?,"[@]Ah ouais ! [DELAY]Dis, tu penses pas que [LLOYD] est en train de[DELAY:2:3]... [DELAY]tomber amoureux ?",[@]Ma dai! [DELAY]Secondo te [LLOYD] si sta[DELAY:2:3]... [DELAY]prendendo una cotta?,[@]まさか！[D][BR][LLOYD]　もしかして　アレを[D:2:3]・・・[D][BR]ガールフレンドにしたい[D]　とか？,"[@]에이, 설마![DELAY] [LLOYD][particle:LLOYD:1] 그런[DELAY:2:3]...[DELAY]감정을?",[@]¡No te creo! [DELAY]No piensas que [LLOYD] podría estar empezando a[DELAY:2:3]... [DELAY]¿gustarle?,[@]¡Venga ya! [DELAY]¿No creerás que a [LLOYD] le está empezando a[DELAY:2:3]... [DELAY]molar?,[@]Fala sério! [DELAY]Será que o [LLOYD] está ficando[DELAY:2:3]... [DELAY]gamado no foguete?,"[@]Nie gadaj! [DELAY]Nie myślisz chyba, że [LLOYD] coś do niej[DELAY:2:3]... [DELAY]czuje?","[@]Donnerwetter! [DELAY]Du glaubst doch nicht, dass [LLOYD][DELAY:2:3] ...[DELAY] Gefühle entwickelt hat?","[@]Погодите! [DELAY]А может, [LLOYD] в неё[DELAY:2:3]... [DELAY]втюрился?!","[@]Та невже! [DELAY]Думаєте, [LLOYD] хоче одну з них[DELAY:3:3]... узяти за наречену?",[@]不会吧！[DELAY]你该不会觉得[LLOYD]对那东西…[DELAY]动情了吧？
DIALOGUE_MERRYSVILLE_CUTSCENES_LLOYDROOF4_7,"[@]Haha, totally! [DELAY]Hey, [LLOYD]! [DELAY]Come on and kiss that thing since you like it so much!","[@]Haha, t'as carrément raison ! [DELAY]Hé, [LLOYD] ! [DELAY]Viens embrasser ce truc comme t'as l'air de tant l'apprécier !","[@]Haha, sicuro! [DELAY]Ehi, [LLOYD]! [DELAY]Dagli un bacino se ti piace così tanto!",[@]まちがいない！[D][BR]なぁ　[LLOYD][D][BR]そんなに　すきなら　キスしちまえ！,"[@]하하, 맞다니까![DELAY] 야, [LLOYD]! [DELAY]그렇게 좋으면 가서 로켓이랑 키스도 하지 그래!","[@]¡Jaja! ¡Sí, sí! [DELAY]¡Oye, [LLOYD]! [DELAY]¡Vamos, dale un beso a esa cosa si te gusta tanto!","[@]¡Ja, ja, tal cual! [DELAY]¡Oye, [LLOYD]! [DELAY]¡Venga, dale un beso a ese cacharro ya que te gusta tanto!","[@]Haha, com certeza! [DELAY]Ei, [LLOYD]! [DELAY]Por que não dá um beijo nele de uma vez?","[@]Cha cha, no przecież! [DELAY]Hej, [LLOYD]! [DELAY]Daj jej buzi, skoro tak bardzo ją lubisz!","[@]Haha, total! [D]Hey, [LLOYD]! [D]Komm schon, küss das Ding endlich, wenn du es so magst!","[@]Ха-ха, точняк! [D]Эй, [LLOYD]! [D:6]Давай, поцелуй её!","[@]Ха-ха, звичайно! [DELAY]Гей, [LLOYD]! [DELAY]Ну-мо, поцілуй ту штуку, раз вона тобі так подобається!",[@]哈哈，就是就是！[DELAY]喂，[LLOYD]！[BR][DELAY]你这么喜欢它，倒是快去亲它一口啊！
DIALOGUE_MERRYSVILLE_CUTSCENES_LLOYDROOF4_8,"[@]They started dragging me towards it... [WAIT@]But then, I- [DELAY:6]uh... [DELAY]Well, [DELAY:6]I just ran away [DELAY]and hid.","[@]Ils ont commencé à me traîner vers lui... [WAIT@]Mais d'un coup, j'ai- [DELAY:6]euh... [DELAY]Eh bien, [DELAY:6]j'ai juste fui [DELAY]et je me suis caché ici.","[@]Hanno iniziato a trascinarmi verso il razzo... [WAIT@]Ma poi, io- [DELAY:6]ehm... [DELAY]Insomma, [DELAY:6]sono scappato [DELAY]e mi sono nascosto qui.",[@]そうやって　ぼくを　ロケットのところに　ひっぱっていこうとしたんだ。[W@]だから[D:6]　えっと　[D]こわくなって・・・[D:6][BR]にげだして　[D]ここに　かくれてたんだ。,"[@]그렇게 난 질질 끌려가다가...[WAIT@]그냥 나- [DELAY:6]음... [DELAY]그래서,[DELAY:6] 그냥 도망쳤어...[DELAY]그리고 이렇게 숨어있는 거야...","[@]Me empezaron a arrastrar hacia él... [WAIT@]Pero entonces, yo- [DELAY:6]um... [DELAY]Bueno, [DELAY:6]huí de ahí [DELAY]y me escondí.","[@]Empezaron a arrastrarme hacia él...
[WAIT@]Pero entonces, yo- [DELAY:6]esto... [DELAY]Bueno, [DELAY:6]salí corriendo [DELAY]y me escondí.","[@]Eles começaram a me arrastar até o foguete... [WAIT@]Só que eu- [DELAY:6]er... [DELAY]Bem, [DELAY:6]eu saí correndo [DELAY]e me escondi.","[@]Zaczęli mnie do niej ciągnąć... [WAIT@]Ale wtedy, ja- [DELAY:6]no... [DELAY]cóż, [DELAY:6]po prostu zwiałem [DELAY]i się ukryłem.","[@]Sie haben angefangen mich dorthin zu zerren ... [WAIT@]Aber dann hab ich – [DELAY:6]äh ... [DELAY]Na ja, [DELAY:6]ich bin einfach weggerannt [DELAY]und hab mich versteckt.",[@]Они начали меня толкать к ракете... [WAIT@]А я... [DELAY:6]я... [DELAY]ну... [DELAY:6]просто убежал[DELAY] и спрятался.,[@]Вони почали тягнути мене до неї... [WAIT@]Але потім я... [DELAY]e-e... [DELAY]ну... [WAIT@]Я просто втік [DELAY]і сховався.,[@]他们开始拽着我往那边走… [WAIT@]可接着，我——[DELAY:6]呃…[DELAY]我就跑开了，[DELAY]然后躲了起来。
DIALOGUE_MERRYSVILLE_CUTSCENES_LLOYDROOF4_9,"[@]I don't even want to know what the others have to say about me now...[WAIT@]So I'm going to hide here until they forget about me.[WAIT@]You should forget about me, too.[DELAY] I’ll be fine.[WAIT@]I'll simply live here alone until I die, I suppose.[WAIT@]It's better than being picked on, at least...[WAIT@]I just wish I got the chance to fly a [color]Bottle Rocket[/color] once in my life.[WAIT@]I heard the ones from [color]the factory south from here[/color] were the best... [WAIT@]But they shut it down years ago.[WAIT@]It would be way too dangerous to go there now.[WAIT@]Well, are you happy? [DELAY]I told you what you wanted to hear, [DELAY]so leave me alone!","[@]Je ne veux pas savoir ce que les autres ont à dire de moi...[WAIT@]Je vais me cacher ici jusqu'à ce que tout le monde m'oublie.[WAIT@]Tu devrais m'oublier aussi.[DELAY] Ça ira.[WAIT@]J'imagine que je vais juste vivre ici jusqu'à ma mort.[WAIT@]C'est mieux que de se faire harceler, au moins...[WAIT@]J'aurais juste aimé avoir la chance de faire voler une [color]Fusée bouteille[/color].[WAIT@]J'ai entendu dire que les meilleures viennent de [color]l'usine au sud d'ici[/color]... [WAIT@]Mais elle est abandonnée depuis des années.[WAIT@]De toute façon, ce serait beaucoup trop dangereux d'aller là-bas.[WAIT@]Alors, content ? [DELAY]Je t'ai dit ce que tu voulais entendre, [DELAY]maintenant laisse-moi tranquille !","[@]Non voglio neanche sapere cosa stanno dicendo gli altri di me...[WAIT@]Perciò mi nasconderò qui finché non si dimenticano di me.[WAIT@]Anche tu dovresti dimenticarti di me.[DELAY] Starò bene.[WAIT@]Vivrò qui in solitudine finché non muoio, tutto qui.[WAIT@]Meglio che venire presi in giro, di sicuro...[WAIT@]Mi sarebbe piaciuto far volare una [color]Bottiglia-razzo[/color] almeno una volta in vita mia.[WAIT@]Ho sentito che quelli della [color]fabbrica a sud di qui[/color] erano i migliori... [WAIT@]Ma hanno chiuso anni fa.[WAIT@]Sarebbe troppo pericoloso andare ora come ora.[WAIT@]Sei contento adesso? [DELAY]Ti ho detto quello che volevi sapere, [DELAY]ora lasciami in pace!",[@]みんなが　ぼくのことを　どうおもっているか　なんて　しりたくない。[W@]だから　みんなが　ぼくのことを　わすれるまで　ここに　かくれるつもりさ。[W@]きみも　わすれたほうが　みのためだよ。[D][BR]どうせ　ぼくは　へいきだから。[W@]たぶんだけど　しぬまで　ここに　くらすことに　なるんだろうなぁ。[W@]いじめられるよりは　ましか。[W@]せめて　しぬまえに　いちどは[BR][C]ペンシルロケット[/C]を　とばしてみたかったなぁ。[W@]むかしは　[C]ここから　みなみの　こうじょう[/C]で　つくっていた　みたいだけど・・・[W@]すうねんまえに　へいさ　しちゃったんだ。[W@]いま　いっても　きけんすぎるし。[W@]まんぞくしたか？[D][BR]しつもんには　こたえたぞ。[D][BR]もう　ぼくのことは　ほうっといてくれ！,"[@]이제 다른 사람들이 나에게 무슨 말을 하고 다니는지는 알고 싶지도 않아[WAIT@]그러니까 여기 숨어서, 사람들이 나를 잊을 때까지 있을 거야.[WAIT@]너도 나를 잊어줘.[DELAY] 난 괜찮아.[WAIT@]그냥 혼자 여기서 죽을 때까지 살면 되니까.[WAIT@]적어도 괴롭힘당하는 것보다야 낫겠지...[WAIT@]그래도 한번쯤은 [color]펜슬 로켓[/color]을 날려보고는 싶었어.[WAIT@]여기서 남쪽에 있는 [color]공장[/color]에서 만든 게 최고라더라...[WAIT@]근데 거긴 이미 몇 년 전에 문을 닫았대.[WAIT@]지금 가기엔 너무 위험하다더라.[WAIT@]이제 만족해?[DELAY] 네가 듣고 싶은 말은 다 해줬으니까...[DELAY] 제발 날 좀 내버려둬!","[@]No quiero ni pensar en lo que los otros dirán de mi ahora...[WAIT@]Me esconderé aquí hasta que se olviden de mí.[WAIT@]Tú también deberías hacerlo.[DELAY] Estaré bien.[WAIT@]Supongo que viviré aquí solo hasta que me muera.[WAIT@]Es mejor a que me molesten, al menos...[WAIT@]Tan solo deseo haber tenido la oportunidad de hacer volar un [color]Cohete botella[/color] al menos una vez en mi vida.[WAIT@]Escuché que los de [color]la fábrica al sur de aquí[/color] eran de los mejores... [WAIT@]Pero la cerraron hace años.[WAIT@]Sería muy peligroso ir ahí ahora mismo.[WAIT@]Bueno, ¿estás feliz ahora? [DELAY]Ya te dije lo que querías escuchar, [DELAY]¡ahora déjame en paz!","[@]No quiero ni saber qué dicen los demás de mí ahora...
[WAIT@]Así que me quedaré aquí escondido hasta que olviden mi existencia.
[WAIT@]Tú también deberías olvidarte de mí.[DELAY] Estaré bien.
[WAIT@]Supongo que viviré aquí solo hasta que me muera.
[WAIT@]Al menos es mejor que aguantar el acoso...
[WAIT@]Tan solo desearía haber tenido la oportunidad de lanzar un [color]Cohete botella[/color] una vez en mi vida.
[WAIT@]He oído que los de [color]la fábrica que está al sur de aquí[/color] eran los mejores...
[WAIT@]Pero la cerraron hace años.
[WAIT@]Ir allí ahora sería demasiado peligroso.
[WAIT@]¿Y bien? ¿Ya estás contento? [DELAY]Te he contado lo que querías saber, [DELAY]¡así que déjame en paz!","[@]Eu nem quero saber o que os outros estão falando de mim...[WAIT@]Então vou ficar escondido aqui até que me esqueçam.[WAIT@]E você, vê se me esquece também.[DELAY] Eu tô legal.[WAIT@]Acho que vou morar aqui sozinho até eu morrer.[WAIT@]Pelo menos, não é tão ruim quanto ficar sendo zoado o tempo todo...[WAIT@]Eu só queria ter soltado um [color]Rojão[/color] pelo menos uma vez na minha vida.[WAIT@]Ouvi dizer que os melhores eram daquela [color]fábrica ao sul daqui[/color]... [WAIT@]Só que ela está fechada há anos.[WAIT@]Deve ser perigoso demais entrar lá agora.[WAIT@]E aí, tá satisfeito? [DELAY]Eu te contei tudo que você queria saber, [DELAY]agora me deixe sozinho!","[@]Nie chcę nawet wiedzieć, co inni o mnie mówią...[WAIT@]Więc będę się tu ukrywał, dopóki o mnie nie zapomną.[WAIT@]Ty też powinieneś o mnie zapomnieć.[DELAY] Poradzę sobię.[WAIT@]Będę tu tak po prostu siedział, sam ze sobą, dopóki nie umrę.[WAIT@]Lepsze to, niż znoszenie tych wyzwisk...[WAIT@]Żałuję, że już nigdy nie będzie mi dane wystrzelić [color]Butlorakiety[/color].[WAIT@]Słyszałem, że te z [color]fabryki na południe stąd[/color] były najlepsze... [WAIT@]Ale zamknęli ją lata temu.[WAIT@]Nie można już się tam bezpiecznie udać.[WAIT@]A więc co, zadowolony? [DELAY]Powiedziałem ci, co chciałeś usłyszeć, [DELAY]więc mnie już zostaw!","[@]Ich will garnicht wissen, was die anderen jetzt über mich sagen ...[WAIT@]Also verstecke ich mich, bis sie mich vergessen haben.[WAIT@]Du solltest mich auch vergessen.[DELAY] Ich komme schon klar.[WAIT@]Ich werde einfach hier allein leben, bis ich wohl sterbe. [WAIT@]Ist zumindest besser, als so schikaniert zu werden ...[WAIT@]Ich wünschte mir nur, ich hätte einmal im Leben die Chance gehabt, eine [color]Flaschenrakete[/color] fliegen zu lassen.[WAIT@]Angeblich sind die aus der [color]Fabrik südlich von hier[/color] die besten ... [WAIT@]Aber die haben sie vor Jahren geschlossen.[WAIT@]Es ist jetzt viel zu gefährlich, dorthin zu gehen.[WAIT@]Na, bist du jetzt zufrieden? [DELAY]Ich hab dir gesagt, was du hören wolltest, [DELAY]also lass mich einfach alleine!","[@]Я теперь и слышать не хочу, что там про меня говорят...[W@]Я буду прятаться здесь, пока обо мне все не забудут.[W@]И ты про меня забудь.[W@]Ничего, я просто буду жить здесь в одиночестве,[D:5] до конца своих дней.[W@]Всё лучше, чем терпеть эти издёвки...[W@]Эх,[D:6] а мне просто хотелось разок в своей жизни запустить [c]бутылочную ракету[/c].[WAIT@]Я слышал, что на [c]фабрике к югу отсюда[/c] делали самые лучшие ракеты... [W@]Но её давным-давно закрыли.[W@]И ходить туда очень опасно.[W@]Ну что, доволен? [D]Услышал всё, что хотел? [D]А теперь оставь меня!..","[@]Я навіть не хочу знати, що інші про мене тепер говорять...
[WAIT@]Тому я ховатимуся тут,[DELAY:3] поки про мене не забудуть.
[WAIT@]Тобі теж варто про мене забути. [DELAY]Зі мною буде все гаразд.
[WAIT@]Я просто житиму тут на самоті,[DELAY:3] доки не помру.
[WAIT@]Це куди краще, ніж постійні приниження...
[WAIT@]Я лише шкодую,[DELAY:2] що жодного разу в житті не запустив [color]пляшкової ракети[/color].
[WAIT@]Кажуть, ті,[DELAY:3] що випускала [color]фабрика на півдні міста[/color],[DELAY:3] були найкращі...
[WAIT@]Але її давно зачинили. [DELAY]І зараз у неї полізе лише відчайдушний.
[WAIT@]Ну, що?[DELAY:4] Задоволений? [DELAY]Я сказав тобі все, що ти хотів почути, [DELAY]тому залиш мене в спокої!",[@]我已经不想知道别人现在会怎么说我了…[WAIT@]所以我要躲在这儿，直到他们把我忘了为止。[WAIT@]你也把我忘了吧，[DELAY]我会没事的。[WAIT@]大不了我就一个人在这儿生活，直到死掉算了。[WAIT@]至少总比被人欺负强…[WAIT@]我只是希望能有一次机会，能发射一枚[color]瓶装火箭[/color]。[WAIT@]我听说[color]南边那家小工厂[/color]的火箭是最好的…[WAIT@]可他们好几年前就倒闭了。[WAIT@]现在去那里实在太危险了。[WAIT@]好了，你满意了吧？[WAITBR]你想听的我都说给你听了，[DELAY]就让我一个人待着吧！
DIALOGUE_MERRYSVILLE_CUTSCENES_MISSILETALK_0,"[@]T-this is the first time I've seen one make contact with an a-actual building...[WAIT@]At this rate, the entire town will be demolished![WAIT@]And with the rocks blocking the train tracks, it's harder than ever to get out of here...","[@]C-C'est la première fois que j'en vois un toucher un immeuble...[WAIT@]À cette vitesse, c'est toute la ville qui va être démolie ![WAIT@]Et avec les débris qui bloquent la voie ferrée, c'est presque impossible de partir d'ici...","[@]Q-Questa è la prima volta che ne vedo uno colpire un edificio...[WAIT@]Di questo passo, la città sarà rasa al suolo![WAIT@]Ed è anche difficile andarsene, con le rocce che bloccano i binari...",[@]た　たてものに　ぶつかってくるなんて[BR]はじめてだ。[W@]このままだと　このまち　ぜんたいが　あぶない！[W@]しかも　せんろを　おおいわが　ふさいでるせいで　れっしゃで　ひなんも　できかないし・・・,"[@]ㅇ-이렇게 건물에 맞는 건, ㅅ-실제로 처음 보는 건데...[WAIT@]이대로 가면 마을 전체가 다 파괴될 거야![WAIT@]게다가 선로까지 바위로 막혀 있어서, 다른 마을로 나가는 것도 어려워졌어...","[@]E-es la primera vez que veo a uno entrar en contacto con un edificio...
[WAIT@]¡A este ritmo, el pueblo entero será destruido!
[WAIT@]Y con las rocas bloqueando las vías del tren, es más difícil que nunca salir de aquí...","[@]E-es la primera vez que veo a uno entrar en contacto con un edificio...
[WAIT@]¡A este ritmo, el pueblo entero acabará hecho trizas!
[WAIT@]Y con las rocas bloqueando las vías del tren, salir de aquí es más difícil que nunca...","[@]E-essa foi a primeira vez que vi um foguete atingir um prédio...[WAIT@]Se continuar desse jeito, a cidade inteira irá pelos ares![WAIT@]E com aquelas pedras bloqueando os trilhos do trem, fica ainda mais difícil ir embora daqui...","[@]P-po raz pierwszy widzę, jak jedna z nich faktycznie t-trafia w budynek...[WAIT@]W tym tempie, całe miasto czeka zniszczenie![WAIT@]A przez to, że kamienie blokują teraz tory, wydostanie się stąd graniczy z cudem...","[@]D-das ist das erste Mal, dass ich sehe, wie eine ein e-echtes Gebäude trifft ...[WAIT@]Bei dem Tempo wird die ganze Stadt im Erdboden versinken![WAIT@]Und mit den Felsen auf den Gleisen wird es unmöglich sein, von hier zu fliehen ...",[@]Ужас...[D:6] Т-теперь ракета попала и по зданию...[WAIT@]Как бы от города не остались одни руины![WAIT@]А из-за завала на железной дороге мы даже выехать отсюда не можем...,"[@]В-вперше бачу, щоб одна з р-ракет влучила в будівлю...
[WAIT@]Такими темпами ми залишимося без міста!
[WAIT@]А з камінням, що завалило залізничні колії, вибратися звідси майже неможливо...",[@]这、这是我第一次见到火箭真的砸中了大楼……[WAIT@]照这样下去，整个镇子都要被夷为平地了！[WAIT@]而且铁轨上还堵着石头，现在想逃出这里比以往都难…
DIALOGUE_MERRYSVILLE_CUTSCENES_MISSILETALK_1,"[@]How long would it take to get them removed?[WAIT@]Weeks, if not more... [DELAY]unless...
[WAIT@]No, that's too absurd.","[@]Combien de temps faudrait-il pour les enlever ?[WAIT@]Des semaines, même plus... [DELAY]à moins que...
[WAIT@]Non, c'est juste absurde.","[@]Quanto ci metteranno a toglierle?[WAIT@]Settimane, se non di più... [DELAY]a meno che...
[WAIT@]No, non ha senso.",[@]どかされるまで　どれぐらい　かかるんだよ？[W@]なんしゅうかん　なんかげつ・・・[D][BR]もちろん　ああすれば　いっしゅんで・・・[W@]いや　さすがに　それは　ばかげてるか？,"[@]저 바위를 치우는 데 얼마나 걸릴까?[WAIT@]아마 몇 주는 걸리겠지, 아니면 그 이상...[DELAY] 아니면...[WAIT@]아니 그건 너무 말도 안 돼.","[@]¿Cuánto tardarían en removerlas?[WAIT@]Semanas, quizá un poco más... [DELAY]a no ser...
[WAIT@]No... eso sería muy absurdo.","[@]¿Cuánto tardarían en despejarlas?[WAIT@]Semanas, si no es que más... [DELAY]a no ser...
[WAIT@]No... eso sería un disparate.","[@]Quanto tempo levaria para limpar os trilhos?[WAIT@]Algumas semanas, ou até mais... [DELAY]a não ser que...
[WAIT@]Não, isso seria loucura.","[@]Ile minie czasu, zanim je usuną z drogi?[WAIT@]Tygodnie, jak nie więcej... [DELAY]chyba, że...
[WAIT@]Nie, to zbyt szalone.","[@]Wie lange würde es dauern, sie entfernen zu lassen?[WAIT@]Wochen, wenn nicht sogar länger ... [DELAY]oder aber ...[WAIT@]Nein, das ist zu absurd.","[@]Сколько же его будут расчищать?[WAIT@]Несколько недель, если не больше... [DELAY]Разве только...[WAIT@]Да не, даже звучит глупо.","[@]Скільки часу знадобиться, щоб їх прибрали?
[WAIT@]Тижні, якщо не довше... [DELAY]але якби тільки...
[WAIT@]Ні, це повний абсурд.",[@]把那些石头弄走要花多长时间？[WAIT@]几周，甚至更久…[DELAY]除非…[WAIT@]不，那太荒唐了。
DIALOGUE_MERRYSVILLE_CUTSCENES_MISSILETALK_2,"[@]Well, perhaps a rocket from [color]Duncan's Factory[/color] could help demolish those rocks in an instant...[WAIT@]I've always wanted to visit that factory...[DELAY] even bought a bona fide [color]Factory Pass[/color]...[DELAY] but the journey there is way too treacherous!","[@]Hmm... peut-être qu'une roquette de [color]l'usine de Duncan[/color] pourrait démolir ces débris...[WAIT@]J'ai toujours rêvé de visiter cet endroit,[DELAY] j'ai même acheté un véritable [color]Passe d'usine[/color]...[DELAY] mais le chemin vers là-bas est beaucoup trop dangereux !
","[@]Beh, forse un razzo della [color]Fabbrica di Duncan[/color] potrebbe distruggere quelle rocce in un attimo...[WAIT@]Ho sempre voluto vedere quella fabbrica...[DELAY] ho perfino comprato una [color]Tessera Fabbrica[/color] autentica...[DELAY]ma è troppo pericoloso andarci!",[@][C]ダンカンこうじょう[/C]　にある　ロケットなら[BR]おおいわを　いっしゅんで　[BR]こわしてくれると　おもうんだ。[W@]あそこには　ずっと[BR]いってみたいと　おもってて・・・[W@]ほんものの　[C]つうこうきょかしょ[/C]も[BR]かってみたり　したけど・・・[W@]あそこまでの　みちが　きけんすぎて[BR]あきらめてたんだっけ。,"[@]글쎄, [color]던컨 공장[/color]에서 생산하는 로켓 하나만 있으면 순식간에 저 바위들을 부술 수 있지 않을까...[WAIT@]사실 나도 그 공장에 가보고 싶어서...[DELAY] 정식 [color]공장 출입증[/color]도 사 봤는데. [DELAY]가는 길이 너무 위험해서 가보지도 못 하고 있어...","[@]Bueno, tal vez un cohete de la [color]Fábrica Duncan[/color] destrozaría esas rocas al instante...
[WAIT@]Siempre he querido visitar la fábrica...[DELAY] incluso me compré un auténtico [color]Pase de la Fábrica[/color]...[DELAY] ¡pero el camino es muy arriesgado!","[@]Bueno, tal vez un cohete de la [color]Fábrica Duncan[/color] destrozaría esas rocas al instante...
[WAIT@]Siempre he querido visitar la fábrica...[DELAY] hasta me compré un [color]Pase de la Fábrica[/color] auténtico...[DELAY] ¡pero el camino hasta allí es muy peligroso!","[@]Bem, talvez um foguete da [color]Fábrica Duncan[/color] poderia ajudar a demolir as pedras num insante...[WAIT@]Eu sempre quis conhecer essa fábrica...[DELAY] até comprei um [color]Crachá da Fábrica[/color] legítimo...[DELAY]mas o caminho até lá é bastante perigoso!","[@]Widzisz, rakieta z [color]Fabryki Duncana[/color] zapewne mogłaby zmieść te kamienie z powierzchni ziemi...[WAIT@]Zawsze chciałem odwiedzić tę fabrykę...[DELAY] nawet kupiłem autentyczną [color]Przepustkę Służbową[/color]...[DELAY]ale na drodze do niej czycha wiele niebezpieczeństw!","[@]Nun, vielleicht kann eine Rakete aus [color]Duncans Fabrik[/color] helfen, die Felsen im Handumdrehen zu sprengen ...[WAIT@]Ich wollte mir diese Fabrik schon immer mal anschauen ...[DELAY] hab mir sogar einen waschechten [color]Fabrikausweis[/color] gekauft ...[DELAY] aber der Weg dorthin ist viel zu gefährlich!","[@]Ну, в теории мы могли бы подорвать его ракетой с [c]завода Дункана[/c]...[WAIT@]Я всегда хотел там побывать...[D] и даже купил[BR]самый настоящий [c]пропуск на завод[/c]!.. [D]Только идти туда сейчас уж слишком опасно...","[@]Ну, можливо, ракета із [color]заводу ім. Дункана[/color] розбила б це каміння за секунду...
[W@]Я завжди мріяв там побувати... [D]навіть купив справжню [color]перепустку на завод[/color]...
[W@]Але шлях туди надто небезпечний!",[@]嗯，也许用[color]邓肯工厂[/color]的火箭能瞬间炸开那些石头…[WAIT@]我一直都想去那家工厂看看…[BR][DELAY]甚至还买了一张货真价实的[color]工厂通行证[/color]…[WAIT@]但去那里的路途实在太凶险了！
DIALOGUE_MERRYSVILLE_CUTSCENES_MISSILETALK_3,"[@]Really?[DELAY] You'd take me there?
[WAIT@]Hmm, well, I suppose as long as you'll keep me safe...[DELAY] then it should be fine...","[@]Vraiment ?[DELAY] Tu m'emmènerais là-bas ?
[WAIT@]Hmm, eh bien, je suppose que du moment que tu me défends...[DELAY] tout ira bien...","[@]Dici davvero?[DELAY] Mi ci accompagneresti?
[WAIT@]Hmm, se riesci a tenermi al sicuro...[DELAY] allora andrà tutto bene...",[@]つれていってくれるって・・・[D]ほんとうか？[W@]ぼくを　まもってくれるのなら・・・[D][BR]よし　ならいける　か。,"[@]정말?[DELAY] 나를 데려다주겠다고?[WAIT@]음, 뭐... 네가 나를 지켜줄 수만 있다면...[DELAY] 괜찮을 거 같네...","[@]¿De verdad?[DELAY] ¿Me llevarías allí?
[WAIT@]Mmm, supongo que mientras me protejas...[DELAY] todo irá bien...","[@]¿De verdad?[DELAY] ¿Me llevarías allí?
[WAIT@]Mmm, supongo que mientras me protejas...[DELAY] todo irá bien...","[@]É mesmo?[DELAY] Você iria comigo?
[WAIT@]Hum, bem, já que você vai me proteger...[DELAY] então acho que não teria problema...","[@]Naprawdę?[DELAY] Zabrałbyś mnie tam?
[WAIT@]Hmm, no cóż, jeżeli będziesz w stanie mnie ochronić...[DELAY] to zakładam, że wszystko będzie dobrze...","[@]Wirklich?[D] Du würdest mich mitnehmen?
[WAIT@]Hmm, na ja, ich denke, solange du auf mich aufpasst ...[D] sollte es klargehen ...","[@]Да?..[D] Ты меня отведёшь?
[W@]Ну-у... если ты готов защитить меня, то...[D] можно попробовать.","[@]Правда?[DELAY] Ти мене туди відведеш?
[WAIT@]Гм-м,[DELAY] ну, оскільки ти не проти захищати мене...[DELAY] тоді я згоден...",[@]真的吗？[DELAY]你真的愿意带我去嘛？[WAIT@]嗯，好吧，只要你能保证我的安全…[DELAY]那应该没问题…
DIALOGUE_MERRYSVILLE_CUTSCENES_MISSILETALK_4,"[@]But if we want to get inside [color]Duncan's Factory[/color], we'll need to pick up my [color]Factory Pass[/color] at my home.","[@]Mais si on veut entrer dans [color]l'usine de Duncan[/color], il faut aller récupérer mon [color]Passe d'usine[/color] chez moi.","[@]Ma se vogliamo entrare nella [color]Fabbrica di Duncan[/color], dobbiamo andare a prendere la [color]Tessera Fabbrica[/color] a casa mia.
",[@][C]ダンカンこうじょう[/C]に　はいるなら[BR]ぼくのいえに　ある　[C]つうこうきょかしょ[/C]を[BR]もっていこう。,"[@]하지만 [color]던컨 공장[/color]에 들어가려면, 내 집에 있는 [color]공장 출입증[/color]이 필요할 거야.","[@]Pero para acceder a la [color]Fábrica Duncan[/color], debemos ir por el [color]Pase de la Fábrica[/color] que está mi casa.","[@]Pero para acceder a la [color]Fábrica Duncan[/color], debemos pasar por mi casa y coger el [color]Pase de la Fábrica[/color].","[@]Mas se a gente quiser entrar na [color]Fábrica Duncan[/color], vamos ter que pegar o [color]Crachá da Fábrica[/color] lá em casa.","[@]Ale żeby móc wejść do [color]Fabryki Duncana[/color], będziemy musieli pójść do mojego domu po [color]Przepustkę Służbową[/color].","[@]Aber wenn wir in [color]Duncans Fabrik[/color] rein wollen, müssen wir erst meinen [color]Fabrikausweis[/color] bei mir Zuhause holen.",[@]Только нам нужно для начала зайти ко мне домой за [c]пропуском[/c].[W@]Иначе на [color]завод Дункана[/color] мы не попадём!,"[@]Але якщо ми хочемо потрапити до [color]заводу ім. Дункана[/color],[D] нам треба взяти мій [color]пропуск на завод[/color].[W@]Я зберігаю його у себе вдома.",[@]但要是想进入[color]邓肯工厂[/color]，[BR]我们得先回我家里去拿我的[color]工厂通行证[/color]。
DIALOGUE_MERRYSVILLE_CUTSCENES_MISSILETALK_5,[@]I live on the [color]third floor[/color] of the [color]apartment building[/color] right over there.,"[@]Je vis au [color]dernier étage[/color] de [color]l'immeuble[/color] juste ici.
","[@]Vivo al [color]terzo piano[/color] del [color]condominio[/color] laggiù.
",[@]あそこの　アパートの　[C]３かいに[/C]　すんでるんだ。,[@]나는 저기 있는 [color]공동 주택 3층[/color]에 살아.,[@]Vivo en el [color]tercer piso[/color] de los [color]apartamentos[/color] de ahí al lado.,[@]Vivo en el [color]tercer piso[/color] del [color]bloque de apartamentos[/color] de ahí al lado.,[@]Eu moro no [color]terceiro andar[/color] daquele [color]prédio[/color] ali.,"[@]Mieszkam na [color]trzecim piętrze[/color], w tym [color]bloku mieszkalnym[/color].",[@]Ich wohne im [color]zweiten Stock[/color] des [color]Wohnhauses[/color] da drüben.,"[@]Я живу в этом большом [c]жилом доме[/c], [c]на третьем этаже[/c].",[@]Я живу на [color]третьому поверсі[/color] ось тієї [color]багатоповерхівки[/color].,[@]我就住在那边那栋[color]公寓楼[/color]的[color]三楼[/color]。
DIALOGUE_MERRYSVILLE_CUTSCENES_RATKING_DEFEAT_0,[@]Squeeeak...[WAIT@](Ooouf...[DELAY] You insolent little...),[@]Scouiiiic...[WAIT@](Ooouille...[DELAY] Sale petit insolent...),[@]Squiiit...[WAIT@](Uffff...[DELAY] Dannato insolente...),[@]チュー・・・[W@]（この・・・ぶれいもの　め・・・！）,[@]찍찍...[WAIT@](우으으...[DELAY] 버릇없는 꼬맹이 녀석이...),"[@]Chiii...
[WAIT@](Grrr...[DELAY] Pequeña e insolente...)","[@]Chiii...
[WAIT@](Grrr...[DELAY] Renacuajo insolente...)",[@]Quiii...[WAIT@](Grrrr...[DELAY] Seu pequeno e insolente...),"[@]Piiiisssk...[WAIT@](Aałłł...[DELAY] Ty mały, bezczelny...)",[@]Quieeeeetsch ...[W@](Grrrrrr ...[D] Du kleiner dreckiger ...),[@]Пи-и-и-и-и-и-и-и...[W@](Ай-яй-яй...[D] Ах ты мелкий...[D:4] наглый...),"[@]Пі-і-і-і-і-і-і-і...[W@](У-у-у-у-уф...[D] Ах ти дрібний, нахабний...)",[@]吱吱吱…[WAIT@]（呃啊…[DELAY]你这没大没小的小混账…）
DIALOGUE_MERRYSVILLE_CUTSCENES_RATKING_DEFEAT_1,[@](M-my crown!),[@](M-Ma couronne !),[@](L-La mia corona!),[@]（わ　わがはいの　おうかんが！）,[@](ㅂ-본좌의 왕관!),[@](¡M-mi corona!),[@](¡M-mi corona!),[@](M-minha coroa!),[@](M-moja korona!),[@](M-meine Krone!),[@](М-моя корона!),[@](М-моя корона!),[@]（我、我的王冠！）
DIALOGUE_MERRYSVILLE_CUTSCENES_RATKING_DEFEAT_10,"[@](Woah... [D]you're right...)[W@](We've become so blinded by greed... [D]that we've let it consume us...)[W@](But then,[D:6] how will we decide who's king?)","[@](Ouah... [D]t'as pas tort...)[W@](On a tellement été assoiffés de pouvoir... [D]que la royauté a fini par nous monter à la tête...)[W@](Mais alors,[D:6] comment on va décider qui est le roi ?)","[@](Wow... [D]hai ragione...)[W@](L'avidità ci ha accecato... [D]ci stava divorando...)[W@](Ma allora,[D:6] come decidiamo chi sarà il prossimo re?)",[@]（いわれてみれば[D]　たしかに。）[W@]（めさきの　よくに　おぼれるとは[BR]よく　いったものだな・・・）[W@]（しかし　[D:6]こうなれば　だれが　ねずみのおうに　なればよいのだ？）,"[@](그래...[D] 네 말이 맞아...)[W@](탐욕에 눈이 멀어...[D] 서로를 헐뜯고 있었어...)[W@](하지만 그러면,[D:6] 누가 왕이 될지는 어떻게 정하지?)","[@](Vaya... [D]tienes razón...)
[W@](Nos ha cegado tanto la avaricia... [D]que ha acabado consumiéndonos...)
[W@](Pero entonces,[D:6] ¿cómo decidiremos quién es el rey?)","[@](Vaya... [D]tienes razón...)
[W@](Nos ha cegado tanto la avaricia... [D]que ha acabado consumiéndonos...)
[W@](Pero entonces,[D:6] ¿cómo decidimos quién es el rey?)","[@](Caramba... [D]você está certo...)[W@](Fomos cegados pela ganância... [D]e deixamos ela nos consumir...)[W@](Mas então,[D:6] como decidiremos quem será o rei?)","[@](Łał... [D]masz rację...)[W@](Zaślepiła nas chciwość... [D]której pozwoliliśmy się pochłonąć...)[W@](Ale[D:6] jak teraz zdecydujemy, kto ma być królem?)","[@](Boah ... [D]du hast recht ...)[W@](Wir waren so sehr von der Gier geblendet ... [D] dass wir uns von ihr fressen haben lassen ...)[W@](Aber, [D]wie entscheiden wir denn nun, wer König wird?)",[@](Хм... [D]а ведь правда...)[W@](Нас ослепила жадность... [D]и мы позволили ей поглотить нас!..)[W@](Но как же нам тогда определить короля?),"[@](Хм... [D]ти маєш рацію…)
[W@](Нас засліпила жадібність... [D]і ми дозволили їй з'їдати нас зсередини…)
[W@](Але як ми тепер визначимо,[D:6] хто стане королем?)",[@]（哇……[D]太对了……）[W@]（我们被贪婪蒙蔽双眼……[D]甚至任由它吞噬我们……）[W@]（但，[D:6]接下来我们要怎么决定谁来当国王呢？）
DIALOGUE_MERRYSVILLE_CUTSCENES_RATKING_DEFEAT_11,"[@](What did you say?[D] An election?)[W@]([D:3:3]...[D] You know,[D:6] that doesn't sound like a bad idea.)","[@](T'as dit quoi ?[D] Une élection?)[W@]([D:3:3]...[D] Tu sais quoi,[D:6] c'est pas une si mauvais idée.)",[@](Come?[D] Un'elezione?)[W@]([D:3:3]...[D] Sai che...[D:6] non è una cattiva idea.),[@]（なんだって？[D]せんきょ　だと？）[W@]（[D:3:3]・・・[D]わるくない　かんがえだ。）,"[@](뭐라고?[D] 선거?)[W@]([D:3:3]...[D] 있잖아,[D:6] 그거 나쁘지 않은 생각인데.)","[@](¿Cómo dices?[D] ¿Elecciones?)
[W@]([D:3:3]...[D] En realidad,[D:6] no es una mala idea.)","[@](¿Cómo dices?[D] ¿Elecciones?)
[W@]([D:3:3]...[D] Mmm, a decir verdad,[D:6] no parece mala idea.)","[@](O que você disse?[D] Uma eleição?)[W@]([D:3:3]...[D]Olha, [D:6]não é uma má ideia.)","[@](Co tam mówisz?[D] Wybory?)[W@]([D:3:3]...[D] W sumie,[D:6] to nie brzmi jak zły pomysł.)","[@](Was hast du da gesagt?[D] Eine Abstimmung?) [W@]([D:3:3]... [D]Weißt du, [D:6]das klingt garnicht mal so schlecht)","[@](Как ты сказал?[D] Проголосовать?)[W@]([D:3:3]...[D] Ну, слушайте,[D:6] звучит разумно.)","[@](Що ти сказав?[D] За допомогою голосування?)[W@]([D:3:3]...[D]Ну, слухайте,[D:6] ідея звучить непогано.)
",[@]（你说什么？[D]选举？）[W@]（……[D]你别说，[D:6]这主意听起来似乎也还不错。）
DIALOGUE_MERRYSVILLE_CUTSCENES_RATKING_DEFEAT_12,[@](I agree with the human. [D]Let's do it!),[@](Je suis d'accord avec l'humain. [D]On fait ça !),[@](L'umano ha ragione. [D]Facciamo così!),[@]（ニンゲンに　[D]さんせい！）,[@](본인도 인간의 말에 동의한다.[D] 그렇게 하지!),[@](Estoy de acuerdo con el humano.[D]¡Hagámoslo!),[@](Estoy de acuerdo con el humano.[BR][D]¡Convoquemos elecciones!),[@](Eu concordo com o humano. [D]Vamos fazer uma eleição!),[@](Zgadzam się z człowiekiem. [D]Zróbmy to!),[@](Ich stimme dem Menschling zu. [D]Lasst es uns tun!),[@](Я согласен с человеком. [D]Давайте проголосуем!),[@](Я згоден з двоногим. [D]Давайте проголосуємо!),[@]（我赞同这个人类的提议，[D]就这么办吧！）
DIALOGUE_MERRYSVILLE_CUTSCENES_RATKING_DEFEAT_13,[@](The human holds much wisdom!),[@](L'humain est pas bête !),[@](Questo umano è molto saggio!),[@]（さすが　ニンゲン　かしこい！）,[@](인간은 참으로 지혜롭군!),[@](¡El humano posee una gran sabiduría!),[@](¡El humano posee una gran sabiduría!),[@](O humano é muito sábio!),[@](Człowiek ma tyle wiedzy!),[@](Der Menschling hat solch eine große Weisheit!),[@](Этот человек такой мудрый!),[@](Цей двоногий такий мудрий!),[@]（人类竟有如此远见！）
DIALOGUE_MERRYSVILLE_CUTSCENES_RATKING_DEFEAT_14,[@](Now we just need something to put our votes in.),[@](On doit juste trouver où mettre les votes.),[@](Ora ci serve solo qualcosa in cui mettere i voti.),[@]（あとは　ひょうをかいた　かみを　いれるための[BR]　かみぶくろか　なにか　あればよいのだが・・・）,[@](이제 투표용지를 넣을 무언가가 필요하겠어.),[@](Ahora sólo necesitamos algo para depositar nuestros votos.),[@](Ahora nos hace falta algo donde depositar los votos.),[@](Agora só falta algo para colocar nossos votos.),"[@](Teraz tylko potrzeba nam czegoś, w co wrzucimy głosy.)","[@](Jetzt brauchen wir nur etwas, wo wir unsere Stimmen hineintun können.)",[@](А куда голоса будем собирать?),[@](Нам лише потрібно знайти куди можна покласти бюлетені.),[@]（现在我们只需要一个用来装选票的东西了。）
DIALOGUE_MERRYSVILLE_CUTSCENES_RATKING_DEFEAT_2,[@](How dare you knock off my crown?!),[@](Comment oses-tu faire tomber ma couronne ?!),[@](Come osi farmi cadere la corona?!),[@]（きさま　なんてことを！[BR]わがはいの　おうかんを　はたきおとすとは！）,[@](감히 본좌의 왕관을 떨어뜨려?!),[@](¡¿Cómo osas despojarme de mi corona?!),[@](¡¿Cómo osas despojarme de mi corona?!),[@](Como ousa derrubar a minha coroa?!),[@](Jak śmiesz strącać moją koronę?!),"[@](Wie kannst du es wagen, meine Krone runterzuwerfen?!)",[@](Как ты посмел сбить мою корону?!),[@](Як ти смієш збивати мою корону?!),[@]（你竟敢把我的王冠打掉？！你好大的胆子！）
DIALOGUE_MERRYSVILLE_CUTSCENES_RATKING_DEFEAT_3,"[@](YOUR crown?!)[WAIT@](What makes you think it's yours, bub?[DELAY] It's mine!)","[@](TA couronne ?!) [WAIT@](Qu'est-ce qui te fait croire qu'elle t'appartient, mon gars ?[DELAY] Elle est à moi !)","[@](La TUA corona?!)[WAIT@](Chi ha detto che è tua, eh?[DELAY] È mia!)",[@]（だれが　おまえのだって　いった？！）[W@]（その　おうかんは　おれのだ！）,"[@](뭐? 본좌?!)[WAIT@](그게 왜 네 거야, 어 녀석아?[DELAY] 내 거거든!)","[@](¡¿TU corona?!
[WAIT@](¿De dónde has sacado que es tuya, sabandija?[DELAY] ¡Es mía!)","[@](¡¿Tu corona?!
[WAIT@](¿De dónde has sacado que es tuya, listillo?[DELAY] ¡Es mía!)","[@](SUA coroa?!)[WAIT@](O que te faz pensar que é sua, querido?[DELAY] Ela é minha!)","[@](TWOJĄ koronę?!)[WAIT@](A niby z jakiej racji jest twoja, co?[DELAY] Ona należy do mnie!)","[@](DEINE Krone?!)[W@](Was nimmst du dir heraus, zu denken, das wäre deine, Bürschchen?[D] Das ist meine!","[@](ТВОЮ корону?!)[WAIT@](С чего же ты решил, что она твоя?[DELAY] Она, вообще-то, моя!)","[@](ТВОЮ корону?!)[W@](Хто сказав, що вона твоя?[D] Вона моя!)",[@]（你的王冠？！）[WAIT@]（你凭什么觉得它是你的，小子？[DELAY]它是我的！）
DIALOGUE_MERRYSVILLE_CUTSCENES_RATKING_DEFEAT_4,"[@](No way![DELAY] It's mine!)[WAIT@](It's my turn to be king, anyway!)","[@](Y'a pas moyen ![DELAY] Elle est à moi !)[WAIT@](De toute façon, c'est mon tour d'être le roi !)",[@](No![DELAY] È mia!)[WAIT@](Tanto tocca a me essere il re!),[@]（いや　ぼくのだ！）[W@]（かわりばんこって　いってただろ？！）,[@](아니다![DELAY] 이 몸의 것이다!)[WAIT@](이제 내가 왕 할 차례란 말이다!),"[@](¡Ni hablar![DELAY] ¡Es mía!)
[WAIT@](¡Además, ahora es mi turno de ser rey!)","[@](¡De eso nada, monada![DELAY] ¡Es mía!)
[WAIT@](¡Además, ahora me toca a mí ser el rey!)","[@](Tira o cavalinho da chuva![DELAY] É minha!)[WAIT@](É a minha vez de ser rei, agora!)",[@](Nie ma mowy![DELAY] Jest moja!)[WAIT@](W końcu to moja kolej na bycie królem!),"[@](Niemals![D] Das ist meine!)[W@](Ich bin sowieso dran, König zu sein!)",[@](Да щас![DELAY] Она моя!)[WAIT@](Теперь моя очередь!),[@](Ні за що![DELAY] Вона моя!)[WAIT@](Зараз взагалі моя черга бути королем!),[@]（不可能！[DELAY]是我的！）[WAIT@]（反正也该轮到我当国王了！）
DIALOGUE_MERRYSVILLE_CUTSCENES_RATKING_DEFEAT_5,[@](WRONG! [D]Clearly I should be the next king!),[@](FAUX ! [D]C'est clairement moi qui devrais être le roi !),[@](SBAGLIATO! [D]È ovvio che dovrei essere io il prossimo re!),[@]（いいや！[D]われ　こそが　つぎの　おうなり！）,[@](틀렸어! [D]다음 왕은 필히 이 몸이야!),[@](¡TE EQUIVOCAS! [D]¡Está clarísimo que el próximo rey debería ser yo!),[@](¡PATRAÑAS! [D]¡Está clarísimo que el próximo rey debería ser yo!),[@](ERRADO! [D]Claramente eu deveria ser o próximo rei!),[@](BZDURA! [D]Oczywiście to ja powinienem być następnym królem!),[@](FALSCH! [D]Natürlich sollte ICH der nächste König werden!),[@](ВРЁШЬ! [D]Следующим я должен быть!),"[@](ДУРОЩІ! [D]Саме я повинен бути королем!)
",[@]（胡说！[D]下一任国王显然应该是我！）
DIALOGUE_MERRYSVILLE_CUTSCENES_RATKING_DEFEAT_6,"[@](Nuh-uh![D] I called dibs a week ago, remember?!)","[@](Non et non ![D] J'ai dit preums la semaine dernière, vous vous souvenez ?!)","[@](Eh no![D] Mi sono prenotato la settimana scorsa, io!)",[@]（いいえ！[D]せんしゅう　わたくしが　おかりする[BR]せんやくを　いれてましたのよ！）,[@](아-아니오![D] 소인이 일주일 전에 먼저...),"[@](¡Nop![D] ¡Yo ya pedí el trono la semana pasada, ¿recuerdan?!)","[@](¡Nanay![D] ¡Me la pedí yo la semana pasada, ¿es que no[BR]os acordáis?!)","[@](Não, não![D] Eu falei que ia de próximo a uma semana atrás,[D:6] tá lembrado?!)","[@](Nie-e-e![D] Zaklepałem ją tydzień temu, nie pamiętacie?!)","[@](Ach was![D] Ich hab mir sie vor einer Woche schon reserviert, wenn du dich erinnerst!)",[@](Нетушки![D] Я ещё неделю занимал очередь!),"[@](В жодному разі![D] Я ще тиждень тому обіймав чергу на пост![D] Ви що, забули?!)",[@]（才不！[D]我一周前就先预定过了，你这就忘得一干二净了吗？！）
DIALOGUE_MERRYSVILLE_CUTSCENES_RATKING_DEFEAT_7,[@](STOP FIGHTING!!!),[@](ARRÊTEZ DE VOUS BATTRE !!!),[@](BASTA LITIGARE!!!),[@]（ええい　やめい！！！）,[@](발톱을 내려라!!!),[@](¡¡¡DEJEN DE PELEAR!!!),[@](¡¡¡YA BASTA!!!),[@](PAREM DE BRIGAR!!!),[@](PRZESTAŃCIE!!!),[@](HÖRT AUF ZU STREITEN!!!),[@](А НУ ХВАТИТ ДРАТЬСЯ!!!),[@](НУ-МО ГОДІ БИТИСЯ!!!),[@]（别再争了！！！）
DIALOGUE_MERRYSVILLE_CUTSCENES_RATKING_DEFEAT_8,[@](Who said that?),[@](Qui a dit ça ?),[@](Chi ha parlato?),[@]（いま　だれか　なにか　いったか？）,[@](누가 말한 거지?),[@](¿Quién dijo eso?),[@](¿Quién ha dicho eso?),[@](Quem disse isso?),[@](Który to?),[@](Sagt wer?),[@](Это кто сказал?),[@](Хто це сказав?),[@]（刚刚是谁说的？）
DIALOGUE_MERRYSVILLE_CUTSCENES_RATKING_DEFEAT_9,[@](Guys... don't you see?)[W@](This paper bag... [D]It's tearing us apart!),[@](Les gars... vous comprenez pas ?)[W@](Ce sac en papier... [D]Il fait que nous diviser !),[@](Ragazzi... non vi rendete conto?)[W@](Questo sacchetto di carta... [D]ci sta rovinando!),[@]（おまえたち　きづかないのか？）[W@]（この　おうかんこそが　わたしたちを　ひきさいている　げんきょうなんだ！）,[@](동포들이여... 아직도 모르겠는가?)[W@](이 종이 쪼가리가 우리들을 이간질하려 한다는 것을!),"[@](Chicos.. ¿es que no lo ven?)
[W@](Esta bolsa de papel... [D]¡nos está separando!)","[@](Tíos... ¿es que no lo veis?)
[W@](Esta bolsa de papel... [D]¡nos está enfrentando!)",[@](Pessoal... não estão vendo?)[W@](Esse saco de papel... [D]Ele está nos despedaçando!),[@](Chłopaki... nie widzicie?)[W@](Ta papierowa torba... [D]Ona nas tylko rozdziela!),[@](Leute ... Merkt ihr das denn nicht?)[W@](Diese Tüte ...[D] sie reißt uns auseinander!),"[@](Парни... вы что, не видите?)[W@](Мы ссоримся...[D:4] из-за дурацкого бумажного пакета!)","[@](Хлопці... ви що, не бачите?)[W@](Ми сваримося через якийсь...[D] дурацький папірець!)",[@]（各位…难道你们还没明白吗？）[W@]（这个纸袋……[D]它正在让我们反目成仇！）
DIALOGUE_MERRYSVILLE_CUTSCENES_RATKING_REMATCH_0,"[@](Back for more, huh?)","[@](T'en veux encore, hein ?)","[@](Ne vuoi ancora, eh?)",[@]（さては　もどってきたな？）,[@](또 덤비러 왔나?),"[@](¿Vienes a por más, eh?)","[@](¿Vienes a por más, eh?)","[@](Tá querendo mais, é?)","[@](Mało ci, co?)","[@](Du willst mehr, was?)","[@](Что, ещё хочешь?)","[@](Що, повернувся по добавку?)",[@]（又来找茬了，嗯？）
DIALOGUE_MERRYSVILLE_CUTSCENES_RATKING_REMATCH_1,"[@](Let's make this quick!)[WAIT@](Whaling on you is fun and everything,[DELAY:4] but I have royal duties to attend to!)","[@](Allez, on se dépêche !)[WAIT@](T'asséner de coups est assez drôle,[DELAY:4] mais j'ai des obligations royales, moi !)","[@](Finiamola in fretta, allora!)[WAIT@](Mi diverto parecchio a suonartele,[DELAY:4] ma ho anche dei doveri reali da adempiere!)",[@]（はやめに　ケリを　つけるぞ！）[W@]（きさまを　いじめるのは　たのしいが[D:4][BR]ねずみのおう　として　やるべき[BR]ぎむが　あるからな！）,"[@](어서 끝내자고!)[WAIT@](네 놈을 두들겨 패는 것도 재밌지만,[DELAY:4] 이전에 왕으로서의 의무가 있으니 말이다!)","[@](¡Hagamos esto rápido!)
[WAIT@](Darte una paliza es divertido y todo,[DELAY:4] ¡pero tengo asuntos reales que atender!) ","[@](¡Pues hagamos esto rápido!)
[WAIT@](Propinarte una paliza es divertido,[DELAY:4] ¡pero tengo asuntos reales que atender!) ","[@](Então vamos rápido com isso!)[WAIT@](Te dar uma sova é legal e tal,[DELAY:4] mas eu tenho assuntos de rei para tratar!)","[@](Załatwmy to szybko!)[WAIT@](Wgniatanie cię w cement to świetna zabawa,[DELAY:4] ale czekają na mnie królewskie obowiązki!)","[@](Machen wir es kurz!)[WAIT@](Dich zu verprügeln, macht Spaß und so,[DELAY:4] aber ich muss meinen königlichen Pflichten nachkommen!)","[@](Только побыстрее!)[WAIT@](Лупить тебя весело,[DELAY:4] но помимо этого у меня есть королевские дела!)","[@](Давай-но швидше!)[WAIT@](Дубасити тебе весело,[DELAY:4] але у кожного короля є важливі обов’язки!)",[@]（速战速决吧！）[WAIT@]（揍你虽然好玩，[DELAY:4]但我还有皇家事务要处理呢！）
DIALOGUE_MERRYSVILLE_CUTSCENES_RATKING1_0,[@](What...[DELAY:7] is...[DELAY:7] the meaning of this?!),[@](Qu'est-ce que...[DELAY:7] tout ça...[DELAY:7] veut DIRE ?!),[@](Cosa...[DELAY:7] sta...[DELAY:7] succedendo?!),[@]（これは・・・[D:7]いったい・・・[D:7]どういうことだ！）,[@](이게...[DELAY] 대체...[DELAY:7] 무슨 추태냐?!),[@](Pero cuál...[DELAY:7] es...[DELAY:7] ¡¿el significado de esto?!),[@](¡¿Pero qué...[DELAY:7] significa...[DELAY:7] esto?!),[@](O que...[DELAY:7] significa...[DELAY:7] isso?!),[@](Co...[DELAY:7] to...[DELAY:7] ma znaczyć?!),[@](Was ...[DELAY:7] ist ...[DELAY:7] das denn?!,[@](И что...[DELAY:7] это...[DELAY:7] всё значит?!),[@](Що...[DELAY:7]це...[DELAY:7] має означати?!),[@]（这…[DELAY:7]到底是…[DELAY:7]什么意思呀？！）
DIALOGUE_MERRYSVILLE_CUTSCENES_RATKING1_1,"[@](There's an intruder in my domain,[DELAY:4] and instead of being on guard...[DELAY:6] you're playing with buttons?!)","[@](Un intrus s'est introduit dans mon royaume,[DELAY:4] et au lieu de le traquer sans relâche...[DELAY:6] Tu t'amuses à appuyer sur des boutons ?!)",[@](C'è un intruso nel mio territorio[DELAY:4] e invece di fare la guardia...[DELAY:6] ti metti a giocare con i bottoni?!),[@]（わが　りょうどに　しんにゅうしゃが　いながら[D:4][BR] みはりを　せず・・・[D:6][BR] ボタンで　あそんでいる　だと？！）,"[@](본좌의 영역에 침입자가 들어왔는데,[DELAY:4] 경계는커녕...[W@]만지작... 만지작... [@]버튼이나 가지고 놀고 있다고?!)","[@](Hay un intruso en mi dominio,[DELAY:4] y en vez de estar vigilando..[DELAY:6] ¿¡estás jugando con botoncitos?!)","[@](Hay un intruso en mi dominio,[DELAY:4] y en lugar de mantenerte alerta...[DELAY:6] ¡¿estás jugando con botoncitos?!)","[@](Tem um intruso nos meus domínios,[DELAY:4] e em vez de ficar de guarda...[DELAY:6] você está brincando com botões?!)","[@](Po moim królestwie grasuje intruz,[DELAY:4] a ty zamiast stać na warcie...[DELAY:6] bawisz się guziczkami?!)","[@](Da ist ein Eindringling in meinem Reich,[DELAY:4] und anstatt auf der Lauer zu sein ...[DELAY:6] spielst du mit Knöpfen?!)",[@](В мои владения пробрался чужак![DELAY:6] И вместо того чтобы охранять территорию...[DELAY:4] ты играешься с кнопками!),"[@](У мої володіння пробрався чужинець![DELAY] А ти, замість того, щоб охороняти територію... [DELAY]граєш з кнопками?!)",[@]（我的地盘里有入侵者，[DELAY:4]你不给我去警戒…[DELAY:6]反倒在那儿玩按钮？！）
DIALOGUE_MERRYSVILLE_CUTSCENES_RATKING1_2,[@]Squeak![WAIT@](Unbelievable![DELAY:5] And you call yourself a rat?!),[@]Scouic ![WAIT@](INACCEPTABLE ![DELAY:5] Et tu oses te qualifier de rat ?!),"[@]Squit![WAIT@](Non ci posso credere![DELAY:5] E tu saresti un ratto?!)
",[@]チュー！[W@]（しんじられない　ことだ！[D:5][BR]きさまは　それでも　ねずみか？！）,[@]찍![WAIT@](기가 막히는군![DELAY:5] 그러고도 네가 쥐라고 불릴 자격이 있나?!),[@]¡Chii![WAIT@](¡Increíble![DELAY:5] ¿¡Y así te haces llamar una rata?!),[@]¡Chii![WAIT@](¡El colmo![DELAY:5] ¡¿Y tú te haces llamar rata?!),[@]Qui qui![WAIT@](É inacreditável![DELAY:5] E você se diz um rato?!),[@]Pisk![WAIT@](Nie do pomyślenia![DELAY:5] I ty śmiesz się nazywać szczurem?!),[@]Quiek![WAIT@](Unerhört![DELAY:5] Und du nennst dich eine Ratte?!),[@]Пи-пи-ПИ![WAIT@](Поверить не могу![DELAY:5] И ты ещё зовёшь себя крысой?!),[@]Пі-і! [DELAY: 8][BR](Повірити не можу![DELAY:5] І ти смієш називати себе щуром?!),[@]吱吱！[WAIT@]（难以置信！[DELAY:5]就你这样还敢自称老鼠？！）
DIALOGUE_MERRYSVILLE_CUTSCENES_RATKING1_3,"[@](You're acting just like those dirty,[DELAY:4] two-legged[DELAY:3:6]...)",[@](Tu te comportes comme ces sales bipèdes[DELAY:3:6]...),"[@](Ti comporti proprio come quelle sporche,[DELAY:4] creature su due zam[DELAY:3:6]...)
",[@]（きさまの　ふるまいかたは　まるで[BR]　あの　こぎたない[D:4][BR]　にそくほこうの[D:3:6]・・・）,"[@](하는 짓거리가 꼭 그 불경한,[DELAY:4] 두 발 달린 것들 같구나[DELAY:3:6]...)","[@](Te portas igual que esos mugrientos,[DELAY:4] bípedos[DELAY:3:6]...)",[@](Te comportas igual que esos sucios[DELAY:4] y bípedos[DELAY:3:6]...),[@](Você está agindo como aqueles fedorentos[DELAY:4] e bipédes[DELAY:3:6]...),"[@](Zachowujesz się zupełnie, jak te ohydne,[DELAY:4] dwunożne[DELAY:3:6]...)",[@](Du benimmst dich wie diese dreckigen[DELAY:4] Zweibeinern[DELAY:3:6] ...),"[@](Да ты ведёшь себя, как эти грязные,[DELAY:4] двуногие[DELAY:3:6]...)","[@](Та ти поводишся як ті брудні,[DELAY:4] двоногі[DELAY:3:6]...)",[@]（你现在这副模样，[BR]简直就跟外面那些脏兮兮的[DELAY:4]两脚兽一样…）
DIALOGUE_MERRYSVILLE_CUTSCENES_RATKING1_4,"[@](Oh, I see what this is..!)","[@](Oh, je vois le genre..!)","[@](Ah, ora capisco...!)
",[@]（そうか　そういうことか・・・！）,"[@](아, 이제 알겠군...!)","[@](¡Ah, ya veo..!)","[@](¡Ah, ya entiendo...!)","[@](Ah, já entendi tudo..!)","[@](O, już wiem o co chodzi..!)","[@](Oh, jetzt verstehe ich, was los ist ...!)","[@](А-а-а, вон оно что!..)","[@](Ах, ось воно що..!)",[@]（哦，我明白这是怎么回事了…！）
DIALOGUE_MERRYSVILLE_CUTSCENES_RATKING1_5,"[@](My eyes aren't what they used to be,[DELAY:3] but I'd recognize that soggy smell anywhere!)","[@](Mes yeux ne sont plus ce qu'ils étaient,[DELAY:3] mais je reconnaîtrais cette odeur entre mille !)","[@](Non ci vedo più così bene,[DELAY:3] ma quell'odore di fradicio lo riconosco ancora!)
",[@]（わがはいの　めは　だいぶ　おとろえても[D:3][BR]　きさまの　においだけは　わかる！）,"[@](왕년에 비해 눈은 안 좋지만,[DELAY:3] 이 축축하고 습한 냄새는 속일 수 없지!)","[@](Puede que mis ojos ya no sean lo que eran,[DELAY:3] ¡pero reconocería ese olor a humedad en cualquier lado!)","[@](Mis ojos ya no son lo que eran,[DELAY:3] ¡pero ese hedor a humedad lo reconocería en cualquier parte!)","[@](Minha visão já não é mais a mesma,[DELAY:3] mas eu reconheço esse cheiro úmido em qualquer lugar!)","[@](Moje oczy nie widzą tak dobrze, jak kiedyś,[DELAY:3] ale wszędzie rozpoznam ten smród!)","[@](Meine Augen sind nicht das, was sie einst waren,[DELAY:3] doch diesen muffigen Gestank würde ich überall erkennen!)","[@](Может, мои глаза уже подводят,[DELAY:3] но я этот запах сырости всюду узнаю!)","[@](Може, очі мої вже постаріли,[DELAY:3] але я всюди впізнаю цей вогкий запах!)",[@]（我的眼睛是不如从前了，[DELAY:3]可那股湿漉漉的臭味儿，我闭着眼睛都能闻出来！)
DIALOGUE_MERRYSVILLE_CUTSCENES_RATKING1_6,"[@](You...[DELAY:8] are a hairless sewer rat, aren't you?!)","[@](Tu es...[DELAY:8] un rat d'égout sans poils, c'est ça ?!)","[@](Tu sei...[DELAY:8] un ratto di fogna senza peli, vero?!)
",[@]（さてはきさま・・・！[DELAY:8][BR]　ハダカデバネズミ　だな？！）,[@](네놈...[DELAY:8] 털도 없는 시궁쥐였나?!),"[@](Tú...[DELAY:8] eres una rata sin pelo del alcantarillado, ¡¿cierto?!)","[@](Eres...[DELAY:8] una rata de alcantarilla sin pelo, ¡¿verdad?!)","[@](Você...[DELAY:8] é um rato pelado de esgoto, né?!)","[@](Ty...[DELAY:8] jesteś bezwłosym szczurem kanałowym, prawda?!)","[@](Du ...[DELAY:8] du bist doch diese nackte Abflussratte, nicht wahr?!)",[@](Так ты...[DELAY:8] из тех лысых помойных крыс?!),"[@](Однозначно, ти...[DELAY:8] облисілий каналізаційний щур, так?!)",[@]（你是个…[DELAY:8]没毛的下水道老鼠，没错吧？！）
DIALOGUE_MERRYSVILLE_CUTSCENES_RATKING1_7,"[@](Well,[DELAY:2] I don't care that you're one of those jumbo-sized schnooks! [DELAY:8]You live here,[DELAY:2] you follow MY orders!)","[@](Dans tous les cas,[DELAY:2] je n'en ai rien à faire que tu sois un de ces gigantesques imbéciles ! [DELAY:8]Si tu vis ici,[DELAY:2] tu M'ÉCOUTES !)","[@](Mah,[DELAY:2] non mi importa se sei uno di quei fenomeni da baraccone! [DELAY:8]Chi vive qui[DELAY:2] segue i MIEI ordini!)
",[@]（おなじネズミのくせに　ちょうしにのりやがって！[DELAY:8][BR]　だが　ここでは　わがはいの　めいれいに[BR]　したがうのが　スジなのだ。）,"[@](흥,[DELAY:2] 멍청하게 덩치만 큰 족속이라도 상관없다![DELAY:8] 네 놈이 이곳에 사는 이상,[DELAY:2] 본좌의 명령을 따라야 해!)","[@](Bueno,[DELAY:2] ¡no me importa que seas uno de esos idiotas de tamaño ultra grande! [DELAY:8]Si vives aquí,[DELAY:2] ¡seguirás MIS órdenes!","[@](¡Bueno,[DELAY:2] no me importa que seas uno de esos merluzos de tamaño extragrande! [DELAY:8]¡Si vives aquí,[DELAY:2] debes acatar MIS órdenes!","[@](Enfim,[DELAY:2] não estou nem aí se você é um daqueles patetas gigantes! [DELAY:8]Você vive aqui,[DELAY:2] então obedece às MINHAS ordens!)","[@](Cóż,[DELAY:2] nie obchodzi mnie to, że jesteś jednym z tych rozrośniętych półgłówków! [DELAY:8]Jeśli chcesz tu mieszkać,[DELAY:2] masz wykonywać MOJE rozkazy!)","[@](Nun denn,[DELAY:2] es ist mir egal, dass du einer dieser fettgewichtigen Idioten bist! [DELAY:8]Du lebst hier,[DELAY:2] heißt, du befolgst MEINEN Befehlen!)","[@](Итак, заруби себе на носу.[D:6] Мне начхать, что ты один из тех гигантских недоумков! [D:8]Хочешь здесь жить —[D:4] выполняй ВСЁ, что я тебе прикажу!)","[@](Заруби собі на носі![DELAY] Мені байдуже, що ти один із тих велетенських бовдурів! [DELAY:8]Вирішив жити тут — тож виконуй МОЇ накази!)",[@]（哼，[DELAY:2]我才不管你是哪来的大块头蠢货！[DELAY:8]既然住在这儿，[DELAY:2]就得听我的命令！）
DIALOGUE_MERRYSVILLE_CUTSCENES_RATKING1_8,[@](And my orders are:[DELAY:4] FIND THAT INTRUDER!),[@](Et mes ordres sont les suivants :[DELAY:4] TROUVE L'INTRUS !),"[@](E i miei ordini sono:[DELAY:4] TROVA QUELL'INTRUSO!)
",[@]（めいれいだ！[DELAY:4][BR]　ここに　はいってきた[BR]　じゃまものを　さがしだせ！！）,[@](그러니 명령을 주지![DELAY:4] 침입자를 찾아라!),[@](Y mis órdenes son:[DELAY:4] ¡QUE ENCUENTRES AL INTRUSO!),[@]Y mis órdenes son:[DELAY:4] ¡ENCUENTRA A ESE INTRUSO!),[@](E minhas ordens são:[DELAY:4] ENCONTRE AQUELE INTRUSO!),[@](A mój rozkaz brzmi następująco:[DELAY:4] ZNAJDŹ TEGO INTRUZA!),[@](Und mein Befehl ist:[DELAY:4] FINDE DIESEN EINDRINGLING!),[@](И я приказываю[DELAY:4] НАЙТИ ТОГО ЧУЖАКА!),[@](І я наказую:[DELAY:4] ЗНАЙДИ ТОГО ЧУЖАКА!),[@]（听好，[DELAY:3]我的命令是：[DELAY:4]给我找到那个闯进来的家伙！）
DIALOGUE_MERRYSVILLE_CUTSCENES_RATKING2_0,[@]Squeeeak!,[@]Scouiiiiiic !,[@]Squiiit!,[@]チュー！,[@]찍찍!,[@]¡Chiii!,[@]¡Chiii!,[@]Quiii!,[@]Piiissk!,[@]Quiiiiek!,[@]Пи-и-и-и-и!,[@]Пі-і-і-ііі!,[@]吱吱！
DIALOGUE_MERRYSVILLE_CUTSCENES_RATKING2_1,[@](Inconceivable!!!),[@](INACCEPTABLE !!!),[@](Non ci credo!!!),[@]（なんてことだ！),[@](말도 안 되는 일이!!!),[@](¡¡¡Inaceptable!!!),[@](¡¡¡Inaceptable!!!),[@](Inaceitável!!!),[@](Niewyobrażalne!!!),[@](Inakzeptabel!!!),[@](Немыслимо!!!),[@](Немислимо!!!),[@]（难以置信！！！）
DIALOGUE_MERRYSVILLE_CUTSCENES_RATKING2_2,"[@](I've trusted you,[DELAY:5] a rat I've never seen here before,[DELAY:5] to find the intruder...[DELAY:7] and you keep failing!)","[@](Je t'ai fait confiance,[DELAY:5] un rat que je n'avais jamais vu avant,[DELAY:5] pour trouver l'intrus...[DELAY:7] Et tu ne fais que me décevoir !)","[@](Mi sono fidato di te,[DELAY:5] un ratto sconosciuto,[DELAY:5] chiedendoti di trovare l'intruso...[DELAY:7] e continui a deludermi!)
",[@]（そなたを　しんじていたというのに！[DELAY:5][BR]みしらぬ　ネズミの　よしみとして[DELAY:5]　しんにゅうしゃを　みつけてくれると・・・[WAIT][@]なのに　ぜんぜん　できてないのだ！）,"[@](한 번도 본 적 없는 쥐인 네놈을 믿고,[DELAY] 침입자를 찾으라 하였거늘...[DELAY:7] 번번이 실패만 하지 않느냐!)","[@](Te he dado mi confianza a ti,[DELAY:5] una rata que nunca había visto aquí,[DELAY:5] para que encuentres al intruso...[DELAY:7] ¡y sigues fallando!)","[@](He depositado mi confianza en ti,[DELAY:5] una rata desconocida,[DELAY:5] para hallar a ese intruso...[DELAY:7] ¡y no dejas de fracasar!)","[@](Eu confiei em você,[DELAY:5] um rato que nunca tinha visto por aqui antes,[DELAY:5] para encontrar o intruso...[DELAY:7] mas você só dá bola fora!)","[@](Powierzyłem ci,[DELAY:5] szczurowi, którego nigdy wcześniej nie widziałem na oczy,[DELAY:5] zadanie znalezienia tego intruza...[DELAY:7] i nie potrafisz nawet tego!)","[@](Ich habe dir vertraut,[DELAY:5] eine Ratte, die ich hier noch nie zuvor gesehen habe,[DELAY:5] um einen Eindringling zu finden ...[DELAY:7] und du versagst immer wieder!)","[@](А я уж понадеялся, неведомый крысёныш,[DELAY:5][BR]что ты найдёшь того чужака...[DELAY:7] но и с этой[BR]задачей ты не справился!)","[@](Я довірився тобі,[DELAY:5] щуру, якого я щойно зустрів, знайти непроханого гостя...[DELAY:7] а ти й далі хопиш шилом патоки!)",[@]（我这么信你，[DELAY:5]一只我从未在此见过的老鼠，[DELAY:5]让你去找入侵者…[DELAY:7]你却老是搞砸！）
DIALOGUE_MERRYSVILLE_CUTSCENES_RATKING2_3,[@](Why I oughta[DELAY:3:3]...),[@](Tu mérites que[DELAY:3:3]...),[@](Ti meriti[DELAY:3:3]...),[@]（こうなったら[D:3:3]・・・）,[@](본좌가 그냥[DELAY:3:3]...),"[@](Ay, pero si hasta debería[DELAY:3:3]...)",[@](¡Debería[DELAY:3:3]...)!,[@](Eu deveria[DELAY:3:3]...),[@](Powinienem teraz[DELAY:3:3]...),[@](Weshalb ich dich[DELAY:3:3] ...),[@](А посему тебя надлежит[DELAY:3:3]...),"[@](Та за це я тебе...[DELAY] я тебе повинен[DELAY:3:3]...)
",[@]（我真应该…）
DIALOGUE_MERRYSVILLE_CUTSCENES_RATKING2_4,[@](I oughta throw you in a mousetrap for this!),[@](que je te jette dans un piège à rats !),[@](Ti meriti di finire in una trappola per topi!),[@]（おまえを　たいほして　ねずみとりにでも[BR]いれる　べきだ！）,[@](이번 일로 널 뒤덫에 처박을 수도 있다!),[@](¡Te debería tirar en una trampa para ratones por esto!),[@](¡Debería lanzarte a una ratonera por esto!),[@](Eu deveria te jogar em uma ratoeira por causa disso!),[@](Powinienem cię za to wrzucić w pułapkę na myszy!),[@](In eine Mausefalle stecken sollte!),[@](Закинуть в мышеловку!),[@](У мишоловку закинути!),[@]（我真应该把你塞进捕鼠笼里！）
DIALOGUE_MERRYSVILLE_CUTSCENES_RATKING2_5,"[@](I oughta sic a cat on you![DELAY:5] A dozen cats![DELAY:5] A hundred!!)
",[@](Je devrais te jeter face à un chat ![DELAY:5] Une dizaine de chats ![DELAY:5] UNE CENTAINE !!),"[@](Ti meriti di farti inseguire da un gatto![DELAY:5] Una dozzina di gatti![DELAY:5] Un centinaio!!)
",[@]（ねこに　ひっかかれる　べきだ！[D:5][BR]じゅっぴき・・・[D:5]いや　ひゃっぴきに　だ！！）,"[@](고양이를 풀어버릴 수도 있겠지![DELAY:5] 한 마리?[DELAY:6][BR]아니, 백 마리!!)",[@](¡Debería arrojarte a un gato![DELAY:5] ¡A una docena![DELAY:5] ¡¡A cien gatos!!),[@](¡Debería azuzarte un gato![DELAY:5] ¡A una docena![DELAY:5] ¡¡A cientos!!),"[@](Eu deveria soltar um gato em cima de você![DELAY:5] Uma dezena de gatos![DELAY:5] Uma centena!!)
",[@](Poszczuć cię kotem![DELAY:5] Tuzinem kotów![DELAY:5] A nawet setką!!),[@](Ich sollte Katzen auf dich hetzen![DELAY:5] Dutzende Katzen![DELAY:5] Hunderte!!),"[@](Или же натравить на тебя кота![DELAY:5] Нет, дюжину котов![DELAY:5] Нет, сотню!!!)","[@](Кота на тебе нацькувати![DELAY] Ні, дюжину котів![DELAY] Ні, сотню!!!)",[@]（我真应该放只野猫来咬你！[DELAY:5]放十只猫！[DELAY:5]放一百只！！）
DIALOGUE_MERRYSVILLE_CUTSCENES_RATKING2_6,[@](But I'll do something even worse...),[@](Mais je vais faire pire que ça...),[@](Ma io farò di peggio...),[@]（でも　もっと　ひどいことを[BR]おまえに　まかせて　あげよう・・・）,[@](하지만 그보다 더 끔찍한 형을 내리겠다...),[@](Pero haré algo incluso peor...),[@](Pero haré algo aún peor...),[@](Mas eu vou fazer algo ainda pior...),[@](Ale zrobię coś dużo gorszego...),[@](Doch ich mach etwas noch viel Schlimmeres ...),[@](Но я сделаю кое-что похуже...),[@](Але я зроблю дещо гірше...),[@]（不过我还有更绝的手段…）
DIALOGUE_MERRYSVILLE_CUTSCENES_RATKING2_7,"[@](That's right![DELAY:5] You,[DELAY:2] my unfaithful subject,[DELAY:2] are hereby demoted to trinket-guarding duty...)","[@](Exactement ![DELAY:5] Toi,[DELAY:2] mon infidèle sujet,[DELAY:2] es relégué au poste de garde-bibelots...)","[@](Proprio così![DELAY:5] Tu,[DELAY:2] servo infedele,[DELAY:2] sei ufficialmente degradato a ruolo di guardia-ninnoli!)",[@]（そうさ！[D:5]きさまの　ような[BR]チューセイの　ない　ねずみは　[BR]カギの　とうばんに　なるがいい・・・）,"[@](그래![DELAY] 너.[DELAY:2] 이 요망한 나의 신하여...[DELAY] 넌 지금, 이 순간부터 장신구 경비로 강등이다. [BR]언제까지냐고?)","[@](¡Así es![DELAY:5] Tú,[DELAY:2] mi soldado menos leal,[DELAY:2] ¡estás desde ahora degradado a la tarea de vigilar baratijas!)","[@](¡Exacto![DELAY:5] ¡Tú,[DELAY:2] mi desleal vasallo,[DELAY:2] quedas degradado desde este momento a la guardia de baratijas!)","[@](Isso mesmo![DELAY:5] Você,[DELAY:2] meu soldado desleal,[DELAY:2] acaba de ser rebaixado para o serviço de guarda dos cacarecos...)","[@](Dokładnie![DELAY:5] Oto więc,[DELAY:2] mój niewierny poddany,[DELAY:2] zostałeś właśnie zdegradowany do pełnienia warty nad błyskotkami...)","[@](Genau![DELAY:5] Du,[DELAY:2] mein unfolgsamer Untertan,[DELAY:2] wirst hiermit zum Schmuckwächter degradiert ...)","[@](Да-да![DELAY:5] Ты,[DELAY:2] мой неверный слуга,[DELAY:2] понижаешься в звании до охранника побрякушек...)","[@](Так-так![DELAY:5] Ти,[DELAY:2] мій невірний слуга,[DELAY:2] відтепер розжалований до охоронця дріб'язку...)",[@]（没错！[DELAY:5]你，[DELAY:2]我这不忠的臣子，[DELAY:2]给我守着门口的小摆件儿去…）
DIALOGUE_MERRYSVILLE_CUTSCENES_RATKING2_8,[@](INDEFINITELY!),[@](INDÉFINIMENT !),[@](PER SEMPRE!),[@]（それも　えいえんに　だ！！）,[@](무기한!),[@](¡INDEFINIDAMENTE!),[@](¡INDEFINIDAMENTE!),[@](INDEFINIDAMENTE!),[@](DO ODWOŁANIA!),[@](AUF EWIG!),[@](НАВСЕГДА!!!),[@](НАЗАВЖДИ!!),[@]（守到永远！）
DIALOGUE_MERRYSVILLE_CUTSCENES_RATKING2_9,"[@](And remember, you're on strike two...[DELAY:7] Better not make that strike three.)","[@](Et n'oublie pas, tu as deux malus...[DELAY:7] Tu ne veux pas savoir ce qu'il va arriver au troisième.)","[@](E ricordati, con questo sono due...[DELAY:7] Sarà bene che non arriviamo a tre.)",[@]（ネズミのかおも　さんどまでという。[DELAY:7][BR]つぎはないとおもえ。）,"[@]그리고 명심해라, 참을 인 자도 세 번까지라고.[DELAY:7] 더 이상의 실패는 없다.)","[@](Y recuerda, este es tu segundo aviso...[DELAY:7] Más te vale que no se vuelvan tres.)","[@](Y recuerda, ya llevas dos avisos...[DELAY:7] ¡Más vale que no haya un tercero!)","[@](E, lembre-se, esse é o segundo aviso...[DELAY:7] É bom que não tenha um terceiro.)","[@](I pamiętaj, to twoja ostatnia szansa...[DELAY:7] Lepiej jej nie zmarnuj.)","[@](Und denke immer dran, du hast schon zwei Verwarnungen ...[DELAY:7] Mach daraus ja nicht drei.)","[@](И помни, это твоё второе наказание...[DELAY:7] Лучше не доводи до третьего.)","[@](І пам'ятай, це твоє друге покарання...[DELAY:7] Краще не доводь до третього.)",[@]（记住，你已经两次失职了，你这个吃里扒外的家伙…[DELAY:7]最好别给我抓到第三次。）
DIALOGUE_MERRYSVILLE_CUTSCENES_RATKING3_0,[@]SQUEAK SQUEAK![WAIT@](You sneaky vermin!),[@]SCOUIC SCOUIC ![WAIT@](Petite vermine !),[@]SQUIT SQUIT![WAIT@](Brutto furfante!),[@]チューチュー！[W@]（まて！こそくな　げっしるいめ！）,[@]찍찍 찍찍![WAIT@](이 교활한 버러지 같은 녀석!),"[@]¡CHII, CHII!
[WAIT@](¡Sabandija escurridiza!)","[@]¡CHII, CHII!
[WAIT@](¡Pedazo de alimaña!)",[@]Qui qui![WAIT@](Seu pilantra sorrateiro!),[@]PISK PISK![WAIT@](Ty przebiegły łajdaku[DELAY:3:4]!),"[@]Quiek, quiek![WAIT@](Du hinterhältiger Halunke!)",[@]ПИ! ПИ-И![WAIT@](Ах ты наглый паразит!),[@]ПІ! ПІ-І![WAIT@](Ах ти нахабний шкідник!),[@]吱吱吱！[WAIT@]（你这阴险狡诈的害虫！）
DIALOGUE_MERRYSVILLE_CUTSCENES_RATKING3_1,"[@]Squeeek squeek... [WAIT@](So you're the one that's been crawling around my factory...)[WAIT@](Getting your filthy paws all over my rightfully stolen treasure...)[WAIT@](And abusing my unmatched royal hospitality!)[WAIT@](You think you can just waltz in here and boss us around, big guy?!)[WAIT@](Well, there ain't a tougher, meaner or BIGGER mammal than the Rat King![WAIT] LET'S SHOW HIM, BOYS!)","[@]Scouic scouic... [WAIT@](Alors c'est toi qui te faufilais dans mon usine...)[WAIT@](Qui mettais tes sales pattes sur MES trésors volés à la loyale...)[WAIT@](Et qui abusais de mon hospitalité royale inégalée !)[WAIT@](Tu penses que tu peux débarquer ici et nous donner des ordres, petit ?!)[WAIT@](Malheureusement pour toi, il n'y a pas de mammifère plus fort, méchant et IMPOSANT que le roi des rats ![WAIT] ON VA LUI MONTRER, LES GARS !)","[@]Squiiit squiit... [WAIT@](Allora sei tu quello che strisciava per la mia fabbrica...)[WAIT@](A mettere le zampe sui tesori che ho legittimamente rubato...)[WAIT@](E approfittandoti della mia ineguagliabile ospitalità reale!)[WAIT@](Credi di poter fare come se fossi a casa tua, amico?!)[WAIT@](Sappi che non c'è mammifero più tosto, più cattivo o PIÙ GRANDE del Re ratto![WAIT] FACCIAMOGLIELA VEDERE, RAGAZZI!)
",[@]ヂュー　ヂュー・・・[W@]（はんにんは　きさまか！）[W@]（わがはいの　こうじょうを　はいまわり・・・）[W@]（わがはいが　せいとうな　てじゅんで[BR]ぬすんだ　カネに　てをだし・・・）[W@]（わがはいの　おもてなしを　むげにするとは！）[W@]（これいじょう　きさまの　おおきい　ずうたいで[BR]こうじょうを　あらさせは　しない！）[W@]（ほにゅうるい　さいきょう　さいあく[BR]さいだいの　ざは　わがはいに　こそ　ある！[WAIT][BR]いくぞ　おまえら！！）,"[@]찌직 찍...[WAIT@](본좌의 공장 안을 몰래 돌아다니던 놈이 바로 네놈이었군...)[WAIT@](본좌가 정당하게 훔쳐 온 보물을 더럽힐 뿐만 아니라...)[WAIT@](이 위대한 왕의 환대까지 교묘히 이용해 먹다니!)[WAIT@](덩치 좀 크다고 우리를 마음대로 쥐락펴락할 수 있을 줄 알았느냐?!)[WAIT@](이, 쥐들의 왕보다 더 강하고, 더 사납고, 더 거대한 포유류는 없다![WAIT] 녀석에게 본때를 보여 주자, 얘들아!)","[@]Chii, chii...
[WAIT@](Así que eres tú quien estaba merodeando por mi fábrica...)
[WAIT@](Poniendo tus sucias garras sobre mi legítimamente robado tesoro...)
[WAIT@](¡Y abusando de mi inigualable hospitalidad real!)
[WAIT@](¡¿Crees que puedes entrar aquí como si nada y mandonearnos, grandulón?!)
[WAIT@](¡Pues no hay mamífero más rudo, más bravo ni más GRANDE que el Rey Rata![WAIT] ¡DENLE SU MERECIDO, MUCHACHOS!)","[@]Chii, chii...
[WAIT@](Así que eres tú quien estaba deambulando por mi fábrica...)
[WAIT@](Poniendo tus sucias garras sobre mi legítimamente robado tesoro...)
[WAIT@](¡Y abusando de mi inigualable hospitalidad como soberano!)
[WAIT@](¡¿Crees que puedes entrar aquí a mangonearnos[BR]como si nada?!)
[WAIT@](¡Pues no hay mamífero más duro, más chungo ni más GRANDE que el Rey Rata![WAIT] ¡A DARLE SU MERECIDO, MUCHACHOS!)","[@]Quiii quiii... [WAIT@](Então era você que estava perambulando pela minha fábrica...)[WAIT@](Botando suas patas sujas sobre o meu tesouro roubado com dignidade...)[WAIT@](E abusando da minha imensa hospitalidade real!)[WAIT@](Acha que pode sair entrando aqui e mandando em todo mundo, grandão?!)[WAIT@](Ora essa, não existe nenhum mamífero mais forte, malvado e nem MAIS ALTO que o Rei Ratão![WAIT] VAMOS MOSTRAR PARA ELE, GALERA!)","[@]Piisk pisk... [WAIT@](Więc to ty pałętałeś się po mojej fabryce...)[WAIT@](Kładąc swe brudne łapska na moich uczciwie ukradzionych skarbach...)[WAIT@](I nadużywając mojej królewskiej gościnności!)[WAIT@](Myślisz, że możesz tu po prostu wparować i nami pomiatać?! Taki z ciebie twardziel?!)[WAIT@](Tak się składa, że nie ma twardszego, mocniejszego, ani WIĘKSZEGO ssaka od Króla Szczurów![WAIT] POKAŻMY MU, CHŁOPAKI!)","[@]Quiiiek, quiiiek ... [WAIT@](Also bist du derjenige, der in meiner Fabrik herumkrabbelt ...)[WAIT@](Berührst mit deinen Dreckspfoten meinen rechtmäßig gestohlenen Schatz ...) [WAIT@](Und missbrauchst meine unvergleichlich-königliche Gastfreundschaft!)[WAIT@](Du glaubst, du kannst hier einfach herumstolzieren und uns herumkommandieren, Großer?!)[WAIT@](Tja, es gibt kein härteres, gemeineres oder GRÖẞERES Säugetier als den Rattenkönig![WAIT] ALSO ZEIGEN WIR'S IHM, JUNGS!)","[@]Пи-и-и-и-и пи-и-и... [W@](Так это ты лазаешь по моей фабрике...)[W@](Пачкаешь тут своими грязными лапами всё моё законно награбленное богатство...)[W@](А ещё злоупотребляешь моим непревзойдённым королевским гостеприимством!)[W@](Ну что, громила, ты думаешь, что можешь просто так заявиться и командовать нами?![DELAY] ОШИБАЕШЬСЯ!)[W@](Ведь нет более жестокого, подлого и КРУПНОГО млекопитающего чем Крысиный король![W] ПОКАЖЕМ ЕМУ, ПАРНИ!)","[@]Пи-и-и-и-и пи-и-и...
[WAIT@](Так це саме ти лазиш по моїй фабриці...)
[WAIT@](Прудкуєш своїми лапами все моє законно награбоване багатство...)
[WAIT@](І зловживаєш моєю неперевершеною королівською гостинністю!)
[WAIT@](Ти, велетень, напевно вирішив, що можеш просто так увірватись сюди і нами командувати?![D] ТИ ПОМИЛЯЄШСЯ!)
[WAIT@](Немає на світі більш жорстокого,[D:3] грубого та ВЕЛИКОГО звіра,[D:3] ніж Король щурів!)
[WAIT@](ПОКАЖЕМО ЙОМУ, ХЛОПЦІ!)",[@]吱吱吱…[WAIT@]（原来就是你小子一直在我的工厂里四处乱窜…）[WAIT@]（把你那脏爪子摸遍了我辛辛苦苦偷来的宝贝…）[WAIT@]（还糟蹋了我无与伦比的皇家款待！）[WAIT@]（你以为你是谁，大块头？大摇大摆地走进来就想对我们指手画脚？！）[WAIT@]（哼，在我的地界就没有比我鼠王更强悍、更凶狠、更大个儿的哺乳动物！[WAIT]小的们，让他见识见识！）
DIALOGUE_MERRYSVILLE_CUTSCENES_ROCKETLAUNCHER_0,"[@]I'll aim towards the rocks, then you press the button.[WAIT@]Adjusting latitude and longitude[DELAY:3:3]...[WAIT@]Locking in on target[DELAY:3:3]...[WAIT@]Three,[DELAY] two,[DELAY] one...[DELAY] now!","[@]Moi, je vais viser les débris, et toi tu appuies sur le bouton.[WAIT@]J'ajuste les coordonnées[DELAY:3:3]...[WAIT@]Je verrouille la cible[DELAY:3:3]...[WAIT@]Trois,[DELAY] deux,[DELAY] un...[DELAY] Maintenant !","[@]Io mirerò alle rocce, tu premi il pulsante.[WAIT@]Regolo latitudine e longitudine[DELAY:3:3]...[WAIT@]Miro al bersaglio[DELAY:3:3]...[WAIT@]Tre,[DELAY] due,[DELAY] uno...[DELAY] fuoco!",[@]ぼくが　せんろをふさぐ　いわを　ねらうから[BR][D:6][NINTEN]　[D:3]きみが　ボタンを　おしてくれ！[WAIT@]いど　けいど　ちょうせい　かんりょう！[WAIT@]ターゲット　ロックオン！[WAIT@]3・・・[DELAY]2・・・[DELAY]1・・・[DELAY]はっしゃあ！,"[@]내가 바위를 향해 조준할 테니까, 네가 버튼을 눌러줘.[WAIT@]위도랑 경도를 조준하고[DELAY:3:3]...[WAIT@]목표 고정[DELAY:3:3]...[WAIT@]삼,[DELAY] 이,[DELAY] 일...[DELAY] 지금!","[@]Yo apuntaré a las rocas, y tú presionas el botón.
[WAIT@]Ajustamos la latitud y longitud[DELAY:3:3]...
[WAIT@]Blanco a la vista[DELAY:3:3]...
[WAIT@]Tres,[DELAY] dos,[DELAY] uno...[DELAY] ¡fuego!","[@]Yo apuntaré a las rocas, y tú presionas el botón.
[WAIT@]Calibrando ajustes de latitud y longitud[DELAY:3:3]...
[WAIT@]Blanco localizado[DELAY:3:3]...
[WAIT@]Tres,[DELAY] dos,[DELAY] uno...[DELAY] ¡ya!","[@]Eu vou mirar nas pedras, aí você aperta o botão.[WAIT@]Ajustando a latitude e a longitude[DELAY:3:3]...[WAIT@]Travando no alvo[DELAY:3:3]...[WAIT@]Três,[DELAY] dois,[DELAY] um...[DELAY] já!","[@]Wyceluję teraz w kamienie, a wtedy ty wciśniesz guzik.[WAIT@]Wpisuję współrzędne[DELAY:3:3]...[WAIT@]Namierzam cel[DELAY:3:3]...[WAIT@]Trzy,[DELAY] dwa,[DELAY] jeden...[DELAY] teraz!",[@]Ich ziele auf die Felsen und du drückst dann den Knopf.[W@]Erst pass ich Höhe und Breite an[D:3:3] ...[W@]Jetzt erfasse ich das Ziel[D:3:3] ...[W@]Drei [D]zwei [D]eins ...[D] Jetzt!,"[@]Я целюсь в камни, а ты жмёшь на кнопку.[W@]Итак, ввожу координаты[D:3:3]...[W@]Фиксирую цель[D:3:3]...[W@]Три,[D] два,[D] один...[D] огонь!","[@]Я прицілюся в валуни, а ти натиснеш на кнопку.[WAIT@]Калібрую траєкторію польоту[DELAY:3:3]...[WAIT@]Вводжу координати цілі[DELAY:3:3]...[WAIT@]Три,[DELAY] два,[DELAY] один...[DELAY] вогонь!",[@]我会瞄准那些石头，然后你来按下按钮。[WAIT@]调整经纬度…[WAIT@]锁定目标…[WAIT@]三，[DELAY]二，[DELAY]一…[DELAY]就是现在！
DIALOGUE_MERRYSVILLE_CUTSCENES_ROCKETLAUNCHER_1,"[@]Little girl, get down from there![WAIT@]It's too dangerous! [DELAY]You could get hurt!","[@]Petite, descends d'ici ! [WAIT@]C'est trop dangereux ! [DELAY]Tu pourrais te faire mal !","[@]Ragazzina, vieni giù da lì![WAIT@]È pericoloso! [DELAY]Ti puoi fare male!",[@]おじょうさん　そこから　どいてくれ！[WAIT@]あぶないだろ！[DELAY]けがを　するかもしれないぞ！,"[@]꼬마 아가씨, 거기서 내려와![WAIT@]위험해! [DELAY]다칠 수도 있어!","[@]¡Bájate de ahí, niñita!
[WAIT@]¡Es muy peligroso! [DELAY]¡Podrías hacerte daño!","[@]¡Bájate de ahí ahora mismo, niña!
[WAIT@]¡Es muy peligroso! [DELAY]¡Podrías hacerte daño!","[@]Menina, desce daí![WAIT@]É muito perigoso! [DELAY]Você vai se machucar!","[@]Hej, mała, zejdź stamtąd![WAIT@]To niebezpieczne! [DELAY]Stanie ci się krzywda!","[@]Komm da runter, kleine Göre![W@]Das ist viel zu gefährlich! [D]Du könntest dich verletzen!","[@]Эй, девочка, давай слезай![W@]Там очень опасно!","[@]Дівчинко, ну-мо злізай звідти![WAIT@]Там небезпечно! [DELAY]Ти можеш поранитися!",[@]小姑娘，快从那儿下来！[WAIT@]危险！[DELAY]你会受伤的！
DIALOGUE_MERRYSVILLE_CUTSCENES_ROCKETLAUNCHER_2,[@]Whaaat?[DELAY] I can't hear you![WAIT@]You'll have to speak louder!,[@]Quoooiii ?[DELAY] J'entends rien ![WAIT@]Parlez plus fort !,[@]Come scusaaa?[DELAY] Non ti sento![WAIT@]Parla più forte!,[@]なんだってー？[DELAY]きっこえなーい！[WAIT@]もっと　おおきなこえで　いってくれなきゃ！,[@]뭐어어라고요?[DELAY] 잘 안 들리는데요![WAIT@]더 크게 말해보세요!,"[@]¿Quéee?[DELAY] ¡No te oigo!
[WAIT@]¡Habla más fuerte!","[@]¿Eeeeh?[DELAY] ¡No te oigo!
[WAIT@]¡Habla más fuerte!",[@]Oooiii?[DELAY] Eu não consigo te ouvir![WAIT@]Fala mais alto!,[@]Cooooo?[DELAY] Nie słyszę cię![WAIT@]Musisz mówić głośniej!,[@]Waaas?[D] Ich kann dich nicht hööören![W@]Du musst lauter reden!,[@]Что-о-о?[D] Не слышу![W@]Говорите громче!,[@]Що-о-ооо?[DELAY] Я вас не чую![WAIT@]Говоріть голосніше!,[@]你说什么——？[DELAY]我听不见！[WAIT@]你得大声点！
DIALOGUE_MERRYSVILLE_CUTSCENES_ROCKETLAUNCHER_3,"[@]Hey, what's that over there?![WAIT@]Is that- [DELAY]It's another missile! [DELAY]And it's heading this way![WAIT@]You have to get down, now!","[@]Hé, c'est quoi ce truc au loin ?![WAIT@]Ce serait pas- [DELAY]C'est encore un missile ! [DELAY]Et il se dirige vers nous ![WAIT@]Tu dois descendre, tout de suite !","[@]Ehi, cos'è quello?![WAIT@]Ma è- [DELAY]un altro missile! [DELAY]E viene da questa parte![WAIT@]Scendi subito, ragazzina!",[@]あれは　なんだ？[WAIT@]まさか　[D:3:5]ロ　ロ　ロケット？！[DELAY][BR]こっちに　むかってくるぞ！[WAIT@]はっ　はやくおりろ！,"[@]저기, 저건 또 뭐야?![WAIT@]설마-[DELAY] 또 미사일이다![DELAY] 이쪽으로 날아오고 있어![WAIT@]당장 내려와, 어서!","[@]¡¿Eh, qué es eso?!
[WAIT@]Eso es- [DELAY]¡Es otro misil! [DELAY]¡Y viene directo hacia aquí!
[WAIT@]¡Tienes que bajar! ¡Ahora!","[@]¡¿Eh, qué es eso?!
[WAIT@]¿No será...? [DELAY]¡Es otro misil! [DELAY]¡Y viene directo hacia aquí!
[WAIT@]¡Tienes que bajar a la de ya!","[@]Ei, o que é aquilo?![WAIT@]Será que- [DELAY]É outro míssil! [DELAY]E tá vindo para cá![WAIT@]Você precisa descer agora!","[@]Hej, a co to takiego?![WAIT@]Czy to- [DELAY]To kolejna rakieta! [DELAY]I właśnie tu zmierza![WAIT@]Musisz stąd natychmiast zejść!","[@]Hey, was ist das da drüben?[W@]Ist das-[D] Das ist noch eine Rakete![D] Und die fliegt in unsere Richtung![W@]Du musst jetzt runter, sofort!","[@]Эй, что это?![W@]Ещё одна ракета?! [D]И она летит сюда![W@]Девочка, сейчас же слезай!","[@]Гей, що це там?![WAIT@]Н-невже... [DELAY]Це ще одна ракета! [DELAY]І вона прямує до нас![WAIT@]Негайно злізай, чуєш?!",[@]嘿，那边怎么回事？！[WAIT@]那是——[DELAY]又一发导弹！[DELAY]而且正朝这边来了！[WAIT@]你得赶紧下来，马上！
DIALOGUE_MERRYSVILLE_CUTSCENES_ROCKETLAUNCHER_4,[@]A missile? [DELAY]Now this is getting interesting!,[@]Un missile ? [DELAY]Enfin quelque chose d'intéressant !,[@]Un missile? [DELAY]Ora sì che mi diverto!,[@]ロケットだって？[DELAY][BR]おもしろく　なってきたじゃない！,[@]미사일? [DELAY]이거 재밌어지는데!,[@]¿Un misil? [DELAY]¡Eso sí me interesa!,[@]¿Un misil? [DELAY]¡Esto se pone interesante!,[@]Um míssil? [DELAY]Agora está ficando interessante!,[@]Rakieta? [DELAY]No w końcu coś się dzieje!,[@]Eine Rakete? [D]Also jetzt wird's interessant!,[@]Ракета? [D]Интересно!,"[@]Ракета? [DELAY]Ну, нарешті, щось цікаве!",[@]导弹？[DELAY]这下开始有意思了！
DIALOGUE_MERRYSVILLE_CUTSCENES_ROCKETLAUNCHER_5,[@]What are you waiting for?! [DELAY]It's gonna crash where you're standing![WAIT@]Do you have a death wish?!,[@]Qu'est-ce que t'attends ?! [DELAY]Il va te tomber dessus ! [WAIT@]Tu veux mourir ?!,"[@]Che stai aspettando?! [DELAY]Andrà a schiantarsi proprio dove ti trovi tu![WAIT@]Vuoi morire, per caso?!",[@]なにを　やってる？！[DELAY]あたるぞ！[WAIT@]いのちが　おしくないのか？！,[@]뭘 꾸물거리는 거야?![DELAY] 거기 계속 서 있으면 맞는다니까?[WAIT@]죽고 싶어 환장했어?!,"[@]¡¿Qué estás esperando?! [DELAY]¡Te va a caer encima!
[WAIT@]¡¿Acaso quieres morir?!","[@]¡¿A qué estás esperando?! [DELAY]¡Te va a caer encima!
[WAIT@]¡¿Es que quieres morir?!",[@]Tá esperando o quê?! [DELAY]Ele vai cair bem aí onde você está![WAIT@]Tá querendo morrer?!,[@]No na co czekasz?! [DELAY]Zmierza w twoim kierunku![WAIT@]Chcesz zginąć czy co?!,"[@]Worauf wartest du?! [D]Sie wird genau dort einschlagen, wo du steht![W@]Willst du etwa sterben?!",[@]Да чего же ты ждёшь?! [D]Она летит прямо на тебя![W@]Тебе жить надоело?!,"[@]Чого ти чекаєш?! [DELAY]Вона прилетить туди, де ти стоїш! [WAIT@]Тобі що, жити набридло?!",[@]你还在等什么？！[DELAY]它就要砸到你站的地方了！[WAIT@]你是想重开吗？！
DIALOGUE_MERRYSVILLE_CUTSCENES_ROCKETLAUNCHER_6,"[@]Nah, [DELAY:6]I'm gonna dodge it. [DELAY]Watch me!","[@]Nan, [DELAY:6]Je vais l'esquiver. [DELAY]Matez-moi ça !","[@]Ma no, [DELAY:6]lo eviterò. [DELAY]Guarda!",[@]いーや。[BR][DELAY:6]わたしには　よけられるもんね。[DELAY][BR]みてて！,"[@]아니, [DELAY]그냥 피해버리면 되잖아. [DELAY]거기서 구경이나 하세요!","[@]Nah, [DELAY:6]lo voy a esquivar. [DELAY]¡Mira y aprende!","[@]Qué va, [DELAY:6]lo voy a esquivar. [DELAY]¡Mira y aprende!","[@]Nah, [DELAY:6]eu vou desviar dele. [DELAY]Olha só!","[@]No co ty, [DELAY:6]po prostu zrobię unik. [DELAY]Patrz i się ucz!","[@]Ach nee, [D:6]ich werde einfach ausweichen. [D]Warte nur ab!","[@]Ну-ну,[D:6] а я от неё увернусь. [D]Глядите!","[@]Ні-і, [DELAY:6]я від неї увернуся. [DELAY]Дивіться!",[@]才不呢，[DELAY:6]我会躲开的，[DELAY]看好了！
DIALOGUE_MERRYSVILLE_CUTSCENES_ROCKETLAUNCHER_7,"[@]I think that should do it.[WAIT@]Well, [DELAY:6]it's getting pretty late.[WAIT@]What do you want to do now?","[@]Je crois que c'est bon.[WAIT@]Il commence à être tard...[WAIT@]On fait quoi, maintenant ?","[@]Penso che basti così.[WAIT@]Nel frattempo, [DELAY:6]si è fatto abbastanza tardi.[WAIT@]Che si fa adesso?",[@]これで　よしっと。[WAIT@]だいぶ　おそくなってきたな。[WAIT@]いまから　どうする？,"[@]이 정도면 된 거 같아.[WAIT@]음, [DELAY:6] 꽤 늦었네.[WAIT@]이제 뭐 하고 싶은 거 있어?","[@]Creo que con eso basta.
[WAIT@]Bueno, [DELAY:6]se está haciendo tarde.
[WAIT@]¿Qué quieres hacer ahora?","[@]Creo que con eso hemos concluido.
[WAIT@]Bueno, [DELAY:6]se está haciendo tarde.
[WAIT@]¿Qué quieres hacer ahora?","[@]Acho que isso vai resolver.[WAIT@]Bem, [DELAY:6]está ficando tarde.[WAIT@]O que você quer fazer agora?","[@]To powinno wystarczyć.[WAIT@]Wiesz co, [DELAY:6]zaczyna się robić późno.[WAIT@]Co byś chciał teraz zrobić?","[@]Ich denke, das hat geklappt.[W@]Nun, [D:6]es ist schon ziemlich spät.[W@]Was willst du jetzt machen?","[@]Кажется, получилось.[W@]Хм, смотри, [D:6]уже темнеет.[W@]Чем теперь займёмся?","[@]Думаю, ми впоралися.[WAIT@]Ох, диви,[DELAY] вже вечоріє.[WAIT@]Чим пропонуєш зайнятися?",[@]我想应该差不多了。[WAIT@]嗯…[DELAY:6]天色也不早了。[WAIT@]你接下来打算干嘛？
DIALOGUE_MERRYSVILLE_CUTSCENES_ROCKETLAUNCHER_8,"[@]Video games?[DELAY] Of course, I have some at home.[WAIT@]They're all single player, [DELAY:6]but I don't mind just watching.[WAIT@]O-oh, [DELAY:6]and you can also stay at my place for the night,[DELAY:6][BR]if you want to.","[@]Jouer à des jeux vidéo ?[DELAY] Bien sûr, j'en ai chez moi.[WAIT@]C'est que des jeux solo, [DELAY:6]mais ça ne me dérange pas de te regarder jouer.[WAIT@]O-Oh, [DELAY:6]et tu peux dormir chez moi,[DELAY:6][BR] si tu veux.","[@]Videogiochi?[DELAY] Sì che ce li ho a casa.[WAIT@]Sono tutti a giocatore singolo, [DELAY:6]ma mi va bene guardare.[WAIT@]O-Oh, [DELAY:6]e puoi anche dormire da me stanotte,[DELAY:6][BR]se vuoi.",[@]ゲーム　だって？[DELAY][BR]うちには　いくつかあるけど・・・[WAIT@]ぜんぶ　ひとりようなんだ。[DELAY:6][BR]きみが　あそんでいるのを　みるだけでも[BR]たのしいけどね。[WAIT@]あ　そうだ！[DELAY:6][BR]うちに　ひとばん　とまっていってよ。[DELAY:6][BR]・・・きみが　だいじょうぶなら　ね。,"[@]비디오 게임?[DELAY] 물론 집에 몇 개 있지.[WAIT@]전부 1인용이기야 하지만,[DELAY:6] 난 옆에서 구경하는 것도 괜찮아.[WAIT@]ㅇ-어,[DELAY:6] 원하면 우리 집에서 자고 가도 돼,[DELAY:6][BR]너만 원한다면.","[@]¿Videojuegos?[DELAY] Por supuesto, tengo varios en casa.
[WAIT@]Son todos para un jugador, [DELAY:6]pero no me importa sólo ver.
[WAIT@]A-ah, [DELAY:6]y también puedes quedarte en mi casa a pasar la noche,[DELAY:6][BR]si eso quieres.","[@]¿Videojuegos?[DELAY] Por supuesto, tengo varios en casa.
[WAIT@]Son todos para un jugador, [DELAY:6]pero no me importa limitarme a observar.
[WAIT@]A-ah, [DELAY:6]y también puedes quedarte en mi casa a[BR]pasar la noche,[DELAY:6] si así lo deseas, claro.","[@]Videogame?[DELAY] Claro, eu tenho alguns jogos em casa.[WAIT@]Só que são todos para um jogador, [DELAY:6]mas eu não ligo de ficar assistindo.[WAIT@]O-oh, [DELAY:6]e você também pode dormir lá em casa,[DELAY:6][BR]se quiser.","[@]Gry wideo?[DELAY] Pewnie, mam parę w domu.[WAIT@]Wszystkie są tylko na jednego gracza, [DELAY:6]ale mogę po prostu popatrzeć, jak grasz.[WAIT@]W-właśnie, [DELAY:6]możesz też u mnie przenocować,[DELAY:6][BR]jeśli chcesz.","[@]Videospiele?[D] Natürlich habe ich Zuhause welche.[W@]Die sind alle für Einzelspieler, [D:6]aber ich kann auch gerne einfach zuschauen.[W@]Ä-äh, [D:6]und du kannst auch bei mir übernachten,[D:6]\nwenn du willst.","[@]Поиграть в компьютер?[D] Супер, у меня как раз дома есть игры.[W@]Только они все одиночные, [D:6]но я могу просто посидеть рядом.[W@]А ещё... [D:6]ты можешь переночевать у меня,[D:6][BR]если хочешь, конечно.","[@]Компь’ютерні ігри?[DELAY] Звичайно, у мене вони є.
[WAIT@]Вони всі для одного гравця, [DELAY:6]але я не проти просто дивитися.
[WAIT@]І-і ще...[DELAY:10] ти можеш переночувати в мене,[DELAY:6] якщо захочеш.",[@]游戏？[DELAY]当然，我家里有一些。[WAIT@]不过都是单人游戏，[DELAY:6]不过我不介意在旁边看着。[WAIT@]哦对了，[DELAY:6]你要是愿意的话，[DELAY:6]今晚也可以在我家里过夜。
DIALOGUE_MERRYSVILLE_CUTSCENES_EXITTWINKLE_0,[@]A-another?![WAIT@]These missiles from Duncan's Factory just keep getting more frequent...[WAIT@]It sounded like it came from behind the school.,"[@]E-Encore ?![WAIT@]Les missiles de l'usine de Duncan sont de plus en plus fréquents...[WAIT@]Cette fois, on aurait dit que ça venait de derrière l'école.",[@]D-Di nuovo?![WAIT@]Questi missili dalla Fabbrica di Duncan non fanno che aumentare...[WAIT@]Sembra che questo provenisse da dietro la scuola.,[@]ま　またか？[W@]ダンカンからの　ロケットも　こりないもんだな。[W@]がっこうの　うしろから[BR]おとが　きこえたみたい　だけど・・・,[@]ㄸ-또![WAIT@]던컨 공장에서 미사일이 점점 자주 날아오고 있어...[WAIT@]학교 뒤쪽에 떨어진 거 같은데.,[@]¡¿O-otro?![WAIT@]Esos misiles de la Fábrica Duncan cada vez son más frecuentes...[WAIT@]Sonó como si hubiera venido de detrás de la escuela.,"[@]¡¿O-otro?!
[W@]Estos cohetes de la Fábrica Duncan no paran de volverse más frecuentes...
[W@]Parece que el sonido viene de detrás de la esucela.",[@]O-outro?![WAIT@]Esses mísseis da Fábrica Duncan estão ficando cada vez mais frequentes...[WAIT@]Parece que o som veio de trás da escola.,"[@]K-kolejna?![WAIT@]Te rakiety z Fabryki Duncana spadają coraz częściej i częściej...[WAIT@]Ta brzmiała, jak gdyby trafiła w coś za szkołą.","[@]N-Noch eine?![W@]Diese Raketen von Duncans Fabrik werden immer mehr und mehr ...[W@]Es hat sich so angehört, als käme es von hinter der Schule.","[@]Е-ещё одна?![W@]Что-то на заводе Дункана их зачастили запускать...[WAIT@]Кажется, эта ракета прилетела куда-то за школу.","[@]Щ-ще одна?!
[WAIT@]Ці ракети від заводу Дункана прилетають все частіше…
[WAIT@]Здається, вона розбилася десь за школою.",[@]又、又来一发？！[WAIT@]邓肯工厂的这些导弹越来越频繁了…[WAIT@]听起来是从学校后面传来的。
DIALOGUE_MERRYSVILLE_CUTSCENES_TRAINTUNNEL_0,"[@]Hang on, where are we going?[W@]W-what if a train hits us?","[@]Attends, on va où ?[W@]O-On fait quoi si un train arrive ?","[@]Un attimo, dove stiamo andando?[W@]E-E se ci investisse un treno?",[@]あぶない[D:3:3]！！！[W@]い　[D]いのちを　そまつにする　くらいなら[D][BR]つぎの　でんしゃに　[D:3:2]の　のろうよ・・・,"[@]잠깐, 어디로 가는 거야?[W@]열차가 우리를 쳐버리면 어쩌려고?","[@]Un momento, ¿hacia dónde vamos?
[W@]¿Y-y si nos atropella un tren?","[@]Un momento, ¿adónde vamos?
[W@]¿Y-y si nos atropella un tren?","[@]Espera, para onde estamos indo?[W@]E-e se um trem vier por cima da gente?","[@]Chwileczkę, gdzie my idziemy?[W@]A c-co jak nas pociąg przejedzie?","[@]Moment mal, wo gehen wir denn hin?[W@]W-was, wenn ein Zug uns trifft?","[@]Так, стоп, куда мы?[W@]А в-вдруг нас поезд собьёт?","[@]Стривай-но, куди це ми?[W@]А-а якщо нас поїзд зіб'є?",[@]等等，我们要去哪里？[W@]万、万一有火车撞过来怎么办？