key,en,fr,it,ja,ko,es,es_ES,pt_BR,pl,de,ru,uk,zh_CN
DIALOGUE_MERRYSVILLE_ARCADEADDICTKID_0,"[@]I heard that the scary monsters lurking outside our town catch and eat people!
[W@]Tell me, though...[D] Do they take your money, too?
[W@]I could live without a leg, but missing a day at the arcade? Not a chance!
","[@]J'ai entendu dire que les horribles monstres qui rôdent aux abords de la ville attrapent et mangent les gens !
[W@]Mais dis-moi...[D] Est-ce qu'ils prennent aussi ton argent ?
[W@]Je pourrais vivre unijambiste, mais rater un jour à la salle d'arcade ? Pas question !","[@]Ho sentito che i mostri che si aggirano fuori dalla città acciuffano le persone e se le mangiano!
[W@]Però...[D] si prendono anche i nostri soldi?
[W@]Posso anche fare a meno di una gamba, ma un giorno senza la sala giochi? Non se ne parla!
",[@]まちのそとには　コワイばけものが[BR]うようよしてるんだろ。　[W@]おれ　かねとられるんじゃないかと　おもってさ。　[W@]あしなら　いっぽん　うしなったって　いいけど[BR]スロットがなきゃ　いきていけや　しない。[D:6][BR]しんぱい！　,"[@]우리 마을 밖으로 나가면 무서운 괴물들이 사람을 잡아먹는대![W@]그러면 말이야...[D] 돈도 가져가나?[W@]다리는 두 개니까 하나쯤은 사라져도 괜찮지만, 오락실은 하루라도 못 가면 미쳐버릴 거야!","[@]¡He escuchado que los monstruos aterradores merodeando fuera del pueblo atrapan a la gente y se la comen![W@]Pero dime una cosa...[D] ¿También te quitan dinero?[W@]¡Podría vivir sin una pierna, pero ¿perderme un día en las maquinitas? ¡Ni hablar!","[@]¡He oído que hay monstruos que acechan fuera de la ciudad y se comen a la gente![W@]Pero dime...[D], ¿también se llevan tu dinero?[W@]Podría vivir sin una pierna, pero ¿perderme un día en los recreativos? ¡Ni hablar!","[@]Fiquei sabendo que os monstros medonhos fora da cidade devoram pessoas![W@]Mas, me diga...[D] Eles também pegam nosso dinheiro?[W@]Eu até poderia viver sem uma perna, mas perder um dia no fliperama? Tá doido, não compensa!","[@]Słyszałem, że straszne potwory czające się za miastem łapią ludzi i ich pożerają!
[W@]Ale powiedz mi...[D] Czy pieniądze też ci pożerają?
[W@]Bez nogi mogę jakoś żyć, ale spędzić dzień bez salonu gier? Nie ma opcji!","[@]Angeblich sollen diese furchterregenden Monster außerhalb der Stadt Menschen jagen und fressen!
[W@]Aber sag mal ...[D] Nehmen die dir auch deine Kröten?
[W@]Ohne Bein könnte ich leben, aber ein Tag ohne Spielhalle? Niemals!
","[@]Я слышал, за городом бродят страшные чудовища, которые ловят и пожирают людей!
[W@]Скажи...[D] а деньги они тоже отбирают?
[W@]Без ноги-то я бы прожил, а вот без аркадных автоматов... ни за что!..","[@]Я чув, що коло нашого міста блукають жахливі монстри, які ловлять та з'їдають людей!
[W@]Але скажи мені...[D] вони хоча б гроші не відбирають?
[W@]Без ноги я жити зможу, а от не ходити в аркаду? Ні за що!",[@]我听说，潜伏在我们镇外的那些可怕的怪物会抓人吃！[W@]不过，你跟我说…[D]它们还会抢钱吗？[W@]少条腿我还能活，要是少去一天游戏厅？那可不行！
DIALOGUE_MERRYSVILLE_ARCADEADDICTKID_SPEAKER,Jimmy,Jimmy,Jimmy,ジミー,지미,Jimmy,Jimmy,Jimmy,Jimmy,Jimmy,Джимми,Джиммі,吉米
DIALOGUE_MERRYSVILLE_ARGUINGCONSTRUCTIONWORKERS_0,[@]I just don't get it![W@]How can the most profitable factory in the country fire everyone? [D]After all those years?,"[@]C'est incompréhensible !
[W@]Comment l'usine la plus rentable du pays a pu virer tous ses employés ? [D]Surtout après toutes ces années ?","[@]Non lo capisco![W@]Come fa la fabbrica più redditizia del paese a licenziare tutti? [D]Dopo tutto questo tempo, poi?
",[@]わけが　わからねぇよ！[W@]アメリカで　いちばんの　こうじょうが　じゅうぎょういんを　かいこ　するなんて！[D:3][BR]しかも　ひとりのこらず[D:6]　ぜんいん　だ！,[@]정말 이해가 안 돼![W@]국내에서 가장 수익 높은 공장이 어떻게 전 직원을 해고할 수가 있어?[D] 경력도 꽤 있었을 텐데?,"[@]¡Es que no lo entiendo!
[W@]¿Cómo puede la fábrica más productiva del país despedir a toda su plantilla? [D]¿Después de tantos años?","[@]¡Es que no me entra en la cabeza!
[W@]¿Cómo puede la fábrica más productiva del país despedir a toda su plantilla? [D]¿Después de tantos años?",[@]Eu não consigo entender![W@]Como a fábrica mais lucrativa do país resolve demitir todo mundo? [D]E depois de todos esses anos!,[@]Po prostu tego nie czaję![W@]Jak najlepiej zarabiająca fabryka w kraju może tak wszystkich zwolnić? [D]Po tych wszystkich latach?,[@]Ich raffs einfach nicht![W@]Wie kann die profitabelste Fabrik im ganzen Land nur jeden rauswerfen? [D]Nach all den Jahren?,"[@]Где это видано, чтобы самое прибыльное в стране предприятие[D:6] взяло и всех поголовно уволило?! [D][BR]Что вдруг поменялось за столько лет?..","[@]Де це чувано?[W@]Найприбутковіша фабрика в країні,[D:6] а може й на світі,[D:6] звільняє всіх своїх робітників![D] Після стількох років!",[@]我真是搞不懂 ！[W@]全国最赚钱的工厂怎么会把所有人都解雇了？[BR][D]明明都干了那么多年？
DIALOGUE_MERRYSVILLE_ARGUINGCONSTRUCTIONWORKERS_1,"[@]I know this is a bad situation for us all...[D] but at least we got a job here, right?","[@]C'est une mauvaise passe pour nous tous...[D] Mais au moins, ici on a du travail, pas vrai ?","[@]So che è una situazione spiacevole per tutti...[D] ma almeno abbiamo ancora un lavoro qui.
",[@]きもちは　わかるぜ　ブラザー・・・[D][BR]でも　しごとが　あるだけ　マシとでも　おもわないか？,"[@]이건 우리 모두에게 안 좋은 상황이지만...[D] 적어도 우린 여기 일자리를 얻었잖아, 그렇지?","[@]Sé que esta es una situación difícil para todos...[D] pero al menos aquí tenemos trabajo, ¿no?","[@]Sé que esta es una situación difícil para todos...[D] pero al menos aquí tenemos trabajo, ¿no?","[@]Eu sei que a situação não está fácil para ninguém...[D] mas pelo menos conseguimos um trabalho aqui, né?","[@]Wiem, że to dla nas wszystkich słaba sytuacja...[D] ale przynajmniej mamy tu robotę, co nie?","[@]Ich weiß, das ist eine schwierige Situation für uns alle ...[D] aber immerhin haben wir hier noch unseren Job, oder?","[@]Н-да, так себе...[D] Но нас хотя бы здесь на работу взяли.","[@]Знаю, ситуація плачевна...[D] але нас хоч би взяли на роботу сюди.[W@]Це вже щось, правда?",[@]我知道眼下的情况对我们大家都很糟糕…[BR][D]但至少我们在这里还有份工作，对吧？
DIALOGUE_MERRYSVILLE_ARGUINGCONSTRUCTIONWORKERS_2,"[@]Yeah, yeah...[D] Hey,[D:6] wait a minute! [W@]Didn't you use to work with that lunatic?!","[@]Ouais, ouais...[D] Hé,[D:6] mais attends une minute ![W@]Tu travaillais pas avec ce fou, toi ?!","[@]Eh sì...[D] Aspetta,[D:6] aspetta un attimo! [W@]Tu lavoravi con quel pazzo, vero?!
",[@]はいはい・・・って　いわれてもなぁ！[W@]あの　あたまのネジが　はずれた　はかせと　はたらいてた　おまえには　いわれたくないね！,"[@]그래, 그래...[D] 잠시만! [W@]너 그 정신병자랑 같이 일한 적 있어?!","[@]Sí, sí...[D] ¡Eh,[D:6] espera un momento!
[W@]¡¿No eras tú uno de los que trabajaba con ese lunático?!","[@]Ya, ya...[D] ¡Eh,[D:6] un momento!
[W@]¡¿No eras tú uno de los que trabajaba con ese majareta?!","[@]Pois é...[D] Ué,[D:6] mas espera um pouco! [W@]Você não trabalhava com aquele maluco?!","[@]Ta, jasne...[D] Hej,[D:6] chwila moment! [W@]Czy ty nie pracowałeś z tym szaleńcem?!","[@]Jaja ...[D] Hey,[D:6] warte mal kurz! [W@]Hast du nicht mit diesem Wahnsinnigen zusammengearbeitet?!","[@]И на том спасибо...[D] Так,[D:6] стоять! [W@]А ты не работал с тем психом?!","[@]Так, так...[D] Гей,[D:6] зачекай-но![W@]Це хіба не ти працював поруч із тим божевільним?!",[@]是啊…[D:8]嘿，[D:4]等一下！[W@]你以前不是和那个疯子一起工作过吗？！
DIALOGUE_MERRYSVILLE_ARGUINGCONSTRUCTIONWORKERS_3,"[@]I was part of the automation department, yes,[D:6] but I never...","[@]Oui, je faisais partie du service d'automatisation,[D:6] mais je n'ai jamais...
","[@]Ero nel reparto di automazione, sì,[D:6] ma non ci ho mai...
",[@]いや　たしかに　ぼくは　ロボットかいはつ　ぶしょに　いたけどさ・・・。,"[@]난 자동화 부서 소속이었지만,[D:6] 절대 그런...","[@]Era parte del departamento de automatización, sí,[D:6] pero yo nunca...","[@]Bueno, formaba parte del departamento de automatización,[D:6] pero yo no...","[@]Sim, eu era do departamento de automação,[D:6] mas eu nunca...","[@]Byłem częścią zarządu od automatyzacji, to prawda,[D:6] ale nigdy...","[@]Jaaa, ich war zwar Teil der Automatisierungsabteilung,[D:6] aber ich habe nie ...","[@]Ну да, я был в отделе автоматизации,[D:6] но я ни разу...","[@]Я був у відділі автоматізації,[D] але я ніколи не...",[@]没错，我以前确实在自动化部门待过，[BR][D:6]但我从来没有…
DIALOGUE_MERRYSVILLE_ARGUINGCONSTRUCTIONWORKERS_4,"[@]Admit it![D] You gave that poindexter the bright idea to sack everyone, didn't you?!","[@]Avoue ![D] C'est toi qui as donné à cet intello la maline idée de virer tout le monde, pas vrai ?!","[@]Sei stato tu![D] Hai dato tu a quel geniaccio l'idea di lasciare tutti a casa, vero?!
",[@]どうせ　おれたちが　こんな　めに　あってるのは　おまえのせい　なんだろ？！[D][BR]みとめろよ！,"[@]인정할 건 해야지![D] 그 멍청한 박사를 이용해 전 직원 해고를 한 게, 사실 너 아니야?!","[@]¡Admítelo! ¡Tú le diste a ese cerebrito la brillante idea de echarnos a todos, ¿verdad?!","[@]¡Admítelo![D] ¡Fuiste tú quien le dio a ese repelente la maravillosa idea de echar a todo el mundo, ¿a que sí?!","[@]Admita![D] Foi você quem deu a brilhante ideia de botar todo mundo no olho da rua àquele nerd, não foi?!","[@]Przyznaj się![D] Dałeś temu odklejeńcowi cudowny pomysł, by nas wszystkich zwolnił, co?!","[@]Gib's zu![D] Du hast dem Schnösel diese tolle Idee eingepflanzt alle zu feuern, nicht wahr?!",[@]А ну признавайся![D] Это ты подал тому умнику блестящую идею всех уволить?!,"[@]Зізнавайся![D] Це ти підкинув тому науковцю ідею звільнити всіх, га?!",[@]别装了！[D]就是你给那个睿智出的馊主意，[BR]把所有人都解雇了，是不是？！
DIALOGUE_MERRYSVILLE_ARGUINGCONSTRUCTIONWORKERS_5,"[@]Well![D] If I had to work with someone as quick to judge as YOU,[D:6] I'd replace you with a robot too!","[@]Tu sais,[D] si je devais travailler avec quelqu'un qui juge aussi vite que TOI,[D:6] moi aussi je te remplacerais par un robot !","[@]Beh![D] Se dovessi lavorare con uno che salta alle conclusioni così come fai TU,[D:6] anch'io ti rimpiazzerei con un robot!
",[@]なんと　しつれいな！[D][BR]ひとを　きめつける　ヤツは　ロボットにでも　なっちまえ！,"[@]말도 안 되는 말을![D] 내가 만약 너처럼 사람을 쉽게 판단하고 단정 짓는 인간이랑 같이 일해야 했다면,[D:6] 나라도 너 대신 로봇으로 바꿔 버렸겠다!","[@]¡Pues vaya![D] ¡Si tuviera que trabajar con alguien que juzga tan rápido como TÚ,[D:6] también te cambiaría por un robot!","[@]¡Pues mira![D] ¡Si tuviera que trabajar con alguien que juzga tan a la ligera como tú,[D:6] yo también te cambiaría por una máquina!","[@]Ora, essa![D] Se eu tivesse que trabalhar com alguém igual a você, que fica julgando os outros,[D:6] também te trocaria por um robô!","[@]Wiesz co?![D] Gdybym miał pracować z kimś, kto jest taki szybki w osądach jak TY,[D:6] to też bym cię wymienił na robota!","[@]Nun.[D] Wenn ich mit jemandem zusammenarbeiten müsste, der so vorurteilsbehaftet ist wie DU,[D:6] dann würd ich dich auch durch einen Roboter ersetzen wollen!","[@]Ой, знаешь![D] Если бы я работал с таким же недоверчивым человеком, как ТЫ,[D:6] я бы тебя тоже заменил на робота!","[@]Гм! [D]Якби мені довелося працювати з кимось таким же грубим,[D] як ТИ,[D] я би теж замінив всіх на роботів!",[@]好啊！[D]要是得和你这种动辄断章取义的人一起共事，[BR][D:6]那我也宁可把你也换成机器人！
DIALOGUE_MERRYSVILLE_ARGUINGCONSTRUCTIONWORKERS_6,"[@]Oh, yeah?[D] And I'd...[D] I'd...","[@]Ah, ouais ?[D] Et moi je...[D] Je...","[@]Ah sì?[D] E io ti...[D] ti...
",[@]ああ？[D]おまえも・・・[D]おまえが・・・,[@]너 뭐라고?[D] 너 지금...[D] 지금...,"[@]¿Ah, de verdad?[D] Pues yo...[D] Yo...","[@]¿Ah, sí?[D] Pues yo...[D] Yo...","[@]Ah, é, é?[D] E eu...[D] E eu...",[@]Ta?[D] A ja bym...[D] bym...,[@]Ach ja??[D] Und ich würde ...[D] Ich würde ...,"[@]Вот как, значит?[D] Да я...[D] Да я!..","[@]Ах, так?![D] Та я...[D] я...",[@]哦，是吗？[DELAY:8]那我…[DELAY]我就…
DIALOGUE_MERRYSVILLE_ARGUINGCONSTRUCTIONWORKERS_7,"[@]Hey,[D:6] this is grown-up talk, kid![W@][FASTER]Get lost![DELAY:12] Railway's closed![/FASTER]","[@]Hé,[D:6] on parle entre adultes, petit !
[W@][FASTER]Fous le camp ![DELAY:12] La voie est fermée ![/FASTER]
","[@]Ehi, ragazzino,[D:6] questi sono discorsi da adulti![W@][FASTER]Smamma![DELAY:12] La ferrovia è chiusa![/FASTER]
",[@]こらっ[D:6]　おとなの　かいわを　じゃまするな！[W@][FASTER]きしゃは　つうこうどめだ！[D:12]とっとと　うせろ！[/FASTER],"[@]꼬맹이,[D:6] 어른들의 이야기에 끼어들지 마![W@][FASTER]꺼져![DELAY:12] 철길은 폐쇄됐어![/FASTER]","[@]¡Oye,[D:6]  esta es una conversación de adultos, niño![W@][FASTER]¡Lárgate de aquí![DELAY:12] ¡La vía esta cerrada![/FASTER]","[@]¡Oye,[D:6] esta es una conversación de adultos!
[W@][FASTER]¡Lárgate![DELAY:12] ¡La vía está cerrada![/FASTER]","[@]Ei,[D:6] isso é conversa de adulto, moleque![W@][FASTER]Se manda![DELAY:12] A ferrovia está fechada![/FASTER]","[@]Hej,[D:6] dzieciaku, dorośli tu rozmawiają![W@][FASTER]Spadaj![DELAY:12] Kolej jest nieczynna![/FASTER]","[@]Hey,[D:6] das ist ein Gespräch für Erwachsene, Kleiner![W@][FASTER]Hau ab![DELAY:12] Der Bahnbetrieb ist eingestellt![/FASTER]","[@]Эй, пацан, [D:6]чего уши греешь?![D:6] Тут взрослые разговаривают![W@][FASTER]Марш отсюда![DELAY:12] Железная дорога закрыта![/FASTER]","[@]Гей, пацан,[D:6] тут дорослі розмовляють!
[W@][FASTER]А-ну киш звідси![DELAY:12] Залізниця зачинена!",[@]喂，[D:6]小鬼，大人们正在谈正事！[W@][FASTER]快走开！[DELAY:12]现在铁路已经关闭了！[/FASTER]
DIALOGUE_MERRYSVILLE_ARGUINGCONSTRUCTIONWORKERSPOST2_0,"[@]While Dr. Distorto was the brains behind the inventions,[D] there's a reason why Mr. Duncan was the one all over the newspapers.
[W@]Without Duncan's business smarts,[D] Distorto's totally helpless.
[W@]After all, what good is an engineer without a marketer by his side?","[@]Bien que le Dʳ Distorto ait été le cerveau,[D] il y a une raison pour laquelle M. Duncan était celui à la une des journaux.
[W@]Sans le sens des affaires de Duncan,[D] Distorto ne peut rien faire.
[W@]Après tout, à quoi sert un ingénieur sans un marketeux à ses côtés ?","[@]Il Dr. Distorto sarà anche stato la mente,[D] ma c'è un motivo se era il Sig. Duncan quello sui giornali.
[W@]Senza il fiuto per gli affari del Sig. Duncan,[D] Distorto non sa che pesci pigliare.
[W@]Che te ne fai di un buon ingegnere senza qualcuno che gli faccia promozione?",[@]ゆがみはかせは　たしかに　てんさいだが[BR][D]ダンカンのやつが　いなければ　だれも　ちゅうもくすることは　なかっただろう。[W@]しんぶんに　のっていたのも　すべて[BR]ダンカンの　しゃしん　だったしな。[W@]いくら　かしこくても　それを　ひろめる　ビジネスマンが　そばにいなくちゃねぇ。,"[@]디스토르토 박사가 발명 쪽에서 두각을 보였다면,[D] 신문에 늘 이름이 오르내리던 건 던컨 씨였지.[W@]던컨의 사업 감각이 없었으면,[D] 디스토르토도 스쳐 가는 괴짜 중 하나였겠지.[W@]결국 마케터 없는 엔지니어가 무슨 소용이냐는 거야?","[@]Si bien el Dr. Distorto era el genio detrás de los inventos,[D] hay una razón por la que el Sr. Duncan era el que salía en todos los periódicos.
[W@]Sin la inteligencia empresarial de Duncan,[D] Distorto está totalmente indefenso.
[W@]Después de todo, ¿de qué sirve un buen ingeniero sin un experto en marketing a su lado?","[@]Aunque el Dr. Distorto era el cerebro detrás de los inventos,[D] hay una razón por la que el señor Duncan[BR]era el que salía en todos los periódicos.
[W@]Sin la visión comercial de Duncan,[D] Distorto es completamente inútil.
[W@]Después de todo, ¿de qué sirve un ingeniero sin un experto en marketing a su lado?","[@]Sabe por que o Sr. Duncan era quem aparecia nos jornais,[D] mesmo que a mente por trás das invenções fosse o Dr. Distorto?[W@]Sem a visão de negócios do Duncan,[D] o Distorto não seria nada.[W@]Afinal de contas, o que é um bom engenheiro sem um marketeiro do lado?","[@]Mimo, że to Dr Distorto był twórcą tych wszystkich wynalazków,[D] jest powód, dla którego w gazetach trąbili tylko o Panu Duncanie.
[W@]Bez smykałki do interesów Duncana,[D] Distorto jest zupełnie nieporadny.
[W@]W końcu, kim jest inżynier bez wspierającego go marketingowca?","[@]Während Dr. Carigali der Kopf hinter den Erfindungen war,[D] gab es einen Grund, wieso nur Mr. Duncan in den ganzen Zeitungen war.[W@]Ohne Duncans Wirtschaftsweisungen[D] wäre Carigali völlig hilflos.[W@]Was bringt schließlich ein guter Ingenieur ohne einen Vermarkter an seiner Seite?","[@]Хоть доктор Деформо и был гениальным изобретателем,[D] но в газетах всегда красовался именно мистер Дункан,[D] и этому есть причина.
[W@]Не будь он умелым бизнесменом,[D] Деформо один точно не справился бы.
[W@]Хорошему инженеру не обойтись без маркетолога!","[@]Хоча доктор Деформо був творцем усіх тих винаходів,[D] не просто так лише містер Дункан показувався на газетах.[W@]Без підприємницьких навичок Дункана,[D] Деформо зовсім безпорадний.[W@]Зрештою, що може інженер без хорошого маркетолога?",[@]虽然扭曲特博士是那些发明背后的智囊，[DELAY]但邓肯先生能登上报纸头条是有原因的。[WAIT@]没有邓肯的商业头脑，[DELAY]扭曲特根本玩不转。[WAIT@]说到底，一个工程师身边要是没有个搞营销的，[DELAY:4]光有发明又有什么用呢？
DIALOGUE_MERRYSVILLE_ARGUINGCONSTRUCTIONWORKERSPOST1_0,"[@]Even if Duncan's Factory begins hiring again, you wouldn't catch me dead in there!
[W@]Ever since the boss died, it all went downhill.
[W@]Say what you want about that corporate fatcat, but he was a better businessman than Dr. Distorto!","[@]Même si l'usine de Duncan se remettait à embaucher, je n'y retournerais pas, même pour tout l'or du monde !
[W@]Depuis que le patron est mort, tout est parti en vrille.
[W@]On peut dire ce qu'on veut de ce gros bonnet, mais c'était un meilleur homme d'affaires que le Dʳ Distorto !","[@]Anche se la Fabbrica di Duncan tornasse ad assumere personale, col cavolo che ci torno!
[W@]È andato tutto a rotoli da quando è morto il capo.
[W@]Sarà anche stato un grassone capitalista, ma sapeva fare affari meglio di Distorto!",[@]たとえ　また　じゅうぎょういんを[BR]やといはじめても　ダンカンこうじょうに[BR]もどる　つもりは　ないね。[W@]しゃちょうの　ダンカンさんが　なくなってから　ずっと　わるいこと　ばかりさ。[W@]かねに　めがない　ふとっちょ　だったが[BR]あの　はかせよりは　マシだったなぁ。,"[@]설령 던컨 공장이 다시 사람을 뽑는다고 해도, 나라면 절대 발도 들이지 않았을 거야![W@]사장이 죽은 이후로 완전히 망가졌지.[W@]그 자본가를 뭐라고 하든 간에야, 디스토르토보다 장시는 훨씬 잘했어!","[@]Incluso si la Fábrica Duncan volviese a contratar, ¡no vuelvo ahí ni muerto!
[W@]Desde que el jefe murió, todo se fue al desagüe.
[W@]Di lo que quieras del pez gordo, ¡pero era mucho mejor empresario que el Dr. Distorto!","[@]Incluso si la Fábrica Duncan volviese a contratar, ¡no vuelvo ahí ni muerto!
[W@]Desde que el jefe murió, todo se fue al garete.
[W@]Di lo que quieras del pez gordo ese, ¡pero era mucho mejor hombre de negocios que el Dr. Distorto!","[@]Mesmo que a Fábrica Duncan comece a contratar novamente, eu não piso lá nem morto![W@]Desde que o chefe faleceu, tudo foi ladeira abaixo.[W@]Diga o que quiser daquele burguês safado, mas ele entendia muito mais de negócios que o Dr. Distorto!","[@]Nawet jeżeli Fabryka Duncana znowu zacznie zatrudniać, za nic tam nie wracam!
[W@]Od kiedy szef zmarł, wszystko trafił szlag.
[W@]Mów co chcesz o tym kapitaliście, ale był z niego dużo lepszy biznesmen, niż z Doktora Distorto!","[@]Auch wenn Duncans Fabrik wieder Leute einstellen würde, würde ich im Leben nicht dort arbeiten wollen![W@]Seit der Chef gestorben ist, geht's dort nur noch bergab.[W@]Sag, was du willst über diesen Firmen-Großkotz, aber er war ein besserer Geschäftsmann als Dr. Carigali!","[@]Даже если Дункановский завод и начнёт опять набирать людей на работу,[D:6] я туда ни ногой!
[W@]Когда умер глава компании, у них всё пошло наперекосяк.
[W@]На того упитанного капиталиста можно много возмущаться, но бизнесом он распоряжался явно лучше!","[@]Навіть якщо завод Дункана знову почне найм, і ноги моєї там не буде!
[W@]Відколи начальник помер, все полетіло під укіс.
[W@]Кажіть що завгодно про того роздутого олігарха,[D] але він був набагато кращим бізнесменом, ніж доктор Деформо!",[@]就算邓肯工厂重新招人，我死也不会再踏进去一步！[W@]自从老板死亡之后，那里就一路下坡。[W@]随你怎么说那个大腹便便的企业老板吧，[D:4]他做生意可比扭曲特博士强多了！
DIALOGUE_MERRYSVILLE_ARGUINGCONSTRUCTIONWORKERS0_SPEAKER,Cole,Cole,Cole,コール,콜,Cole,Cole,Cole,Cole,Cole,Коул,Коул,科尔
DIALOGUE_MERRYSVILLE_ARGUINGCONSTRUCTIONWORKERS1_SPEAKER,Jay,Jay,Jay,ジェイ,제이,Jay,Jay,Jay,Jay,Jay ,Джей,Джей,杰伊
DIALOGUE_MERRYSVILLE_BAKERY_CAT_0,[@]Meoww.,[@]Miaou.,[@]Miaoo.,[@]ニャー,[@]야오옹.,[@]Miauu.,[@]Miauu.,[@]Miauu.,[@]Miaał.,[@]Miauu.,[@]Мя-я-яу.,[@]Нявв.,[@]喵呜。
DIALOGUE_MERRYSVILLE_BAKERY_CAT_SPEAKER,Jiji,Jiji,Jiji,ジージ,지지,Jiji,Jiji,Jiji,Jiji,Jiji,Зизи,Джіджі,吉吉
DIALOGUE_MERRYSVILLE_BAKERY_CAT_THOUGHTS_0,"[@](All of these treats look delicious, but the baker doesn't let me eat even a single one...)
[W@](She says that ""cats aren't allowed in the kitchen."")
[W@](I was a bit depressed, but I’m fine.)","[@](Toutes ces friandises m'ont l'air délicieuses, mais la boulangère ne me laisse rien manger...)
[W@](Elle dit que «les chats n'ont rien à faire dans la cuisine.»)
[W@](La vie n'est pas facile tout les jours, mais ça va aller.)","[@](Tutte queste leccornie, e non me ne fanno mangiare neanche una...)
[W@](Sempre con quel ""i gatti non possono stare in cucina."")
[W@](Ero un po' giù, ma sto bene.)
",[@]（おかしは　おいしそうだけど　てんちょうが　ケチでくれません。[W@]ねこは　キッチンでいりきんし　だそうです。[W@]おちこんだりもしたけれど　いまは　へいきです。）,"[@](여기있는 모든 간식이 맛있어 보이지만, 제빵사가 입에 가까이도 못 대게 해...)[W@](""고양이는 주방에 들어가면 안 돼""라고 하면서...)[W@](약간 우울했지만, 괜찮아.)","[@](Todos los postres se ven deliciosos, pero la señora no me deja comer ni uno solo...)
[W@](Dice que “no se permiten gatos en la cocina”.)
[W@](Estaba un poco depre, pero ya estoy bien.)","[@](Todas estas delicias tienen una pinta increíble, pero la panadera no me deja probar ni una...)
[W@](Dice que «los gatos no pueden entrar a la cocina»).
[W@](Estaba un poco depre, pero ya estoy bien).","[@](Todos esses docinhos parecem deliciosos, mas a padeira não me deixa comer nenhum...)[W@](Ela diz que ""lugar de gato não é na cozinha"".)[W@](Eu fiquei bem deprimido, mas já passou.)","[@](Te wszystkie smakołyki wyglądają przepysznie, ale piekarka nie pozwala mi zjeść nawet jednego...)
[W@](Mówi, że ""kotom nie wolno wchodzić do kuchni."")
[W@](Było mi smutno, ale już mi przeszło.)","[@](All diese Leckereien sehen so köstlich aus, aber die Bäckerin lässt mich nicht eine einzige essen ...) [W@](Sie sagt, dass „Katzen in der Küche nichts zu suchen haben“.)
[W@](Ich habs zwar manchmal nicht ganz einfach, aber ich liebe diese Stadt sehr.)","[@](Тут всё такое аппетитное — а пекарь мне и крохи не подаст...)
[W@](Она говорит, котам не место на кухне.)
[W@](Сначала было неприятно, но я привык.)","[@](Тут усе виглядає так смачно, але пекар не дозволяє мені з'їсти навіть одну булочку...)
[W@](Каже, мовляв, «котам на кухню не дозволено».)
[W@](Я був сумним, але зараз мені добре.)",[@]（这些点心看着都好好吃。）[W@]（可面包师连一个都不让我吃…）[W@]（她说“猫咪不准进厨房”。）[W@]（我有点沮丧，不过没关系。）
DIALOGUE_MERRYSVILLE_BAKERY_CAT_THOUGHTS_SPEAKER,Jiji,Jiji,Jiji,ジージ,지지,Jiji,Jiji,Jiji,Jiji,Jiji,Зизи,Джіджі,吉吉
DIALOGUE_MERRYSVILLE_BAKERYLADY_0,"[@]Hello! Would you like to take a look at our catalog?
","[@]Bonjour ! Voulez-vous jeter un œil à notre catalogue ?

","[@]Salve! Vuoi dare un'occhiata al nostro catalogo?
",[@]いらっしゃいませー！[BR]なにか　いるかい？,[@]어서 오세요! 메뉴판 한번 보시겠어요?,[@]¡Hola! ¿Quieres echarle un vistazo a nuestro catálogo?,[@]¡Hola! ¿Quieres echarle un vistazo a nuestro catálogo?,[@]Olá! Gostaria de dar uma olhada no nosso catálogo?,[@]Cześć! Chciałbyś rzucić okiem na nasz katalog?,[@]Hallo! Möchtest du unser Angebot ansehen?,[@]Здравствуйте! Вот наше меню!,[@]Добрий день! Чи не хотіли б подивитися на наш каталог?,[@]您好！要看看我们的目录吗？
DIALOGUE_MERRYSVILLE_BAKERYLADY_1,[@]Thank you for coming!,[@]Merci de votre visite !,[@]Grazie e alla prossima!,[@]ありがとうね！またいらっしゃい！,[@]와줘서 고마워요!,[@]¡Gracias por venir!,[@]¡Gracias por venir!,[@]Obrigada pela visita!,"[@]Dzięki, że wpadłeś!",[@]Vielen Dank fürs Kommen!,"[@]Спасибо, приходите ещё!","[@]Дякую, що завітали!",[@]感谢您的光临！
DIALOGUE_MERRYSVILLE_BAKERYLADY_SPEAKER,Osono,Osono,Osono,ソノ,오소노,Osono,Osono,Osono,Osono,Osono,Осоно,Осоно,奥索诺
DIALOGUE_MERRYSVILLE_CONSTRUCTIONWORKER1_0,"[@]Woah, what are you doing here?
[W@]The bridge got blown up by one of the rockets from Duncan's!
[W@]Nobody is allowed near it until it's fixed.
[W@]If you really need to get to the other side,[D:6] try the caves over there.
[W@]Can barely see a thing in them, though.","[@]Wow, qu'est-ce que tu fais ici?
[W@]Le pont a été détruit par une des roquettes de chez Duncan !
[W@]Personne n'a le droit de s'approcher tant qu'on n'a pas réparé ça.
[W@]Si tu as vraiment besoin d'aller de l'autre côté,[D:6] essaie de passer par la grotte.
[W@]Par contre, on voit presque rien là-dedans.","[@]Ehi, che ci fai qui?
[W@]Il ponte è fuori uso per colpa di un razzo di Duncan!
[W@]L'accesso è vietato finché non viene sistemato.
[W@]Se hai proprio bisogno di andare di là,[D:6] prova per quelle caverne.
[W@]C'è un buio pesto lì dentro, però.
",[@]そこの　あんちゃん　どないしたもんかね？[W@]この　はしは　ダンカンこうじょうの[BR]ロケットで　はかいされただよ。[BR]なおるまで　ちかづくんじゃない。[W@]ほんとうに　どうしても　むこうがわに　いくなら　どうくつを　ためしてみるんだね。[W@]なかは　くらやみだから　きをつけるだよ。,"[@]여기서 뭐 하는 거야?[W@]던컨 공장에서 날아온 로켓 때문에 다리가 반파됐어![W@]다시 복구할 때까지는 근처에 아무도 지나갈 수 없어.[W@]꼭 반대편으로 가야 하면,[D:6]저쪽 동굴을 통해 지나가.[W@]문제가 있다면 바로 앞도 안 보일 정도로 깜깜하더라.","[@]Oye, ¿pero qué haces aquí?
[W@]¡El puente fue derrumbado por uno de los cohetes de Duncan!
[W@]Nadie tiene permitido acercarse hasta que se arregle.
[W@]Si de verdad quieres pasar al otro lado, prueba pasar por las cuevas que están por ahí.
[W@]Solo ten cuidado, casi no se puede ver dentro de ellas.","[@]¡Eh! ¿Qué haces por aquí?
[W@]¡Uno de los cohetes de Duncan se ha cargado el puente!
[W@]Nadie puede pasar hasta que lo arreglemos.
[W@]Si de verdad necesitas pasar al otro lado,[D:6] intenta ir por las cuevas de ahí.
[W@]Aunque allí dentro no se ve un pimiento.","[@]Opa, o que você está fazendo aqui?[W@]A ponte foi destruída por um daqueles foguetes da Duncan![W@]Ninguém pode chegar perto até consertar.[W@]Se você quer tanto ir para o lado de lá,[D:6] por que não tenta pelas cavernas?[W@]Só que não dá para enxergar nada dentro delas.","[@]Ło cię, co ty tutaj robisz?
[W@]Jedna z rakiet Duncana rozwaliła most!
[W@]Nikt nie może się do niego zbliżać, dopóki nie będzie naprawiony.
[W@]Jeżeli naprawdę musisz się dostać na drugą stronę,[D:6] spróbuj przez tamte jaskinie.
[W@]Chociaż ledwo co w nich widać.","[@]Boah, was [if party:plural]macht ihr[else]machst du[/if] da?[W@]Die Brücke wurde mit einer dieser Raketen von Duncan gesprengt![W@]Niemand darf zur Brücke, bis sie repariert ist.[W@]Wenn [if party:plural]ihr[else]du[/if] wirklich auf die andere Seite [if party:plural]müsst[else]musst[/if],[D:6] versuche es mit der Höhle da drüben.[W@]Man kann nur kaum was da drin sehen.","[@]Так, а [if party:plural]вы[else]ты[/if] что здесь делае[if party:plural]те[else]шь[/if]?
[W@]Мост подорвала одна из Дункановских ракет.
[W@]Здесь никому ходить не разрешено!
[W@]Если очень надо на другую сторону,[D:4] може[if party:plural]те[else]шь[/if][BR]добраться через пещеру.
[W@]Только там не видно ни шиша...","[@]Стривай, що ти тут робиш?[W@]Міст розірвало однією з ракет Дункана![W@]Нікому не можна підходити сюди, поки йде ремонт.[W@]Якщо тобі дуже треба піти на іншу сторону,[D:6] можеш спробувати пройти через ті печери.[W@]Тільки темрява там непроглядна.",[@]哇，你在这儿干嘛呢？[W@]桥被邓肯的火箭给炸了！[W@]修好之前谁也不许靠近。[W@]你要是真想去对面，[D:6]就去试试那边的山洞吧。[W@]不过里面几乎什么也看不见。
DIALOGUE_MERRYSVILLE_CONSTRUCTIONWORKER1_SPEAKER,Jay,Jay,Jay,ジェイ,제이,Jay,Jay,Jay,Jay,Jay,Джей,Джей,杰伊
DIALOGUE_MERRYSVILLE_CONSTRUCTIONWORKER2_0,"[@]Huff, huff...[D] Hey, buzz off,[D:6] I'm working here!
[W@]I mean...[D:6] I'm working out![D] Can't start fixin' the bridge without getting my cardio in!
[W@]Not like I have to hurry anyway,[D:6] huff, huff...[D][BR]I'm paid by the hour!","[@]Huff, huff...[D] Hé, dégage de là,[D:6] il y en a qui travaillent ici !
[W@]Je veux dire...[D:6] Je travaille mes muscles ¦[D] Je ne peux pas commencer à réparer le pont sans ma séance de cardio ¦
[W@]J'ai pas à me presser, de toute façon,[D:6] huff, huff...[D][BR]Je suis payé à l'heure ¦","[@]Uff, uff...[D] ehi, sparisci,[D:6] sono impegnato!
[W@]Cioè...[D:6] mi sto allenando![D] Non posso sistemare il ponte senza un po' di cardio!
[W@]Non che debba sbrigarmi,[D:6] uff, uff...[D][BR]mi pagano all'ora!
",[@]ハーッ　ハーッ[D][BR]じゃまするな！[D:6]こちとら　しごとちゅうさ！[W@]きんにくトレーニングの　どこが　しごとだって？[D:6][BR]とんでもない！きんにく　なくして[BR]はしは　つくれない　からね！[W@]どうせ　きゅうりょうは　じきゅうせい　なんだ。[D][BR]いそぐこたぁ　ないさ！[D:6][BR]ハーッ　ハーッ,"[@]헉, 헉...[D] 야, 저기로 가,[D:6] 지금 일하는 거 안 보여?[W@]아니...[D:6] 운동 중인 거 안 보여![D] 다리 고치려면 유산소부터 해야 한다고![W@]어차피 급할 것도 없고...[D:6] 헉, 헉...[D][BR]어짜피 난 시급이거든!","[@]Uf, uf...[D] ¡Oye, largo![D:6] ¡No ves que estoy trabajando!
[W@]Digo...[D:6] ¡estoy calentando![D] ¡No se puede empezar a reparar un puente sin hacer cardio antes!
[W@]Igual no es como que tenga prisa,[D:6] uf, uf...[D][BR]¡Cobro por hora!","[@]Uf, uf...[D] ¡Eh, lárgate![D:6] ¡Estoy trabajando!
[W@]O sea...[D:6] ¡trabajando los músculos![D] ¡No puedo empezar a reparar el puente sin antes hacer cardio!
[W@]Aunque tampoco es que tenga prisa,[D:6] uf, uf...[D][BR]¡Cobro por la hora!","[@]Arf, arf...[D] Ei, chega para lá,[D:6] estou ocupado![W@]Trabalhando?[D:6] Não, eu estou malhando![W@]Não dá para começar a consertar a ponte sem antes fazer o meu cardio![W@]Além disso, eu não preciso ter pressa,[D:6] arf, arf...[D][BR]Eu sou pago por hora!","[@]Uff, uff...[D] Ej, spadaj,[D:6] tu się pracuje!
[W@]To jest...[D:6] gimnastykuje![D] Nie mogę naprawiać mostu bez zrobienia sobie cardio!
[W@]I tak nie mam co się śpieszyć,[D:6] uff, uff...[D][BR]Płacą mi za godzinę!","[@]Huff, huff ...[D] Hey, verzieh[if party:plural]t euch[else] dich[/if],[D:6] ich arbeite hier![W@]Ich meine ...[D:6] ich arbeite an meinen Muskeln![D] Kann nicht anfangen, die Brücke zu reparieren ohne mein Kardio in Form zu bringen![W@]Es ist ja nicht so, als wäre es eilig,[D:6] huff, huff ...[D][BR]Ich werde ja pro Stunde bezahlt!","[@]Ух, фух...[D] Не мешай[if party:plural]те[/if],[D:6] я важным делом занимаюсь!
[W@]Ну...[D:6] зарядкой![D] Не смогу же я мост чинить не размявшись!
[W@]Да и спешить мне некуда,[D:6] фух, фух...[D] мне тут[BR]платят за часы!","[@]Ух, фух...[D] Гей, ну-мо геть звідси![D] Я тут працюю!
[W@]...над своїми м'язами![D] Як я можу почати ремонтувати міст, не привівши себе у форму?
[W@]Та й поспішати мені нікуди,[D:6] фух, фух...[D] мені платять погодинно!",[@]呼，呼…[D]嘿，闪一边去，[D:6]我正干活呢！[W@]我是说…[D:6]我正锻炼呢！[D]不先练练心肺可没法修桥！[W@]反正我也不用着急，[D:6]呼，呼…[D]我可是按小时算钱的！
DIALOGUE_MERRYSVILLE_CONSTRUCTIONWORKER2_SPEAKER,Bob,Bob,Bob,ボブ,밥,Bob,Bob,Bob,Bob,Bobby,Боб,Боб,鲍勃
DIALOGUE_MERRYSVILLE_DUNCANSBURGLAR_0,"[@]Psst...[D] I stole something really cool from Duncan's Factory.[D:6] Wanna see it?
[W@]It's a battery!
[W@]I know, I'm a terrible burglar, but it's better than nothing, right?
","[@]Psst...[D] J'ai volé un truc génial à l'usine de Duncan.[D:6]
Tu veux voir ?
[W@]C'est une batterie ¦
[W@]Je sais, c'est amateur comme vol, mais c'est mieux que rien, non ?
","[@]Psst...[D] Ho rubato una cosa super figa dalla Fabbrica di Duncan.[D:6] Vuoi vedere?
[W@]È una batteria!
[W@]Lo so, sono una frana come ladro, ma è meglio di niente!

",[@]シーッ！[D]きたの　ダンカンだいこうじょうから　イカしたものを　かっぱらってきたんだ。[W@]みてみろ！　[D:6]バッテリーさ！[W@]・・・しょぼいものだから　おこられないだろう。,"[@]쉿...[D]내가 저 던컨 공장에서 아주 멋진 무언갈 훔쳐왔어.[D:6] 한번 볼래?[W@]배터리야![W@]그래, 나도 내가 최악의 좀도둑이라 불릴 만하지. 근데 아무런 칭호도 없는 것보단 낫잖아?","[@]Psst...[D] Me robé algo genial de la Fábrica Duncan.[D:6] ¿Lo quieres ver?
[W@]¡Es una batería!
[W@]Sí, lo sé, soy un ladrón terrible, pero peor es nada, ¿no crees?","[@]Psst...[D] He robado algo chulísimo de la Fábrica Duncan.[D:6] ¿Quieres verlo?
[W@]¡Es una pila!
[W@]Ya lo sé, soy un ladrón de pacotilla, pero menos da una piedra, ¿no?","[@]Ei, psiu...[D] Eu roubei uma coisa maneira da Fábrica Duncan.[D:6] Quer ver?[W@]É uma pilha![W@]Tá, eu sei, sou um ladrão mixuruca, mas isso já é melhor do que nada, né?","[@]Psst...[D] Ukradłem coś bardzo fajnego z Fabryki Duncana.[D:6] Chcesz zobaczyć?
[W@]To bateria!
[W@]Wiem, lichy ze mnie włamywacz, ale lepszy rydz niż nic, co nie?","[@]Psst...[D] Ich hab gerade was richtig Cooles aus der Duncan-Fabrik geklaut.[D:6] Willste sehen, was es ist?
[W@]Es ist 'ne Batterie!
[W@]Ich weiß, ich bin ein schlechter Dieb, aber ist besser als nichts, nicht wahr?","[@]Пс-с...[D] Я тут спёр одну вещицу с завода Дункана.[D:4] Показать?
[W@]Вот! Батарейка!
[W@]Ну да, вор из меня так себе,[D:4] но я учусь.","[@]Пс-с...[D] Я вкрав дещо круте із заводу Дункана.[D:6]Хочеш побачити?[W@]Це батарейка![W@]Знаю, так собі з мене крадій, але й що з того?",[@]嘘…[D]我从邓肯工厂偷了个超酷的东西，[D:6]想看吗？[W@]是块电池！[W@]我知道，我这小偷当得不咋样，但总比什么都没有强，你说是吧？
DIALOGUE_MERRYSVILLE_DUNCANSBURGLAR_SPEAKER,Simon,Simon,Simon,サイモン,시몬,Simon,Simon,Simon,Simon,Simon,Саймон,Саймон,西蒙
DIALOGUE_MERRYSVILLE_DUNCANSTRIPJOINT_0,"[@]Duncan Enterprises plans to build a...[D] “gentlemen's club” here, as they call it. 
[W@]We all know it's a strip-joint, though.[W@]And nobody's happy about it!
","[@]L'entreprise Duncan prévoit de construire un....[D]« club de gentlemen » ici, comme ils disent.
[W@]Mais tout le monde sait que c'est un cabaret de strip-tease.[W@]Et ça plaît à personne !","[@]La Duncan Enterprises qui costruirà un cosiddetto...[D] “club per gentiluomini”. 
[W@]Però abbiamo capito tutti che è uno strip club.[W@]E non fa piacere a nessuno!

",[@]ここに　ダンカンしゃが　「れいのみせ」を　つくろうとしているの。　[W@]ま　どうせ　ストリップげきじょう　だろうけどね。[W@]わたしは　だいはんたい！　,[@]던컨 엔터프라이즈 이곳에...[WAIT] “신사들의 클럽” 을 만들 거라나 뭐라나.[W@]물론 그게 스트립 클럽이라는 건 모두가 아는 사실이지.[W@]그리고 그걸 반기는 사람은 아무도 없을 거고!,"[@]Las empresas Duncan planean construir un...[D] “club para caballeros”, como le dicen ellos.
[W@]Sin embargo, todos sabemos que es un club de estriptis.
[W@]¡Y nadie está contento con esto!","[@]La empresa de Duncan planea construir aquí un...[D][BR]«club de caballeros», así lo llaman ellos.
[W@]Aunque todos sabemos que es un estriptis,[W@]¡y a nadie le hace ni pizca de gracia!","[@]A Duncan S.A. planeja construir aqui um...[D] “clube para cavalheiros”, que é como chamaram.[W@]Mas todo mundo sabe que é um clube de striptease.[W@]E ninguém está feliz com isso!","[@]Zakłady Duncan chcą tu postawić, jak to mówią...[D] ""klub dżentelmenów"". 
[W@]Ale wszyscy wiemy, że chodzi im o striptiz.[W@]I wcale się nam to nie podoba!","[@]Duncan Enterprises plant hier eine, wie sie es nennen ...[D] exklusive „Herren-Lounge“ zu errichten. 
[W@]Aber wir wissen alle, dass es sich um einen Stripclub handelt.[W@]Und niemand ist glücklich darüber!","[@]Компания Дункана собирается построить здесь...[D] «джентльменский клуб», или как его там. 
[W@]Хотя всем понятно, что здесь будет стрип-клуб.[W@]И никого это, разумеется, не устраивает!","[@]Компанія Дункана планує збудувати тут...[D] «джентльменський клуб», як вони його називають.
[W@]Але всі ми знаємо, що це буде стриптиз-бар.[W@]І нікого з нас це не влаштовує!",[@]邓肯企业计划在这里建一个…[D]所谓的“绅士俱乐部”。[W@]不过我们都知道那其实是个脱衣舞场所。[W@]而且谁都不乐意这事儿！
DIALOGUE_MERRYSVILLE_DUNCANSTRIPJOINT_SPEAKER,Charlotte,Charlotte,Charlotte,シャロエッテ,샤를로테,Charlotte,Charlotte,Charlotte,Charlotte,Charlotte,Шарлотта,Шарлотта,夏洛特
DIALOGUE_MERRYSVILLE_FRANKLINBADGE_0,"[@]That looks way too dangerous...[W@][Ninten], why don't you try pulling it out instead?","[@]Ça m'a l'air beaucoup trop dangereux...[W@]Dis [Ninten], tu pourrais le tirer à ma place ?","[@]Sembra molto pericoloso...[W@][Ninten], perché non provi a prenderla tu?
",[@]なんだか　きけんな　よかんがするな・・・。[W@][NINTEN]　かわりに　[BR]ひっぱって　くれないか？,"[@]너무 위험해 보이는데...[W@][Ninten], 네가 뽑아보는 거 어때?","[@]Eso se ve demasiado peligroso...[W@][Ninten], ¿por qué no lo intentas sacar tú?","[@]Eso parece demasiado peligroso...
[W@][Ninten], ¿por qué no intentas sacarlo tú?","[@]Isso parece muito perigoso...[W@][Ninten], por que não tenta puxar?","[@]To wygląda na zbyt niebezpieczne...[W@][Ninten], może ty spróbujesz ją wyciągnąć?","[@]Das sieht viel zu gefährlich aus ...[W@][Ninten], warum ziehst du ihn nicht lieber raus?","[@]Выглядит как-то небезопасно...[W@][Ninten], может, ты сам выдернешь?","[@]Ц-це виглядає небезпечно...[W@][Ninten], а чому б тобі не спробувати витягнути його?",[@]那看起来也太危险了…[W@][Ninten]，要不你试试把它拔出来？
DIALOGUE_MERRYSVILLE_FRANKLINBADGE_1,"[@]Something tells me it would be a bad idea to touch that.[W@]Feel free to do it if you want, [Ninten].","[@]Quelque chose me dit qu'on ne devrait pas toucher à ça.[W@]Cependant, n'hésite pas à essayer, [Ninten].","[@]Sento che sarebbe meglio starne alla larga.[W@]Se vuoi avvicinartici fai pure, [Ninten].
",[@]さわると　あやしい　よかんがするわ・・・。[W@][Ninten]　やってみたら　どう？,"[@]왠지 저걸 만지는 건 별로 좋은 생각이 아닌 거 같아.[W@]그래도 [Ninten], 네가 하고 싶다면 말리진 않을게.","[@]Algo me dice que sería mala idea el tocar eso.[W@]Hazlo tú si quieres, [Ninten].","[@]No creo que sea buena idea tocar eso.
[W@]Aunque puedes probar si te hace ilusión, [Ninten].","[@]Não me parece uma boa ideia encostar nisso.[W@]Mas se você quiser, vai lá, [Ninten].","[@]Coś mi mówi, że dotykanie tego nie jest dobrym pomysłem.[W@]Ale zrób jak uważasz, [Ninten].","[@]Etwas sagt mir, es wäre keine gute Idee, das zu berühren.[W@]Aber mach du ruhig, wenn du willst, [Ninten].","[@]Что-то мне подсказывает, что трогать её[BR]не лучшая идея.[W@]Можешь сам попробовать, [Ninten].","[@]Щось мені підказує, що не варто це чіпати.[W@]Але роби, що забажаєш, [Ninten].",[@]我的直觉告诉我，碰那个东西不是什么好主意。[W@]但如果你真的想试试的话，那好吧[Ninten]。
DIALOGUE_MERRYSVILLE_FRANKLINBADGE_10,[@][Ninten] learned PK Flash!,[@][Ninten] a appris PK Flash !,[@][Ninten] impara PsicoFlash!,[@][Ninten]は[BR]PKフラッシュを　おぼえた！,[@][Ninten][particle:Ninten:0] PK 플래시를 깨우쳤다!,[@]¡[Ninten] ha aprendido PK Destello!,[@]¡[Ninten] ha aprendido PK Flash!,[@][Ninten] aprendeu PK Clarão!,[@][Ninten] nauczył się PK Błysku!,[@][Ninten] erlernte PK Blitz!,[@][Ninten] познаёт «ПК-вспышку»!,[@][Ninten] вивчив ПСИ Спалах!,[@][Ninten]学会了PK闪光！
DIALOGUE_MERRYSVILLE_FRANKLINBADGE_2,"[@]Did you really bring me all the way here to show me this old thing?[W@]Wow, you should really learn how to take ladies out on better dates, [Ninten]!","[@]Tu m'as vraiment amenée ici juste pour me montrer ce vieux truc?[W@]Wow, tu devrais vraiment apprendre à faire de meilleurs rendez-vous galants, [Ninten] !","[@]Mi hai veramente fatto venire fin qui solo per questo?[W@]Wow, [Ninten], devi imparare a organizzare degli appuntamenti migliori con le ragazze!
",[@]まさか・・・わたしを　ここまで　つれてきて[BR]わざわざ　これを　みせようと　おもったの？[W@]レディを　こうじょうに　つれてくるなんて[D:3][BR][Ninten]ちゃん　かわいいひと・・・。,[@]설마 이런 낡은 걸 보여 주려고 여기까지 데려온 거야?[W@][Ninten]! 여자애랑 데이트하는 법을 좀 더 배워야겠는걸!,"[@]¿En serio me trajiste hasta aquí para mostrarme ese vejestorio?[W@]Guau, [Ninten]... ¡deberías pensar en mejores lugares para una cita!","[@]¿En serio me has traído aquí para enseñarme este trasto?
[W@]¡[Ninten], deberías aprender a llevarte a una dama a mejores lugares!","[@]Você me trouxe esse caminho todo só para me mostrar esse treco velho?[W@]Caramba, você precisa aprender a levar as garotas para lugares melhores, [Ninten]!","[@]Naprawdę przywlokłeś mnie taki kawał tylko po to, by pokazać mi ten staroć?[W@]Łał, [Ninten], naprawdę potrzebujesz pomocy w randkowaniu, jeżeli to był twój najlepszy pomysł!","[@]Hast du mich wirklich den ganzen Weg hergeschleppt, nur um mir dieses alte Ding zu zeigen?[W@]Wow, du solltest wirklich lernen, bessere Dating-Orte für Ladies zu finden, [Ninten]!","[@]Ты привёл меня сюда ради этой штуковины?[W@]Места для свидания лучше и не придумаешь,[BR]это уж точно.","[@]Ти приволок мене за тридев’ять земель, щоб показати якусь стару залізку?[W@]Тобі, [Ninten], треба навчитися брати дівчат на кращі побачення!",[@]你大老远带我来这儿，就是为了给我看这老古董？[W@]哇[Ninten]，我觉得你真该去学学怎么带女孩子来更有意思的地方约会了！
DIALOGUE_MERRYSVILLE_FRANKLINBADGE_3,"[@]Not sure what this old thing is, but I ain't crazy enough to touch it.[W@]Think you got the guts to do it, [Ninten]?","[@]Je sais pas ce qu'est ce vieux truc, mais j'vais pas m'amuser à le toucher.[W@]Tu penses que t'as les tripes pour le faire, [Ninten] ?","[@]Non so cosa sia quella roba, ma di certo non sono così scemo da toccarla.[W@]Pensi di avere abbastanza fegato per provarci tu, [Ninten]?
",[@]この　ふるくさい　もんが　なにかは　しらねぇが　さすがに　おれでも　さわれねぇな。[W@][NINTEN]　おまえなら　ゆうき　あんだろ?,"[@]이게 뭐 하는 건지는 몰라도, 난 저걸 건드릴 정도로 미치진 않았어.[W@][Ninten], 넌 그럴 배짱 있냐?","[@]No tengo idea qué es este vejestorio, pero no estoy lo suficientemente loquito para tocarlo.[W@]¿Te crees capaz de hacerlo, [Ninten]?","[@]Ni idea de qué es este cacharro, pero yo paso de ponerle la mano encima.
[W@]¿Tú te atreves, [Ninten]?","[@]Eu não faço ideia que negócio velho é esse, mas não sou louco de encostar nele não.[W@]Você tem moral, [Ninten]?","[@]Nie mam pojęcia co to jest, ale jeszcze mi na tyle nie odbiło, by tego dotykać.[W@]Co, [Ninten], odważysz się?","[@]Keine Ahnung, was dieses alte Ding ist, aber ich bin nicht wahnsinnig genug, es zu berühren.[W@]Denkst du, du hast den Mut dazu, [Ninten]?","[@]Я без понятия, чё это за хренотень, но в здравом[BR]уме я её трогать не буду.[W@]Ну давай, [Ninten],[D:4] дёргай, раз смелый такой.","[@]Не маю жодного уявлення, що це за шняга, але я не буду її чіпати.[W@]А ти, [Нінтен]? [D]Що, вистачає сміливості?",[@]不清楚这旧玩意是什么，但我还没疯到去碰它。[W@]怎么样，你有胆子试试吗，[Ninten]？
DIALOGUE_MERRYSVILLE_FRANKLINBADGE_4,"[@]Using all his strength, [Ninten] forcefully tried pulling out the Franklin Badge.","[@]En usant de toute sa force, [Ninten] essaye de retirer le Badge Franklin.","[@]Con tutta la sua forza, [Ninten] prova a tirare fuori la Medaglia Franklin.
",[@][Ninten]は　ちからを　ふりしぼり[BR]フランクリンバッヂを　ひっこぬいた！,[@][Ninten][particle:Ninten:0] 전력을 다해 억지로 프랭클린 배지를 뽑으려 했다.,"[@]Con todas sus fuerzas, [Ninten] intenta sacar a la fuerza el Broche Franklin.","[@]Con todas sus fuerzas, [Ninten] intenta sacar a la fuerza el Broche Franklin.",[@][Ninten] tentou arrancar o Brasão de Franklin com toda sua força.,[@][Ninten] złapał Odznakę Franklina i z całej siły spróbował ją wyciągnąć.,"[@][Ninten] versuchte mit all seiner Kraft, den Franklin-Orden rauszuziehen.",[@][Ninten] изо всех сил пробует вытащить значок Франклина.,"[@]Зібравши всі свої сили, [Ninten] спробував витягнути значок Франкліна.
",[@][Ninten]使出浑身解数，试图强行拔出富兰克林徽章。
DIALOGUE_MERRYSVILLE_FRANKLINBADGE_5,[@]... But then realized that he's carrying too many items.,[@]... Mais il se rend compte qu'il porte trop d'objets.,[@]...Ma si accorge che ha con sé troppi oggetti.,[@]・・・けれど　もちものは　いっぱいだった。,[@]... 하지만 가지고 있는 아이템이 너무 많다는 사실을 깨달았다.,[@]... Pero se dio cuenta de que llevaba demasiados objetos.,[@]... Pero se dio cuenta de que llevaba demasiados objetos.,[@]... Mas percebeu que já estava levando muita coisa.,"[@]... Ale nagle zdał sobie sprawę, że nosi za dużo rzeczy.","[@]... Doch dann bemerkte er, dass er zu viele Items trägt.","[@]...Но вспоминает, что ему некуда будет его положить.","[@]...Але згадав, що в нього забагато речей.",[@]…但随即意识到自己携带的物品太多了。
DIALOGUE_MERRYSVILLE_FRANKLINBADGE_6,[@][ItemReceiver] got the Franklin Badge!,[@][ItemReceiver] obtient le Badge Franklin !,[@][ItemReceiver] ottiene la Medaglia Franklin!,[@][ItemReceiver]は　フランクリンバッヂを　てにいれた。,[@][ItemReceiver][particle:ItemReceiver:0] 프랭클린 배지를 획득했다!,[@]¡[ItemReceiver] ha conseguido el Broche Franklin!,[@]¡[ItemReceiver] ha conseguido el Broche Franklin!,[@][ItemReceiver] conseguiu o Brasão de Franklin!,[@][ItemReceiver] dostał Odznakę Franklina!,[@][ItemReceiver] erhielt den Franklin-Orden!,[@][ItemReceiver] получил значок Франклина!,[@][ItemReceiver] отримав значок Франкліна!,[@][ItemReceiver]获得了富兰克林徽章！
DIALOGUE_MERRYSVILLE_FRANKLINBADGE_7,[@][Ninten]?! A-are you okay? [W@]You really need to be more careful when handling such delicate equipment...,[@][Ninten] ?! Ç-Ça va ? [W@]Tu dois vraiment faire très attention quand tu touches à ce genre d'équipement...,[@][Ninten]?! S-Stai bene? [W@]Devi fare più attenzione a maneggiare dell'attrezzatura così delicata...,[@][Ninten]　だいじょうぶか？！[W@]こういう　せいみつな　きかいに　さわるなら　もうすこし　きをつけろよ・・・[D][BR]あぶないだろ。,[@][Ninten]?! ㄴ-너 괜찮아?[W@]그러게 섬세한 장비를 다룰 때는 좀 더 조심하지...,[@]¡¿[Ninten]?! ¿E-estás bien? [W@]En serio tienes que tener más cuidado al tratar con equipos tan delicados...,"[@]¡¿[Ninten]?! ¡¿E-estás bien?!
[W@]Deberías ser mucho más precavido a la hora de manejar maquinaria tan delicada...",[@][Ninten]?! T-tá tudo bem? [W@]Você precisa tomar mais cuidado ao mexer com equipamentos delicados...,[@][Ninten]?! Cz-czy jesteś cały? [W@]Powinieneś się ostrożniej obchodzić z tak delikatnym sprzętem...,[@][Ninten]?! G-Geht's dir gut?[W@]Du solltest wirklich besser aufpassen mit solch empfindlicher Gerätschaft ...,"[@][Ninten]?! Т-ты как, н-нормально? [W@]С таким сложным оборудованием надо быть предельно аккуратным...","[@][Ninten]?! З тобою все гаразд?
[W@]Тобі варто обережніше поводитися з таким делікатним обладнанням...",[@][Ninten]？！你、你没事吧？[W@]操作这种精密设备的时候，要多加小心啊…
DIALOGUE_MERRYSVILLE_FRANKLINBADGE_8,"[@]Are you alright, [Ninten]?![W@]That must have hurt a lot!","[@]Ça va, [Ninten] ?![W@]Ça a dû te faire vraiment mal !","[@]Tutto bene, [Ninten]?![W@]Deve aver fatto malissimo!",[@][Ninten]　だいじょうぶ？！[W@]いたかった　でしょうに・・・。,"[@]너 괜찮아, [Ninten]?![W@]엄청 아팠겠다!","[@]¡¿Estás bien, [Ninten]?![W@]¡Eso debe haber dolido mucho!","[@]¡¿Estás bien, [Ninten]?!
[W@]¡Menuda descarga te has llevado!","[@]Você está bem, [Ninten]?![W@]Isso deve ter doído!","[@]Wszystko w porządku, [Ninten]?![W@]To musiało naprawdę boleć!","[@]Geht's dir gut, [Ninten]?![W@]Das muss echt wehgetan haben!","[@][Ninten], ты как?![W@]Сильно больно?!","[@]Ти в порядку, [Нінтен]?![W@]Це, напевно, було дуже боляче!",[@]你还好吗，[Ninten]？！[W@]那一定很疼吧！
DIALOGUE_MERRYSVILLE_FRANKLINBADGE_9,[@]The electrical energy charged within the Franklin Badge awakened something inside of [Ninten]!,[@]L'énergie électrique contenue dans le Badge Franklin a éveillé quelque chose en [Ninten] !,[@]L'energia elettrica nella Medaglia Franklin ha risvegliato qualcosa in [Ninten]!,[@][Ninten]の　なかで[BR]なにかが　めざめた！,[@]프랭클린 배지에 충전되어 있던 전기 에너지가 [Ninten] 내면에 잠들어 있던 무언가를 일깨웠다!,[@]¡La energía eléctrica acumulada en el Broche Franklin ha despertado algo en el interior de [Ninten]!,[@]¡La energía eléctrica acumulada en el Broche Franklin[BR]ha despertado algo en el interior de [Ninten]!,[@]A energia elétrica armazenada no Brasão de Franklin fez algo dentro do [Ninten] despertar!,[@]Energia elektryczna zgromadzona w Odznace Franklina obudziła coś w [decline:Ninten:M:5]!,[@]Die im Franklin-Orden aufgeladene elektrische Energie erweckte etwas in [Ninten]!,"[@]Электричество, накопленное в значке Франклина, пробудило что-то в [decline:Ninten:M:4]!","[@]Електрична енергія, що накопичилася в значку Франкліна, пробудила дещо у [decline:Ninten:M:1]!",[@]富兰克林徽章中蕴含的电流，唤醒了[Ninten]体内的[BR]某种力量！
DIALOGUE_MERRYSVILLE_GREEDYDOCTORGUY_0,"[@]I'd like to become a doctor someday. 
[W@]Just think about it![D] Helping sick people, saving lives...[WAITBR]and making lots of money doing it!
","[@]J'aimerais un jour devenir médecin.
[W@]Imagine un peu ![D] Aider ceux dans le besoin, sauver des vies...[WAITBR]et se remplir les poches en même temps !","[@]Vorrei diventare un dottore.
[W@]Pensaci![D] Aiutare i malati, salvare vite...[WAITBR] e fare un sacco di soldi!
",[@]ぼくも　おいしゃさんに　なりたいな。[W@]けがにんを　たすけて[D][BR]いのちを　すくって[WAITBR]おおもうけ　したいな。,"[@]난 언젠가 의사가 되고 싶어.[W@]생각해 봐![D] 아픈 사람을 돕고, 목숨을 구하고...[WAITBR]그걸로 돈도 엄청나게 벌 수 있잖아!","[@]Me gustaría ser doctor algún día.[W@]¡Solo piénsalo![D] Ayudar a la gente enferma, salvar vidas...[WAITBR]¡y hacerme millonario en el proceso!","[@]Me gustaría ser médico algún día.[W@]¡Piénsalo![D] Curar a los enfermos, salvar vidas...[WAITBR]¡y ganar un montón de pasta!","[@]Eu queria ser médico algum dia.[W@]Pensa só,[D] cuidando de gente doente, salvando vidas...[WAITBR]e ganhando uma grana preta!","[@]Chciałbym kiedyś zostać doktorem. 
[W@]Wyobraź to sobie![D] Pomaganie chorym, ratowanie żyć...[WAITBR]i zbijanie na tym kupy kasy!","[@]Ich will später einmal Arzt werden. 
[W@]Denk mal nach![D] Kranken Leuten helfen, Leben retten ... [WAITBR]und dabei eine Menge Kohle machen!","[@]Я бы хотел когда-нибудь стать доктором. 
[W@]Просто представь![D] Помогать больным людям, спасать жизни... [WAIT]и зарабатывать кучу денег!","[@]Я мрію колись стати лікарем.
[W@]Ти тільки уяви! [D]Допомагати хворим, рятувати життя...[WAITBR] і добре на цьому заробляти!",[@]我希望将来有一天能成为一名医生。[W@]你想想看！[D] 帮助病人、拯救生命…[WAITBR]而且还能挣很多钱！
DIALOGUE_MERRYSVILLE_GREEDYDOCTORGUY_SPEAKER,Alex,Alex,Alex,アレックス,알렉스,Alex,Alex,Alex,Alex,Alex,Алекс,Алекс,亚历克斯
DIALOGUE_MERRYSVILLE_GUARD_STOP_0,"[@]Sorry, but the bridge on the way to Podunk is under repairs.[W@]So go back to school before I call your parents!","[@]Désolé, mais le pont pour aller à Podunk est en cours de réparation.[W@]Donc retourne à l'école avant que j'appelle tes parents !","[@]Mi spiace, ma il ponte per Podunk è chiuso per dei lavori.[W@]Tornatene a scuola prima che chiami i tuoi genitori!",[@]わりぃな[D:3]　マザーズデイへの　はしは　つうこうどめだ。[W@]うちに　かえれないんなら　こどもは　がっこうにでも　いるんだな。,"[@]불편을 드려 죄송합니다. 마더즈데이와 이어진 다리는 현재 수리 중입니다.[W@]그전에, 부모님께 연락 드리기 전에 학교로 돌아가세요!","[@]Lo siento, pero el puente de camino a Podunk está en reparaciones. [W]Así que, ¡regresa a la escuela antes que llame a tus padres!","[@]Lo siento, pero el puente de camino a Podunk está en reparaciones.
[W@]¡Así que vuelve al colegio antes de que llame a tus padres!","[@]Sinto muito, a ponte que leva a Boa Mãe está sendo restaurada.[W@]Então trate de voltar pra escola antes que eu chame seus pais!","[@]Przykro mi, ale most do Podunk jest obecnie remontowany.[W@]Więc wracaj do szkoły, albo zadzwonię po twoich rodziców!","[@]Tschuldige, aber die Brücke nach Podunk wird noch repariert. [W@]Also bitte geh zurück zur Schule, bevor ich deine Eltern anrufe!","[@]Мост до Поданка на ремонте.[W@]А теперь марш в школу, пока я родителями не позвонил!","[@]Вибач, але міст до Поданка закрито на ремонт.
[W@]А тепер марш до школи, доки я не подзвонив твоїм батькам!",[@]抱歉，通往波顿克的桥正在维修。[WAIT@]在我给你父母打电话之前，赶紧回学校去！
DIALOGUE_MERRYSVILLE_HOTEL_0,[@]Welcome to the Merrysville Hotel.,[@]Bienvenue à l'hôtel de Merrysville.,[@][if party:plural]Benvenuti[else]Benvenuto[/if] all'Hotel Merrysville.,[@]いらっしゃいませ。,[@]땡스기빙데이 호텔에 오신 것을 환영합니다.,[@]Bienvenido[if party:plural]s[/if] al hotel de Merrysville.,[@]Bienvenido[if party:plural]s[/if] al hotel de Merrysville.,[@]Bem-vindo[if party:plural]s[/if] ao Hotel de Gratidão.,[@]Witamy w Hotelu Merrysville.,[@]Willkommen im Merrysville-Hotel.,[@]Добро пожаловать в отель Меррисвиля.,[@]Ласкаво просимо до готелю Меррісвіля.,[@]欢迎来到梅里斯维尔旅馆。
DIALOGUE_MERRYSVILLE_HOTEL_1,[@]We offer a stay for $60.,"[@]Ici, c'est 60 $ la nuit.","[@]Una notte costa $60.
","[@]ひとばん　６０ドルになります。
",[@]한 박에 $60입니다.,[@]Ofrecemos una estancia por $60.,[@]Ofrecemos una estancia por 60 $.,[@]A noite custa $60.,[@]Oferujemy postój za $60.,[@]Wir bieten eine Übernachtung für 60 $ an.,[@]Стоимость номера на одну ночь — 60 $.,[@]Вартість номера на одну ніч — 60 $.,[@]住宿每晚60美元。
DIALOGUE_MERRYSVILLE_HOTEL_12,[@]Goodbye!,[@]Au revoir !,[@]Arrivederci!,[@]また　おたちよりください。\nおまちしております。,다음에도 들러주세요.,[@]¡Adiós!,[@]¡Adiós!,[@]Até mais!,[@]Do widzenia!,[@]Auf Wiedersehen!,[@]До свидания!,[@]До побачення!,[@]再见！
DIALOGUE_MERRYSVILLE_HOTEL_13,"[@]Oh, well it looks like you don't have enough money.","[@]Ah, on dirait que vous n'avez pas assez d'argent.","[@]Oh, sembra che non ti bastino i soldi.",[@]しつれいですが・・・\nおかねが　たりないようですよ。,"[@]아쉽지만, 돈이 충분하지 않으신 것 같네요.","[@]Oh, parece que no tienes suficiente dinero.","[@]Oh, parece que no tienes dinero suficiente.","[@]Oh, parece que [if party:singular]você não tem[else]vocês não têm[/if] o suficiente.","[@]Oj, wygląda na to że nie masz dość pieniędzy.","[@]Oh je, [if party:plural]ihr habt[else]du hast[/if] wohl nicht genug Geld.","[@]Хм, кажется, у вас недостаточно денег.","[@]Ох, здається, у вас недостатньо грошей.",[@]哦好吧，看起来你带的钱不够。
DIALOGUE_MERRYSVILLE_HOTEL_2,[@]Will you be staying with us for the night?,[@]Allez-vous rester la nuit ?,[@][if party:plural]Volete[else]Vuoi[/if] una camera?,[@]おとまりになりますか？,[@]저희 호텔에서 한 박 묵으시겠습니까?,[@]¿[if party:singular]Te quedarás[else]Se quedarán[/if] con nosotros esta noche?,[@]¿[if party:singular]Quieres[else]Queréis[/if] una habitación?,[@]Gostaria[if party:plural]m[/if] de se hospedar aqui?,[@]Zatrzymasz się z nami na noc?,[@]Bleib[if party:plural]t ihr[else]st du[/if] die Nacht bei uns?,[@]Хотите переночевать?,[@]Бажаєте заночувати?,[@]请问您今晚要来住宿吗？
DIALOGUE_MERRYSVILLE_HOTEL_2-OPT_0,Yes,Oui,Sì,はい,네,Sí,Sí,Sim,Tak,Ja,Да,Так,是
DIALOGUE_MERRYSVILLE_HOTEL_2-OPT_1,No,Non,No,いいえ,아니오,No,No,Não,Nie,Nein,Нет,Ні,否
DIALOGUE_MERRYSVILLE_HOTEL_5,[@]Have a nice stay.,[@]Je vous souhaite un agréable séjour.,[@][if party:plural]Vi[else]Ti[/if] auguro un buon soggiorno.,[@]では　ごゆっくり。,[@]즐거운 시간 보내시길 바랍니다.,[@]Que [if party:singular]tengas[else]tengan[/if] una buena estancia.,[@]Que [if party:singular]tengas[else]tengáis[/if] una buena estancia.,[@]Aproveite[if party:plural]m[/if] a estadia.,[@]Miłego pobytu.,[@]Einen angenehmen Aufenthalt.,[@]Приятного отдыха.,[@]Приємного відпочинку.,[@]祝您入住愉快。
DIALOGUE_MERRYSVILLE_HOTEL_SPEAKER,Jake,Jake,Jake,ジェイク,제이크,Jake,Jake,Jake,Jake,Jake,Джейк,Джейк,杰克
DIALOGUE_MERRYSVILLE_HOTELCRITIC_0,"[@]The Hotel in this town isn't any better than the one in Podunk...[D] and yet it’s just as expensive!
[W@]Though, the restaurant here is really nice.
","[@]L'hôtel ici n'est pas mieux que celui de Podunk...[D] et pourtant il est tout aussi cher !
[W@]Cependant, le restaurant est vraiment sympathique.","[@]L'Hotel di qui è anche peggio di quello di Podunk...[D] eppure costa lo stesso tanto!
[W@]C'è da dire, però, che al ristorante si mangia bene.",[@]このホテルは　マザーズデイあたりと[BR]せつびは　おなじなのに[BR]りょうきんだけは　いっちょうまえに　たかいね。[W@]レストランが　おいしいだけでも　マシか。,[@]이 마을에 있는 호텔을 마더즈데이보다 별로인데...[D] 가격은 똑같이 비싸네![W@]하지만 레스토랑은 정말 만족스러워.,"[@]El hotel de este pueblo no es mucho mejor que el que hay en Podunk...[D] ¡pero sí que es igual de caro! 
[W@]Aunque, el restaurante de aquí es bastante bueno.","[@]El hotel de este pueblo no es mejor que el de Podunk...[D] ¡y encima sigue siendo igual de caro!
[W@]Eso sí, en el restaurante de aquí se come de lujo.","[@]O hotel desta cidade é ruim igual ao de Boa Mãe...[D] e ainda por cima é tão caro quanto![W@]Fora isso, o restaurante daqui é muito bom.","[@]Hotel w tym mieście nie jest wcale lepszy od tego w Podunk...[D] a mimo to drożyzna jest tu taka sama!
[W@]Jednak mają tu naprawdę fajną restaurację.","[@]Das Hotel dieser Stadt ist nicht besser als das in Podunk ...[D] und trotzdem genauso teuer!
[W@]Immerhin ist hier das Restaurant wirklich gut.",[@]Отель в этом городе ничуть не лучше отеля в Поданке...[D] да и ничуть не дешевле![W@]Хотя ресторан здесь приятный.,"[@]Готель у цьому місті нічим не кращий за той, що в Поданку...[D] але він такий же дорогий!
[W@]Хоча ресторан тут зовсім непоганий.",[@]这个镇上的旅馆和波顿克的相比没好多少…[BR][D]但价钱却一样贵！[W@]不过话说回来，这边的餐厅倒是挺不错的。
DIALOGUE_MERRYSVILLE_HOTELCRITIC_SPEAKER,William,William,William,ウィリアム,윌리엄,William,William,William,William,William,Уильям,Вільям,威廉
DIALOGUE_MERRYSVILLE_JANITORSWIFE_0,"[@]My husband is a very important man at Twinkle Elementary!
[W@]Don’t you think keeping everything clean is important?
","[@]Mon mari est un homme extrêmement important à l'école primaire Twinkle ¦
[W@]C'est essentiel que tout soit propre, ne penses-tu pas ?","[@]Mio marito è un uomo molto importante alla Scuola Elementare Twinkle!
[W@]Non pensi che tenere l'ambiente pulito sia importante?",[@]わたしの　しゅじんは　ティンクルしょうがっこうの　えらいひとなのよ。[W@]そうじが　とくいで・・・[BR]おひるの　おべんとうは　たべないひとなの。,[@]우리 남편은 트윙클 초등학교에서 아주 중요한 사람이에요![W@]모든 걸 청결하게 하는 건 중요한 일이라 생각하지 않나요?,"[@]¡Mi esposo es un hombre muy importante en la primaria Twinkle!
[W@]¿O tú no crees que es importante mantener todo limpiecito?","[@]¡Mi marido es un hombre muy importante en el Colegio Estrellita!
[W@]¿O es que no te parece importante que todo esté impecable?",[@]O meu marido é uma pessoa muito importante na Escola Cintilante![W@]Você não acha que deixar tudo limpo é importante?,"[@]Mój mąż ma bardzo ważną posadę w Podstawówce ""Gwiazdka""!
[W@]Czy nie uważasz, że utrzymywanie porządku to ważne zajęcie?","[@]Mein Mann ist ein sehr wichtiger Herr an der Funkel-Grundschule!
[W@]Findest du nicht, dass es wichtig ist, alles sauber zu halten?","[@]У моего мужа очень серьёзная должность в школе «Искорка».[W@]Все знают, как важно поддерживать везде чистоту!","[@]Мій чоловік — дуже важлива людина у початковій школі «Іскорка»!
[W@]Хіба ти не вважаєш, що підтримувати чистоту — важливо?",[@]我丈夫在闪亮小学可是个大人物！[W@]难道你不觉得保持一切整洁干净很重要吗？
DIALOGUE_MERRYSVILLE_JANITORSWIFE_SPEAKER,Amanda,Amanda,Amanda,アマンダ,아만다,Amanda,Amanda,Amanda,Amanda,Amanda,Аманда,Аманда,阿曼达
DIALOGUE_MERRYSVILLE_LIBRARIAN_0,"[@]Here to hide from the cold, dear?[D] Poor thing.[W@]You know, if you run straight south, you can still make it to class!","[@]Tu te réfugies du froid ?[D] Mon pauvre...[W@]Tu sais, si tu cours directement vers le sud tu peux encore arriver à l'heure pour les cours !","[@]Oh caro, sei qui perché fuori fa freddo?[D] Poverino.[W@]Lo sai, se corri verso sud dovresti arrivare in tempo per le lezioni!
",[@]けびょうでも　つかいに　きたのかい？[D][BR]ずぶぬれで　さむいだろうからねぇ。[W@]ここから　みなみへ　はしっていけば[BR]まだ　じゅぎょうに　まにあうだろうに。,"[@]추위를 피하려고 들어왔니, 얘야?[D] 가엾기도 하지.[W@]남쪽으로 곧장 달려가면 수업에 늦진 않을 거야!","[@]¿Viniste a esconderte del frío, cariño?[D] Pobrecito.
[W@]Sabes, si corres directo al sur, ¡aún podrás llegar a clase!","[@]¿Vienes a resguardarte del frío, cielo?[D] Pobrecillo.
[W@]Oye, si corres hacia el sur, ¡aún puedes llegar a clase!","[@]Está fugindo do frio, meu bem?[D] Coitadinho.[W@]Olha, se você correr em linha reta para o sul, ainda consegue chegar a tempo para a aula!","[@]Chcesz się tu schować przed zimnem, słonko?[D] Biedactwo.[W@]Wiesz, jeżeli pomkniesz prosto na południe, to jeszcze zdążysz na lekcje!","[@]Bist du hier, um dich vor der Kälte zu schützen, mein Lieber?[D] Du armes Ding.[W@]Weißt du, wenn du jetzt schnell nach Süden rennst, schaffst du es noch rechtzeitig zum Unterricht!","[@]Прибежал погреться?[D] Ах, бедняжка.[W@]Ничего,[D:4] если побежишь прямо на юг — ещё успеешь на занятия.","[@]Бідолашний, прийшов сховатися від холоду?[D]Бідненький.[W@]Знаєш, якщо ти побіжиш на південь, можеш ще встигнути на уроки!",[@]亲爱的，是来这儿取暖吗？[D]可怜的小家伙[W@]你知道吗，你要是往南方跑跑，还是能赶上去上课的！
DIALOGUE_MERRYSVILLE_LIBRARIAN_1,"[@]Oh, welcome back, [LLOYD]![D:6] Here to check out our physics collection again?[W@]I'm glad to see an eager learner, but make sure to return the books on time, dear...[W@]Just because your mother works here, it doesn't mean we can bend the rules for you.[D] Speaking of...[W@]How is she? Any better?","[@]Ah, bonjour, [LLOYD] ![D:6] Encore ici pour jeter un coup d'œil aux livres de physique ?[W@]C'est bien d'être studieux, mais sois sage et rends les livres à temps...[W@]Ce n'est pas parce que ta mère travaille ici que l'on peut te laisser faire ce que tu veux.[D] D'ailleurs...[W@]Comment va-t-elle ? Son état s'améliore ?","[@]Oh, bentornato, [LLOYD]![D:6] Vai di nuovo dritto alla sezione sulla fisica?[W@]Mi fa piacere che tu abbia voglia di imparare, ma ricorda di restituire i libri in tempo...[W@]Non possiamo fare eccezioni solo perché la tua mamma lavora qui.[D] A proposito...[W@]Come sta? Si è ripresa?
",[@]ひさしぶりだね　[LLOYD]。[D:6][BR]また　ぶつりえんざんの　ほんを[BR]かりに　きたのかい？[W@]いい　こころがけだけど[BR]こんどこそ　きげんないに　かえしてほしいわねぇ。[D][BR]なんて・・・。[W@]かあさんが　ここの　しょくいん　だからって[BR]きそくを　まげるわけには　いかないからねぇ。[W@]・・・あのこ　げんきかい？　ぐあいは　どう？,"[@]어머, 다시 왔구나, [LLOYD]![D:6] 또 물리학 서적 보러 온 거니?[W@]지식을 쌓는 건 물론 좋지만, 책은 제때 반납해주렴.[W@]네 어머니가 여기서 일해준다 해서 너만 규칙을 봐줄 수는 없으니까.[W@]그러고 보니...[WAIT] 어머니는 좀 어떠시니? 나아지셨니?","[@]¡Ah, bienvenido de nuevo, [LLOYD]![D:6] ¿Viniste a tomar prestada nuestra colección de física otra vez?[W@]Me alegra que te entusiasme tanto aprender, pero recuerda devolver los libros a tiempo, cariño...[W@]Solo porque tu madre trabaje aquí no significa que te podamos hacer una excepción.[D] Hablando de eso...[W@]¿Cómo sigue ella? ¿Se encuentra mejor?","[@]¡Ah, bienvenido de nuevo, [LLOYD]![D:6]¿Otra vez por aquí para pedir prestados los libros de física?
[W@]Da gusto ver tanto interés, pero recuerda devolverlos a tiempo, tesoro...
[W@]Que tu madre trabaje aquí no significa que podamos saltarnos las normas contigo.[D] Hablando de tu madre...
[W@]¿Cómo está? ¿Se encuentra algo mejor?","[@]Olá de novo, [LLOYD]![D:6] Veio olhar a seção de Física mais uma vez?[W@]Fico feliz de ver alguém tão novo e dedicado, só que você precisa devolver os livros na data certa, viu?[W@]Só porque a sua mãe trabalha aqui, eu não posso ficar abrindo exceções para você.[D] A propósito...[W@]Como ela vai? Está melhor?","[@]O, [LLOYD], witam z powrotem![D:6] Znowu chcesz przejrzeć nasz dział o fizyce?[W@]Miło widuje się taką chęć do nauki, ale upewnij się słonko, że zwrócisz te książki na czas...[W@]To, że pracuje tu twoja matka nie znaczy, że nagniemy dla ciebie zasady.[D] A skoro o niej mowa...[W@]Co z nią? Czuje się lepiej?","[@]Oh, willkommen zurück, [LLOYD]![D:6] Wieder hier, um nach unserer Physiksammlung zu sehen?[W@]Ich freu mich über eifrige Schüler, aber gib die Bücher bitte pünktlich zurück, mein Lieber ... [W@]Nur weil deine Mutter hier arbeitet, heißt das nicht, dass wir die Regeln für dich brechen.[D] Appropos ...[W@]Wie geht's ihr? Schon besser?","[@]Ах, [LLOYD], здравствуй![D:6] Снова за книгами по физике?[W@]Я знаю, ты очень усердно учишься, только, пожалуйста, возвращай книжки вовремя...[W@]Если твоя мама работает здесь, это не избавляет тебя от правил![D] Кстати, о ней...[W@]Как она? Лучше не стало?","[@]Рада тебе бачити, [LLOYD]![D:6] Знову прийшов оглянути нашу літературу по фізиці?[W@]Я рада бачити такого завзятого учня, але не забувай повертати книги вчасно, будь ласка...[W@]Лише тому що твоя мама тут працює не означає, що ми можемо обійти правила заради тебе.[D] До речі...[W@]Як вона поживає? Чи її стан не поліпшився?",[@]噢，欢迎回来，[LLOYD]！[D:6]又来借阅我们的物理藏书吗？[W@]看到这么好学的孩子我是很高兴，但一定要记得按时还书哦，亲爱的…[W@]不能因为你妈妈在这儿工作，我们就给你破例。[BR][D]说到这个…[W@]她最近怎么样了？有没有好一些？
DIALOGUE_MERRYSVILLE_LIBRARIAN_2,"[@]I see...[WAIT] Well, I wish the best for you, then.","[@]Je vois...[WAIT] Dans ce cas, je te souhaite le meilleur.","[@]Ho capito...[WAIT] Stammi bene, allora.
",[@]なるほど　ねぇ・・・[WAIT]こううんをいのるよ。,[@]그렇구나...[WAIT] 아무 일 없길.,"[@]Ya veo...[WAIT] En fin, cuídate mucho, ¿sí?","[@]Ya veo...[WAIT] En fin, cuídate mucho, ¿vale?","[@]Entendi...[WAIT] Bem, então se cuida, viu?","[@]Rozumiem...[WAIT] Cóż, w takim razie, życzę wszystkiego dobrego.","[@]Verstehe ...[WAIT] Tja, dann wünsch ich euch alles Gute.","[@]Ох, понятно...[WAIT] Ну, всего тебе хорошего.","[@]Ясно...[WAIT] Ну, в такому разі, бажаю всього найкращого.",[@]我明白了…[WAIT]希望你一切顺利。
DIALOGUE_MERRYSVILLE_LIBRARIAN_3,[DELAY:2:3]...,[DELAY:2:3]...,[DELAY:2:3]...,[DELAY:2:3]・・・。,[DELAY:2:3]...,[DELAY:2:3]...,[DELAY:2:3]...,[DELAY:2:3]...,[DELAY:2:3]...,[DELAY:2:3]...,[DELAY:2:3]...,[DELAY:2:3]...,…
DIALOGUE_MERRYSVILLE_LIBRARIAN_SPEAKER,Livvy,Livvy,Livvy,リヴィ,리비,Livvy,Livvy,Livvy,Livvy,Liv,Ливви,Ліві,莉维
DIALOGUE_MERRYSVILLE_LIBRARYKID_0,[@]I keep the fact I like reading a secret.[W@]It could ruin my tough guy image.,[@]Personne ne doit savoir que j'aime lire.[W@]Ça ruinerait mon image de mec cool.,"[@]Non dico a nessuno che mi piace leggere.[W@]Poi rovinerebbe la mia immagine da duro.
",[@]ほんをよむのが　すきなこと[BR]みんなには　ないしょにしてるんだ。[W@]オレの　イケてるイメージが　くずれるからさ。,[@]저는 책 읽는 걸 좋아하지만 비밀로 하고 있어요.[W@]제 터프한 이미지가 망가질 수도 있거든요.,[@]Mantengo en secreto que me gusta leer.[W@]Podría arruinar mi imagen de macho machote.,"[@]Nadie sabe que me mola leer.
[W@]Eso arruinaría mi imagen de tío malote.",[@]Eu escondo o fato de que gosto de ler.[W@]Isso poderia estragar a minha imagem de durão.,"[@]Ukrywam to, że lubię czytać.[W@]Zrujnowałoby to mój wizerunek twardziela.","[@]Ich halt geheim, dass ich gerne lese.[W@]Das könnte mein Image als harten Kerl ruinieren.","[@]Я никому не говорю, что люблю книги.[W@]Это пошатнёт мой образ крутого парня.","[@]Я приховую той факт, що люблю читати.[W@]Це може зіпсувати мій імідж крутого хлопця.",[@]我喜欢读书这件事一直保密着。[W@]因为这有损我的硬汉形象。
DIALOGUE_MERRYSVILLE_LIBRARYKID_SPEAKER,Marcus,Marcus,Marcus,マルコス,마커스,Marcus,Marcus,Marcus,Marcus,Marcus,Маркус,Маркус,马库斯
DIALOGUE_MERRYSVILLE_LIBRARYWOMAN_0,[@]I'm reading about our town's history.[D] Did you know that Mr. Duncan's wealth played a big part in helping Merrysville develop?[W@]Some say he had more influence than the mayor himself!,"[@]J'apprends l'histoire de notre ville.[D] Apparemment, la richesse de M. Duncan a joué un rôle important dans le développement de Merrysville.[W@]Certains disent même qu'il avait plus d'influence que le maire !","[@]Sto leggendo la storia della nostra città.[D] Lo sapevi? I fondi del Sig. Duncan sono stati vitali per lo sviluppo di Merrysville.[W@]C'è chi dice che ha avuto più importanza del sindaco!
",[@]まちの　れきしの　ほんを　よんでるのよ。[W@]しってた？[D]　ダンカンさんの　ばくだいなとみは　サンクスギビングの　かいはつに[BR]おおきく　こうけんしたの。[W@]しちょうさん　よりも　すごいひとだ　って　いうひとも　いるのよ。,[@]우리 마을의 역사를 읽어보고 있어.[D] 던컨 씨의 재산 덕에 땡스기빙데이 발전에 큰 역할을 했다는 거 알고 있니?[W@]어떤 사람들은 시장 본인보다도 더 큰 영향력을 가졌다고 하더라!,[@]Estoy leyendo sobre la historia de nuestro pueblo.[D] ¿Sabías que la riqueza del señor Duncan fue clave para el desarrollo de Merrysville?[W@]¡Hay quienes dicen que incluso tenía más influencia que el propio alcalde!,"[@]Estoy leyendo sobre la historia de nuestro pueblo.[D] ¿Sabías que la fortuna del señor Duncan ayudó un montón en el desarrollo de Merrysville?
[W@]¡Hay quien dice que tenía más influencia que el propio alcalde!",[@]Estou lendo sobre a história da nossa cidade.[WAITBR]Você sabia que a riqueza do Sr. Duncan foi muito importante para o desenvolvimento de Gratidão?[W@]Há quem diga que ele era mais influente do que o próprio prefeito!,"[@]Czytam o historii naszego miasta.[D] Czy wiesz, że majątek Pana Duncana miał duży wpływ na rozwój Merrysville?[W@]Niektórzy mówią, że miał większy wpływ niż sam burmistrz!","[@]Ich lese gerade die Geschichte unserer Stadt.[D] Wusstest du, dass Mr. Duncans Vermögen maßgeblich zur Entwicklung von Merrysville beigetragen hat?[W@]Manche sagen, er habe mehr Einfluss gehabt als der Bürgermeister!","[@]Я читаю об истории нашего города.[D] А ты знал,[BR]что огромное состояние мистера Дункана очень помогло в строительстве Меррисвиля?[W@]Говорят, он даже был влиятельнее самого мэра!","[@]Я читаю про історію нашого міста.[D] А ти знав, що багатство містера Дункана відіграло велику роль у розвитку Меррісвіля?[W@]Кажуть, що він мав більший політичний вплив, ніж сам мер!",[@]我正在看我们小镇的历史。[W@]你知道吗，[WAIT]邓肯先生的财富对梅里斯维尔的发展发挥了重大作用！[W@]有人说他的影响力比镇长本人还大！
DIALOGUE_MERRYSVILLE_LIBRARYWOMAN_SPEAKER,Tamora,Tamora,Tamora,タモラ,타모라,Tamora,Tamora,Tamora,Tamora,Tamora,Тамора,Тамора,塔莫拉
DIALOGUE_MERRYSVILLE_LLOYDMOMHOSPITAL_0,"[@]Mom... [D]I'm leaving to find dad.[W@]I made a friend, and we're heading out soon.[W@]I hope you won't get mad at me for skipping school, [BR][D:6]it's just...[W@]I'm tired of feeling so [D:6]useless...[W@]I promise... [D]when you see me again, [D:6]I won't be a little weakling anymore.[W@]So just you wait, mom.[W@]I'll find a cure [D:6]and save you, no matter what.[W@]Then we can read at the library again, [D:6]just like before.[W@]So please, [D]hang in there...","[@]Maman... [D]Je pars chercher Papa.[W@]Je me suis fait un ami, et on part bientôt.[W@]J'espère que tu ne vas pas m'en vouloir pour avoir séché les cours, [D:6]c'est juste que... [W@]J'en ai assez de me sentir aussi [D:6]inutile... [W@]Je te promets... [D]Quand on se reverra, [D:6]je ne serai plus un faiblard. [W@]Donc ne bouge pas, Maman. Je vais trouver un remède, et te sauver quoi qu'il en coûte. [W@]Ensuite, on pourra repartir lire à la bibliothèque ensemble, [D:6]comme avant. [W@]Donc s'il te plaît, [D]tiens bon...","[@]Mamma... [D]andrò a cercare papà.[W@]Mi sono fatto un amico, partiremo assieme tra non molto.[W@]Spero che non ti arrabbi perché marinerò la scuola, [BR][D:6]è che...[W@]Non ne posso più di sentirmi così [D:6]inutile...[W@]Ti prometto che... [D]quando mi rivedrai, [D:6]non sarò più un rammollito.[W@]Aspettami qui, mamma.[W@]Troverò una cura [D:6]e ti salverò, a ogni costo.[W@]Così potremo tornare a leggere in biblioteca, [D:6]come una volta.[W@]Ti prego, [D]resisti...
",[@]かあさん・・・[D][BR]ぼく　とうさんを　さがしに　いくよ。[W@]ともだちも　いっしょだから　もんだいなしさ。[W@]がっこうを　やすむけど　[D:6]おこらないよね？[BR][W@]なんといえば　いいのか　わからないけど・・・[D:6][BR]いままでの　ように　なにも　できないのは[BR]もう[D:6]　こりごりなんだ。[W@]やくそく　するよ・・・[D][BR]かあさんが　めをさます　ころには[BR]よわむしけむし　じゃなく　なってるって。[W@]だから　あんしんしててくれ。[W@]くすりを　みつけて　なにがあっても[BR]かあさんを　なおすからさ。[W@]そしたら　また　としょかんで[BR]ほんを　よもうよ[D:6]　むかしのように。[W@]だから　もうすこしだけ　まってて。[D][BR]かあさん・・・・・・。,"[@]엄마... [D]저는 이제 아빠를 찾으러 떠날 거예요.[W@]친구도 한 명 사귀었어요. 이제 이 친구랑 같이 떠날 거예요.[W@]학교 빠진 건... 너무 화내지 않았으면 좋겠어요.[BR][D:6]그냥...[W@]이렇게 아무 쓸모 없는 느낌이 드는 게 이제 지겨워요...[W@]약속할게요....[D] 다시 돌아올 때는, [D:6]더 이상 겁쟁이가 아닐 거예요.[W@]그러니까 조금만 기다려 주세요, 엄마.[W@]반드시 치료법을 찾아서[D:6] 무슨 일이 있어도 꼭 엄마를 구할게요.[W@]그러니까 다 나으면 꼭... 도서관에서 같이 책도 읽어주세요.[D:6] 예전처럼요.[W@]그러니까 부디,[D] 조금만 버텨 주세요...","[@]Mamá... [D]me voy a buscar a papá.
[W@]Hice un amigo, y nos iremos pronto.
[W@]Espero que no te enfades conmigo por faltar a la escuela, [D:6]es solo que...
[W@]Estoy cansado de sentirme tan [D:6]inútil...
[W@]Te prometo... [D]que cuando me vuelvas a ver, [D:6]ya no [BR]seré un debilucho.
[W@]Así que sólo espera, mamá.
[W@]Hallaré una cura [D:6]y te salvaré, pase lo que pase.
[W@]Luego podremos ir a leer a la biblioteca, [D:6]como solíamos hacer.
[W@]Así que, por favor, [D]resiste...","[@]Mamá... [D]me marcho a buscar a papá.
[W@]He hecho un amigo, y nos iremos pronto.
[W@]Espero que no te enfades conmigo por faltar al colegio,[D:6][BR]es solo que...
[W@]Estoy cansado de sentirme tan [D:6]inútil...
[W@]Prometo... [D]que cuando me vuelvas a ver, [D:6]ya no seré[BR]un cobardica.
[W@]Así que espérame, mamá.
[W@]Hallaré una cura [D:6]y te salvaré, pase lo que pase.
[W@]Así podremos leer en la biblioteca de nuevo, [D:6]justo[BR]como antes.
[W@]Así que, por favor, [D]resiste...","[@]Mamãe... [D]Eu vou procurar o papai.[W@]Fiz um amigo, e nós vamos partir em breve.[W@]Espero que não fique brava por faltar às aulas, [BR][D:6]mas é que eu...[W@]Estou cansado de me sentir [D:6]inútil...[W@]Eu prometo que... [D]quando a gente se ver de novo, [D:6]não serei mais um moloide.[W@]Me espere, mamãe.[W@]Eu vou encontrar uma cura [D:6]e salvá-la, custe o que custar.[W@]Aí, nós vamos poder ficar lendo na biblioteca juntos, [D:6]igual fazíamos.[W@]Por favor, [D]aguente firme...","[@]Mamo... [D]Idę znaleźć tatę.[W@]Poznałem nowego przyjaciela i zaraz wyruszamy.[W@]Mam nadzieję, że nie będziesz zła, że wagaruję, [BR][D:6]po prostu...[W@]Mam dość czucia się tak [D:6]bezużytecznym...[W@]Obiecuję ci... [D]że gdy się znowu spotkamy, [D:6]nie będę już małym mięczakiem.[W@]Zobaczysz, mamo.[W@]Znajdę lekarstwo [D:6]i uratuję cię, choćby nie wiem co.[W@]I znowu będziemy mogli razem czytać w bibliotece, [D:6]jak dawniej.[W@]Więc proszę, [D]trzymaj się...","[@]Mama ... [D]Ich gehe fort, um Papa zu suchen.[W@]Ich habe einen Freund und wir werden bald gemeinsam suchen gehen.[W@]Ich hoffe, dass du nicht wütend auf mich wirst, weil ich die Schule schwänzen werde,[BR][D:6] es ist nur ...[W@]Ich habe es satt, mich so[D:6] nutzlos zu fühlen ...[W@]Ich verspreche dir ...[D]wenn wir uns wiedersehen,[D:6] dass ich nicht mehr so ein Schwächling sein werde.[W@]Warte es nur ab, Mama.[W@]Ich werde eine Heilung finden[D:6] und dich auf jeden Fall retten.[W@]Dann können wir in der Bücherei wieder zusammen lesen, [D:6]so wie früher.[W@]Also bitte[D] halte durch ...","[@]Мама... [D]я поеду искать папу.[W@]Я нашёл себе друга, и мы скоро отправимся.[W@]Пожалуйста, не сердись, что я прогуливаю школу.[W@]Просто...[D] я очень устал быть таким [D:6]слабым и никому не нужным...[W@]Обещаю... [D]когда ты снова меня увидишь,[D:6][BR]то я больше не буду тем маленьким хлюпиком...[W@]Просто [D:6]подожди меня немного.[W@]Я найду лекарство[D:6] и спасу тебя, чего бы это ни стоило.[W@]И тогда мы снова будем читать книжки в библиотеке,[D:6] как раньше.[W@]Ты справишься...","[@]Мамо... [D]я йду шукати тата.
[W@]Я знайшов собі друга, і ми вже зібралися в дорогу.
[W@]Будь ласка, не злись на те, що я прогулюватиму школу...[D:6] просто...
[W@]Я так втомився почуватися[D:6] безпорадним.
[W@]Я обіцяю, що...[D:6] наступного разу, коли ти побачиш мене,[D:6] я більше не буду маленьким боягузом...
[W@]Просто чекай на мене, мамо.
[W@]Я знайду ліки,[D:6] і врятую тебе, незважаючи ні на що.
[W@]І потім ми разом читатимемо в бібліотеці,[D:6] як і раніше.
[W@]Тож, будь ласка,[D:6] тримайся...",[@]妈妈…[DELAY]我要出门去找爸爸了。[WAIT@]我交到了一个朋友，我们很快就要出发了。[WAIT@]希望你不会因为我逃学而生气，[DELAY:6]只是…[WAIT@]我已经受够了这种[DELAY:6]什么都做不到的感觉…[WAIT@]我保证…[DELAY]等你再见到我的时候，[DELAY:6]我就不再是胆小鬼了。[WAIT@]所以你就等着我吧，妈妈。[WAIT@]无论如何我都要找到治疗你的方法，[DELAY:6]然后救你。[WAIT@]到那时候我们又能像以前那样，一起去图书馆看书了。[WAIT@]所以拜托您了，[DELAY]一定要坚持住…
DIALOGUE_MERRYSVILLE_MISSILEIDEA_0,"[@]You know,[D:6] if Duncan's wants to use our town as a missile test site...
[W@]The least they could do is blow up the rocks on the train tracks!
[W@]I bet even one of their toys packs quite a punch.
","[@]Tu sais,[D:6] si l'usine veut utiliser notre ville comme site d'essai de missiles...
[W@]Ils pourraient au moins faire exploser les rochers sur la voie ferrée !
[W@]Même un seul de leurs jouets devrait faire l'affaire.","[@]Comunque,[D:6] se la Duncan vuole fare della nostra città un sito missilistico...
[W@]Almeno potrebbe fare esplodere le rocce sui binari del treno!
[W@]Di sicuro anche i suoi razzi giocattolo sono belli potenti.",[@]オレさぁ・・・[D:6]せんろの　おおいわ　なんてさ・・・[D:6][BR]ダンカンこうじょうの　ロケットで　ぶっとばしちまえば　いいとおもうんだよね。[W@]きまぐれで　あたってくれないかなぁ。,"[@]학생,[D:6] 던컨에서 우리 마을을 미사일 연습장으로 쓸 생각이라면...[W@]적어도 철길을 막고 있는 바위 정도는 날려주는 게 도리라 생각하지 않나?[W@]그들 장난감 중 하나만 날려줘도 엄청 강력할 텐데 말이지.","[@]Sabes,[D:6] si la fábrica de Duncan quiere usar nuestro pueblo como campo de pruebas para sus cohetes...
[W@]¡Lo mínimo que podrían hacer es explotar las rocas que bloquean las vías del tren!
[W@]Apuesto que sólo uno de sus juguetitos tiene la potencia para hacerlo.","[@]¿Sabes?[D:6] Si los de Duncan quieren usar nuestro pueblo para probar sus misiles...
[W@]¡Lo mínimo que podrían hacer es volar las rocas de las vías del tren!
[W@]Apuesto a que hasta uno de sus juguetitos tiene bastante potencia.","[@]Olha,[D:6] se a Duncan quer ficar usando a cidade como teste de seus mísseis...[W@]O mínimo que podiam fazer é explodir as pedras do trilho do trem![W@]Aposto que um único brinquedinho deles tem potência de sobra para isso.","[@]Wiesz,[D:6] jeżeli ludzie Duncana chcą używać naszego miasta jako strefy testów rakiet...
[W@]To mogliby chociaż wysadzić te kamienie na torach kolejowych!
[W@]Jestem pewien, że nawet jedna z ich zabawek dałaby im nieźle popalić.","[@]Weißt du,[D:6] wenn Duncan unsere Stadt als Testgelände für Raketen nutzen will ...
[W@]Dann könnten sie ja wenigstens die Felsen auf den Bahngleisen in die Luft jagen!
[W@]Ich wette, schon eines ihrer Raketchen hat es ganz schön in sich.","[@]Если уж компания Дункана и решила использовать наш город как полигон для ракетных испытаний...
[W@]То расколола бы она те камни на железной дороге!
[W@]Я уверен, их игрушки бьют что надо.","[@]Знаєш,[D:6] якщо компанія Дункана вирішила перетворити наше місто на полігон для своїх ракет...
[W@]То вона могла б запустити хоч одну в каміння на залізничних коліях!
[W@]Я впевнений, навіть одна з їх «іграшок» розбила б ці валуни вщент.",[@]如果邓肯工厂想把我们镇当导弹试验场…[W@]他们至少也该把铁轨上的那些岩石给炸掉吧！[W@]我敢打赌，他们厂随便一个小玩具就够劲儿的。
DIALOGUE_MERRYSVILLE_MISSILEIDEA_1,"[@]Hey![D] Did you hear?
[W@]The train tracks have been cleared up![D:6] And the train is right on time, too.
[W@]What’s that?[D] You used one of Duncan’s rockets to clear the debris?
[W@]I don't know whether that's brave[DELAY:4:3]...[D] or stupidly reckless.
","[@]Hé ¦[D] T'as entendu ?[W@]La voie ferrée a été dégagée ¦[D:6] Et le train arrive pile à l'heure, en plus.
[W@]Comment ça ?[D] C'est toi qui as utilisé un missile de l'usine pour exploser les débris ?
[W@]Je ne sais pas si c'est audacieux[DELAY:4:3]...[D] ou complètement stupide.","[@]Ehi![D] Hai saputo?
[W@]I binari del treno sono stati sgomberati![D:6] E il treno è perfino in orario.
[W@]Che hai detto?[D] Hai distrutto tu i detriti con un razzo della Duncan?
[W@]Sei stato molto coraggioso[DELAY:4:3]...[D] oppure ti manca qualche rotella.",[@]おーい！[D]きいたか？[D:6][BR]せんろの　じゃまになってる　いわが[BR]くずれたって　はなしだ。[W@]おかげで　きしゃも　ちょうど[BR]ここに　ついたみたいだ。[W@]えっ　まさか[D]　おまえたちが　ダンカンの　ロケットをつかって　こわしたのか？[W@]よっぽど　ゆうきがあるのだか[DELAY:4:3]・・・[D][BR]むこうみずなのだか。,[@]학생![D] 소식 들었나?[W@]철길이 다 정리됐다더군![D:6] 기차도 제시간에 운행하기 시작했고.[W@]뭐시라?[D] 학생이 던컨의 로켓으로 잔해를 치웠다고?[W@]정말 용감하구만 그래[DELAY:4:3]...[D] 아니면 무모할 정도로 바보인 건지.,"[@]¡Oye![D] ¿Ya te enteraste?
[W@]¡Han despejado las vías![D:6] Y justo acaba de llegar el tren.
[W@]¿Cómo?[D] ¿Usaron uno de los cohetes de la fábrica para volar los escombros?
[W@]No sé si eso es valiente[DELAY:4:3]...[D] o muy bruto.","[@]¡Oye![D] ¿Te has enterado?
[W@]¡Han despejado las vías del tren![D:6] Y el tren llega justo a su hora.
[W@]¿Qué?[D] ¿Que has limpiado el paso con uno de los cohetes de Duncan?
[W@]No sé si eso es ser valiente[DELAY:4:3]...[D] o no tener dos dedos de frente.",[@]Ei![D] Ficou sabendo?[W@]Os trilhos foram liberados![D:6] E o trem já voltou a funcionar no horário.[W@]Como é que é?[D] Você usou um dos foguetes da Duncan para remover os detritos?[W@]Eu não sei se isso é coragem[DELAY:4:3]...[D] ou uma imprudência insensata.,"[@]Hej![D] Słyszałeś?
[W@]Tory kolejowe są znowu przejezdne![D:6] A pociąg przyjechał zgodnie z rozkładem.
[W@]Że jak?[D] Użyliście jednej z rakiet Duncana, by usunąć skały?
[W@]Nie wiem, czy to odważne[DELAY:4:3]...[D] czy niezwykle bezmyślne.","[@]Hey![D] Hast du schon gehört?
[W@]Die Gleise sind wieder frei![D:6] Und der Zug fährt sogar pünktlich.
[W@]Was sagst du da?[D] Du hast eine von Duncans Raketen benutzt, um die Trümmer zu beseitigen?
[W@]Ich weiß nicht, ob das mutig [DELAY:4:3]...[D] oder unglaublich dumm ist.","[@]Слышал[if party:plural]и[/if]?
[W@]Железодорожные пути наконец-то расчищены![D:6] И поезд ходит точно по расписанию!
[W@]Что?[D] Вы расчистили завал ракетой Дункана?
[W@]Даже не знаю, смело это[DELAY:4:3]...[D] или безрассудно.","[@]Гей![D] Ти чув?
[W@]Залізничні колії нарешті розчищені![D:6] І поїзд ходить точно за розкладом!
[W@]Що?[D] Ви прибрали завал, запустивши в нього одну з ракет фабрики Дункана?
[W@]Навіть не уявляю,[D] чи цей вчинок хоробрий[DELAY:4:3]...[D] чи безвідповідальний.",[@]嘿！[D]你听说了吗？[W@]铁轨已经清理干净了！[D:6]而且火车也准点到站了！[W@]什么？[D]是你用邓肯的火箭清掉碎石的？[W@]好吧，我真不知道该说你这是勇敢…[D]还是鲁莽。
DIALOGUE_MERRYSVILLE_MISSILEIDEA_SPEAKER,Arthur,Arthur,Arthur,アーサー,아서,Arthur,Arthur,Arthur,Arthur,Arthur,Артур,Артур,亚瑟
DIALOGUE_MERRYSVILLE_MISSILETALK_0,"[@]Things just keep getting worse... [W@]If this continues, our town’s economy will suffer...","[@]Ç'est vraiment de pire en pire... [W@]Si tout ça continue, il y aura de graves conséquences économiques...","[@]Le cose non fanno che peggiorare... [W@]Se andiamo avanti così, l'economia della città ne risentirà...",[@]このままだと　わしらは　いったい[BR]どうなっちまうんだろうね。,[@]상황이 점점 악화해 가는군... [W@]이대로 가다간 우리 마을 경제에도 큰 영향을 끼칠 거야.,"[@]Las cosas sólo siguen empeorando...
[W@]Si esto continúa, la economía del pueblo se verá afectada...","[@]Las cosas no hacen más que empeorar...
[W@]Si esto sigue así, la economía del pueblo se verá afectada...","[@]As coisas estão só piorando... [W@]Se continuar assim, a economia da nossa cidade será afetada...","[@]Ciągle jest tylko gorzej... [W@]Jeśli nic się nie zmieni, ucierpi na tym ekonomia miasta...","[@]Es wird einfach immer schlimmer ... [W@]Wenn das so weitergeht, wird die Wirtschaft unserer Stadt nur weiter leiden ...",[@]С каждым днём всё хуже и хуже... [W@]Такими темпами экономика города совсем развалится...,"[@]Все стає тільки гірше... [W@]Якщо це продовжуватиметься, постраждає наша економіка...",[@]情况真是越来越糟了… [W@]再这样下去，我们镇的经济就要遭殃了…
DIALOGUE_MERRYSVILLE_MISSILETALK_0_SPEAKER,Wade,Wade,Wade,ウェイド,웨이드,Wade,Wade,Wade,Wade,Wade,Уэйд,Вейд,韦德
DIALOGUE_MERRYSVILLE_MISSILETALK_1,"[@]If we keep praying, then God will surely help us.","[@]Si on continue de prier, alors Dieu nous aidera certainement.","[@]Se continuiamo a pregare, Dio ci aiuterà.",[@]いのりつづければ　きっと　かみさまが　たすけてくれるわ。,"[@]계속 기도하다 보면, 하나님께서 분명 우리를 도와주실 거야.","[@]Si seguimos rezando, entonces Dios de seguro nos ayudará.","[@]Si seguimos rezando, estoy segura de que Dios nos ayudará.","[@]Se a gente continuar rezando, Deus irá nos ajudar.","[@]Jeżeli będziemy się nadal modlić, Bóg na pewno nam pomoże.","[@]Wenn wir nur weiter beten, wird uns der Herr mit Sicherheit helfen.","[@]Если мы все продолжим молиться, Бог защитит нас!","[@]Якщо ми й далі будемо молитися, то Бог обов’язково нам допоможе.
",[@]只要我们诚心祈祷，上帝一定会帮我们的。
DIALOGUE_MERRYSVILLE_MISSILETALK_1_SPEAKER,Janice,Janice,Janice,ジャニス,재니스,Janice,Janice,Janice,Janice,Janice,Дженис,Дженіс,珍妮丝
DIALOGUE_MERRYSVILLE_MISSILETALK_10,"[@]I heard Dr. Distorto wasn't the easiest man to work with, but he had a brilliant mind.
[W@]It's no surprise he snapped after Mr. Duncan passed away.
[W@]People like that need someone to keep them in check.","[@]J'ai entendu dire que malgré son esprit brillant, c'était très dur de travailler avec le Dʳ Distorto.
[W@]Ce n'est pas étonnant qu'il ait craqué après la mort de Monsieur Duncan.
[W@]Ce genre de cas, il leur faut une personne pour les canaliser.","[@]Ho saputo che il Dr. Distorto non è un tipo socievole, ma ha una mente brillante.
[W@]Non c'è da sorprendersi che sia impazzito dopo la morte del Sig. Duncan.
[W@]Certa gente ha bisogno di qualcuno che li tenga sotto controllo.",[@]ゆがみはかせは　まちがいなく　ひねくれていたが[BR]まちがいなく　てんさいでも　あった。[W@]ダンカンさんが　なくなって　こころまで　ゆがんだのも　いたしかたない。[W@]ささえて　くれるような　だれかが[BR]かれみたいな　ひとには　ひつようなんだろうね。,"[@]디스토르토 박사가 동업자였다면 쉬운 사람은 아니었겠지만, 머리는 정말 비상했다고 해.[W@]던컨 씨가 세상을 떠난 뒤에 그가 무너진 것도 놀랄 일은 아니지.[W@]저런 사람에겐 곁에서 제어해 줄 누군가가 꼭 필요하거든.","[@]He escuchado que el Dr. Distorto no era el tipo más agradable con el cual trabajar, pero era una mente brillante.
[W@]No me extraña que perdiese la cabeza después de que el Sr. Duncan falleciera.
[W@]La gente así necesita que alguien les mantenga bajo control.","[@]He oído que el Dr. Distorto no era el tipo más fácil con el que trabajar, pero era una mente brillante.
[W@]No me extraña que perdiese la cabeza después de que el Sr. Duncan falleciera.
[W@]La gente así necesita a alguien que la mantenga a raya.","[@]Ouvi dizer que o Dr. Distorto era uma pessoa meio difícil de lidar, mas tinha uma mente genial.[W@]Por isso, ele surtou quando o Sr. Duncan faleceu.[W@]Pessoas assim precisam de alguém por perto para mantê-las na linha.","[@]Słyszałem, że nie było łatwo pracować z Doktorem Distorto, ale miał niesamowity umysł.
[W@]Nic dziwnego, że kiedy Pan Duncan odszedł, to nagle mu odbiło.
[W@]Ludzie tacy jak on potrzebują kogoś, kto będzie ich pilnował.","[@]Ich habe gehört, dass Dr. Carigali nicht gerade der angenehmste Mensch war, jedoch war er ein Genie.[W@]Es überrascht mich gar nicht, dass er ausgerastet ist, nachdem Mr. Duncan von uns gegangen ist.[W@]Leute wie dieser Doktor brauchen jemanden, der sie im Zaum hält.","[@]Я слышал, что хоть доктор Деформо и гениальный инженер, но с ним было нелегко работать.
[W@]Неудивительно, что он рехнулся, когда мистер Дункан ушёл из жизни.
[W@]За такими людьми нужен глаз да глаз.","[@]Я чув, що з доктором Деформо було важко працювати, але він був геніальним винахідником.
[W@]Не дивно, що він звихнувся, коли містер Дункан віддав богові душу.
[W@]Таким людям потрібен хтось, хто б тримав їх під контролем.",[@]听说扭曲特博士这人不太好相处，但他头脑确实聪明。[W@]邓肯先生去世后他精神崩溃，这也不足为奇。[W@]也许有人来看着他会好一些。
DIALOGUE_MERRYSVILLE_MISSILETALK_11,"[@]It seems that the rockets have stopped for now...
[W@]I don't want to live through that nightmare again.","[@]On dirait bien que les tirs se sont arrêtés pour le moment...
[W@]Je refuse de revivre un cauchemar pareil.","[@]Per ora non arrivano più missili...
[W@]Non voglio vivere di nuovo quell'incubo.",[@]ロケット　とうぶんは　とまったみたいね・・・。[W@]もう　おびえて　くらすのは　こりごりだわ。,[@]적어도 지금은 로켓이 날아오는 건 멈춘 거 같네...[W@]다시는 그런 악몽을 겪고 싶지는 않아.,"[@]Parece que los cohetes se han detenido por ahora...
[W@]No quiero volver a vivir esa pesadilla otra vez.","[@]Parece que los cohetes han parado por ahora...
[W@]No quiero volver a vivir esa pesadilla otra vez.",[@]Parece que os foguetes pararam...[W@]Eu não quero viver aquele pesadelo nunca mais.,"[@]Wygląda na to, że rakiety na razie ustały...
[W@]Nie chcę znowu przechodzić przez ten koszmar.",[@]Der Raketenbeschuss scheint aufgehört zu haben ...[W@]Ich will sowas nie wieder durchmachen müssen.,"[@]Видимо, ракеты пока что прекратили запускать...
[W@]Не дай бог ещё раз пережить этот ужас.","[@]Здається, ракети перестали літати...
[W@]Я не хочу знову переживати цей кошмар.",[@]那些火箭似乎暂时停下来了…[W@]我可不想再经历那样的噩梦了。
DIALOGUE_MERRYSVILLE_MISSILETALK_2,[@]This seriously requires immediate action![W@]I say we protest in front of the mayor’s office!,"[@]On doit agir, et maintenant ![W@]Je propose une manifestation devant le bureau du maire !","[@]Bisogna agire, e subito![W@]Dovremmo protestare davanti all'ufficio del sindaco!",[@]これは　きんきゅうな　じたいだ！[W@]まちやくばの　まえで　デモを　おこなうべきだ！,[@]이건 당장 조치가 필요한 문제야![W@]시장실 앞에서 시위라도 해야 한다고!,"[@]¡Esto en serio requiere acción inmediata!
[W@]¡Yo digo que protestemos frente a la oficina del alcalde!","[@]¡Esto merece acción inmediata!
[W@]¡Yo digo que protestemos frente al ayuntamiento!",[@]Isso exige uma atitude imediata![W@]Vamos protestar na frente da prefeitura!,[@]To naprawdę wymaga natychmiastowej interwencji![W@]Moim zdaniem powinniśmy protestować przed domem burmistsza!,"[@]Darin besteht dringender Handlungsbedarf![W@]Ich schlage vor, wir demonstrieren vor dem Büro des Bürgermeisters!",[@]Это безобразие нужно срочно прекращать![W@]Устроим протест перед мэрией!,[@]Це вимагає негайних дій![D] Нам потрібно організувати протест перед офісом мера!,[@]这事真的需要立刻采取行动！[W@]我看我们就在镇长办公室门口抗议吧！
DIALOGUE_MERRYSVILLE_MISSILETALK_2_SPEAKER,Cooper,Cooper,Cooper,クーパー,쿠퍼,Cooper,Cooper,Cooper,Cooper,Cooper,Купер,Купер,库珀
DIALOGUE_MERRYSVILLE_MISSILETALK_3,[@]So does this mean I get to skip school tomorrow?,[@]...Ça veut dire que je peux sécher l'école demain ?,[@]Quindi domani non c'è scuola?,[@]ロケットの　おかげで[BR]あした　がっこう　やすめるぞぉ。,[@]그럼 내일은 학교 안 가도 되는 건가?,[@]¿Entonces puedo faltar a la escuela mañana?,[@]¿Entonces puedo no ir al cole mañana?,[@]Então quer dizer que eu posso faltar amanhã?,"[@]Czyli co, mogę jutro nie iść do szkoły?","[@]Heißt das jetzt, dass ich morgen Schule schwänzen darf?","[@]Получается, завтра в школу можно не идти?","[@]Виходить, завтра мені можна не йти до школи?",[@]那我明天是不是可以不用去学校了？
DIALOGUE_MERRYSVILLE_MISSILETALK_3_SPEAKER,Jeremy,Jeremy,Jeremy,ジェレミー,제러미,Jeremy,Jeremy,Jeremy,Jeremy,Jeremy,Джереми,Джеремі,杰里米
DIALOGUE_MERRYSVILLE_MISSILETALK_4,"[@]So Dr. Distorto was behind all the rockets?[W@]Hah![D] If I'd isolate myself in that maze of a factory,[D:6] I'd go stir-crazy too.[W@]Robots hardly make for good company.","[@]Le Dʳ Distorto était derrière les tirs de missiles ? [W@]Ha ![D] Si je m'isolais comme lui dans un labyrinthe aussi[D:4] accueillant[D:4] que son usine,[D:6] je serais aussi devenu fou. [W@]Les robots ne font vraiment pas bonne compagnie.","[@]Quindi era il Dr. Distorto il responsabile dei missili?[W@]Hah![D] Se mi dovessi isolare in quel labirinto di fabbrica,[D:6] ne uscirei pazzo anch'io.[W@]I robot non sono chissà che compagnia.",[@]ロケットを　はっしゃしていたのは[BR]ゆがみはかせ　だったわけか。[W@]あの　こうじょうに　いたら　おれだって[BR]きが　くるうよ。[W@]まわりに　いるのが　ロボットだけ　じゃあねぇ。,"[@]그럼 그 로켓들은 전부 디스토르토 박사 때문이었던 거야?[W@]하![D] 나라도 그 미로 같은 공장에 틀어박혀 지냈으면,[D:6] 제정신은 아니었곘네.[W@]로봇이라도 좋은 말동무는 못 되니까.","[@]¿Así que el Dr. Distorto era la mente maestra tras el tema de los cohetes?[W@]¡Ja![D] Si yo solito me aislara en ese laberinto de fábrica,[D:6] de seguro igual se me zafarían los tornillos.[W@]Digo, los robots no son muy buena compañía.","[@]¿Así que el Dr. Distorto estaba detrás de todo?
[W@]¡Ja![D] Si yo me aislara en ese laberinto de fábrica,[D:6] yo también acabaría chalado.
[W@]Los robots son todo menos buena compañía.","[@]Então, o Dr. Distorto era o culpado pelos foguetes?[W@]Quem diria![D] Se eu me trancasse naquela fábrica que parece um labirinto,[D:6] também ficaria lelé da cuca.[W@]Os robôs não são uma boa companhia.","[@]Więc to Dr Distorto stał za tymi rakietami?[W@]Cha![D] Gdybym samemu się zamknął w labiryncie, którym jest ta fabryka,[D:6] też bym postradał zmysły.[W@]Robotom daleko do dobrego towarzystwa.","[@]Also steckte Dr. Carigali hinter den ganzen Raketen?[W@]Hah![D] Wenn ich mich in diesem Labyrinth-Fabrik isolieren würde,[D:6] würde ich auch wahnsinnig werden.[W@]Roboter können wohl kaum gute Gesellschaft leisten.","[@]Выходит, ракеты с завода пускал доктор Деформо?[W@]Да уж![D] Если б я заперся в этой кроличьей норе,[D:6] у меня бы тоже крыша поехала.[W@]С роботами особо не потолкуешь.","[@]Виходить, за ракетами стояв доктор Деформо?
[W@]Ха![D] Якби я закрився в тій фабриці-лабіринті,[D:6] у мене б теж дах поїхав!
[W@]З роботами, чи знаєш, особливо не поспілкуєшся.",[@]所以那些导弹都是扭曲特博士搞的鬼？[W@]哈！[D]要是我把自己关在那座迷宫一样的工厂里，[D:6][BR]我也得愁疯。[W@]机器人可算不上什么好伙伴。
DIALOGUE_MERRYSVILLE_MISSILETALK_5,"[@]These missiles are a huge pain![W@]I hope somebody does something about this.[W@]What, me? [D]Sorry, [D:6]I’m too busy playing video games.","[@]Ces missiles sont un vrai problème ![W@]J'espère que quelqu'un va vite s'en occuper.[W@]Hein, moi ? [D]Désolé, [D:6]je suis trop occupé à jouer aux jeux vidéo.","[@]Questi missili sono una rottura![W@]Spero che qualcuno risolva.[W@]Chi, io? [D]No, scusa, [D:6]ho dei videogiochi da finire.",[@]しっかし　ほんとうに　うざったいな[BR]ダンカンこうじょうの　ロケット。[W@]だれか　なんとか　してくれないかなぁ。[W@]そのあいだ　おれは　うちで[BR]ゲームでも　してるからさ。,"[@]이 미사일 엄청 성가셔![W@]누가 좀 어떻게 해줬으면 좋겠네.[W@]뭐? 나? [D]미안하지만,[D:6] 난 비디오 게임 하느라 바쁘거든.","[@]¡Estos misiles son un verdadero fastidio![W@]Espero que alguien haga algo al respecto.[W@]¿Qué, yo? [D]Lo siento, [D:6]estoy muy ocupado jugando videojuegos.","[@]¡Estos misiles son un auténtico fastidio!
[W@]Espero que alguien haga algo al respecto.
[W@]¿Qué, yo? [D]Lo siento, [D:6]estoy demasiado ocupado[BR]jugando a videojuegos.","[@]Esses mísseis já estão enchendo o saco![W@]Espero que façam alguma coisa logo.[W@]Quem, eu? [D]Ah, não, [D:6]tô ocupado jogando videogame.","[@]Te rakiety są takie wkurzające![W@]Mam nadzieję, że ktoś coś z nimi zrobi.[W@]Co, że ja? [D]Sorka, [D:6]jestem zbyt zajęty graniem w gry.","[@]Diese Raketen sind super nervig![W@]Ich hoffe, jemand unternimmt was dagegen.[W@]Was, ich?[D] Sorry, [D:6]ich muss noch meinen Spiele-Backlog abarbeiten.","[@]Как же эти ракеты надоели![W@]Скорее бы с ними разобрались.[W@]Я? [D]Да щас. [D:6]Мне некогда,[D:4] я в компьютер играю.","[@]Ці ракети — величезна проблема![W@]Сподіваюся, хтось щось із ними зробить.[W@]Хто-хто?[D] Я? [D]Вибач, [D:4]я надто зайнятий відеоіграми.",[@]这些导弹真是烦死了！[W@]希望有人能管管这事儿。[W@]什么，让我去？[D]抱歉，[D:6]我忙着打游戏呢。
DIALOGUE_MERRYSVILLE_MISSILETALK_5_SPEAKER,Preston,Preston,Preston,プレストン,프레스턴,Preston,Preston,Preston,Preston,Preston,Престон,Престон,普雷斯顿
DIALOGUE_MERRYSVILLE_MISSILETALK_6,[@]Mommy says I still have to go to school.[W@]What a letdown!,[@]Maman dit que je dois toujours aller à l'école.[W@]Trop nul !,[@]La mamma dice che devo andare comunque a scuola.[W@]Che barba!,[@]ロケット　とまったから　あした　がっこうに　いけって　ママがいってた。[W@]あーあ　きみたちが　よけいなことするから・・・。,[@]엄마가 아직도 학교에는 가야 한대.[W@]정말 김빠지네!,"[@]Mi mami dice que todavía tengo que ir a la escuela.
[W@]¡Qué decepción!","[@]Mami dice que todavía tengo que ir al colegio.
[W@]¡Qué decepción!",[@]Minha mãe falou que eu ainda preciso ir à aula.[W@]Que sacanagem!,"[@]Mamusia mi powiedziała, że nadal muszę iść do szkoły.[W@]Ale lipa!","[@]Mama sagt, dass ich immer noch zur Schule muss.[W@]Echt enttäuschend!","[@]Мама сказала, что в школу всё равно надо.[W@]Ну вот!..","[@]Мама сказала, що мені все одно треба йти до школи.
[W@]Як прикро!",[@]妈妈说我还得去上学。[WAIT@]真扫兴！
DIALOGUE_MERRYSVILLE_MISSILETALK_7,"[@]You two stopped the rockets?
[W@]I knew my prayers would be answered!","[@]Vous avez arrêté les tirs ?
[W@]Je savais que Dieu allait écouter mes prières !","[@]Avete fermato i missili?
[W@]Le mie preghiere sono state esaudite!",[@]あなたたちが　ロケットを　とめたの？[W@]わたしの　いのりが　とどいたのね　きっと・・・。,[@]너희 둘이 로켓을 막았다고?[W@]내 기도를 이루어주실 줄 알았다니까!,"[@]¿Ustedes dos han detenido el tema los cohetes?
[W@]¡Sabía que mis oraciones serían escuchadas!","[@]¿Vosotros dos habéis parado los cohetes?
[W@]¡Sabía que mis plegarias harían efecto!",[@]Vocês dois fizeram os foguetes parar?[W@]Eu sabia que minhas preces seriam atendidas!,"[@]Wy dwaj zatrzymaliście rakiety?
[W@]Wiedziałam, że moje modlitwy zostaną wysłuchane!","[@]Ihr zwei habt die Raketen aufgehalten?[W@]Ich wusste, dass meine Gebete erhört werden!","[@]Это вы остановили запуск ракет?
[W@]Я знала, что мои молитвы будут услышаны!","[@]Ви вдвох зупинили всі ракети?
[W@]Я знала, що на мої молитви дадуть відповідь!",[@]你们两个把火箭停下来了？[WAIT@]我就知道我的祈祷会应验！
DIALOGUE_MERRYSVILLE_MISSILEVICTIM_0,"[@]Oh, this is just terrible![W@]I was on my way home, when a big rocket destroyed it in front of my very eyes!","[@]C'est vraiment terrible ![W@]Je rentrais chez moi quand, d'un coup, un gros missile a détruit ma maison juste sous mes yeux !","[@]È terribile![W@]Stavo tornando a casa, e un razzo enorme l'ha distrutta davanti ai miei occhi!
",[@]なんてことなの！[W@]めのまえに　ロケットが　おちてきたのよ！[BR]しかも　わたしの　いえに！,"[@]아이고, 이게 무슨 날벼락이람![W@]무너지는 소리에 서둘러 왔더니, 그게 우리 집이었다니!","[@]¡Oh, esto es terrible!
[W@]¡Iba de camino a casa, cuando un gran cohete la destruyó frente a mis ojos!","[@]¡Oh, esto es terrible!
[W@]¡Estaba yo de camino a casa cuando un cohete la destruyó frente a mis propios ojos!","[@]Oh, mas que coisa terrível![W@]Eu estava indo para casa, quando vi um foguete enorme destruí-la bem diante dos meus olhos!","[@]Och, to okropne![W@]Szłam właśnie do domu, kiedy wielka rakieta rozwaliła mi go przed własnymi oczami!","[@]Oh, das ist einfach nur furchtbar![W@]Ich war auf dem Heimweg, als eine riesige Rakete alles vor meinen Augen in die Luft gejagt hat!",[@]Какой кошмар![W@]Я только возвращалась домой — и ракета взорвала его прямо передо мной!,"[@]Ох, яке жахіття![W@]Я поверталася додому, і тут у нього прилетіла величезна ракета!
",[@]哦，这真是太可怕了！[W@]我在回家的路上，眼睁睁看着一枚大火箭把家给炸了！
DIALOGUE_MERRYSVILLE_MISSILEVICTIM_1,[@]Look for yourselves![W@]I just hope my insurance can cover this...,[@]Regardez par vous-même ![W@]J'espère que mon assurance peut couvrir tout ça... ,[@]Guardate voi stessi![W@]Spero che la mia assicurazione lo copra...,[@]ほら　じぶんの　めで　みてみなさい！[W@]ほけん　てきようされるかしら・・・。,[@]이것 좀 봐![W@]보험으로 처리할 수 있길 바라야겠네...,[@]¡Compruébenlo ustedes mismos![W@]Sólo espero que esto lo cubra mi seguro...,"[@]¡Mirad vosotros mismos!
[W@]Espero que esto lo cubra mi seguro...",[@]Dá só uma olhada nisso![W@]Eu espero que meu seguro tenha cobertura...,"[@]Sami spójrzcie![W@]Mam nadzieję, że moje ubezpieczenie to pokryje...","[@]Schau es dir selbst an![W@]Ich hoffe nur, dass meine Versicherung das übernimmt ...","[@]Сами полюбуйтесь![W@]Очень надеюсь, что моя страховка это компенсирует...","[@]Подивіться самі![W@]Сподіваюся, що моя страховка зможе це покрити...",[@]你们自己看看吧！[W@]我只希望我的保险能赔付这些…
DIALOGUE_MERRYSVILLE_MISSILEVICTIM_SPEAKER,Amelia,Amelia,Amelia,アメリア,아멜리아,Amelia,Amelia,Amelia,Amelia,Amelia,Амелия,Амелія,阿梅利亚
DIALOGUE_MERRYSVILLE_MOMHOUSERULES_0,"[@]If my son wants to play [NINTEN]do games, he must do his homework first.
[W@]Those are the rules in my house!
","[@]Si mon fils veut jouer à des jeux [NINTEN]do, il doit faire ses devoirs d'abord.
[W@]C'est comme ça les règles ici !","[@]Prima di toccare i videogiochi [NINTEN]do, mio figlio deve finire i compiti.
[W@]A casa mia si fa così!",[@]ファミコンしてる　じかんがあったら[BR]べんきょう　しなさいって[BR]むすこに　いってやったわよ。,"[@]내 아들은 [NINTEN]도 게임을 하고 싶다면, 숙제를 다 해야 해요.[W@]이게 우리 집 규칙이죠!","[@]Si mi hijo quiere jugar juegos en la [NINTEN]do, tiene que terminar su tarea primero.
[W@]¡Así son las reglas en mi casa!","[@]Si mi hijo quiere jugar a la [NINTEN]do, primero tiene que hacer su tarea.
[W@]¡Esas son las normas en mi casa!",[@]Meu filho só pode jogar jogos da [NINTEN]do depois que terminar o dever de casa.[W@]É assim que as coisas funcionam na minha casa!,"[@]Jeżeli mój syn chce sobie grać w gierki na swoim [NINTEN]do, musi najpierw odrobić lekcje.
[W@]Takie są zasady w moim domu!","[@]Wenn mein Sohn am [NINTEN]do spielen will, muss er zuerst seine Hausaufgaben machen.
[W@]Mein Haus, meine Regeln!","[@]Если мой сын хочет поиграть на «[NINTEN]до», то сначала он должен сделать все уроки.
[W@]Так заведено в моём доме!","[@]Якщо мій син хоче зіграти на його [NINTEN]до, спершу мусить написати свою домашню роботу.[W@]Такі правила мого дому!",[@]如果我儿子想玩[NINTEN]堂游戏，他就必须先做完作业。[W@]这可是我们家的规矩！
DIALOGUE_MERRYSVILLE_MOMHOUSERULES_1,"[@]I know it's tempting to play in the rain,[D:6] but you should really get back to class!","[@]Je sais que c'est tentant de s'amuser sous la pluie,[D:6] mais tu devrais vraiment retourner en cours !
","[@]Lo so che giocare sotto la pioggia è invitante,[D:6] ma dovresti tornare a scuola!
",[@]あめの　なかで　あそぶくらいなら[BR]がっこうで　あそびなさい。,"[@]비를 맞으며 놀고 싶은 마음은 충분히 알지만, [D:6]지금은 교실에 앉아 수업을 들어야죠!","[@]Sé que es tentador jugar bajo la lluvia,[D:6] ¡pero en serio deberías volver a clase!","[@]Sé que es tentador jugar bajo la lluvia,[D:6] ¡pero deberías volver ya a clase!","[@]Eu sei que é tentador brincar na chuva,[D:6] mas você realmente deveria voltar para a aula!","[@]Wiem, że zabawa w deszczu jest kusząca,[D:6] ale naprawdę powinieneś wracać do klasy!","[@]Ich weiß, dass die Versuchung groß ist, im Regen zu spielen,[D:6] aber du solltest jetzt wirklich zum Unterricht!","[@]Под дождём, конечно, весело,[D:6] но тебе надо быть в школе!","[@]Я знаю як сильно тобі хочеться піти гуляти під дощем,[D:6] але тобі дійсно варто повернутися на уроки!",[@]我知道在下雨天玩很诱人，[D:6]可你真该回教室上课了！
DIALOGUE_MERRYSVILLE_MOMHOUSERULES_SPEAKER,Penny,Penny,Penny,ペニー,페니,Penny,Penny,Penny,Penny,Penny,Пенни,Пенні,佩妮
DIALOGUE_MERRYSVILLE_MOUSE_VENDING_MACHINE,"[@](The Rat King has been making me keep this vending machine stocked up.)[W@](I don't know why, though. [D:3]It's not like any of us have the money.)","[@](Le roi des rats m'a obligé à refaire constamment le stock de ce distributeur.)[W@](Je sais pas pourquoi, cela dit. [D:3]C'est pas comme si on avait l'argent pour.)",[@](Il Re ratto mi fa mantenere rifornito questo distributore.)[W@](Non so il perché. [D:3]Nessuno di noi ha i soldi.),[@]（おうさまの　めいれいで　じはんきの[BR]ストックを　おこなっているでやんす。）[W@]（しかし　わたしたちは　ネズミなので[BR]かいたくても　ボタンに　せが　とどかない。[D:3][BR]じゃあ　いったい　だれのために・・・？）,[@](쥐들의 왕께선 이 자판기를 계속 채워 두라 명하셨어.)[W@](근데 왜 그런 명령을 내린 건지는 모르겠단 말이지.[D:3] 우리 중에 자판기를 쓸 정도로 돈이 있는 쥐는 없을 텐데.,[@](El Rey Rata me obliga a reponer esta máquina expendedora.)[W@](Aunque no sé para qué. [D:3]No es como si alguno de nosotros tuviera dinero.),"[@](El Rey Rata me obliga a reponer esta máquina expendedora.)
[W@](Aunque no sé por qué. [D:3]Tampoco es como si tuviéramos dinero.)",[@](O Rei Ratão me obriga a manter essa máquina de vendas sempre cheia.)[W@](Eu não faço ideia por quê. [D:3]Nenhum de nós aqui tem dinheiro.),"[@](Król Szczurów kazał mi uzupełniać ten automat.)[W@](Nie mam pojęcia po co. [D:3]To nie tak, że mamy pieniądze.)","[@](Der Rattenkönig hat mir befohlen, diesen Automat immer befüllt zu halten.)[W@](Ich weiß aber nicht warum. [D:3]Es ist ja nicht so, als hätten wir hier Geld.)","[@](Крысиный король приказывает мне пополнять этот торговый автомат.)
[W@](Только зачем? [D:4]Непонятно. [D:4]Денег у нас и так нет.)","[@](Король щурів змушує мене поповнювати цей торговельний автомат.)
[W@](Ось тільки я не розумію, навіщо. [D:4]У нас що, гроші є?)",[@]（鼠王一直让我给这台自动贩卖机补货。）[W@]（可我也不明白为什么，[D:3]我们几个也没钱买啊。）
DIALOGUE_MERRYSVILLE_NIECEVISITLANDSLIDE_0,"[@]I was looking forward to visiting my niece in Reindeer...[D] but there was a terrible landslide near Thanksgiving Station!
[W@]Now the railway line’s closed until it’s cleaned from debris.
","[@]Je voulais vraiment voir ma nièce à Reindeer... [DELAY]mais il y a eu un terrible éboulement près de la gare de Thanksgiving !
[W@]Donc la ligne est bloquée tant que les rochers ne seront pas retirés.","[@]Non vedevo l'ora di fare visita a mia nipote a Reindeer...[D] ma c'è stata una brutta frana vicino alla Union Station!
[W@]Ora la ferrovia è chiusa finché non verranno sgomberati i detriti.",[@]レインディアにいる　めいっこに　あえるのを　たのしみに　していたのに・・・[W@]サンクスギビングえきにて　どしゃくずれが　はっせい　したって。[W@]いわが　どかされるまで　きしゃは　とうぶん　とおらないだろうねぇ。,"[@]레인디어에 제 조카가 있는데, 이번에 만날 생각에 들떠 있었는데...[D] 땡스기빙 역 근처에 산사태가 일어났다라고요![W@]그래서 철도 위에 잔해를 치울 때까지는 폐쇄된 상태라고 합니다.","[@]Tenía muchas ganas de visitar a mi sobrina en Reindeer...[D] ¡pero hubo un terrible derrumbe cerca de la estación!
[W@]Ahora la vía esta cerrada hasta que puedan remover todos los escombros.","[@]Tenía muchas ganas de ir a visitar a mi sobrinita a Reindeer...[D] ¡pero ha habido un desprendimiento terrible cerca de la estación!
[W@]Ahora la vía está cortada hasta que se retiren los escombros.",[@]Eu estava doida para visitar a minha sobrinha em Renápolis...[DELAY] só que houve um baita deslizamento perto da Estação Felicidade![WAIT@]Agora o trem está parado até que removam os detritos.,"[@]Chciałam się spotkać z moją siostrzenicą w Reindeer...[D] ale straszne osuwisko miało miejsce przy Stacji Union!
[W@]Zamknęli przez to linię kolejową do czasu, aż ktoś nie pozbędzie się z niej kamulców.","[@]Ich hab mich darauf gefreut, meine Nichte in Reindeer zu besuchen ...[D] aber in der Nähe vom Unionsbahnhof gab es einen schrecklichen Erdrutsch!
[W@]Jetzt ist die Bahnstrecke gesperrt, bis die Trümmer geräumt sind.","[@]Я ужасно хотела повидаться со своей племянницей в Рейндире...[D] но около станции «День благодарения» случился страшный обвал![W@]Теперь путь не откроют, пока там всё не уберут.","[@]Мені не терпілося відвідати свою племінницю у Рейндір...[D]але коло станції «День подяки» відбувся жахливий обвал![W@]Тепер залізницю закрито, доки завали не приберуть.",[@]我一直盼着去看望我住在驯鹿镇的侄女…[D]但是感恩节车站附近发生了严重的山体滑坡！[W@]现在铁路线要一直封闭到碎石瓦砾清理完毕为止。
DIALOGUE_MERRYSVILLE_NIECEVISITLANDSLIDE_SPEAKER,Esther,Esther,Esther,エスター,에스더,Esther,Esther,Esther,Esther,Ester,Эстер,Естер,埃丝特
DIALOGUE_MERRYSVILLE_NOMONSTERINSURANCE_0,"[@]An awful creature beat me up when I tried going to the train station...
[W@]And the worst part?[D] My insurance doesn’t cover monster attacks!","[@]Un monstre horrible m'a sauté dessus quand j'ai essayé d'aller à la gare...
[W@]Et le pire ?[D] Mon assurance ne couvre pas les attaques de monstres !","[@]Una creatura orribile me le ha date di santa ragione mentre provavo ad andare alla stazione...
[W@]E la cosa peggiore?[D] La mia assicurazione non copre gli attacchi dei mostri!
",[@]えきに　いくとちゅう[BR]ばけものに　おそわれたんだ。[W@]しかも　ほけんが　てきようがいとは　なんてこった！,[@]기차역에서 가던 중 끔찍한 괴물이 날 공격하더군...[W@]최악인 점이 뭔 줄 아나?[D] 내 보험은 괴물에 의한 상해가 적용되지 않는다는 거야!,[@]Una criatura horrible me dio una paliza cuando intenté ir a la estación de tren... [W@]¿La peor parte?[D] ¡Mi seguro médico no cubre ataques de monstruos!,"[@]Una criatura horrible me metió una paliza de camino a la estación de tren...
[W@]¿Y sabes qué es lo peor?[D] Que mi seguro no cubre los ataques de monstruo.",[@]Uma criatura estranha me encheu de porrada quando eu estava indo para a estação de trem...[W@]E sabe o que é pior?[D] Meu seguro não cobre ataque de monstros!,"[@]Straszne monstrum dobrało się do mnie na mojej drodze do stacji kolejowej...
[W@]A wiesz, co jest najgorsze?[D] Moje ubezpieczenie nie pokrywa ataków potworów!","[@]Ein schreckliches Monstrum hat mich verprügelt, als ich zum Bahnhof gehen wollte ...
[W@]Das Schlimmste daran?[D] Meine Krankenversicherung deckt keine Monsterangriffe ab!","[@]Я когда шёл на вокзал, на меня набросилось какое-то отвратительное существо...
[W@]А самое-то ужасное — [D:6]в страховке про нападения чудищ ничего нет!","[@]Якась жахлива істота побила мене, коли я спробував піти на вокзал...
[W@]І знаєш, що найгірше?[D] Моя страховка не покриває напади монстрів!",[@]我想去火车站，结果被一个可怕的怪物给揍了…[W@]你知道最糟的是什么吗？[D]我的保险居然不保怪物袭击！
DIALOGUE_MERRYSVILLE_NOMONSTERINSURANCE_SPEAKER,Robert,Robert,Robert,ロバート,로버트,Robert,Robert,Robert,Robert,Robert,Роберт,Роберт,罗伯特
DIALOGUE_MERRYSVILLE_NOORDINARYMAN_0,"[@]You might think that I’m just your average Joe Schmoe...[D] but you’d be wrong!
[W@][FASTER]I am no ordinary man![/FASTER]
[W@]I am a hardworking laborer who never misses a day of work!
[W@]And I have never, ever, jaywalked in my entire life!
[W@]I hope you now realize how important I am for society.","[@]Tu pourrais penser que je suis un mec typique...[D] mais tu aurais tort !
[W@][FASTER]Je suis tout sauf un homme ordinaire ![/FASTER]
[W@]Je suis un ouvrier assidu qui ne manque jamais d'être à son poste !
[W@]Et je n'ai jamais, jamais grillé un seul feu rouge !
[W@]J'espère que tu comprends tout ce que j'apporte à la société.","[@]Forse secondo te sono un uomo qualunque...[D] ma ti sbagli di grosso!
[W@][FASTER]Io non sono come gli altri![/FASTER]
[W@]Io sono un bravo lavoratore che non si assenta mai in ufficio!
[W@]E in vita mia non ho mai attraversato fuori dalle strisce!
[W@]Spero che ti sia chiaro quanto io sia importante per la società.

",[@]おれを　ただのおじさんと　おもうなよ。　[W@]じっさい　そうなんだけどさ。,[@]너는 내가 평범한 사람이라고 생각하겠지...[D] 하지만 틀렸어![W@][FASTER]나는 평범한 사람이 아니야![/FASTER][W@]단 하루도 쉬지 않고 개근한 성실한 노동자다![W@]그리고 일평생 단 한 번도 무단횡단조차 해본 적이 없다![W@]이제 내가 이 사회에서 얼마나 중요한 존재인지 알았으면 좋겠군.,"[@]Puede que creas que soy un tipo más del montón...[D] ¡pero te equivocarías!
[W@][FASTER]¡No soy un hombre ordinario![/FASTER]
[W@]¡Soy un trabajador dedicado que jamás ha faltado a su empleo!
[W@]¡Y nunca, pero nunca en mi vida, he cruzado un semáforo en rojo!
[W@]Espero que ahora te des cuenta de lo importante que soy para la sociedad.","[@]Puede que pienses que soy un tipo del montón...[D] ¡pero nada más lejos de la realidad!
[W@][FASTER]¡No soy un tipo cualquiera![/FASTER]
[W@]¡Soy un incansable trabajador que no falta ni un solo[BR]día a su puesto!
[W@]¡Y jamás de los jamases he cruzado un semáforo en rojo!
[W@]Espero que ahora te des cuenta de lo importante que soy para la sociedad.",[@]Você deve estar pensando que eu não passo de um[BR]Zé Ninguém...[D] mas é aí que você se engana![W@][FASTER]Eu não sou qualquer um![/FASTER][W@]Eu sou um cidadão respeitado que nunca faltou ao trabalho![W@]E eu jamais atravessei a rua fora da faixa![W@]Agora percebe o quanto sou importante para a sociedade?,"[@]Pewnie sobie myślisz, że ze mnie tylko jakiś przeciętny Kowalski...[D] ale się mylisz!
[W@][FASTER]Żaden ze mnie przeciętniak![/FASTER]
[W@]Jestem ciężko pracującym robotnikiem, który nigdy nie bierze zwolnienia!
[W@]I nigdy, przenigdy nie przeszedłem na czerwonym świetle w całym swoim życiu!
[W@]Mam nadzieję, że teraz zdajesz sobie sprawę z tego, jak ważny jestem dla społeczeństwa.","[@]Man könnte meinen, ich sei nur ein ganz normaler Spießbürger ...[D] aber da irrt man sich!
[W@][FASTER]Ich bin kein gewöhnlicher Mensch![/FASTER]
[W@]Ich bin ein fleißiger Arbeiter, der keinen einzigen Arbeitstag versäumt!
[W@]Und ich bin in meinem ganzen Leben noch nie, nie, nie bei Rot über die Ampel gegangen!
[W@]Ich hoffe, du erkennst jetzt, wie wichtig ich für die Gesellschaft bin.","[@]Ты, наверное, подумал, что я какой-то там простачок?..[D] Но ты сильно ошибаешься!
[W@][FASTER]Я не обычный прохожий![/FASTER]
[W@]Я трудоголик, который никогда не прогуливает работу!
[W@]И я никогда, вообще никогда в жизни не переходил дорогу на красный свет!
[W@]Надеюсь, ты теперь понимаешь, насколько я ценнен для общества.","[@]З першого погляду ти міг подумати, що я звичайнісінький чоловік...[D] але це зовсім не так![W@][FASTER]Я не простак![/FASTER][W@]Я пряцьовитий трудяга, який ніколи не пропустив ані дня роботи![W@]І я ніколи в житті не перебігав дорогу в недозволеному місці![W@]Надіюся, ти зрозумів мою вагу для суспільства. ",[@]你也许以为我只是个极其普通、平平无奇的人…[BR][D]那你就大错特错了！[W@][FASTER]我可不是平庸之辈！[/FASTER][W@]我是个一天都不翘班的勤劳打工人！[W@]而且我这辈子从！来！没！有！横穿过一次马路！[W@]这下你明白我对社会有多重要了吧。
DIALOGUE_MERRYSVILLE_NOORDINARYMAN_SPEAKER,Johnson,Johnson,Johnson,ジョンソン,존슨,Johnson,Johnson,Johnson,Johnson,Johnson,Джонсон,Джонсон,约翰逊
DIALOGUE_MERRYSVILLE_NURSEVISITING_0,"[@]I'm sorry, but visiting hours are over for today.[W@]Please come back tomorrow.","[@]Désolé, mais nous sommes fermés pour aujourd'hui.[W@]N'hésite pas à revenir demain.","[@]Mi spiace, ma l'orario delle visite è terminato.[W@]Torna domani.
",[@]ごめんかいの　じかんは　おわりました。[W@]また　あした　おこしください。,"[@]죄송하지만, 금일 면회 시간은 끝났습니다.[W@]내일 다시 와 주세요.","[@]Lo siento, pero las horas de visita han terminado por hoy.
[W@]Vuelve mañana.","[@]Lo siento, pero las horas de visita han terminado por hoy.
[W@]Vuelve mañana.","[@]Sinto muito, mas o horário de visitas já se encerrou.[W@]Por favor, volte amanhã.","[@]Przykro mi, ale czas odwiedzin już się dziś skończył.[W@]Proszę wrócić jutro.","[@]Tut mir leid, aber die Besucherstunden für heute sind vorbei.[W@]Bitte komm morgen wieder.","[@]К сожалению, приём посетителей на сегодня закончен.[W@]Приходите завтра.","[@]Мені прикро, але період прийому на сьогодні скінчився.[W@]Повертайтеся завтра.",[@]很抱歉，今天的探望时间结束了。[W@]请明天再来吧。
DIALOGUE_MERRYSVILLE_NURSEVISITING_1,[@]We just finished giving Mrs. Schneider her injections.[W@]I'm afraid she won't be able to talk. [D]She needs rest.,[@]On vient de donner ses injections à Mᵐᵉ Schneider. [W@]J'ai bien peur qu'elle ne puisse pas parler tout de suite. [D]Elle doit se reposer.,[@]Abbiamo appena somministrato alla Sig.ra Schneider le sue iniezioni.[W@]Temo che non sia in grado di parlare. [D]Ha bisogno di riposo.,[@]シュナイダーさんへの　ちゅうしゃは[BR]すんだばかりです。[W@]めんかいは　かのうですが[BR]もう　ねてしまわれたかと・・・[D][BR]そっとして　あげてくださいね。,[@]방금 슈나이더 부인께 주사를 마쳤습니다.[W@]면회는 어려울 거 같습니다.[W@]안정이 필요해요.,[@]Acabamos de administrarle sus inyecciones a la señorita Shcneider.[W@]Me temo que no podrá hablar. [D]Necesita descanso.,"[@]Acabamos de administrarle unas inyecciones a la señorita Schneider.
[W@]Me temo que no podrá hablar. [D]Necesita descansar.",[@]Acabamos de aplicar as injeções da Sra. Schneider.[W@]Ela não vai poder falar agora. [D]Deixe-a descansar.,"[@]Właśnie podaliśmy zastrzyki Pani Schneider.[W@]Obawiam się, że nie może teraz rozmawiać. [D]Musi odpocząć.","[@]Wir sind gerade fertig damit geworden, Frau Schneider ihre Injektionen zu geben.[W@]Ich fürchte, dass sie zurzeit nicht ansprechbar ist. [D]Sie muss ruhen.","[@]Миссис Шнайдер сейчас отдыхает после уколов.[W@]Боюсь, она не будет в состоянии говорить.","[@]Ми щойно закінчили робити уколи міссіс Шнайдер.
[W@]На жаль, вона не зможе спілкуватися. [D]Їй потрібен повний спокій.",[@]我们刚为施耐德夫人打完针。[WAIT@]恐怕她暂时没法说话了，[DELAY]她需要休息。
DIALOGUE_MERRYSVILLE_NURSEVISITING_SPEAKER,Annie,Annie,Annie,アニー,애니,Annie,Annie,Annie,Annie,Annie,Энни,Енні,安妮
DIALOGUE_MERRYSVILLE_PODUNKCURFEWLIFTED_0,"[@]I heard the curfew in Podunk has been lifted.
[W@]You know what that means, don't you?[D] We can cross the bridge once more!
","[@]Apparemment, le couvre-feu à Podunk a été levé.
[W@]Tu sais ce que ça veut dire, non ?[D] On peut enfin repasser par le pont !","[@]Pare che abbiano annullato il coprifuoco a Podunk.
[W@]Sai che vuol dire?[D] Possiamo di nuovo attraversare il ponte!
",[@]マザーズデイの　まちの　かいげんれいは　とかれたんだってな。　[W@]ってことは　あのはしも　とおれるように　なったってことだ。[D][BR]ドゥ　ユー　アンダスタン？,[@]마더지데이 통행금지가 해제됐다는 소문을 들었어.[W@]그게 무슨 뜻인지 알지?[D] 다시 다리를 건널 수 있는 거야!,"[@]Escuché que por fin levantaron el toque de queda en Podunk.
[W@]¿Sabes lo que significa, no?[D] ¡Por fin podemos cruzar el puente otra vez!","[@]He oído que han levantado el toque de queda en Podunk.
[W@]¿Sabes lo que significa eso, verdad?[D] ¡Que ya podemos volver a cruzar el puente!","[@]Ouvi dizer que o bloqueio de Boa Mãe foi suspenso.[W@]Você sabe o que isso significa, não sabe?[D] Já podemos voltar a usar a ponte!","[@]Słyszałam, że w Podunk znieśli godzinę policyjną.
[W@]Wiesz co to oznacza, prawda?[D] Znowu będzie można używać mostu!","[@]Ich hab gehört, dass die Ausgangssperre in Podunk aufgehoben wurde.
[W@]Du weißt doch, was das bedeutet, oder?[D] Wir können wieder über die Brücke gehen!","[@]В Поданке комендантский час отменили.
[W@]А знаешь, что это значит?[D] А это значит, что мост опять открыт!","[@]Я чула, що комендантську годину в Поданку скасували.
[W@]Ти ж розумієш, що це означає?[D] Ми знову можемо переходити міст!",[@]我听说波顿克的宵禁已经解除了。[W@]你知道这意味着什么，对吧？[D]我们又能再次过桥了！
DIALOGUE_MERRYSVILLE_PODUNKCURFEWLIFTED_SPEAKER,Trish,Trish,Trish,トリシー,트리시,Trish,Trish,Trish,Trish,Trisha,Триш,Тріш,特里什
DIALOGUE_MERRYSVILLE_PODUNKRUMORSGUY_0,[@]I heard about some weird stuff happening over in Podunk.[D:6] Is that true?,[@]J'ai entendu dire qu'il se passait des trucs bizarres à Podunk...[D:6] C'est vrai ?,[@]Ho saputo che sono successe cose strane a Podunk.[D:6] È vero?,[@]うわさだと　マザーズデイでは[BR]かいきげんしょうが　おこっているらしいな。[D:6][BR]ほんとうか？,[@]마더즈데이는 이상한 일들이 벌어지고 있다던데.[D:6] 정말이야?,[@]He oído que están pasando cosas raras en Podunk.[D:6] ¿Es verdad eso?,[@]He oído que están pasando movidas raras por Podunk.[D:6] ¿Es cierto?,[@]Eu soube que tem coisas estranhas acontecendo em Boa Mãe.[D:6] É verdade?,"[@]Słyszałem, że dziwne rzeczy dzieją się w Podunk.[D:6] Czy to prawda?","[@]Hab gehört, dass in Podunk seltsame Dinge vor sich gehen.[D:6] Stimmt das?","[@]Я слышал, что в Поданке происходят всякие необъяснимые штуки.[D:6] Это правда?","[@]Я чув, що у Поданку відбуваються зовсім дивні речі.[D:6] Це правда?",[@]我听说波顿克那边发生了很多怪事，[D:6]是真的吗？
DIALOGUE_MERRYSVILLE_PODUNKRUMORSGUY_0-OPT_0,Yes,Oui,Sì,はい,네,Sí,Sí,Sim,Tak,Oh ja,Да,Так,是
DIALOGUE_MERRYSVILLE_PODUNKRUMORSGUY_0-OPT_1,No,Non,No,いいえ,아니오,No,No,Não,Nie,Nein,Нет,Ні,否
DIALOGUE_MERRYSVILLE_PODUNKRUMORSGUY_1,[@]A zombie getting kidnapped...[D] animals running for mayor...[W@]You guys sure have an exciting town!,"[@]Un zombie qui se fait enlever...[D] des animaux qui déposent leurs candidatures aux municipales...[W@]Elle est fascinante, votre ville !",[@]Un rapimento di zombi...[D] animali che si candidano come sindaco...[W@]Che città interessante!,[@]ゾンビのおんなのこが　ゆうかいされたり・・・[D][BR]どうぶつが　しちょうに[BR]りっこうほ　したんだってな？[W@]おもしれー　まちだな。,[@]좀비가 납치당하고...[D] 동물들이 시장 선거에 출마하고...[W@]너희 마을은 정말 특이하네!,[@]¿Zombis secuestrados...?[D] ¿Animales postulándose para alcalde...?[W@]¡Vaya que tienen un pueblo emocionante!,[@]¿Zombis secuestrados...?[D] ¿Animales presentándose a alcalde...?[W@]¡Vaya pueblo alucinante que tenéis!,"[@]Tem zumbis sendo sequestrados...[D] animais concorrendo para prefeito...[W@]Vocês têm uma cidade bem animada, hein?",[@]Porwano jakiegoś zombie...[D] zwierzęta startują na burmistrza...[W@]Raczej nie narzekacie tam na nudę!,[@]Ein Zombie wird entfürt ...[D] Tiere kandidieren als Bürgermeister ... [W@]Ihr habt echt ein spannendes Örtchen!,[@]То живых мертвецов крадут...[D] То животные баллотируются в мэры...[W@]У вас там вообще нескучно!,[@]То викрадають бідного зомбі...[D] то тварини балотуються на посаду мера...[W@]У такому місті не занудьгуєш!,[@]丧尸被绑架…[D]动物竞选镇长…[W@]你们这小镇还真是刺激啊！
DIALOGUE_MERRYSVILLE_PODUNKRUMORSGUY_2,"[@]Hum. I thought so.
[W@]Everybody knows zombies aren’t real, after all.","[@]Hum. C'est ce que je me disais.
[W@]Tout le monde sait que ça n'existe pas les zombies.","[@]Uhm. Immaginavo.
[W@]Lo sanno tutti che gli zombi non esistono.
",[@]ふむ　やはりか。[W@]ゾンビなんかが　げんじつにいるわけ　ねぇもんな。,[@]흠... 역시 그럴 줄 알았어.[W@]애초에 좀비 같은 게 있을 리가 없지.,[@]Ah. Ya lo sospechaba.[W@]Todo el mundo sabe que los zombis no existen.,"[@]Ah. Ya me temía yo.
[W@]Al fin y al cabo, todos sabemos que los zombis no existen.","[@]Hum... Foi o que imaginei.[W@]Afinal, todo mundo sabe que zumbis não existem.","[@]Hm. Tak myślałem.
[W@]W końcu każdy wie, że zombie nie istnieją.","[@]Huh. Dachte ich mir. [W@]Weiß schließlich jeder, dass Zombies nicht real sind.","[@]М-м. Я так и думал.
[W@]Все ведь знают, что зомби не существует.","[@]М-м. Я так і думав.
[W@]Усі ж знають, що зомбі не існує.",[@]哼，我也这么觉得。[W@]毕竟谁都知道丧尸这种东西是不存在的。
DIALOGUE_MERRYSVILLE_PODUNKRUMORSGUY_SPEAKER,Kevin,Kévin,Kevin,ケビン,케빈,Kevin,Kevin,Kevin,Kevin,Kevin,Кевин,Кевін,凯文
DIALOGUE_MERRYSVILLE_QUESTIONNAIREGUY_0,"[@]Excuse me, would you like to participate in a questionnaire?","[@]Excusez-moi, voudriez-vous bien répondre à un court questionnaire ?","[@]Scusami, parteciperesti a un questionario?",[@]すみません。[BR]ちょっと　アンケートに　こたえていただけますか？　,"[@]실례합니다, 설문조사에 참여해 주실 수 있나요?","[@]Disculpa, ¿te gustaría participar en una encuesta?","[@]Disculpa, ¿te gustaría participar en una encuesta?","[@]Com licença, você gostaria de participar de uma pesquisa?","[@]Przepraszam, może zechciałbyś wziąć udział w ankiecie?","[@]Entschuldige, möchtest du an unserer Umfrage teilnehmen?","[@]Извините, не хотите ли поучаствовать в опросе?","[@]Перепрошую, але ви не проти взяти участь у опитуванні? ",[@]打扰一下，您愿意参加一份问卷调查吗？
DIALOGUE_MERRYSVILLE_QUESTIONNAIREGUY_0-OPT_0,Yes,Oui,Sì,はい,네,Sí,Sí,Sim,Tak,Ja,Да,Так,是
DIALOGUE_MERRYSVILLE_QUESTIONNAIREGUY_0-OPT_1,No,Non,No,いいえ,아니오,No,No,Não,Nie,Nein,Нет,Ні,否
DIALOGUE_MERRYSVILLE_QUESTIONNAIREGUY_1,[@]Very well! Let's begin.[W@]Do you think the train tickets are too expensive?,"[@]Très bien, commençons.[W@]Pensez-vous que les billets de train sont trop coûteux ?",[@]Ottimo! Cominciamo.[W@]Pensi che i biglietti dei treni siano troppo costosi?,[@]それでは　おねがいします。[W@]あなたは　きしゃの　うんちんを[BR]たかいと　おもいますか？　,[@]좋습니다! 그럼 시작하죠.[W@]기차 티켓 요금이 비싸다고 생각하시나요?,[@]¡Muy bien! Empecemos.[W@]¿Crees que los boletos para el tren son demasiado caros?,[@]¡Muy bien! Empecemos.[W@]¿Crees que los billetes de tren son demasiado caros?,"[@]Certo, vou começar.[W@]Você acha que os bilhetes de trem são caros demais?","[@]Świetnie! A zatem zacznijmy.[W@]Czy uważasz, że bilety kolejowe są zbyt drogie?","[@]Sehr schön! Fangen wir an.[W@]Denkst du, dass Zugfahrkarten zu teuer sind?","[@]Отлично! Итак.[W@]Как вы думаете, билеты на поезд слишком дорогие?","[@] Чудово! Почнемо.[W@]Як ви вважаєте, квитки на поїзд занадто дорогі?",[@]非常好！那我们开始吧。[W@]首先，您认为火车票的售价是否过高呢？
DIALOGUE_MERRYSVILLE_QUESTIONNAIREGUY_1-OPT_0,Yes,Oui,Sì,はい,네,Sí,Sí,Sim,Tak,Ja,Да,Так,是
DIALOGUE_MERRYSVILLE_QUESTIONNAIREGUY_1-OPT_1,No,Non,No,いいえ,아니오,No,No,Não,Nie,Nein,Нет,Ні,否
DIALOGUE_MERRYSVILLE_QUESTIONNAIREGUY_2,[@]Really?[D] This is a respectable survey...,[@]Vraiment ?[D] Il s'agit d'un questionnaire sérieux...,[@]Davvero?[D] Questo è un questionario rispettabile...,[@]えっ　ほんとに？[D][BR]あやしいアンケートじゃ　ないのになぁ。　,[@]정말인가요?[D] 진지한 설문조사입니다...,[@]¿De verdad?[D] Fíjate que esta es una encuesta seria...,[@]¿En serio?[D] Mira que esta es una encuesta seria...,"[@]Poxa, mas por quê?[D] Esta aqui é uma pesquisa séria...",[@]Doprawdy?[D] To przyzwoita ankieta...,[@]Wirklich?[D] Das ist eine seriöse Umfrage ...,[@]Точно?[D] Это порядочный опрос...,[@]Точно?[D] Це порядне опитування...,[@]真的吗？[D]我们可是正规调查啊…
DIALOGUE_MERRYSVILLE_QUESTIONNAIREGUY_3,[@]Have you ever used a Bullhorn?,[@]Avez-vous déjà utilisé un Mégaphone ?,[@]Hai mai usato un Megafono?,[@]あなたは　ふしぎなメガホンを　つかいましたか？　,[@]확성기를 사용해 본 적 있으신가요?,[@]¿Has usado alguna vez un Megáfono?,[@]¿Has usado alguna vez un Megáfono?,[@]Você já usou um Megafone?,[@]Czy kiedykolwiek użyłeś Megafonu?,[@]Hast du schon einmal ein Megafon benutzt?,[@]Вы когда-нибудь пользовались рупором?,[@]Ви коли-небудь користувалися мегафоном?,[@]你用过扩音喇叭吗？
DIALOGUE_MERRYSVILLE_QUESTIONNAIREGUY_3-OPT_0,Yes,Oui,Sì,はい,네,Sí,Sí,Sim,Tak,Ja,Да,Так,是
DIALOGUE_MERRYSVILLE_QUESTIONNAIREGUY_3-OPT_1,No,Non,No,いいえ,아니오,No,No,Não,Nie,Nein,Нет,Ні,否
DIALOGUE_MERRYSVILLE_QUESTIONNAIREGUY_4,[@]Which town are you from?,[@]D'où venez-vous ?,[@]Puoi dirmi da dove vieni?,[@]あなたは　どこから　きましたか。,[@]어느 마을 출신인가요?,[@]¿De qué pueblo eres?,[@]¿De qué pueblo vienes?,[@]De que cidade você é?,[@]Z jakiego miasta pochodzisz?,[@]Aus welcher Stadt kommst du?,[@]Из какого вы города?,[@]З якого ви міста?,[@]你来自哪个镇？
DIALOGUE_MERRYSVILLE_QUESTIONNAIREGUY_4-OPT_0,Yes,Oui,Sì,はい,네,Sí,Sí,Sim,Tak,Ja,Да,Так,是
DIALOGUE_MERRYSVILLE_QUESTIONNAIREGUY_4-OPT_1,No,Non,No,いいえ,아니오,No,No,Não,Nie,Nein,Нет,Ні,否
DIALOGUE_MERRYSVILLE_QUESTIONNAIREGUY_5,"[@][DELAY:4:3]...Right.[D] Thank you for your time.
[W@]In exchange, please have this Telephone Card!
","[@][DELAY:4:3]...D'accord.[D] Merci d'avoir pris le temps de répondre.
[W@]En échange, cette Carte téléponique vous est offerte !","[@][DELAY:4:3]...Va bene.[D] Grazie per il tuo tempo.
[W@]Per ricambiare, ecco questa Scheda Telefonica!
",[@][DELAY:4:3]・・・しょうちしました。[D][BR]ごきょうりょく　ありがとうございました。　[W@]おれいの　テレホンカードです。　,[@][DELAY:4:3]...그렇군요.[D] 시간 내 주셔서 감사합니다.[W@]답례로 이 전화 카드를 받아 주세요!,"[@][DELAY:4:3]...Entendido.[D]  Muchas gracias por tu tiempo.
[W@]A cambio, ¡ten esta Tarjeta telefónica!","[@][DELAY:4:3]...Pues ya estaría.[D] Muchas gracias por tu tiempo.
[W@]¡A cambio, toma esta Tarjeta telefónica!","[@][DELAY:4:3]...Certo.[D] Obrigado por participar.[W@]Como agradecimento, pegue este Cartão Telefônico!","[@][DELAY:4:3]...Tia.[D] Dziękuję za poświęcony czas.
[W@]Proszę, weź w zamian tę Kartę Telefoniczną!","[@][DELAY:4:3]... Also.[D] Vielen Dank für deine Zeit.
[W@]Nimm als Gegenleistung gerne diese Telefonkarte!","[@][DELAY:4:3]...Хорошо.[D] Спасибо, что уделили время.
[W@]За участие в опросе вы получаете таксофонную карту!","[@][DELAY:4:3]...Зрозуміло.[D] Дякую за ваш час.
[W@]За участь в опитуванні ви отримуєте телефонну картку!",[@]…[DELAY:4:3]完成，[D]感谢您抽出时间。[W@]作为回报，请收下这张电话卡吧！
DIALOGUE_MERRYSVILLE_QUESTIONNAIREGUY_6,[@]Oh![D] It seems that your load is too heavy.,[@]Oh ![D] Votre sac semble plein.,[@]Oh![D] Pare che tu abbia troppi oggetti.,[@]おや[D][@]それいじょう　もてないようですね。　,[@]앗![D] 짐이 너무 많으신 거 같네요.,[@]¡Oh![D] Parece que llevas demasiado.,[@]¡Oh![D] Parece que llevas demasiada carga.,[@]Oh![D] Parece que você já tem peso demais para levar.,[@]Ojej![D] Chyba nie masz gdzie jej schować.,"[@]Oh![D] Sieht so aus, als wären deine Taschen zu schwer.","[@]Ой.[D] Похоже, вам её некуда положить...","[@] Ах![D] Схоже, вам її нікуди покласти.",[@]诶呀！[D]看来拿不下了啊。
DIALOGUE_MERRYSVILLE_QUESTIONNAIREGUY_7,"[@]Excuse me, would you like to...[W@]Oh![D] I'm sorry, it looks like I've already asked you these questions...","[@]Excusez-moi, voudriez-vous...[W@]Oh ![D] Désolé, il semble que ces questions vous ont déjà été posées.","[@]Scusami, parteciperesti a...[W@]Oh![D] Mi spiace, ti ho già fatto queste domande...",[@]すみません。[D]ちょっと・・・アンケートに・・・[W@]あっ[D]　まえに　おねがいしましたっけね。,"[@]실례합니다, 설문조사 한번 참여해 주실 수 있나요?[W@]아![D] 죄송합니다, 아까 해주셨죠?","[@]Disculpa, ¿te gustaría...[W@]¡Ah![D] Lo siento, parece que ya te he hecho estas preguntas...","[@]Disculpa, ¿te gustaría...
[W@]¡Ah![D] Lo siento, parece que ya te he hecho estas preguntas...","[@]Com licença, você gostaria de...[W@]Oh![D] Perdão, eu já te fiz essas perguntas...","[@]Przepraszam, może zechciałbyś...[W@]Ojej![D] Wybacz, tobie już przecież zadałem te pytania...","[@]Entschuldigung, möchtest du vielleicht ...[W@]Oh![D] Tut mir leid, anscheinend hab ich dir die Fragen schon gestellt ...","[@]Извините, не хотите ли...[W@]А.[D:6] Кажется, я вас уже опрашивал...","[@]Перепрошую, але ви не проти...[W@]Ах![D] Вибачте, схоже, я вже вас опитував...",[@]打扰一下，您愿意…[W@]噢！[D]真不好意思，我已经问过您这些问题了…
DIALOGUE_MERRYSVILLE_QUESTIONNAIREGUY_SPEAKER,Dean,Dean,Dean,ディーン,딘,Dean,Dean,Dean,Dean,Dean,Дин,Дін,迪恩
DIALOGUE_MERRYSVILLE_RESTAURANTCRITIC_0,"[@]I wish they’d serve [FavFood] à la mode here...
[W@]It could bring the ratings up.
","[@]Il ne servent même pas d[elision][FavFood] ici...
[W@]Ça pourrait pourtant leur faire gagner de bons avis.","[@]Dovrebbero servire [FavFood] gourmet qui...
[W@]Migliorerebbe i voti nelle recensioni.",[@][FavFood]の　アラモードでも[BR]あったらいいのになあ。[W@]そうすれば　きゃくも　ふえるだろうに。,[@][FavFood] 아라모드가 제공됐으면 좋겠어...[W@]그럼 이 레스토랑도 손님으로 가득 찰 텐데.,"[@]Ojalá sirvieran [FavFood] gourment aquí...
[W@]Eso seguro le subiría las reseñas.","[@]Ojalá sirvieran [FavFood] con helado...
[W@]Seguro que eso ayudaría a que el restaurante tuviera mejores críticas.",[@]Quem dera servissem [FavFood] à la mode aqui...[W@]Isso melhoraria a avaliação deles.,"[@][FavFood] z lodami to coś, co chciałbym zobaczyć w tutejszym menu...
[W@]Mogłoby to podnieść oceny.","[@]Ich wünschte, sie würden hier [FavFood] à la mode servieren ...
[W@]Das könnte die Einschaltquoten steigern.","[@]Вот если бы здесь подавали блюдо «[FavFood] по-королевски»...
[W@]У ресторана точно было бы больше звёзд.","[@]Хотілося б, щоб тут подавали «[FavFood] а-ля мод»...
[W@]Це точно підняло б рейтинги ресторану.",[@]我真希望他们这里能提供配上冰淇淋球的[FavFood]…[W@]这样口碑肯定会提高不少。
DIALOGUE_MERRYSVILLE_RESTAURANTCRITIC_SPEAKER,Edward,Edward,Edward,エドワード,에드워드,Edward,Edward,Edward,Edward,Edward,Эдвард,Едвард,爱德华
DIALOGUE_MERRYSVILLE_RESTAURANTMUSICALSFACT_0,"[@]All restaurant owners love musicals! 
[W@]It’s a scientifically proven fact.
","[@]Tous les propriétaires de restaurants adorent les comédies musicales !
[W@]C'est un fait prouvé scientifiquement.","[@]Tutti i proprietari di ristoranti amano i musical! 
[W@]È scientificamente provato.",[@]どこの　まちでも　レストランの　しはいにんは　ミュージカルっぽいのさ！[W@]かがくてきに　しょうめい　されてるじじつさ。,[@]모든 레스토랑 주인들은 뮤지컬을 좋아하더군![W@]과학적으로 입증된 사실이라네.,"[@]¡A todos los dueños de restaurantes les encantan los musicales!
[W@]Está comprobado científicamente.","[@]¡A todos los dueños de restaurante les chiflan los musicales!
[W@]Está comprobado científicamente.",[@]Todos os proprietários de restaurantes adoram musicais![W@]Já foi comprovado cientificamente.,"[@]Wszyscy właściciele restauracji uwielbiają musicale! 
[W@]To potwierdzone naukowo!","[@]Ein jeder Restaurantbesitzer liebt Musicals! 
[W@]Das ist wissenschaftlich erwiesen.","[@]Все рестораторы обожают мюзиклы! 
[W@]Это научно доказанный факт.","[@]Всі ресторатори обожнюють м'юзикли!
[W@]Це науково доведений факт.",[@]所有餐厅的老板都喜欢音乐剧！[W@]这可是经过科学证明的事实。
DIALOGUE_MERRYSVILLE_RESTAURANTMUSICALSFACT_SPEAKER,Alphonse,Alphonse,Alphonse,アルフォンセ,알퐁스,Alphonse,Alphonse,Alphonse,Alphonse,Alphonso,Альфонс,Альфонс,阿尔方斯
DIALOGUE_MERRYSVILLE_RESTAURANTSINGINGLADY_0,"[@]A restaurant,[D] rant, rant, rant...
[WAITBR]Happy restaurant,[D] rant, rant, rant...
[W@]Are you happy?
","[@]Un restaurant,[D] rant, rant, rant...
[WAITBR]Joyeux restaurant,[D] rant, rant, rant...
[W@]Es-tu heureux ?","[@]In un ristorante,[D] bla, bla, bla...
[WAITBR]Un ristorante felice,[D] bla, bla, bla...
[W@]Sei felice?

",[@]ここは　レストラン[D]　ラン　ラン・・・[WAITBR]たのしい　レストラン[D]　ラン　ラン・・・[W@]きいてて　たのしい？[D]よかった。,"[@]레스토랑,[D] 랑, 랑, 랑...[WAITBR]해피 레스토랑,[D] 랑, 랑, 랑...[W@]행복한 시간 보내시고 계시나요?","[@]Un restaurante,[D] ante, ante, ante...
[WAITBR]Qué feliz restaurante,[D] ante, ante, ante...
[W@]¿Estás feliz?","[@]Un restaurante,[D] ante, ante, ante...
[WAITBR]Un alegre restaurante,[D] ante, ante, ante...
[W@]¿Estás alegre?","[@]Um restaurante,[D] rante, rante, rante...[WAITBR]Feliz restaurante,[D] rante, rante, rante...[W@]Você tá feliz?","[@]Restauracja,[D] cja, cja, cja...
[WAITBR]Radosna restauracja,[D] cja, cja, cja...
[W@]Czy też jesteś radosny?","[@]Ein Restaurant,[D] rom-pom-pom ...
[WAITBR]Ist einfach gut,[D] rom-pom-pom ...
[W@]Bist du glücklich?
","[@]Ресторан,[D] па-ра-рам...
[WAITBR]Счастливый ресторан,[D] па-ра-рам...
[W@]А ты счастлив?","[@]Ресторан,[D] та-ра-рам...
[WAITBR]Веселий ресторан,[D] та-ра-рам...
[W@]А ти веселий?",[@]餐厅啦，[D]沙沙沙~♪[WAITBR]快乐的餐厅，[D]啦啦啦~♪[W@]这首歌有没有让你开心点呢？
DIALOGUE_MERRYSVILLE_RESTAURANTSINGINGLADY_SPEAKER,Elaine,Elaine,Elaine,エレーン,일레인,Elaine,Elaine,Elaine,Elaine,Elaine,Элейн,Елейн,伊莱恩
DIALOGUE_MERRYSVILLE_SAWBONESBENNY_0,"[@]Wait![D] Before you tell me any symptoms,[D:6] show me how much money you have.
[W@]Mhm,[D:6] I see...
","[@]Attends ![D] Avant de me raconter n'importe quel symptôme, fais voir ton budget.
[W@]Mhm,[D:6] Je vois...","[@]Aspetta![D] Prima che mi racconti cos'hai,[D:6] fammi vedere quanti soldi hai.
[W@]Mhm,[D:6] capisco...
",[@]まず　マネーを　みせてください。[BR]ちりょうは　それからです。　[W@]みせないなら　ちりょうはいたしません。[W@]ふむふむ　どれどれ・・・。,"[@]잠깐 잠깐![D] 어디가 아픈지 말하기 전에,[D:6] 돈부터 한번 봅시다.[W@]음,[D:6] 어디 보자...","[@]¡Espera![D] Antes de que me cuentes los síntomas,[D:6] enséñame cuánto dinero traes.
[W@]Mmm,[D:6] ya veo...","[@]¡Espera![D] Antes de que me cuentes tus síntomas,[D:6] enséñame cuánto dinero llevas encima.
[W@]Mmm,[D:6] ya veo...","[@]Espera![D] Antes de me contar o que está sentindo,[D:6] deixe-me ver o quanto você tem aí.[W@]Hmmm,[D:6] certo...","[@]Czekaj![D] Zanim mi powiesz, co ci dolega,[D:6] pokaż mi, ile masz pieniędzy.
[W@]Mhm,[D:6] dobrze...","[@]Warte![D] Bevor du irgendwelche Symptome nennst,[D:6] zeig mir, wie viel Geld du hast.
[W@]Mhm,[D:6] verstehe...","[@]Так, [D:6]сначала покажи кошелёк. [D]Все симптомы уже потом.[W@]Так-так.[D:6] Ага...","[@]Ну-мо, погодь, не розповідай симптоми![D] Спочатку покажи мені,[DELAY:3] скільки у тебе грошей.
[W@]Гм,[D:6] зрозуміло...",[@]等等！[D]在你告诉我任何症状之前，[D:6]先让我看看你的口袋里面有多少钱。[W@]嗯，[D:6]我明白了…
DIALOGUE_MERRYSVILLE_SAWBONESBENNY_1,"[@]In your case, I'll have to bill $[HalfCash] for treatment![W@]This special price was set just for you.","[@]Dans ton cas, je vais devoir facturer [HalfCash] $ pour le traitement ![W@]Ce prix spécial a été fixé rien que pour toi. ","[@]Nel tuo caso, una visita costerà $[HalfCash]![W@]Ti ho fatto un prezzo speciale.",[@]どうやらあなたは・・・[BR]しっかり　かせいできたようですね。[W@][HalfCash]ドルで　あなた[if party:plural]たち[/if]は　なおる。　[W@]あかじかくごの　しゅっけつサービスです。[BR]OKですか？　,[@]환자분은 치료비로 $[HalfCash]를 청구해 주세요![W@]오직 환자분을 위한 특별한 가격입니다.,"[@]¡En tu caso, el costo del tratamiento será de $[HalfCash]!
[W@]Este precio especial ha sido calculado exclusivamente para ti.","[@]¡En tu caso, la factura del tratamiento será de [HalfCash] $!
[W@]He fijado este precio especial exclusivamente para ti.","[@]Neste caso, vai custar $[HalfCash] o seu tratamento![W@]Estou fazendo este preço exclusivamente para você.",[@]W twoim wypadku leczenie będzie kosztować $[HalfCash]![W@]Ta specjalna cena została ustalona tylko dla ciebie.,[@]In deinem Fall werde ich eine Rechnung von [HalfCash] $ erstellen![W@]Der Sonderpreis ist nur für dich.,[@]В твоём случае счёт за лечение составит [HalfCash] $![W@]Это твоя индивидуальная цена.,"[@]У вашому випадку, лікування коштуватиме $[HalfCash]![W@]Ця ціна була обрана спеціально для вас.",[@]就你的情况而言，治疗费用我得收[HalfCash]美元！[W@]这个优惠价是专门为你定的。
DIALOGUE_MERRYSVILLE_SAWBONESBENNY_1-OPT_0,Sure...,D'accord...,Va bene...,はい・・・,네...,Bueno...,Vale...,Tá bom...,Jasne...,Na gut ...,Ну хорошо...,Гаразд...,行吧…
DIALOGUE_MERRYSVILLE_SAWBONESBENNY_1-OPT_1,No way!,Pas question !,Non se ne parla!,いいえ,말도 안 돼!,¡Ni hablar!,¡Ni hablar!,Tô fora!,Nie ma mowy!,Niemals!,Ни за что!,Ні за що!,没门！
DIALOGUE_MERRYSVILLE_SAWBONESBENNY_2,"[@]In your case,[D:6] I prescribe you to get lots of fresh air.[D] Get out of my hospital, you broke bum!","[@]Dans ton cas, je te conseille une bouffée d'air frais.[D] Dégage de mon hôpital, pauvre clochard !","[@]Nel tuo caso,[D:6] ti prescrivo tanta aria fresca.[D] Fuori dal mio ospedale, squattrinato!
",[@]どうやらあなたは・・・[D:6][BR]ほけんにはいる　おかねすら　ないようですね。　[W@]びょういんから　でていってください。[D][BR]せめて３００ドル　かせいできたら[BR]ちりょうするから。,[@]환자분은...[D:6] 신선한 공기를 많이 들이쉬세요.[D] 돈도 없는 주제에! 내 병원에서 당장 꺼져!,"[@]En tu caso,[D:6] te receto una buena dosis de aire fresco.[D] ¡Largo de mi hospital, pobretón!","[@]En tu caso,[D:6] te receto una buena dosis de aire fresco.[D] ¡Largo de mi hospital, pobretón!","[@]No seu caso,[D:6] eu vou te prescrever muito ar fresco.[D] Caia fora do meu hospital, seu pé-rapado!","[@]W twoim wypadku[D:6] jedyne co ci zalecam to iść pobiegać.[D] Wynocha z mojego szpitala, biedaku!","[@]In deinem Fall,[D:6] verordne ich, viel frische Luft zu schnappen.[D] Und jetzt verschwinde aus meiner Praxis, du Penner!",[@]Для тебя рецепт — [D:6]подышать свежим воздухом.[D] А теперь проваливай! [D:4]Развелись голодранцы...,"[@]У вашому випадку,[D:6] я раджу вам вийти та подихати свіжим повітрям.[D] Геть з моєї лікарні, голодранець!",[@]就你的情况而言…[BR][D:6]我给你开的处方是去多呼吸新鲜空气，[D]然后滚出我的医院！你个穷鬼！
DIALOGUE_MERRYSVILLE_SAWBONESBENNY_3,"[@]Thanks for the dough,[D:6] heh heh...[W@]You are now cured.[WAIT] Go get hurt again and come back soon!","[@]Merci pour le fric,[D:6] eh eh...[W@]Tu es désormais guéri.[WAIT] Va te faire mal et reviens vite !","[@]Grazie per la grana,[D:6] eh eh...[W@]Ora stai meglio.[WAIT] Va' a farti male di nuovo e torna presto!
",[@]はい。たしかにいただきました。　[W@]はい　もうなおりました。[WAIT][BR]また　おおけがをしてきてから[BR]ここに　もどってきてくださいね。,"[@]돈은 잘 받았어,[D:6]흐흐...[W@]이제 완치됐습니다, 환자분.[W@]또 다쳐서 다시 오라고!","[@]Gracias por el dinero,[D:6] je, je...
[W@]Listo, ya estás curado.[WAIT]¡Vuelve a quedar herido y regresa pronto!","[@]Gracias por la pasta,[D:6] je, je...
[W@]Hala, ya estás curado.[WAIT]¡Vuelve a hacerte daño y regresa pronto!","[@]Valeu pela grana,[D:6] he he...[W@]Você já está bem.[WAIT] Vai lá se machucar e depois volta!","[@]Dzięki za siano,[D:6] che che...[W@]Jesteś uzdrowiony.[WAIT] A teraz idź się gdzieś znowu połamać i wracaj tu w te pędy!","[@]Danke für die Moneten,[D:6] hmhm ...[W@]Jetzt bist du wieder gesund.[WAIT] Du kannst jetzt gehen, Hals und Beinbruch und auf Wiedersehen!","[@]Хе-хе,[D:6] а вот и денежки...[W@]Теперь ты здоров.[WAIT] Скорее приходи с новыми травмами!","[@]Дякую за грошенята,[D:6] хе-хе...[W@]Тепер ви здорові.[WAIT] Бажаю вам захворіти та швиденько повернутися!
",[@]多谢你的钞票，[D:6]嘿嘿…[W@]你现在已经痊愈了，[WAIT]赶快再去受个伤之类的然后再早点回来！
DIALOGUE_MERRYSVILLE_SAWBONESBENNY_4,"[@]Fine,[D:6] die all on your own.[D:6] I'll phone a mortician.","[@]OK,[D:6] va crever tout seul.[D:6] J'appellerai un croque-mort.","[@]Come vuoi,[D:6] muori pure.[D:6] Chiamerò un impresario funebre.
",[@]そうですか。[D:6]ひとりでどうぞ　しんでください。[D:6][BR]そうぎやにでも　でんわしときましょう。　,"[@]좋을 대로 해,[D:6] 그대로 뒤지든가.[D:6] 장의사나 부르지 뭐.","[@]Bien,[D:6] muere si eso prefieres.[D:6] Le avisaré a la funeraria.","[@]Vale,[D:6] muere si eso es lo que prefieres.[D:6] Iré avisando a la funeraria.","[@]Tá bom,[D:6] então morre aí.[D:6] Vou chamar a funerária.","[@]Mi to rybka.[D:6] Chcesz, to giń.[D:6] Dam znać grabarzowi.","[@]Na gut,[D:6] stirb langsam.[D:6] Ich werde einen Bestatter rufen.",[@]Ну тогда сам и помирай.[D:6] Я позвоню похоронщику.,[@]Ну тоді ходь звідси та помирай собі.[D:6] Я зателефоную похоронному бюро.,[@]行，[D:4]那你自己等死吧，[D:6]我待会打电话叫殡仪馆的人来。
DIALOGUE_MERRYSVILLE_SAWBONESBENNY_SPEAKER,Sawbones Benny,Benny Scietout,Dr. Aldino Truff,ビッグベン・ケーシー,돌팔이 베니,Benito Serruchas,Benito Matasanos,Dr. Rancatripa,Benek Łapiduch,Dr. Winter,Бенни Скальпель,Бенні Костоправ,锯骨本尼
DIALOGUE_MERRYSVILLE_SCHOOLCOP_0,"[@]What happened to school?
[W@]You have school, don’t you?
","[@]Et alors, l'école ?
[W@]Tu vas à l'école, non ? ","[@]Perché non sei a scuola?
[W@]Non hai lezioni, oggi?",[@]きみ　がっこうは　どうしたの。[W@]きょうは　おやすみじゃない　はずよ。,[@]학교는 안 가고 어딜 다니는 거야?[W@]학교는 다니는 거냐?,"[@]¿Por qué no estás en la escuela?
[W@]Tienes clases, ¿no es así?","[@]Oye, ¿por qué no estás en el colegio?
[W@]Creo que hoy es día de clases.","[@]Ei, por que você não está na escola?[W@]Eu tenho certeza que hoje é dia de aula.","[@]A co tu robisz?
[W@]Nie masz czasem zajęć?","[@]Was ist mit der Schule? [W@][if party:plural]Ihr geht[else]Du gehst[/if] doch zur Schule, oder?","[@]Куда пошёл?
[W@]У тебя что, уроков нет?","[@]Куди зібрався?[W@]У тебе що, уроків нема?",[@]学校那边怎么了吗？[W@]你应该要去学校的，对吧？
DIALOGUE_MERRYSVILLE_SCHOOLCOP_SPEAKER,Policeman,Gendarme,Poliziotto,けいかん,경찰관,Policía,Policía,Policial,Policjant,Polizist,Полицейский,Поліцейський,警察
DIALOGUE_MERRYSVILLE_SCHOOLNOSNITCH_0,"[@]Hey, shouldn’t you be in school by now?
[W@]I should call the police[DELAY:4:3]...[DELAY:16] But I won’t.
[W@]I ain’t no snitch.
","[@]Hé, tu devrais pas être en cours ?
[W@]Je devrais appeler les flics.[DELAY:4:3]...[DELAY:16] Mais je le f'rais pas.
[W@]J'suis pas une balance.","[@]Ehi, non dovresti essere a scuola?
[W@]Dovrei dirlo alla polizia[DELAY:4:3]...[DELAY:16] Ma non lo farò.
[W@]Non faccio la spia.",[@]がっこういけよ　がっこう！　がくせいさんだろ？[W@]けいさつにでも　つうほう　しちゃおっかな[D:4:3]・・・[BR][D:16]なんて。[W@]わるいことは　いわないよ。,"[@]이봐, 지금쯤이면 학교에 있어야 하는 거 아니야?[W@]경찰에 신고해야겠어[DELAY:4:3]...[DELAY:16] 물론 안 할 거야.[W@]나는 그렇게까지 야비한 놈이 아니거든.","[@]¡Hey! ¿No deberías de estar en clase justo ahora?
[W@]Tendría que llamar a la policía[DELAY:4:3]...[DELAY:16] Pero paso.
[W@]No soy ningún soplón.","[@]¡Eh! ¿No deberías estar ahora en clase?
[W@]Debería llamar a la policía[DELAY:4:3]...[D] pero paso.
[W@]No soy ningún chivato.","[@]Ei, você não deveria estar na escola?[W@]Eu podia te dedurar para a polícia[DELAY:4:3]...[DELAY:16] Mas não vou.[W@]Não sou nenhum X9.","[@]Hej, nie powinieneś być w szkole?
[W@]Powinienem zadzwonić na policję[DELAY:4:3]...[DELAY:16] Ale tego nie zrobię.
[W@]Nie jestem kapusiem.","Hey, sollte[if party:plural]t ihr[else]st du[/if] nicht in der Schule sein?[W@]Ich sollte die Polizei verständigen [DELAY:4:3]...[DELAY:16] Aber das werde ich nicht.
[W@]Ich bin kein Moralspießer.","[@]Эй! [if party:plural]Вы[else]Ты[/if] почему не в школе?
[W@]Мне позвонить в полицию?[DELAY:4:2]..[DELAY:16] Да не, я не буду.
[W@]Я ж не стукач какой-то.","[@]Гей![DELAY:3] А ти зараз не повинен бути в школі?
[W@]Мені варто було б зателефонувати до поліції[DELAY:4:3]...[DELAY:16] Але я не стану.
[W@]Я ж не стукач.",[@]嘿，你现在难道不应该在学校吗？[W@]也许我应该报警…[D]但还是算了。[W@]我可不当打小报告的人。
DIALOGUE_MERRYSVILLE_SCHOOLNOSNITCH_SPEAKER,Jude,Jude,Jude,ジュド,주드,Jude,Jude,Jude,Jude,Judith,Джуд,Юда,裘德
DIALOGUE_MERRYSVILLE_SECRETTOHAPPINESS_0,"[@]You always walk around with a big smile on your face! 
[W@]What’s your secret to being so happy?
","[@]Tu te balades toujours avec un grand sourire ¦
[W@]C'est quoi ton secret pour être aussi heureux ?","[@]Vai sempre in giro con un sorriso stampato in faccia! 
[W@]Qual è il tuo segreto per essere così felice?",[@]おまえって　あかるいかお　してるなぁ。[W@]いつも　ニコニコの　ひけつは　なんだい？,[@]학생은 항상 입꼬리가 귀에 걸려 있구먼![W@]항상 이렇게 행복한 비결이 뭔가?,"[@]¡Siempre estás caminando con una gran sonrisa en tu rostro!
[W@]¿Qué secreto tienes para siempre andar tan feliz?","[@]¡Siempre vas por ahí con una sonrisa de oreja a oreja!
[W@]¿Cuál es tu secreto para estar tan feliz?",[@]Você vive andando por aí com um sorrisão na cara! [W@]Qual o seu segredo de estar sempre tão feliz?,"[@]Wszędzie łazisz z takim wielkim uśmiechem na twarzy! 
[W@]Jaki jest sekret twojego szczęścia?","[@]Du läufst herum, mit diesem breiten Lächeln im Gesicht! 
[W@]Was ist dein Geheimnis, so glücklich zu sein?","[@]У тебя на лице всегда такая широкая улыбка!
[W@]В чём секрет твоего счастья?","[@]Ти завжди ходиш із широкою посмішкою.
[W@]У чому секрет твого щастя?",[@]你脸上总是挂着大大的笑容走来走去的！[W@]你快乐的秘诀是什么？
DIALOGUE_MERRYSVILLE_SECRETTOHAPPINESS_1,"[@]Shouldn't you be at school, kid?[W@]Bad weather isn't an excuse to play hooky!","[@]Dis, gamin, tu ne devrais pas être en cours ?[W@]Le mauvais temps n'est pas une excuse pour faire l'école buissonnière ¦","[@]Ragazzino, non dovresti essere a scuola?[W@]Non puoi saltarla solo per il maltempo!
",[@]がっこうには　いかないのかい？[W@]あめのなか　あるいてると　ずぶぬれに　なっちまうよ。,"[@]학교에 있을 시간 아닌가, 학생?[W@]날씨가 우중충하다고 그렇게 빠지면 안 되지!","[@]¿No deberías de estar en la escuela, niño?[W@]¡El mal clima no es excusa para faltar a clase!","[@]¿No deberías estar en el colegio, renacuajo?
[W@]¡El mal tiempo no es excusa para faltar a clase!","[@]Você não deveria estar na escola, menino?[W@]Tempo ruim não é desculpa para ficar cabulando aula!","[@]Nie powinieneś być w szkole, dzieciaku?[W@]Zła pogoda to nie powód, żeby wagarować!","[@]Solltest du nicht in der Schule sein, Kleiner?[W@]Schlechtes Wetter ist keine Ausrede, blauzumachen!","[@]Молодой человек, ты почему не в школе?[W@]Ливень не повод для прогула!","[@]Хіба ти зараз не маєш бути в школі, хлопчино?[W@]Погана погода не привід прогулювати!",[@]你不是该在学校吗，小鬼？[W@]天气差可不是逃课的借口！
DIALOGUE_MERRYSVILLE_SECRETTOHAPPINESS_SPEAKER,Phil,Phil,Phil,フィル,필립,Phil,Phil,Phil,Phil,Phil,Фил,Філ,菲尔
DIALOGUE_MERRYSVILLE_STATIONCAREFUL_0,"[@]I heard on the radio that people are going missing all around the country...
[W@]Be careful out there, kid.
","[@]J'ai entendu à la radio que des gens disparaissent un peu partout dans le pays...
[W@]Fais attention à toi dehors, petit.","[@]Ho sentito alla radio che stanno scomparendo persone in tutto il paese...
[W@]Fa' attenzione, ragazzo.",[@]ラジオに　よると　あちらこちら[BR]ひとが　きえてるらしいな。[W@]おまえ[if party:plural]たち[/if]も　きをつけろよ。,"[@]라디오에서 전국 곳곳, 사람들이 실종되고 있다더군...[W@]밖에서는 조심해라, 꼬마야.","[@]Escuché en la radio que hay gente desapareciendo por todo el país...
[W@]Ten cuidado ahí fuera, niño.","[@]He oído en la radio que está desapareciendo gente por todo el país...
[W@]Ten mucho cuidado ahí fuera, chiquillo.","[@]Ouvi no rádio que tem gente desaparecendo pelo país inteiro...[W@]Toma cuidado, viu?","[@]W radiu mówili, że w całym kraju dochodzi do zaginięć...
[W@]Uważaj na siebie, dzieciaku.","[@]Ich habe im Radio gehört, dass überall im Land Kinder verschwinden ...[W@]Pass auf dich auf, Kleiner.","[@]По радио сказали, что сейчас по всей стране пропадают люди...[W@]Будь внимателен, пацан.","[@]Я чув по радіо, що люди зникають безвісти по усій країні...[W@]Будь обережним, хлопче.",[@]我在收音机里听说，全国各地都有人在失踪…[W@]出门小心点，孩子。
DIALOGUE_MERRYSVILLE_STATIONCAREFUL_SPEAKER,Lester,Lester,Lester,レスター,레스터,Lester,Lester,Lester,Lester,Lester,Лестер,Лестер,莱斯特
DIALOGUE_MERRYSVILLE_SWEETSFACTORYFAN_0,[@]Have you ever been to Sweet's Little Factory?,[@]As-tu déjà été à la petite usine de Sweet ?,[@]Hai mai visitato la Piccola Dolce Fabbrica?,"[@]スイートリトルこうじょうには　いったか？　
",[@]스위트 리틀 팩토리에 가본 적 있어?,[@]¿Has ido ya a la Fábrica Pequedulce?,[@]¿Has ido ya a la Fábrica Pequedulce?,[@]Você já foi à Fábrica da Docita?,"[@]Byłeś kiedyś w Fabryce ""Bombonierka""?",[@]War[if party:plural]t ihr[else]st du[/if] schon in der Süßen Kleinen Fabrik?,[@]Ты когда-нибудь был на фабрике «Крошка»?,[@]Ти колись бував на фабриці «Крихітка»?,[@]你去过甜甜小工厂吗？
DIALOGUE_MERRYSVILLE_SWEETSFACTORYFAN_0-OPT_0,Yes,Oui,Sì,はい,네,Sí,Sí,Sim,Tak,Ja,Да,Так,是
DIALOGUE_MERRYSVILLE_SWEETSFACTORYFAN_0-OPT_1,No,Non,No,いいえ,아니오,No,No,Não,Nie,Nein,Нет,Ні,否
DIALOGUE_MERRYSVILLE_SWEETSFACTORYFAN_1,"[@]Ever since Duncan's Factory up north went high-tech five years ago, they completely abandoned Sweet's![W@]It's a real shame, y'know?[W@]People might like how shiny and modern Duncan's is, but Sweet's had way more charm, if you ask me.","[@]Depuis que l'usine de Duncan au nord est passée au high-tech il y a cinq ans, ils ont complètement abandonné celle de Sweet ![W@]C'est vraiment dommage, pas vrai ?[W@]Certains aiment peut-être l'aspect propre et moderne de l'usine de Duncan, mais à mon avis, celle de Sweet avaient tellement plus de charme.","[@]Da quando la Fabbrica di Duncan ha iniziato a interessarsi di tecnologie avanzate cinque anni fa, la Piccola Dolce Fabbrica è stata abbandonata![W@]È un vero peccato.[W@]La Duncan sarà anche moderna e tutto quello che vuoi, ma secondo me non ha lo stesso fascino della Dolce.",[@]５ねんまえ　きたの　こうじょうに[BR]やくわりを　うばわれちまって[BR]いまは　はいきょさ。[WAIT@]じだいの　ながれは　かなしいもんだな。[W@]モダンで　ピカピカの　ダンカンよりも[BR]わび　さびのある　スイートリトルのが[BR]おらは　すきだぁ。,"[@]북쪽의 던컨 공장이 5년 전에 첨단화된 이후로 완전히 환골탈태했더라고.[W@]정말 안타까워.[W@]사람들은 던컨 공장의 번쩍이고 현대적인 모습이 좋아 보인다고 하지만, 내 생각엔 스위트 쪽이 더 정감 있달까...","[@]Desde que la Fábrica Duncan al norte se volvió la de ""alta tecnología"" como hace cinco años, ¡todos han abandonado a Pequedulce![W@]Es una lástima, ¿sabes?[W@]A la gente le gustará el brillito y la modernidad de los de Duncan, pero Pequedulce tiene mucho más carisma, en mi opinión.","[@]Desde que la Fábrica Duncan, la que está al norte,[BR]se modernizó hace cinco años, han dejado totalmente olvidada a la Pequedulce.
[W@]Es una verdadera pena, ¿sabes?
[W@]A la gente le gustará mucho lo reluciente y moderna que es la de Duncan, pero la Pequedulce tenía muchísimo más encanto, si me lo preguntas.","[@]Desde que a Fábrica Duncan, ao norte, investiu em tecnologia há uns cinco anos, a Fábrica da Docita foi completamente abandonada![W@]Eu acho isso uma pena, sabe?[W@]As pessoas podem gostar da Duncan toda modernoza, mas eu acho que a Docita tinha muito mais charme.","[@]Odkąd pięć lat temu zmodernizowano Fabrykę Duncana, tę na północ stąd, Bombonierka została całkiem zapomniana![W@]To naprawdę wielka strata, c'nie?[W@]Ludziom może się podobać, jak nowocześnie i elegancko wygląda Fabryka Duncana, ale moim zdaniem Bombonierka miała wiele więcej uroku.","[@]Seit Duncans Fabrik im Norden vor fünf Jahren auf Hightech umgestiegen ist, haben sie diese süße kleine komplett liegen gelassen![Wait@]Wirklich schade, nicht wahr?[Wait@]Die Leute mögen vielleicht, wie glänzend und modern die von Duncan ist, aber die süße kleine hatte viel mehr Charme, wenn du mich so fragst.","[@]Пять лет назад Дункановский северный завод начал активно внедрять современные технологии,[BR]и «Крошку» совсем забросили![D] А ведь жаль.[W@]Конечно, фабрика Дункана вся такая модная и блестящая, но, по-моему, в «Крошке» было[BR]больше души.","[@]З того часу, як компанія Дункана модернізувала завод на півночі міста, ""Крихітку"" повністю закинули!
[W@]А шкода, дуже шкода!
[W@]Завод Дункана, може, і побудован за останнім писком техніки, але “Крихітка” завжди була привабливішою.",[@]自从北边的邓肯工厂五年前搞起了高科技，他们就彻底抛弃了甜甜小工厂！[W@]真是可惜，你说是吧？[W@]人们可能喜欢邓肯那种光鲜亮丽的现代感，[BR]但要我说啊，小甜甜可比它有味道多了。
DIALOGUE_MERRYSVILLE_SWEETSFACTORYFAN_2,"[@]They used to organize field-trips there, back in the day.
[W@]You'd even get to make your own Bottle Rocket!
","[@]De mon temps, ils organisaient des sorties scolaires là-bas.
[W@]T'avais même l'occasion de faire ta propre Fusée bouteille !","[@]Ai tempi organizzavano delle gite.
[W@]Potevi perfino costruire una Bottiglia-razzo tutta tua!",[@]あそこは　むかし　ペンシルロケットを　じゃんじゃん　つくってんだな。[W@]じぶんだけの　おみやげロケットも　つくれたんだよ。,[@]예전에 거기로 견학 간 적도 있었지.[W@]심지어 직접 펜슬 로켓 만들기로 실습해 볼 수 있었어!,"[@]Antes organizaban recorridos allí, pero tuvieron que parar.[W@]¡Incluso te dejaban fabricar tu propio Cohete botella!","[@]Solían organizar visitas guiadas allí, pero tuvieron que dejarlo.
[W@]¡Incluso te dejaban fabricar tu propio Cohete botella!","[@]Antigamente, eles costumavam receber excursões.[W@]Você até podia fazer o seu próprio Rojão!","[@]Kiedyś urządzali tam wycieczki.
[W@]Można było nawet zrobić własną Butlorakietę!","[@]Früher wurden dort Führungen organisiert, aber das musste eingestellt werden.
[W@]Der Ort sieht aus, als würde alles jeden Moment zusammenbrechen.","[@]Раньше там проводили школьные экскурсии.
[W@]Там даже можно было сделать собственную бутылочную ракету!",[@]Раніше туди організовували школьні екскурсії.[W@]Там навіть можна було зробити власну пляшкову ракету!,[@]以前他们还会组织去那里实地考察呢。[W@]你甚至还能自己制作个瓶装火箭！
DIALOGUE_MERRYSVILLE_SWEETSFACTORYFAN_SPEAKER,Finn,Finn,Finn,フィン,핀,Finn,Finn,Finn,Finn,Finn,Финн,Фін,芬恩
DIALOGUE_MERRYSVILLE_TICKETER_0,"[@]Well, I don't know how far the train goes, [D:6]but you need a ticket to ride.[W@]Care to buy one?","[@]Bon, je ne sais pas jusqu'où le train se dirige, [D:6]mais vous avez besoin d'avoir un ticket pour monter.[W@]Ça vous dirait d'en acheter un ?","[@]Non so fin dove arriva il treno, [D:6]ma per salirci ti serve il biglietto.[W@]Ne vuoi comprare uno?
",[@]きしゃが　どこまではしるかは　ほしょうできないけど　うんちんは　とるよ。[W@]きしゃに　のるかい？,"[@]음, 열차가 어디까지 가는지는 저도 잘 모르겠지만,[D:6] 타려면 표가 필요해요.[W@]한 장 끊어드릴까요?","[@]No sé hasta donde llegue el tren, [D:6]pero necesitarás un boleto para subir.[W@]¿Quieres comprar uno?","[@]No sé hasta dónde llega el tren, [D:6]pero necesitas un billete para subir.
[W@]¿Te apetece comprar uno?","[@]Bem, eu não sei até onde o trem vai, [D:6]mas você precisa de um bilhete para andar nele.[W@]Quer comprar um?","[@]Cóż, nie wiem jak daleko ten pociąg pojedzie, [D:6]ale i tak potrzebny ci bilet.[W@]Chcesz jeden kupić?","[@]Also, ich weiß zwar nicht, wie weit der Zug fährt, [D:6]aber man braucht eine Fahrkarte, um zu fahren.[W@]Willst du eine kaufen?","[@]Не могу сказать, докуда именно идёт поезд, [D:6]но без билета на него вас не пустят.[W@]Купите билет?","[@]Не знаю, як далеко їде цей поїзд, [D]але для подорожі потрібен квиток. [W@]Згодні придбати квитки?

",[@]嗯，火车能开到多远我也不清楚，[D:6]但要乘车就得有票。[W@]想买一张吗？
DIALOGUE_MERRYSVILLE_TICKETER_1,[@]Is that right? [D]That's too bad.,[@]Ah bon ? [D]C'est bien dommage.,[@]Ah no? [D]Peccato.,[@]そうか・・・[D]ざんねんだ。,[@]그렇습니까? [D]아쉽네요.,[@]¿En serio? [D]Qué mal.,[@]¿En serio? [D]Pues qué mal.,"[@]Oh, tem certeza? [D]Que pena.",[@]Nie? [D]To nie.,[@]Wirklich? [D]Zu schade auch.,[@]Не будете? [D]Очень жаль.,[@]Невже? [D]Як шкода.,[@]不需要吗？[D]那太可惜了。
DIALOGUE_MERRYSVILLE_TICKETER_2,"[@]Sorry, but the Paradise Line's closed until we can get those rocks removed from the tracks.","[@]Désolé, mais la ligne Paradis restera fermée jusqu'à ce que les rochers soient retirés du terrain. ","[@]Mi spiace, ma la Linea Paradiso è chiusa finché non riusciamo a togliere quelle rocce dai binari.",[@]せんろがなおるまで　きしゃは　つうこうどめです。,[@]죄송하지만 선로 위 바위들을 치우기 전까진 파라다이스 호선은 운행하지 않고 있습니다.,"[@]Lo sentimos, pero la línea Paradise permanecerá cerrada hasta que podamos retirar esas rocas de las vías.","[@]Lo sentimos, pero la línea Paradise permanecerá cerrada hasta que podamos retirar las rocas de las vías.","[@]Desculpe, mas a Linha Paraíso está fechada até que possamos retirar aquelas pedras dos trilhos.","[@]Niestety, Linia Paradise jest nieczynna dopóki nie pozbędziemy się z torów tych kamulcy.","[@]Tut mir leid, aber die Paradise Line bleibt gesperrt, bis die Gleise von den Felsen befreit sind.","[@]Извините, но ветку «Парадиз» завалило камнями и она временно перекрыта.","[@]Вибачте, але лінія «Парадіз» закрита, доки колії не будуть очищені.",[@]抱歉，在那些岩石从铁轨上清走之前，天堂专线列车暂时停运。
DIALOGUE_MERRYSVILLE_TICKETER_3,"[@]Good news! [D]The rocks that were blocking the tracks got blown up into smithereens![W@]Oh, I'm so happy, I could let you ride the next train to [color]Reindeer[/color] free of charge![W@]So what do you say?","[@]Bonne nouvelle ! [D]Les rochers qui bloquaient le chemin ont été détruits ![W@]Tu sais quoi, je suis tellement heureux que je pourrais te laisser prendre le prochain train vers [color]Reindeer[/color] gratuitement ![W@]Qu'est-ce que t'en dis ?","[@]Buone notizie! [D]Le rocce che bloccavano i binari sono esplose in mille pezzi![W@]Oh, sono così felice che potrei farti prendere il treno per [color]Reindeer[/color] gratis![W@]Che ne dici?
",[@]いい　しらせだ！[D][BR]せんろが　なおって　きしゃが　とおれるように　なったんだ。[W@]ああ　きょうは　なんて　いいひだ！[D][BR][C]レインディア[/C]ゆきの　つぎの　きしゃは[BR]タダで　のせてやるよ。[W@]どうだね？,"[@]좋은 소식이에요! [D]선로를 막고 있던 바위들이 산산조각 났어요![W@]일도 잘 풀려서 기분이다, 다음 [color]레인디어[/color]행 열차를 무료로 끊어드릴까하는데...[W@]어떤가요?","[@]¡Buenas noticias! [D]¡Las rocas que bloqueaban las vías ahora están hechas trizas![W@]Oh, ¡estoy tan feliz, que podría dejarles el viaje del siguiente tren hacia [color]Reindeer[/color] totalmente gratis![W@]¿Qué dicen?","[@]¡Buenas noticias! [D]¡Las rocas que obstruían las vías están hechas añicos!
[W@]¡Ay, estoy tan contento que podría dejaros viajar en el próximo tren a [color]Reindeer[/color] totalmente gratis!
[W@]¿Qué me decís?","[@]Boas notícias! [D]As pedras que bloqueavam os trilhos foram explodidas![W@]Oh, estou tão feliz que vou deixar você pegar o trem até [color]Renápolis[/color] de graça![W@]O que me diz?","[@]Dobre wieści! [D]Kamienie, które blokowały tory wystrzeliło w kosmos![W@]Och, jestem taki szczęśliwy, że mógłbym wam pozwolić się zabrać na następny pociąg do [color]Reindeer[/color] za darmo![W@]Więc co wy na to?","[@]Gute Nachrichten! [D]Die Felsen, die die Gleise blockierten, wurden gesprengt![W@]Oh, ich bin so froh, ich würde dich am liebsten kostenlos nach [color]Reindeer[/color] fahren lassen![W@]Also, was sagst du dazu?","[@]Хорошие новости! [D]Валуны на путях разлетелись вдребезги![W@]Я так этому рад, что хочу дать вам бесплатный билет до [c]Рейндира[/c]![W@]Что думаете?","[@]Чудові новини! [D]Валуни, що були на коліях, розлетілися на друзки!
[W@]Ох, я такий радий, що навіть дозволю вам безкоштовно проїхати наступним поїздом до [color]Рейндіра[/color]!
[W@]Що скажете? Згодні?",[@]好消息！[D]堵在轨道上的那些石头被炸得粉碎！[W@]哦，我太高兴了，下一班去[color]驯鹿镇[/color]的火车这次可以让你免费乘坐！[W@]你觉得怎么样？
DIALOGUE_MERRYSVILLE_TICKETER_SPEAKER,Reg,Reg,Reg,レグ,레지,Reg,Reg,Reg,Reg,Reg,Рег,Рег,雷格
DIALOGUE_MERRYSVILLE_VARIETY_GOODS_SPEAKER,Macey,Macey,Macey,メイシー,메이시,Macey,Macey,Macey,Macey,Macey,Мэйси,Мейсі,梅西
DIALOGUE_MERRYSVILLE_WORKEXCUSE_0,"[@]How do we get the big rocks off the railroad tracks?
[W@]I bet our mayor will just leave them there 'til election time!
","[@]Comment est-ce qu'on va faire pour retirer les rochers des voies ferrées ?
[W@]Je suis sûr que le maire attendra les municipales pour les bouger !","[@]Come togliamo di mezzo le rocce dai binari?
[W@]Conoscendo il sindaco, le lascerà lì fino alle prossime elezioni!

",[@]せんろの　うえの　おおいわは[BR]どうやって　どかすんだろうねぇ。[W@]やくしょに　まかせておいたら　[BR]らいねんに なっちまうぜ。,[@]저 철길에 깔린 바위는 어떻게 치울 셈이지?[W@]시장은 선거 때까지 그냥 놔둘 거 같은데!,"[@]¿Cómo se supone que quitaremos estas rocas de las vías?
[W@]¡Seguro que el alcalde las va a dejar ahí hasta que lleguen las elecciones!","[@]¿Cómo vamos a quitar estos pedruscos de las vías?
[W@]Apuesto a que el alcalde las dejará allí hasta que lleguen las elecciones!",[@]Como é que vamos tirar aquelas pedras gigantes do trilho do trem?[W@]Aposto que o prefeito vai deixá-las lá até a época das eleições!,"[@]Jak pozbędziemy się tych wielkich głazów na torach?
[W@]Założę się, że burmistrz do czasu wyborów nawet palcem nie kiwnie!","[@]Wie kriegen wir diese großen Brocken von den Schienen? [W@]Ich wette, unser Bürgermeister lässt die da bis zur nächsten Wahl!","[@]Как же они собираются убрать валуны с путей?
[W@]Наш мэр, поди, так и оставит их до следующих выборов!","[@]Як нам прибрати ці величезні камені з рейок?[W@]Клянуся, наш мер так і залишить їх до наступних виборів!",[@]我们怎么才能把铁轨上的那些岩石给弄走呢？[W@]我敢打赌，我们的镇长会就那么把它们留在那儿，一直留到选举的时候！
DIALOGUE_MERRYSVILLE_WORKEXCUSE_1,"[@]Oh, the train tracks have been fixed?
[W@]Darn, now I don’t have an excuse to not get to work anymore!
[W@]Though...[D:6] my boss doesn't need to know that, right?[D] Heh heh...
","[@]Ah, la voie est dégagée ?
[W@]Gah, j'ai même plus d'excuse pour éviter le boulot maintenant !
[W@]Après...[D:6] mon patron n'a pas besoin de savoir, hein ?[D] Hé hé...","[@]Oh, sono stati sistemati i binari?
[W@]Mannaggia, ora non ho più scuse per non andare a lavoro!
[W@]Però...[D:6] non vuol dire che il mio capo debba saperlo, no?[D] Eh eh...

",[@]せんろ　なおっちまったのかよ。[W@]しごとを　サボる　いいわけ[BR]なくなっちまった　じゃねぇかよ。[W@]まっ　このことは　じょうしに[BR]ないしょに　しとこっと。[D]ヘヘヘ・・・。,"[@]뭐, 철길이 고쳐졌다고?[W@]젠장, 이제 더 이상 일 안 나고 될 핑계가 사라졌네![W@]근데...[D:6] 상사한테 굳이 말해야 하나?[D] 하하...","[@]Oh, ¿que ya arreglaron las vías?
[W@]Rayos, ¡ahora ya no tengo excusa para no ir a trabajar!
[W@]Aunque...[D:6] mi jefe no tiene por qué enterarse, ¿verdad?[D] Jejeje...","[@]Ah, ¿ya han arreglado las vías del tren?
[W@]¡Qué fastidio! ¡Ahora ya no tengo excusa para no ir a trabajar!
[W@]Aunque...[D:6] mi jefe no tiene por qué enterarse, ¿verdad?[D] Ja, ja, ja...","[@]Oh, os trilhos do trem já foram arrumados?[W@]Droga, agora não tenho mais desculpa para não ir trabalhar![W@]Se bem que...[D:6] o meu chefe não precisa saber disso,[BR]né?[D] He he...","[@]Co to, tory zostały naprawione?
[W@]Cholibka, nie mam teraz wymówki do migania się od roboty!
[W@]Chociaż...[D:6] mój szef nie musi o tym wiedzieć, prawda?[D] Che che...","[@]Oh, die Schienen sind wieder befahrbar? [W@]Verdammt, jetzt hab ich keine Ausrede mehr, blau zu machen! [W@]Wobei ...[D:6] das muss mein Chef ja nicht wissen, richtig?[D] Heh heh ...","[@]Железную дорогу отремонтировали?
[W@]Вот зараза, теперь у меня нет повода не ходить на работу!
[W@]Хотя...[D:6] моему начальнику об этом знать необязательно.[D] Хе-хе...","[@]О, залізничні колії полагодили?[W@]Дідько, тепер у мене немає виправдання не йти на роботу![W@]Хоча... [D:6]Моєму керівнику не потрібно про це знати, чи не так?[D] Ха-ха...",[@]噢，火车轨道修好了？[W@]该死，这下我没法再借口不上班了！[W@]不过嘛…[D:6]我老板没必要知道这个，对吧？[D]嘿嘿…
DIALOGUE_MERRYSVILLE_WORKEXCUSE_SPEAKER,Chalmers,Chalmers,Chalmers,チャルマーズ,찰머스,Chalmers,Chalmers,Chalmers,Chalmers,Chalmers,Чалмерс,Чалмерс,查尔默斯
DIALOGUE_MERRYSVILLE_WORRIEDFACTORYWOMAN_0,"[@]I’m worried about the factory up north.
[W@]Not only did it belong to that shady estate mogul...
[W@]But recently, they began manufacturing huge rockets in it!
[W@]I don’t know about you, but I wouldn’t want our town to become a missile range!
","[@]L'usine au nord m'inquiète.
[W@]Déjà qu'elle appartenait à ce magnat véreux...
[W@]Mais en plus, ils ont même commencé à y fabriquer des missiles gigantesques !
[W@]Je ne sais pas toi, mais je ne veux pas que mon village se transforme en champs à missiles !","[@]Mi preoccupa la fabbrica a nord.
[W@]Non solo appartiene a quell'imprenditore sospetto...
[W@]Ma hanno iniziato perfino a costruirci razzi giganti!
[W@]Non so tu, ma non voglio che questa città diventi un sito missilistico!
",[@]ずうっと　きたの　だいこうじょうは[BR]もともと　ダンカンさんの　ものだったのよ。[W@]ただでさえ　あの　うさんくさい[BR]おおがねもちの　ものだったって　いうのに・・・[W@]さいきん　どうやら[BR]とてつもなく　でかいロケットを[BR]つくりはじめてる　みたい！[W@]まちに　おとしてこないか　しんぱいだわ。,"[@]북쪽의 그 공장이 제일 걱정이야.[W@]괴짜 부동산 재벌 소유였던 걸로도 모자라...[W@]최근에는 거대한 로켓까지 만들어대기 시작했잖아![W@]너는 어떨지 몰라도, 나는 우리 마을이 미사일 연습장이 되는 건 사양이야!","[@]Me preocupa la fábrica del norte.
[W@]No sólo le pertenecía a ese turbio magnate inmobiliario...
[W@]¡Sino que hace poco empezaron a fabricar cohetes gigantes allí!
[W@]No sé tú, ¡pero yo no quiero que nuestro pueblo se convierta en un campo de tiro!
","[@]Estoy preocupada por la fábrica al norte.
[W@]Ya no es solo porque antes era de ese magnate que da mala espina...
[W@]¡Ahora han empezado a fabricar cohetes gigantes!
[W@]No sé tú, ¡pero yo no quiero que el pueblo se convierta en un campo de tiro!","[@]Estou preocupada com a fábrica ao norte.[W@]Ela não só pertencia àquele magnata imobiliário esquisito...[W@]Como começaram a fabricar foguetes gigantes lá dentro recentemente![W@]Não sei você, mas eu não iria gostar que a cidade virasse um campo de testes de mísseis!","[@]Martwi mnie ta fabryka na północ stąd.
[W@]Nie dość, że należała do tego szemranego magnata nieruchomości...
[W@]To jeszcze zaczęli w niej produkować wielgachne rakiety!
[W@]Nie wiem jak ty, ale ja bym wolała, żeby nie robili poligonu z naszego miasta!","[@]Ich mache mir Sorgen um die Fabrik im Norden.
[W@]Nicht nur, dass sie diesem scheinheiligen Immobilienmagnaten gehört ...
[W@]Seit Kurzem werden dort auch riesige Riesen-Raketen hergestellt!
[W@]Weiß ja nicht, wie's [if party:plural]euch dabei geht[else]dir dabei geht[/if], aber ich will nicht, dass meine Stadt zur Raketenfarm wird!","[@]Меня очень тревожит завод на севере.
[W@]Он не только принадлежал тому сомнительному магнату...
[W@]Так ещё там с недавнего времени строят огромные ракеты!
[W@]Не знаю, как ты, а мне что-то не хочется жить на ракетном полигоне!","[@]Мене хвилює фабрика на півночі.[W@]Вона не лише належала підозрілому магнату-мільярдеру...[W@]Але нещодавно, вони почали вироблювати великі ракети у ній![W@]Не знаю про тебе, але я не хочу щоб наше місто стало ракетним полігоном!",[@]我很担心北边的那家工厂。[W@]不仅仅因为它的老板是个黑心地产大亨…[W@]而且最近，他们开始在里面制造巨型火箭了！[W@]我反正不知道你是怎么想的，但我可不想让我们镇变成导弹靶场！
DIALOGUE_MERRYSVILLE_WORRIEDFACTORYWOMAN_1,"[@]Duncan's Factory is so quiet now...
[W@]I used to be a switchboard operator there, you know.
[W@]We always thought the head engineer was squirrely...[D][BR]but to fire everyone overnight? 
[W@]What a basket case!","[@]L'usine de Duncan est vraiment silencieuse, maintenant...
[W@]Tu sais, j'étais opérateur du standard téléphonique là-bas.
[W@]On pensait toujours que l'ingénieur en chef était un peu agité...[D][BR]Mais de là à virer tout le monde du jour au lendemain ? 
[W@]C'était vraiment un cas, celui-là !","[@]C'è un silenzio di tomba alla Fabbrica di Duncan...
[W@]Una volta lavoravo lì, sai?
[W@]Abbiamo sempre saputo che l'ingegnere capo era un tipo eccentrico...[D][BR]ma arrivare a licenziare tutti nel giro di una notte? 
[W@]Che matto da legare!
",[@]ダンカンこうじょうは　すっかりと[BR]しずまりかえっちゃったね。[W@]わたし　まえは　あそこの　コールセンターの[BR]しごとを　していたのよ。[W@]なのに　とつぜん　あの　はかせによって[BR]みな　やめさせられてね。[W@]かおだけじゃなくて[BR]あたまの　ネジでも　ゆるんでるのかしら。,[@]던컨 공장... 이제 조용하네.[W@]나도 예전에는 거기서 전화교환원으로 일했거든.[W@]당시에도 늘 수석 엔지니어가 좀 괴짜라고 생각했지만...[D][BR]하룻밤 사이에 전 직원을 해고하다니?[W@]완전 맛이 가 버린 거지!,"[@]La Fábrica Duncan parece tan tranquila ahora...[W@]Solía trabajar de operadora allí, ¿sabes?[W@]Siempre pensamos que al ingeniero en jefe no se le conectaban las neuronas...[D][BR]pero, ¿despedir a todos de un día a otro?[W@]¡Qué locura!","[@]La Fábrica Duncan está tan desolada ahora...
[W@]Yo solía ser operadora de control allí, ¿sabes?
[W@]Siempre pensamos que al ingeniero jefe le faltaba un tornillo...[D] ¿pero despedir a todos de la noche a la mañana?
[W@]¡Está loco de remate!","[@]A Fábrica Duncan anda tão quieta...[W@]Eu trabalhava de telefonista lá, sabe.[W@]Todos achavam o engenheiro-chefe meio tantã das ideias...[D] mas demitir todo mundo da noite pro dia?[W@]Isso é loucura!","[@]W Fabryce Duncana jest teraz tak cicho...
[W@]Byłam tam operatorem centrali, wiesz?
[W@]Zawsze myśleliśmy, że główny inżynier jest dość impulsywny...[D][BR]ale żeby tak nagle wszystkich zwolnić?
[W@]Co za cyrk!","[@]Duncans Fabrik ist so ruhig jetzt ...[W@]Ich war früher mal in der Telefonzentrale dort tätig, weißt du.[W@]Wir dachten immer, unser Chef-Techniker wäre exzentrisch ...[D][BR] aber alle über Nacht zu feuern?[W@]Was für ein hoffnungsloser Fall!","[@]На заводе Дункана стало так тихо...
[W@]Я раньше работала на нём телефонисткой.
[W@]Мы все считали нашего главного инженера несколько непредсказуемым человеком...[D][BR]но уволить всех разом?..
[W@]Он точно с катушек съехал!","[@]На заводі Дункана тепер мертва тиша...
[W@]А ти знав, що я працювала там телефоністкою?
[W@]Ми завжди думали, що наш головний інженер трохи з привітом...[D] але щоби звільнити всіх за один день?
[W@]Та він зовсім злетів із котушок!",[@]邓肯工厂现在好安静啊…[W@]你知道吗，我以前在那儿当过总机接线员。[W@]我们一直都觉得那个总工程师怪里怪气的…[D][BR]可他竟然在一夜之间把所有人都解雇了？[W@]真是个疯子！
DIALOGUE_MERRYSVILLE_WORRIEDFACTORYWOMAN_SPEAKER,Berta,Berta,Berta,ベルタ,베르타,Berta,Berta,Berta,Berta,Berta,Берта,Берта,贝尔塔
DIALOGUE_MERRYSVILLE_DISTORTO_THOUGHTS_0,"[@]All these craters...
[W@]What do I do?[D] What do I even say?
[W@]I-I'm terrible at public relations!
[W@]That was always his job, not mine!","[@]Tous ces cratères...
[W@]Que dire ?[D] Que faire ?
[W@]Les relations publiques n'ont jamais été mon fort !
[W@]Après tout, c'était lui qui s'occupait de ça, pas moi !","[@]Tutti questi crateri...
[W@]Che faccio?[D] Cosa dovrei dire?
[W@]L-Le pubbliche relazioni non sono mai state il mio forte!
[W@]Era sempre stato il suo, di lavoro, non il mio!",[@]クレーター・・・[W@]いったい　どうすれば？[D]なにを　いえば？[W@]ひ　ひととはなすのは　にがてなんだ！[W@]わしでなく　かれのしごとだというのに！,[@]이 크레이터...[W@]대체 어떻게 해야하지?[D] 또 뭐라 말해야 하고?[W@]ㅅ-사람하고 대화하는 건 역시 서툴어![W@]이런 일은 내 담당이 아닌데!,"[@]Todos estos cráteres...
[W@]¿Qué debo hacer?[D] ¿Qué digo siquiera?
[W@]¡S-soy terrible en relaciones públicas!
[W@]¡Ese siempre fue su trabajo, no el mío!","[@]Todos estos cráteres...
[W@]¿Qué hago?[D] ¿Qué se supone que diga?
[W@]¡S-se me dan fatal las relaciones públicas!
[W@]¡Ese era siempre su trabajo, no el mío!","[@]Todas essas crateras...
[W@]O que eu vou fazer?[D] O que eu vou dizer?
[W@]E-eu sou sou péssimo com relações públicas!
[W@]Isso sempre foi trabalho dele, não meu!","[@]Te wszystkie kratery...
[W@]Co ja pocznę?[D] Co ja im powiem?
[W@]N-nie znam się na pijarze!
[W@]On się tym zawsze zajmował, nie ja!",[@]All diese Krater ...[W@]Was soll ich tun?[D] Was soll ich sagen?[W@]I-Ich bin schrecklich in Öffentlichkeitsarbeit![W@]Das war immer sein Job und nicht meiner!,"[@]Столько кратеров...
[W@]Что мне делать?[D] И как я это объясню?
[W@]Я-я отвратительно взаимодействую с общественностью!
[W@]Это была его работа, не моя!","[@]Стільки кратерів...
[W@]Що мені робити?[D] І як це поясню?
[W@]Я жахливо взаємодію з громадськістю!
[W@]Це була його робота, не моя!",[@]那些弹坑…[W@]我该怎么办？[D]我该说什么才好？[W@]我、我完全不擅长应付公关啊！[W@]那一直都是他负责的，我可不干这些！