key,en,fr,it,ja,ko,es,es_ES,pt_BR,pl,de,ru,uk,zh_CN
DIALOGUE_PODUNK_ABBOT_0,"[@]I'm Abbott, not the Mayor.[WAIT@]But with the way things are going now, I might as well be.[WAIT@]I do almost all of the work around here![WAIT@]If you want to see Mayor Goodman, go to the room to your left.","[@]Moi c'est Abbé, le maire...[DELAY][WAITBR]est dans la pièce de gauche.[WAIT@]Enfin, vu comme les choses se passent, ça pourrait très bien être moi le maire.[WAIT@]Je fais quasiment tout le travail ici !","[@]Io sono Abbott, non il sindaco.[WAIT@]Anche se è come se lo fossi, ultimamente.[WAIT@]Qui lavoro praticamente solo io![WAIT@]Se vuoi andare dal sindaco, entra nella stanza alla tua sinistra.",[@]わたしが　ちょうちょう・・・。[WAIT@]じゃなくて　じょやくの　アボットです。[WAIT@]まぁ　ちょうちょうの　しごとは\nぜんぶ　わたしがやってるんですけどね。[WAIT@]もう　わたしが　ちょうちょう\nってことで　いいとおもいませんか？[WAIT@]はぁ・・・。[WAIT@]ちょうちょうさんなら\nひだりのへやに　いらっしゃいます。,"[@]어서 오세요, 저는 이 지역의 시장... 은 아니고\n애버트입니다.[WAIT@]그래도 제가 시장님 일은 다 처리하고 있으니\n시장이라 해도 틀린 말은 아니네요.[WAIT@]이제 시장님도 늙어가는데, 다음 선거 때 출마라도\n해볼까요?[WAIT@]크흠, 장난입니다. 진짜 시장님을 만나 뵙고 싶다면,\n왼쪽문으로 가시면 됩니다.","[@]Soy Abbott, no el alcalde.[WAIT@]Pero tal y como van las cosas ahora, bien podría serlo.[WAIT@]¡Yo hago casi todo el trabajo aquí![WAIT@]Si quieres ver al alcalde Goodman, ve a la habitación de tu izquierda.","[@]Soy Abbott, no el alcalde.[WAIT@]Aunque tal y como van las cosas últimamente, bien podría serlo.[WAIT@]¡Soy yo quien hace casi todo el trabajo![WAIT@]En fin, si quieres ver al alcalde, ve a la habitación de[BR]tu izquierda.","[@]Não, eu não sou o prefeito. Meu nome é Abbott.[WAIT@]Mas, do jeito que as coisas estão, eu poderia ser.[WAIT@]Eu faço quase todo o trabalho daqui![WAIT@]Se você quer ver o prefeito Gentili, vá para a sala à esquerda.","[@]Nie jestem burmistrzem, to tylko ja, Abbott.[WAIT@]Ale przy obecnym stanie wszystkiego, równie dobrze mógłbym nim być.[WAIT@]Odwalam tu prawie całą robotę![WAIT@]Jeśli chce[if party:plural]cie[else]sz[/if] zobaczyć się z burmistrzem Goodmanem, idź[if party:plural]cie[/if] do pokoju po lewej.","[@]Ich bin Abbott, nicht der Bürgermeister.[WAIT@]Aber so wie's grad läuft, könnte ich auch genauso gut er sein.[WAIT@]Ich mache hier fast die ganze Arbeit![WAIT@]Wenn [if party:plural]ihr[else]du[/if] Bürgermeister Goodman sehen [if party:plural]möchtet, geht[else]möchtest, geh[/if] einfach in den Raum zu [if party:plural]eurer[else]deiner[/if] linken.","[@]Я Эббот, я не мэр...[WAIT@]Хотя в нынешней ситуации мне до него недалеко.[WAIT@]Я тут практически всю работу выполняю!..[WAIT@]Если вы к мэру Гудмену, вам налево.","[@]Я Еббот, не мер.[WAIT@]Але з тим, як йдуть зараз справи, міг би ним бути.[WAIT@]Я роблю майже всю роботу тут![WAIT@]Якщо бажаєте побачити мера Гудмена, йдіть до кімнати ліворуч.",[@]我是阿博特，不是镇长。[WAIT@]但照现在的情况来看，我跟镇长也没什么区别了。[WAIT@]这里几乎所有的工作都是我在做！[WAIT@]要是想见古德曼镇长的话，请去你左手边的房间。
DIALOGUE_PODUNK_ABBOT_2_0,"[@]Hey, [Ninten]![WAIT@]How are you doing?[WAIT@]I'm thinking of running for the elections.[WAIT@]The Mayor's getting too old for his job.[WAIT@]It's about time we have someone younger in charge.","[@]Bonjour, [Ninten] ![WAIT@]Tu vas bien?[WAIT@]Je songe à me présenter aux élections.[WAIT@]Le maire commence à être trop vieux pour s'occuper des affaires.[WAIT@]Il serait temps que quelqu'un de plus jeune prenne la relève.","[@]Ehi, [Ninten]![WAIT@]Come stai?[WAIT@]Penso che mi candiderò alle elezioni.[WAIT@]Il sindaco ormai è troppo vecchio per il suo lavoro.[WAIT@]Ci vuole qualcuno di più giovane ormai.",[@]わたしが　ちょうちょう・・・。[WAIT@]じゃなくて　じょやくの　アボットです。[WAIT@]まぁ　ちょうちょうの　しごとは\nぜんぶ　わたしがやってるんですけどね。[WAIT@]もう　わたしが　ちょうちょう\nってことで　いいとおもいませんか？[WAIT@]はぁ・・・。[WAIT@]ちょうちょうさんなら\nひだりのへやに　いらっしゃいます。,"[@]오랜만이네요, [Ninten]![WAIT@]잘 지내고 있었나요?[WAIT@]이번 선거 때 한번 출마해 보려고 해요.[WAIT@]어차피 업무도 전부 제가 다 처리하는데 안 될 거\n있나요?[WAIT@]이제 저 늙은이의 시대는 끝인 거죠. 하하","[@]¡Hola, [Ninten]![WAIT@]¿Cómo te va?[WAIT@]Estoy pensando en presentarme a las elecciones.[WAIT@]El alcalde se está haciendo demasiado viejo para su trabajo.[WAIT@]Ya es hora que alguien joven se haga cargo.","[@]¡Hola, [Ninten]!
[WAIT@]¿Cómo te va todo?
[WAIT@]Estoy pensando en presentarme a las elecciones.
[WAIT@]El alcalde ya es demasiado viejo para su cargo.
[WAIT@]Es hora de que alguien joven tome el mando.","[@]Ô, [Ninten]![WAIT@]Como vai você?[WAIT@]Estava pensando em me candidatar às eleições.[WAIT@]O prefeito está ficando velho demais pro trabalho.[WAIT@]Já está na hora de termos alguém mais jovem no comando!","[@]Hej, [Ninten]![WAIT@]Co słychać?[WAIT@]Myślę o wzięciu udziału w wyborach.[WAIT@]Burmistrz robi się za stary na swoje stanowisko.[WAIT@]Najwyższy czas, aby rządził ktoś młodszy.","[@]Hey, [Ninten]![WAIT@]Wie geht's dir?[WAIT@]Ich denke darüber nach, bei den Wahlen anzutreten.[WAIT@]Der Bürgermeister wird zu alt für seinen Job.[WAIT@]Wird Zeit, dass jemand jüngeres das Steuer übernimmt.","[@]Привет, [Ninten]![WAIT@]Как настроение?[WAIT@]Я вот планирую выдвинуться на выборы.[WAIT@]А то мэр для своей должности уже староват.[WAIT@]Как говорится, пришло время молодым встать у руля.","[@]Привіт, [Ninten]![WAIT@]Як справи?[WAIT@]Я думаю взяти участь у виборах.[WAIT@]Мер вже застарів для цієї справи.[WAIT@]Вже пора, щоб керував хтось молодший.",[@]嘿，[Ninten]！[WAIT@]你最近怎么样？[WAIT@]我在思考关于参加选举的事。[WAIT@]镇长年事已高，已经没法胜任这项工作了。[WAIT@]是时候该让年轻人来掌权了。
DIALOGUE_PODUNK_ABBOT_SPEAKER_Abbott,Abbott,Abbé,Abbott,アボット,애버트,Abbott,Abbott,Abbott,Abbott,Abbott,Эббот,Еббот,阿博特
DIALOGUE_PODUNK_ALFRED_BABY_0,[@]Wow! That canary is singing Laura's baby.[WAIT@]Will you return her baby to her?,"[@]Oh ! Ce canari est le bébé de Laura, l'oiseau chanteur ![WAIT@]Tu vas le lui rapporter ?",[@]Wow! Quel canarino è il piccolo di Laura la canterina.[WAIT@]Glielo restituirai?,[@]ありゃ　きみのカナリアは\nうたひめローラのこどもじゃないか。[WAIT@]ローラのもとへ　かえしてやっておくれ。,"[@]오! 로라의 아기 카나리아구나.[WAIT@]그 아이, 돌려줄 수 있나?","[@]¡Guau! Ese canario es el bebé de Laura Cantora.[WAIT@]Se lo vas a devolver, ¿no es así?","[@]¡Hala! Ese canario es la cría de Laura Cantora.
[WAIT@]Vas a devolvérselo, ¿verdad?",[@]Uau! Esse é o filhotinho da Laura![WAIT@]Você vai devolvê-lo para ela?,[@]Wow! Ten kanarek jest dzieckiem śpiewającej Laury.[WAIT@]Czy zwróci[if party:plural]cie[else]sz[/if] jej dziecko?,"[@]Wow! Das ist das Baby von Laura, dem Singvogel![WAIT@][if party:plural]Bringt ihr[else]Bringst du[/if] das Baby wieder?",[@]Надо же! Это птенец певчей Лоры![WAIT@][if party:plural]Вы пришли[else]Ты пришёл[/if] вернуть его матери?,[@]Нічого собі! Ця канарка — пташеня співочої Лори.[WAIT@][if party:plural]Ви повернете[else]Ти повернеш[/if] його Лорі?,[@]哇噢！那只金丝雀是鸣鸟劳拉的宝宝。[WAIT@]你们要把她的宝宝还给她吗？
DIALOGUE_PODUNK_ALFRED_BABY_1-OPT_0,Yes,Oui,Sì,はい,네,Sí,Sí,Sim,Tak,Ja,Да,Так,是
DIALOGUE_PODUNK_ALFRED_BABY_1-OPT_1,No,Non,No,いいえ,아니오,No,No,Não,Nie,Nein,Нет,Ні,否
DIALOGUE_PODUNK_ALFRED_BABY_2,"[@]Great![WAIT@]Now you just have to find her.[WAIT@]If I remember correctly, Laura lives in one of the white bird houses.","[@]Génial ![WAIT@]Maintenant, il ne te reste plus qu'à la trouver.[WAIT@]Si je me souviens bien, Laura habite dans l'un des nichoirs blancs.","[@]Ottimo![WAIT@]Devi solo trovarla ora.[WAIT@]Se ricordo bene, vive in una delle casette per uccelli bianche.",[@]あぁ　よかった。[WAIT@]ローラは　どこにいたかな・・・。[WAIT@]そうだ　ローラは　しろいとりごやの\nちかくにいたはずだよ。,"[@]고맙구나![WAIT@]이제 로라를 찾아야 하는데...[WAIT@]내 기억상으론, 저 하얀 새집 근처에 있었을 거다.\n잘 찾아보려무나.","[@]¡Genial![WAIT@]Ahora sólo tendrás que encontrarla.[WAIT@]Si no recuerdo mal, Laura vive en una de las casas de pájaro blancas...","[@]¡Perfecto!
[WAIT@]Ahora solo te falta encontrarla.
[WAIT@]Si no recuerdo mal, Laura vive en una de las casas de pájaro blancas...","[@]Ótimo![WAIT@]Agora você só precisa encontrá-la.[WAIT@]Se eu me lembro bem, a Laura vive em uma dessas casas de passarinho brancas.","[@]Wspaniale![WAIT@]Teraz trzeba ją tylko znaleźć.[WAIT@]Jeśli dobrze pamiętam, Laura mieszka w jednym z białych domków dla ptaków.","[@]Super![WAIT@]Jetzt [if party:plural]müsst ihr[else]musst du[/if] sie nur noch finden.[WAIT@]Wenn ich mich recht erinnere, lebt Laura in einem der weißen Vogelhäuschen.","[@]Отлично![WAIT@]Теперь лишь осталось её найти.[WAIT@]Если мне не изменяет память, Лора живёт в каком-то из белых скворечников.","[@]Чудово![WAIT@]Тепер [if party:plural]вам[else]тобі[/if] лише потрібно її знайти.[WAIT@]Якщо не помиляюся, Лора живе в одній із білих шпаківень.",[@]太棒了！[WAIT@]现在你只需要找到她就行。[WAIT@]如果我没记错，劳拉就住在白色的鸟屋。
DIALOGUE_PODUNK_ALFRED_BABY_5,[@]You can't just keep it as a pet!,[@]Tu ne vas quand même pas le garder comme animal de compagnie !,[@]Non è mica il tuo animale domestico!,[@]きみは　なにか　たいせつなことを\nわすれているな。　かなしいことだ。,[@]로라에겐 어떻게 설명해야...,[@]¡No te lo puedes quedar de mascota!,[@]¡No te lo puedes quedar como mascota!,[@]Você não pode ficar com ele feito um mascote!,[@]Nie może[if party:plural]cie[else]sz[/if] go po prostu trzymać jako zwierzaka!,[@][if party:plural]Ihr könnt[else]Du kannst[/if] es nicht einfach als Haustier behalten!,[@]Это [if party:plural]вам[else]тебе[/if] не домашний питомец!,[@]Це [if party:plural]вам[else]тобі[/if] не домашній улюбленець!,[@]你可不能拿它当宠物养…
DIALOGUE_PODUNK_ALFRED_BABY_SPEAKER_Alfred,Alfred,Alfred,Alfred,アルフレッド,알프레드,Alfred,Alfred,Alfred,Alfred,Alfred,Альфред,Альфред,阿尔弗雷德
DIALOGUE_PODUNK_ALFRED_SONG_0,"[@]Laura remembered her song, and began to sing once more.[WAIT@]Did you learn the melody?",[@]On dirait que Laura se souvient enfin de sa chanson et chante à nouveau.[WAIT@]Est-ce que tu as appris sa mélodie ?,"[@]Laura si è ricordata la sua canzone, e ora canta di nuovo.[WAIT@]Hai imparato la melodia?",[@]うたひめローラが　うたを\nおもいだしてくれたようだ。[WAIT@]キミも　メロディーをおぼえたかい？,[@]로라가 다시 노래를 부르기 시작했나 보구나.[WAIT@]멜로디는 잘 기억하고 있겠지?,"[@]Laura recordó su canción, y comenzó a cantar una vez más.[WAIT@]¿Te aprendiste la melodia?","[@]Laura ha recordado su canción, y ha vuelto a cantarla.
[WAIT@]¿Has logrado aprenderte la melodía?",[@]Laura se lembrou da sua canção e voltou a cantar.[WAIT@]Você aprendeu a melodia?,[@]Laura przypomniała sobie swoją piosenkę i zaczęła znowu śpiewać.[WAIT@]Zapamiętałeś jej melodię?,[@]Laura hat sich wieder an ihr Lied erinnert und wieder zu singen begonnen.[WAIT@]Hast du dir die Melodie gemerkt?,[@]Лора вспомнила свою песню и снова запела.[WAIT@]Ты запомнил её мелодию?,[@]Лора згадала свою пісню і знову заспівала.[WAIT@]Ти запам'ятав її мелодію?,[@]劳拉终于回想起了她的歌，于是再次开始唱了起来。[WAIT@]你学会那段旋律了吗？
DIALOGUE_PODUNK_ALFRED_SONG_1-OPT_0,Yes,Oui,Sì,はい,네,Sí,Sí,Sim,Tak,Ja,Да,Так,是
DIALOGUE_PODUNK_ALFRED_SONG_1-OPT_1,No,Non,No,いいえ,아니오,No,No,Não,Nie,Nein,Нет,Ні,否
DIALOGUE_PODUNK_ALFRED_SONG_2,[@]That's no good.,[@]C'est bien dommage.,[@]Non va bene.,[@]だーめだ　そりゃ。,[@]절망적이군...,[@]Eso no es bueno.,[@]Eso no es bueno.,[@]Isso não é bom.,[@]Kiepsko.,[@]Das ist nicht gut.,[@]Плохо.,[@]Шкода.,[@]这可不行啊。
DIALOGUE_PODUNK_ALFRED_SONG_3,"[@]I heard that a long time ago, the canaries of this village didn't sing.[WAIT@]Well, that was until a man with an ocarina showed up, and started playing a lullaby to the canaries of this village.[WAIT@]There was also a woman who let her singing pet canaries loose in the village.[WAIT@]Together, they managed to turn this quiet village into a lively one.","[@]Il paraît qu'il y a longtemps, les canaris de ce village ne chantaient pas.[WAIT@]Et puis un jour, un homme est arrivé avec son ocarina et a commencé à jouer une berceuse aux canaris de ce village.[WAIT@]Il y a aussi une femme qui a relâché ses canaris chanteurs dans le village.[WAIT@]À eux deux, ils ont réussi à donner de la vie à ce village autrefois silencieux.","[@]Ho sentito che tempo fa, i canarini di questo villaggio non cantavano.[WAIT@]Finché non si è fatto vedere un uomo con un'ocarina che ha iniziato a suonare una ninnananna per tutti i canarini del villaggio.[WAIT@]C'era anche una donna che ha liberato i suoi canarini in tutto il villaggio.[WAIT@]Sono riusciti insieme a rendere questo posto più vivace.",[@]むかし　このむらの　カナリアたちは\nうたを　うたうことは　なかったと　きいているよ。[WAIT@]しかし　あるひ　ふらりと　やってきた\nひとりの　おとこが　オカリナで　こもりうたを\nカナリアたちに　きかせたのだそうだ。[WAIT@]ふしぎな　うたうカナリアを　はなした　じょせいも\nいたようでね　それから　カナリアたちは\nうたをうたう　ようになったんだって。[WAIT@]そんなこんなあって　しずかだったこのむらも\nにぎやかで　はなやかに　かわったってわけさ。[WAIT@]うたはちからなり　まことにそのとおりだね。,"[@]과거, 이 마을의 카나리아들은 지금과 다르게 노래를\n부르지 않았다는구나.[WAIT@]그러던 어느 날, 어떤 이가 마을에 찾아와\n카나리아들에게 자장가를 들려줬다네.[WAIT@]또 어느 날은 한 여자가 찾아와 노래하는 카나리아를\n풀어주기도 했고...[WAIT@]그 덕분에 마을이 이렇게 활기찬 마을이 된 것이지.","[@]Escuché que hace mucho tiempo los canarios de esta villa no cantaban.[WAIT@]Bueno, eso fue hasta que apareció un hombre con una ocarina y empezó a tocarles una canción de cuna.[WAIT@]Había también una mujer que dejaba sueltos por la villa a sus canarios cantores.[WAIT@]Juntos, lograron convertir a este silencioso lugar en uno lleno de vida.","[@]He oído que hace mucho tiempo, los canarios de esta aldea no cantaban.
[WAIT@]Bueno, así era hasta que apareció un hombre con una ocarina, y empezó a tocarles una nana.
[WAIT@]Tambien había una mujer que dejaba sueltos por el lugar a sus canarios cantores.
[WAIT@]Juntos, consiguieron llenar de vida esta aldea.","[@]Ouvi dizer que, há muito tempo, os canários daqui ainda não sabiam cantar.[WAIT@]Até que, um dia, apareceu um homem com uma \nocarina que começou a tocar uma melodia para os \ncanários.[WAIT@]E veio também uma mulher que soltou os seus canários cantantes para passearem pela vila.[WAIT@]Juntos, eles fizeram esta vila silenciosa ficar cheia de vida.","[@]Słyszałem, że dawno temu kanarki w tej wiosce nie śpiewały.[WAIT@]Tak było do czasu, gdy pojawił się mężczyzna z okaryną i zaczął grać kołysankę kanarkom z tej wioski.[WAIT@]Była też kobieta, która wypuściła swoje śpiewające kanarki do wioski.[WAIT@]Razem udało im się zmienić tę wioskę z cichej w tętniącą życiem.","[@]Vor langer Zeit sollen die Kanarienvögel hier noch nicht gesungen haben.[WAIT@]Nun, zumindest bis ein Mann mit einer Okarina kam und den Kanarienvögeln ein Wiegenlied vorspielte.[WAIT@]Da war auch eine Frau, die ihre singenden Kanarienvögel im Dorf freigelassen hat.[WAIT@]Zusammen haben sie es geschafft, aus dem einst ruhigen Dorf, eine lebendige Stadt zu machen.",[@]Я слышал: когда-то давно канарейки здесь не пели.[WAIT@]Но потом в деревню пришёл мужчина с окариной и сыграл им колыбельную.[WAIT@]А ещё одна женщина выпустила сюда своих певчих канареек.[WAIT@]Вместе они превратили тихую деревушку в одно из самых оживлённых мест во всей округе!,"[@]Я чув, що колись канарки цього села не співали.[WAIT@]Але потім прийшов чоловік з окариною і зіграв їм колискову.[WAIT@]Ще була жінка, яка випустила в село своїх співочих канарок.[WAIT@]Разом їм вдалося перетворити це тихесеньке місце на жваве.",[@]我听说很久以前，这个村里的金丝雀并不会唱歌。[WAIT@]直到一个吹陶笛的男人出现，他为村里的金丝雀演奏了一首摇篮曲。[WAIT@]还有一位女士，她放出自己会唱歌的宠物金丝雀在村子里自由飞翔。[WAIT@]他们齐心协力，最终成功地把这个安静的村庄变得热闹起来。
DIALOGUE_PODUNK_ALFRED_SONG_SPEAKER_Alfred,Alfred,Alfred,Alfred,アルフレッド,알프레드,Alfred,Alfred,Alfred,Alfred,Alfred,Альфред,Альфред,阿尔弗雷德
DIALOGUE_PODUNK_ALFRED_WEATHER_0,"[@]It's fine weather today.[WAIT@]But... I don't care.[WAIT@]You see, the famous Songbird Laura just lost her baby...[WAIT@]What? No, it's not dead.[WAIT@]Some jerks just stole it.[WAIT@]And now, none of the birds want to sing.[WAIT@]At this rate, no-one will want to visit Canary Village anymore...","[@]Il fait beau, aujourd'hui.[WAIT@]Mais quelle importance, après tout ?[WAIT@]Tu vois, Laura, l'oiseau chanteur bien connu, vient de perdre son bébé...[WAIT@]Quoi ? Non, il n'est pas mort.[WAIT@]Des sales types l'ont enlevé.[WAIT@]Et maintenant, plus aucun oiseau n'a envie de chanter.[WAIT@]À ce train-là, plus personne ne voudra jamais visiter le village Canari...","[@]Oggi c'è bel tempo.[WAIT@]Però... a me non importa.[WAIT@]Sai, Laura, il famoso uccello canterino, ha perso il suo piccolo...[WAIT@]Eh? No, non è morto.[WAIT@]Dei prepotenti l'hanno rapito.[WAIT@]E ora, nessuno degli uccelli vuole cantare.[WAIT@]Di questo passo, non verrà più nessuno a fare visita al Villaggio Canarino...",[@]いい　てんきだね。[WAIT@]しかし　それが　どうした　というのだろう。[WAIT@]うたひめローラがヒナを　なくしたんだ。[WAIT@]いや　いのちをおとしたわけじゃない。[WAIT@]だれかに　さらわれてしまったんだよ。[WAIT@]カナリアたちは　かなしみにくれて\nうたわなくなって　しまった。[WAIT@]おきゃくも　へって\nしずかに　なってしまったな・・・。,"[@]오늘 날씨가 참 좋구나.[WAIT@]난... 아니지만 말이다.[WAIT@]보다시피, 로라의 아기가 사라졌다더라...[WAIT@]음? 아니, 죽진 않았지.[WAIT@]누가 훔쳐 갔을 수도 있고...[WAIT@]어찌 됐든, 지금 카나리아들은 노래를 부르고\n싶지 않은 모양일세.[WAIT@]이대로 가다간 아무도 이 마을에 놀러 오지 않게 될\n텐데...","[@]Hace un buen clima hoy.[WAIT@]Pero... no lo disfruto.[WAIT@]Verás, la famosa canario Laura Cantora ha perdido a su bebé...[WAIT@]¿Qué? No, no está muerto.[WAIT@]Unos bribones simplemente lo robaron.[WAIT@]Y ahora, ninguno de los pájaros quiere cantar.[WAIT@]A este ritmo, nadie querrá visitar la Villa Canario...","[@]Hoy hace buen tiempo.
[WAIT@]Pero... me da igual.
[WAIT@]Verás, Laura, el famoso pájaro cantor, acaba de perder a su cría...
[WAIT@]¿Qué? No, no está muerta.
[WAIT@]Unos desalmados se la llevaron.
[WAIT@]Y ahora, ninguno de los pájaros quiere cantar.
[WAIT@]A este paso, nadie querrá venir a visitar la aldea...","[@]Que tempo bom que está hoje.[WAIT@]Mas... eu não me importo.[WAIT@]Sabe, a famosa Laura Cantora acabou de perder o seu bebê.[WAIT@]O quê? Não, não, ele não morreu.[WAIT@]Algum imbecil roubou ele.[WAIT@]E, agora, nenhum dos pássaros quer cantar.[WAIT@]Se isso continuar assim, ninguém mais vai querer visitar a Vila Canarinho...","[@]Fajna dziś pogoda, co?[WAIT@]Ale... nie obchodzi mnie to.[WAIT@]Widzisz, sławny ptak, śpiewająca Laura, właśnie straciła dziecko...[WAIT@]Co? Gdzie tam, nie umarło.[WAIT@]Po prostu jakieś palanty je ukradły.[WAIT@]A teraz żaden z ptaków nie chce śpiewać.[WAIT@]Jak tak dalej pójdzie, to nikt już nie będzie chciał odwiedzać Wioski Kanarków...","[@]Gutes Wetter heute.[WAIT@]Aber ... ist jetzt auch egal.[WAIT@][if party:plural]Wisst ihr[else]Weißt du[/if], Laura, der bekannte Singvogel, hat ihr Baby verloren ...[WAIT@]Hmm? Nein, es ist nicht tot.[WAIT@]Ein paar Idioten haben es gestohlen.[WAIT@]Und jetzt will kein Vogel mehr singen.[WAIT@]Wenn's so weitergeht, wird niemand mehr das Kanariendorf besuchen wollen ...","[@]Сегодня хорошая погода.[WAIT@]Только... какой в этом смысл.[WAIT@][if party:plural]Понимаете[else]Понимаешь[/if], Лора, известная певчая птичка, только что потеряла своего птенца...[WAIT@]Что? Да не, он не умер.[WAIT@]Его просто украли какие-то мерзавцы.[WAIT@]И теперь ни одна птица не хочет петь.[WAIT@]Такими темпами никто больше не захочет посещать Канарскую деревушку...","[@]Сьогодні гарна погода.[WAIT@]Тільки... яка тут різниця.[WAIT@][if party:plural]Розумієте[else]Розумієш[/if], Лора, відома співоча пташка, щойно втратила своє пташеня...[WAIT@]А? Та ні, воно не вмерло.[WAIT@]Його просто вкрали якісь придурки.[WAIT@]Тепер жодна пташка не бажає співати.[WAIT@]Такими темпами скоро ніхто не відвідуватиме Село канарок...",[@]今天的天气挺不错的。[WAIT@]但是…我一点都不在乎。[WAIT@]你看，著名鸣鸟劳拉失去了她的孩子…[WAIT@]什么？不，它并没有死。[WAIT@]刚刚一些混蛋把它给偷了。[WAIT@]现在，没有鸟儿再想唱歌了。[WAIT@]这样下去，再也没有人会参观金丝雀村庄了…
DIALOGUE_PODUNK_ALFRED_WEATHER_SPEAKER_Alfred,Alfred,Alfred,Alfred,アルフレッド,알프레드,Alfred,Alfred,Alfred,Alfred,Alfred,Альфред,Альфред,阿尔弗雷德
DIALOGUE_PODUNK_ALFRED_WORK_0,"[@]It might surprise you, but I don't actually work here.[WAIT@]I've been visiting this place for 30 years, and people keep asking me if they can feed the birds.[WAIT@]The answer is no, but it's still annoying.","[@]Ça va peut-être te surprendre, mais en fait, je ne travaille pas ici.[WAIT@]Ça fait 30 ans que je visite cet endroit, et les gens n'arrêtent pas de me demander s'ils peuvent nourrir les oiseaux.[WAIT@]La réponse est non, mais c'est quand même agaçant.","[@]Ti potrebbe sorprendere, ma io in realtà non lavoro qui.[WAIT@]Sono trent'anni che vengo qui, e la gente continua a chiedermi se possono dare da mangiare agli uccelli.[WAIT@]La risposta è no, ma mi dà comunque fastidio.",[@]じつはぼくね　ここのかんりにんでも\nなんでもないんだよ。[WAIT@]カナリアがすきで　かよいつめて　３０ねん。\nさいきん　かんりにんと　よばれはじめてね。[WAIT@]えさをあげても　いいかと　きかれるし\nそろそろ　ごかいを　とかないといけないかな。,"[@]놀랄지도 모르겠지만, 사실 난 여기 관계자가\n아니라네.[WAIT@]30년째 이곳에 살다시피 구경을 오다 보니, 사람들도\n직원인 줄 알고 먹이를 줘도 되느냐고 계속 묻더군.[WAIT@]당연히 안 되지만, 일일이 얘기하기도 힘들단 말이지.","[@]Quizás te sorprenda, pero en realidad no trabajo aquí.[WAIT@]Llevo 30 años visitando este lugar, y la gente sigue preguntándome si pueden alimentar a los pájaros.[WAIT@]La respuesta es no, pero sigue siendo molesto.","[@]Puede que te sorprenda, pero en realidad no\ntrabajo aquí.
[WAIT@]Llevo viniendo 30 años, y aun así, la gente no para de preguntarme si puede dar de comer a los pájaros.
[WAIT@]La respuesta siempre es no, pero sigue siendo igual de molesto.","[@]Pode ser uma surpressa para você, mas eu não trabalho aqui.[WAIT@]Eu venho aqui há 30 anos, e as pessoas continuam me perguntando se podem alimentar os pássaros.[WAIT@]A resposta é não, mas ainda me irritam com isso.","[@]Może [if party:plural]was[else]cię[/if] to zaskoczy, ale ja tu nie pracuję.[WAIT@]Od 30 lat odwiedzam to miejsce i za każdym razem ktoś mnie pyta, czy wolno dokarmać ptaki.[WAIT@]Odpowiedź brzmi nie, ale i tak jest to irytujące.","[@]Vielleicht überrascht es [if party:plural]euch[else]dich[/if] ja, aber eigentlich arbeite ich gar nicht hier.[WAIT@]Ich besuche diesen Ort seit jetzt schon 30 Jahren regelmäßig und die Leute fragen mich ständig ob sie die Vögel füttern dürfen.[WAIT@]Die Antwort ist Nein, aber es nervt.","[@][if party:plural]Вы удивитесь[else]Ты удивишься[/if], но я здесь на самом деле не работаю.[WAIT@]Я целых тридцать лет посещаю это место, и меня всё ещё спрашивают, мол, «можно ли покормить птиц».[WAIT@]Мне уже надоело повторять, что нельзя.","[@][if party:plural]Ви здивуєтеся[else]Ти здивуєшся[/if], але я тут насправді не працюю.[WAIT@]Цілих тридцять років відвідую це місце, а мене все запитують, «чи можна годувати птахів».[WAIT@]Вже набридло повторювати, що ні.",[@]这可能会让你感到意外，但其实我并不在这里工作。[WAIT@]我来这个地方已经有30年了，可人们总是问我能不能喂鸟。[WAIT@]我总回答不能，但这事儿还是挺让人烦的。
DIALOGUE_PODUNK_ALFRED_WORK_SPEAKER_Alfred,Alfred,Alfred,Alfred,アルフレッド,알프레드,Alfred,Alfred,Alfred,Alfred,Alfred,Альфред,Альфред,阿尔弗雷德
DIALOGUE_PODUNK_ALICE_0,"[@]Heya! Did you know that not only you can eat Bread, but you can also [color]turn it into Crumbs[/color]?[WAIT@]If you use the Crumbs in a fight, you can [color]instantly escape from battle[/color].[WAIT@]I heard long ago, people would use them to go back on their tracks when they got lost.[WAIT@]Though, they tended to attract bugs and cause problems, so people stopped doing that.[WAIT@]Rumor says some guy even got lost in a ghost town where everything's white.","[@]Salut toi ! Tu es au courant que le Pain peut non seulement être mangé, mais aussi être [color]réduit en Miettes[/color] ?[WAIT@]Si tu utilises les Miettes pendant un combat, tu peux [color]t'enfuir instantanément[/color].[WAIT@]Il paraît qu'à une époque, les gens s'en servaient pour retrouver leur chemin quand ils étaient perdus.[WAIT@]Le truc, c'est que ça attirait les insectes et que ça causait des tas de problèmes, donc les gens ont arrêté.[WAIT@]Il paraît même qu'un type se serait perdu dans une ville fantôme où tout était blanc.","[@]Ehilà! Sapevi che con il Pane, oltre a mangiarlo, puoi [color]trasformarlo in Briciole[/color]?[WAIT@]Se usi le Briciole in battaglia, puoi [color]fuggire istantaneamente[/color].[WAIT@]Ho sentito che, tempo fa, si usavano per ritrovare il sentiero percorso quando ci si perde.[WAIT@]Però la gente ha smesso visto che le briciole finivano per attirare insetti.[WAIT@]C'è chi dice che un tizio si è pure perso in una città dove tutto è bianco.",[@]パンは　たべるだけじゃなくて\nパンくずにも　できるって　しってた？[WAIT@]たたかっているときに　パンくずをつかえば\nてきのきを　ひいて　にげることが　できるの。\n・・・おせっかいだったかしら。[WAIT@]むかしは　かえりみちの　みちしるべとして\nちぎって　まいて　あるいてた　らしいけど。[WAIT@]がいちゅうもんだいで　さわぎになってね\nほうりつで　きんしになっちゃったんだって。[WAIT@]うわさによると　それが　げんいんで\nじっさいに　まいごに　なったひともいるそうよ。\nゆうれいやしきに　まよいこんじゃったんだって。,"[@]너는 지금까지 먹은 빵의 개수를 기억하니?[WAIT@]기억 못 하는 게 당연하지. 그만큼 늘 우리 주변에\n있는 음식 중 하나니까.[WAIT@]빵은 모험할 때 가방에 넣어 다니기도 좋은 데다가,\n[color]부스러기[/color]로도 사용할 수 있어.[WAIT@]전투 중에 적에게 뿌려 한눈팔게 만들고, 그 틈을\n노려서 [color]도망[color]가는 거지.[WAIT@]이렇게 대단한 빵이 고작 20달러밖에 안 하니까,\n이참에 많이 사둬.","[@]¡Hey! ¿Sabías que no sólo puedes comer Pan, sino que también puedes [color]convertirlo en migajas[/color]?[WAIT@]Si usas las Migajas en un combate, puedes [color]instantáneamente escapar de una batalla[/color].[WAIT@]Tiempo atrás escuché que la gente lo usaba para volver sobre sus pasos cuando se perdían.[WAIT@]Sin embargo, tendían a atraer insectos y causar problemas, así que dejaron de hacer eso.[WAIT@]Se rumorea incluso que un tipo se perdió y acabó en un pueblo fantasma donde todo es blanco.","[@]¡Eh! ¿Sabías que además de comerte el Pan, también puedes [color]convertirlo en Migas[/color]?
[WAIT@]Si usas las Migas en un combate, podrás [color]huir de la batalla al instante[/color].
[WAIT@]Hace tiempo escuché que la gente las utilizaba para volver sobre sus pasos cuando se perdían.
[WAIT@]Pero como solían atraer bichos y causar problemas, dejaron de hacerlo.
[WAIT@]Incluso hay quien dice que un tipo acabó perdido en un pueblo fantasma donde todo es blanco.","[@]Oiê! Você sabia que, além de comer o Pão, também dá para [color]fazer Migalhas com ele[/color]?[WAIT@]Se usar as Migalhas em batalha, você consegue [color]fugir instantaneamente[/color]![WAIT@]Eu ouvi que, antigamente, as pessoas usavam as Migalhas para voltar pelo caminho de que vieram caso se perdessem.[WAIT@]Mas isso costumava atrair insetos e causar um montão de problemas, então pararam de fazer isso.[WAIT@]Dizem que, por causa disso, um cara até se perdeu em uma cidade fantasma que era toda branca!","[@]Heja! Czy wiesz, że nie tylko możesz jeść Chleb, ale także [color]zamieniać go w Okruchy[/color]?[WAIT@]Jeśli użyjesz Okruchów w walce, możesz [color]natychmiast uciec z bitwy[/color].[WAIT@]Słyszałam, że dawno temu ludzie zostawiali je za sobą, by móc powrócić ich śladem, gdy się zgubili.[WAIT@]Miały jednak tendencję do przyciągania robaków i powodowania problemów, więc przestano tak robić.[WAIT@]Plotka głosi, że jakiś facet zgubił się nawet w mieście duchów, gdzie wszystko jest białe.","[@]Heya! Wusstest du, dass du Brot nicht nur essen, sondern auch [color]zerkrümeln[/color] kannst?[WAIT@]Wenn du die Krümel im Kampf verwendest, kannst du [color]sofort fliehen[/color].[WAIT@]Ich habe gehört, dass sie vor langer Zeit verwendet wurden, um Wege zu markieren.[WAIT@]Aber da sie Käfer angezogen haben, hat man damit aufgehört.[WAIT@]Gerüchte besagen, manch einer hat sich sogar in eine Geisterstadt verlaufen, wo alles weiß ist.","[@]А ты знал, что хлеб можно не только съесть,\nно ещё и [color]раскрошить[/color]?[WAIT@]Если воспользоваться крошками во время битвы, [color]из неё можно сразу же сбежать[/color].[WAIT@]Я слышала, давным-давно люди оставляли из них след, чтобы потом вернуться домой.[WAIT@]Только вот те привлекали насекомых и создавали кучу проблем, поэтому люди перестали это делать.[WAIT@]Поговаривают, один паренёк даже заблудился в городе-призраке, потому что там всё было белое.","[@]Гей! А ти знав, що хліб можна не лише їсти, але і [color]розкришити[/color]?[WAIT@]Якщо ти використаєш крихти у бою, то зможеш [color]миттєво втекти[/color].[WAIT@]Я чула, що колись люди використовували їх, щоб повернутися на правильний шлях і не загубитися.[WAIT@]Але крихти привертали комах і викликали інші проблеми, тому це перестали робити.[WAIT@]Ходять чутки, що один хлопець навіть загубився у місті-привиді, адже там все біле.",[@]嘿！你知道吗？面包不仅可以吃，还可以[color]变成面包屑[/color]。[WAIT@]要是在战斗中使用面包屑的话，就可以[color]立刻从战斗中逃离敌人[/color]。[WAIT@]我听很久以前的人们说过，他们会用面包屑在迷路时原路返回。[WAIT@]不过，面包屑容易招虫子、引起麻烦，所以大家后来就不这么做了。[WAIT@]曾经还有传言说，有个人甚至在一个全是白色的鬼镇里迷了路。
DIALOGUE_PODUNK_ALICE_SPEAKER_Alice,Alice,Alice,Alice,アリス,앨리스,Alice,Alice,Alice,Alice,Alice,Элис,Аліса,爱丽丝
DIALOGUE_PODUNK_ALLIGATOR_0,[@]Grrr.,[@]Grrr.,[@]Grrr.,[@]グルルルル・・・。,[@]그르르르...,[@]Grrr.,[@]Grrr.,[@]Grrr...,[@]Grrr.,[@]Grrrr.,[@]Гр-р...,[@]Гр-р...,[@]呃呜。
DIALOGUE_PODUNK_ALLIGATOR_SPEAKER_Alligator,Alligator,Alligator,Alligatore,ワニ,악어,Caimán,Caimán,Jacaré,Aligator,Alligator,Аллигатор,Алігатор,鳄鱼
DIALOGUE_PODUNK_ALLIGATOR_THOUGHTS_1_0,"[@](Honestly, you're the one who provoked me, but I forgive you.)","[@](Franchement, c'est clairement toi qui m'as provoqué, mais je te pardonne.)","[@](Onestamente, hai cominciato tu, ma ti perdono.)",[@]（あんときの　いちげき　いたかったなぁ。\n[DELAY:8]まあ　ゆるして　やるよ）,"[@](날 화나게 하긴 했지만 봐줄게, 난 자비로운\n악어니까.)","[@](Sinceramente, fuiste tú el que me provocó,\npero te perdono.)","[@](Fuiste tú quien me provocó, pero te perdono.)","[@](Sinceramente, foi você quem me provocou, mas eu te perdoo.)","[@](Szczerze mówiąc, to ty mnie sprowokowałeś, ale wybaczam ci.)","[@](Ehrlich gesagt hast du mich provoziert, aber ich vergebe dir.)","[@](Честно скажу, ты сам меня спровоцировал, но я тебя прощаю.)","[@](Якщо чесно, ти сам мене спровокував, але я тобі прощаю.)",[@]（说实话，是你先招惹我的，不过我还是原谅你了。）
DIALOGUE_PODUNK_ALLIGATOR_THOUGHTS_1_SPEAKER_Alligator,Alligator,Crocodile,Alligatore,ワニ,악어,Caimán,Caimán,Jacaré,Aligator,Alligator,Аллигатор,Алігатор,鳄鱼
DIALOGUE_PODUNK_ALLIGATOR_THOUGHTS_2_0,[@](Are you angry at me? I'm sorry you feel that way.),[@](Tu es en colère contre moi ? Je suis désolé pour ce que tu ressens.),[@](Ce l'hai con me? Mi spiace.),[@]（おたがい　みずに　ながそうぜ。\n　　　　　　　　　　　　　　　　　な？）,[@](왜 그렇게 쳐다봐? ...화났으면 미안해.),[@](¿Estás molesto conmigo? Lamento que te sientas así.),[@](¿Estás enfadado conmigo? Siento que estés así.),[@](Você tá bravo comigo? Foi mal te fazer se sentir assim.),"[@](Jesteś na mnie zły? Przykro mi, że tak się czujesz.)",[@](Bist du sauer auf mich? Das tut mir leid.),"[@](Ты сердишься? Извини, мне искренне жаль.)",[@](Ти на мене сердишся? Вибач.),[@]（你是在生我的气吗？你非要这么想，我也没办法。[BR]过去的就让它随水流去吧，行不？）
DIALOGUE_PODUNK_ALLIGATOR_THOUGHTS_2_SPEAKER_Alligator,Alligator,Crocodile,Alligatore,ワニ,악어,Caimán,Caimán,Jacaré,Aligator,Alligator,Аллигатор,Алігатор,鳄鱼
DIALOGUE_PODUNK_BELLE_0,[@]This place is such an amazing deal.[WAIT@]I'll never sleep at home again.,"[@]C'est vraiment le bon plan, cet endroit.[WAIT@]Je ne dormirai plus jamais à la maison.",[@]Questo posto è una figata.[WAIT@]Non dormirò mai più a casa.,[@]ここは　もうサイコーだわ！[WAIT@]もう　いえでは　ねむれないかも。,[@]이 돈으로 이런 사치를 누릴 수 있다니![WAIT@]이제 집에서 잠은 못 자겠네.,[@]Este lugar es una ganga.[WAIT@]Nunca más dormiré en mi casa.,[@]Este sitio es una ganga.[WAIT@]No volveré a dormir en casa nunca más.,[@]Esse lugar tem umas camas incríveis![WAIT@]Eu nunca mais vou dormir em casa.,[@]To miejsce to świetna okazja.[WAIT@]Już nigdy nie będę spać w domu.,[@]Dieser Ort ist wirklich super.[WAIT@]Ich werde niemals mehr Zuhause schlafen.,[@]Это суперское место![WAIT@]Я больше никогда не буду ночевать у себя дома.,[@]Це суперське місце![WAIT@]Я більше ніколи не ночуватиму у себе вдома.,[@]这地方真是太划算了。[WAIT@]我再也不想回家睡觉了。
DIALOGUE_PODUNK_BELLE_SPEAKER_Belle,Belle,Belle,Belle,ベル,벨,Belle,Belle,Belle,Belle,Belle,Белль,Белль,贝儿
DIALOGUE_PODUNK_BRITANNY_0,[@]Did a poltergeist attack your house?[WAIT@]It tore mine apart.,"[@]Est-ce qu'un esprit frappeur a attaqué ta maison ?[WAIT@]Parce que moi, il a complètement détruit la mienne.","[@]La tua casa è stata attaccata da un poltergeist?[WAIT@]Perché è successo anche a me, me l'ha distrutta.",[@]あなたのいえは　ポルターガイストに\nみまわれなかった？[WAIT@]わたしんちなんか　もうたいへんだったのよ。,[@]너희 집도 폴터가이스트 현상 때문에 집 안이\n엉망진창이니?[WAIT@]우리 집도 개판 5분 전이야.,[@]¿Un poltergeist atacó tu casa?[WAIT@]Porque uno también destrozó la mía.,"[@]¿Que un poltergeist atacó tu casa?[WAIT@]Sí, bueno... a mí me la destrozó entera.","[@]Por acaso, um poltergeist atacou a sua casa?[WAIT@]Um destruiu a minha completamente.",[@]Czy poltergeist zaatakował twój dom?[WAIT@]Mój rozerwał na strzępy.,[@]Hat ein Poltergeist dein Haus angegriffen?[WAIT@]Meins hat er zerstört.,[@]В твой дом вторгся полтергейст?[WAIT@]От моего он и живого места не оставил.,[@]До твоєї хати увірвався полтергейст?[WAIT@]Мою він повністю розгромив.,[@]骚灵现象有没有袭击过你家的房子？[WAIT@]我家的房子已经塌陷的不像样了。
DIALOGUE_PODUNK_BRITANNY_SPEAKER_Britanny,Britanny,Britanny,Britanny,ブリトニー,브리태니,Britanny,Britanny,Britanny,Britanny,Britanny,Бриттани,Бріттані,布里坦妮
DIALOGUE_PODUNK_BRITANNY_2_0,[@]Apparently poltergeist attacks aren't covered by insurance.[WAIT@]How dreadful...,"[@]Apparemment, les attaques d'esprits frappeurs ne sont pas couvertes par l'assurance.[WAIT@]C'est effroyable...",[@]Sembra che l'assicurazione non copra gli attacchi dei poltergeist.[WAIT@]È terribile...,[@]ねぇきいてよ！[WAITBR]ポルターガイストは\nほけんの　たいしょうがい　っていわれたのよ！[WAIT@]いえのなか　いろいろ　めちゃくちゃに\nなっちゃった　ってのにさぁ・・・。[WAIT@]ついてないなぁ・・・。,[@]폴터가이스트 현상이 왜 무서운 줄 아니?[WAIT@]보험 적용이 안 되거든...,"[@]Aparentemente, los ataques por poltergeist no están cubiertos por el seguro.[WAIT@]Qué horror...",[@]Parece que los ataques de poltergeist no los cubre el seguro.[WAIT@]Qué horror...,[@]Parece que o seguro não cobre ataques de poltergeist.[WAIT@]Que horror...,[@]Najwyraźniej ataki poltergeistów nie są objęte ubezpieczeniem.[WAIT@]Zaraza...,[@]Anscheinend sind Poltergeistangriffe nicht versichert.[WAIT@]Wie fürchterlich ...,"[@]Очевидно, последствия полтергейста в страховку не входят.[WAIT@]Просто катастрофа...","[@]Виявляється, напади полтергейсту не покриваються страховкою.[WAIT@]Який жах...",[@]看起来骚灵现象的袭击是不在保险理赔范围内的。[WAIT@]真是太糟糕了…
DIALOGUE_PODUNK_BRITANNY_2_SPEAKER_Britanny,Britanny,Britanny,Britanny,ブリトニー,브리태니,Britanny,Britanny,Britanny,Britanny,Britanny,Бриттани,Бріттані,布里坦妮
DIALOGUE_PODUNK_BURGER_TOILET_0,"[@]I bought a hamburger, but it was actually a cheeseburger.[WAIT@]The worst part is that I'm lactose intolerant.","[@]J'ai commandé un hamburger, mais c'était en réalité un cheeseburger.[WAIT@]Le pire dans tout ça, c'est que je suis intolérant au lactose.","[@]Ho comprato un hamburger, ma in realtà era un cheeseburger.[WAIT@]La parte peggiore è che sono intollerante al lattosio.",[@]イテテテ・・・　ハンバーガーを　たのんだのに\nチーズバーガーが　でてきたんだよ・・・。[WAIT@]オレ　チーズとか　たべると\nおなか　こわしちゃうんだ。\nミルクとかも　むりなんだ・・・。,"[@]그냥 햄버거를 주문했는데, 알고 보니\n치즈버거였어요. 문제는 제가 유당불내증이라는\n건데,[WAIT@]이미 나온 음식 가지고 컴플레인 걸기에는 너무 민폐\n같아서 그냥 먹었다가... 그만...","[@]Compré una hamburguesa, pero no vi que tenía queso.[WAIT@]Lo peor es que soy intolerante a la lactosa.","[@]Me compré una hamburguesa, pero no me fijé en que tenía queso.[WAIT@]Y claro, soy intolerante a la lactosa...","[@]Eu tinha comprado um hambúrguer mas, pelo jeito, na verdade era um X-búrguer.[WAIT@]E o pior é que eu sou intolerante à lactose...","[@]Kupiłem hamburgera, ale okazał się być cheeseburgerem.[WAIT@]Najgorsze jest to, że nie toleruję laktozy.","[@]Ich hab einen Hamburger gekauft, aber es war eigentlich ein Cheeseburger.[WAIT@]Das schlimmste daran ist, ich bin laktoseintolerant.","[@]Я заказывал гамбургер, а мне выдали чизбургер.[WAIT@]Всё бы ничего — да только у меня непереносимость лактозы!","[@]Я замовляв гамбургер, а мені дали чизбургер.[WAIT@]І все б нічого — та тільки в мене непереносимість лактози!",[@]我去买了一个汉堡包，但我发现它居然是个芝士汉堡。[WAIT@]最糟的是，我乳糖不耐受。[WAIT@]我一吃奶酪之类的东西就会拉肚子，牛奶也不行…
DIALOGUE_PODUNK_BURGER_TOILET_SPEAKER_???,???,???,???,？？？,???,???,???,???,???,???,???,???,？？？
DIALOGUE_PODUNK_CANARY_CHICK_THOUGHTS_0,[@](Yay! Yay! I am with momma!),[@](Youpi ! Youpi ! Je suis avec Môman !),[@](Evviva! Evviva! Sono con la mamma!),[@]（わーい！　わーい！\nママだ！　ママだ！）,[@](야호! 야호! 엄마다!),[@](¡Yey! ¡Yey! ¡Estoy con mi mami!),[@](¡Yupi! ¡Yupi! ¡Estoy con mi mami!),[@](Oba! Oba! Estou com a minha mamãe!),[@](Hura! Hura! Jestem z mamą!),[@](Hurra! Hurra! Ich bin bei Mami!),[@](Ура! Ура! Мамочка!),[@](Ура! Ура! Я з матусею!),[@]（耶耶！我找到妈妈啦！）
DIALOGUE_PODUNK_CANARY_CHICK_THOUGHTS_SPEAKER_Canary,Canary,Canari,Canarino,カナリア,카나리아,Canario,Canario,Canário,Kanarek,Kanarienvogel,Канарейка,Канарка,金丝雀
DIALOGUE_PODUNK_CANARY_SING_0,[@]This canary is singing!,[@]Ce canari est en train de chanter !,[@]Il canarino sta cantando!,[@]カナリアが　うたってる！,[@]카나리아가 노래하고 있다!,[@]¡Este canario está cantando!,[@]¡Este canario está cantando!,[@]O canarinho está cantando!,[@]Ten kanarek śpiewa!,[@]Der Kanarienvogel singt!,[@]Эта канарейка поёт!,[@]Ця канарка співає!,[@]这只金丝雀欢快的唱着歌！
DIALOGUE_PODUNK_CANARY_SPEECHLESS_0,[@]...,[@]...,[@]...,[@]・・・。,[@]...,[@]...,[@]...,[@]...,[@]...,[@]...,[@]...,[@]...,[@]…
DIALOGUE_PODUNK_CANARY_SPEECHLESS_SPEAKER_Canary,Canary,Canari,Canarino,カナリア,카나리아,Canario,Canario,Canário,Kanarek,Kanarienvogel,Канарейка,Канарка,金丝雀
DIALOGUE_PODUNK_CANARY_THOUGHTS_1_0,[@](I hope Laura is doing okay.),[@](J'espère que Laura va bien.),[@](Spero che Laura stia bene.),[@]（ローラ　だいじょうぶかな・・・）,[@](로라는 좀 괜찮으려나...),[@](Espero que Laura esté bien.),[@](Espero que Laura esté bien.),[@](Espero que a Laura esteja bem.),"[@](Mam nadzieję, że Laura ma się dobrze.)","[@](Ich hoffe, Laura geht es gut.)","[@](Надеюсь, Лора в порядке.)","[@](Сподіваюся, з Лорою все гаразд.)",[@]（但愿劳拉没事。）
DIALOGUE_PODUNK_CANARY_THOUGHTS_1_SPEAKER_Canary,Canary,Canari,Canarino,カナリア,카나리아,Canario,Canario,Canário,Kanarek,Kanarienvogel,Канарейка,Канарка,金丝雀
DIALOGUE_PODUNK_CANARY_THOUGHTS_2_0,[@](Everyone's singing again!),[@](Tout le monde s'est remis à chanter !),[@](Ora tutti cantano di nuovo!),[@]（みんな　うたってる！）,[@](모두 다시 노래를 부르고 있어!),[@](¡Todos estan cantando de nuevo!),[@](¡Todos están cantando de nuevo!),[@](Todo mundo está cantando de novo!),[@](Wszyscy znowu śpiewają!),[@](Alle singen wieder!),[@](Все снова поют!),[@](Усі знову співають!),[@]（鸟儿们再次唱起了歌！）
DIALOGUE_PODUNK_CANARY_THOUGHTS_2_SPEAKER_Canary,Canary,Canari,Canarino,カナリア,카나리아,Canario,Canario,Canário,Kanarek,Kanarienvogel,Канарейка,Канарка,金丝雀
DIALOGUE_PODUNK_CAROL_CALL_0,"[@]Are you okay, [Ninten]?[WAIT@]What on earth is happening to our home?[WAIT@]I'm so scared...",[@][Ninten] ! Est-ce que ça va ?[WAIT@]Qu'est-ce qui a bien pu arriver à notre maison ?[WAIT@]J'ai tellement peur...,"[@]Stai bene, [Ninten]?[WAIT@]Che caspita sta succedendo alla nostra casa?[WAIT@]Ho paura...",[@]だいじょうぶだった？[Ninten]。[WAIT@]このいえは　いったい　どうなっているのかしら。[WAIT@]オロオロ・・・。,[@][Ninten]! 다친 데는 없니?[WAIT@]이게 대체 무슨 일인지...[WAIT@]무서워라...,"[@]¿Estás bien, [Ninten]?[WAIT@]¿Qué rayos le está pasando a nuestra casa?[WAIT@]Tengo mucho miedo...","[@]¿Estás bien, [Ninten]?[WAIT@]¿Qué narices le pasa a nuestra casa?[WAIT@]Tengo muchísimo miedo...","[@]Você está bem, [Ninten]?[WAIT@]Mas o que é que está acontecendo com a nossa casa?![WAIT@]Estou apavorada...","[@]Wszystko w porządku, [Ninten]?[WAIT@]Co się dzieje z naszym domem?[WAIT@]Tak bardzo się boję...","[@]Geht es dir gut, [Ninten]?[WAIT@]Was um alles in der Welt ist mit unserem Haus los?[WAIT@]Ich hab solche Angst ...","[@][Ninten], ты как?[WAIT@]Что ж такое с нашим домом![WAIT@]Я так перепугалась...","[@][Ninten], ти в порядку?[WAIT@]Що відбувається з нашим домом?[WAIT@]Я так перелякалась...",[@]你还好吗，[Ninten]？[WAIT@]我们家到底发生了什么？[WAIT@]我好害怕…
DIALOGUE_PODUNK_CAROL_CALL_3,[@]If only your father were here now...,[@]Si seulement ton père était là avec nous...,[@]Se solo tuo padre fosse qui...,[@]こんなときに　パパがいてくれたら\nいいのかもしれないけど・・・。,[@]이럴 때 네 아빠라도 있었으면...,[@]Si tan solo tu padre estuviese aquí...,[@]Si tan solo tu padre estuviese aquí...,[@]Se o seu pai estivesse aqui...,[@]Gdyby tylko twój ojciec tu teraz był...,[@]Wenn dein Vater jetzt nur hier wäre ...,"[@]Жаль, папа сейчас не здесь...","[@]Шкода, тато зараз не тут...",[@]要是你爸爸在这的话就好了…
DIALOGUE_PODUNK_CAROL_CALL_6,[@]Oh! That must be him.,[@]Oh ! Ça doit être lui.,[@]Oh! Deve essere lui.,[@]あ　でんわ！　きっとパパよ！,[@]앗! 네 아빠인 거 같은데.,[@]¡Oh! Debe de ser él.,[@]¡Ah! ¡Seguro que es él!,[@]Ah! Deve ser ele.,[@]Och! To pewnie on.,[@]Oh! Das muss er sein.,"[@]А! Видимо, это он.","[@]О! Здається, це він.",[@]啊，电话！[WAIT]一定是你爸爸打来的！
DIALOGUE_PODUNK_CAROL_CALL_7,"[@]Could you get it, [Ninten]?","[@]Tu peux aller décrocher, [Ninten] ?","[@]Puoi rispondere tu, [Ninten]?",[@][Ninten]　おねがい！,"[@]어서 받아보렴, [Ninten].","[@]¿Podrías contestar, [Ninten]?","[@]¿Podrías cogerlo, [Ninten]?","[@]Pode atender o telefone, [Ninten]?","[@]Mógłbyś odebrać, [Ninten]?","[@]Gehst du bitte ran, [Ninten]?","[@][Ninten], ответишь?","[@][Ninten], можеш відповісти?",[@][Ninten]，你可以帮忙接一下吗？
DIALOGUE_PODUNK_CAROL_CALL_SPEAKER_Carol,Carol,Carol,Carol,キャロル,캐럴,Carol,Carol,Carol,Carol,Carol,Кэрол,Керол,卡罗尔
DIALOGUE_PODUNK_CAROL_FOOD_0,"[@]Oh [Ninten], you're much braver than I could ever imagine.[WAIT@]You must be exhausted.[WAIT@]Here, I'll make you some [FavFood].[WAIT@]You can eat here and rest for the night.","[@]Oh, [Ninten], tu es bien plus courageux que je ne l'aurais imaginé.[WAIT@]Tu dois être fatigué.[WAIT@]Tiens, je vais te faire un peu d[elision][FavFood].[WAIT@]Tu peux manger et te reposer ici pour la nuit.","[@]Oh, [Ninten], sei più coraggioso di quanto pensassi.[WAIT@]Devi essere stanco.[WAIT@]Vieni, ti preparo un po' di [FavFood].[WAIT@]Puoi mangiare e dormire qui per stanotte.",[@]あなたって　おもってたより\nずっと　ゆうかんなこだったのね。[WAIT@]・・・でも　あなたを\nつらいたびに　だしたくないわ。[WAIT@][Ninten]のすきな　[FavFood]を\nつくってあげるから。[WAIT@]それをたべて　ゆっくりおやすみ。,"[@][Ninten]! 엄청난 모험을 한 것 같구나.[WAIT@]많이 지쳐 보이는데...[WAIT@]자, 네가 좋아하는 [FavFood]\n만들어줄게.[WAIT@]밥 다 먹고 하룻밤만 묵고 가렴.","[@]Oh, [Ninten], eres más valiente de lo que jamás habría imaginado.[WAIT@]Debes de estar agotado.[WAIT@]Toma, te haré algo de [FavFood].[WAIT@]Puedes comer aquí y descansar por la noche.","[@]Ay, [Ninten]... eres mucho más valiente de lo que jamás me habría imaginado.[WAIT@]Debes de estar agotado.[WAIT@]Voy a prepararte un poco de [FavFood].[WAIT@]Puedes comer aquí y descansar esta noche.","[@][Ninten], você é muito mais corajoso do que eu poderia imaginar.[WAIT@]Você deve estar exausto.[WAIT@]Venha, eu vou fazer um pouco de [FavFood] para você.[WAIT@]Você pode comer e passar a noite em casa.","[@]Och [Ninten], jesteś o wiele odważniejszy, niż mogłabym to sobie kiedykolwiek wyobrazić.[WAIT@]Pewnie jesteś wyczerpany.[WAIT@][FavFood] to coś, czym na pewno nie pogardzisz.[WAIT@]Zjedz z nami i się tu prześpij.","[@]Oh [Ninten], du bist viel mutiger, als ich gedacht hätte.[WAIT@][if party:plural]Ihr müsst[else]Du musst[/if] erschöpft sein.[WAIT@]Hier, ich mache [if party:plural]euch[else]dir[/if] [FavFood] fertig.[WAIT@][if party:plural]Ihr könnt[else]Du kannst[/if] essen und dann schlafen gehen.","[@]Ах, [Ninten], какой же ты у нас герой![WAIT@]Устал, наверное?[WAIT@][FavFood] уже на кухне![WAIT@]Поужинай и выспись как следует.","[@]Ах, [Ninten], ти набагато хоробріше, ніж я могла уявити![WAIT@]Ти, впевнена, дуже втомився.[WAIT@]Почекай, зараз приготую твою улюблену страву, [FavFood].[WAIT@]Поїси, а потім можеш піти спати.",[@]噢[Ninten]，你比我想象的还要勇敢呢。[WAIT@]踏上这么艰辛的旅程一定很累吧。[WAIT@]我待会给你做些你最爱的[FavFood]。[WAIT@]吃完好好休息一下吧。
DIALOGUE_PODUNK_CAROL_FOOD_SPEAKER_Carol,Carol,Carol,Carol,キャロル,캐럴,Carol,Carol,Carol,Carol,Carol,Кэрол,Керол,卡罗尔
DIALOGUE_PODUNK_CAROL_GOT_KEY_0,[@]Take anything you want from the basement.[WAIT@]I'm sure it will be useful to you.,[@]Prends ce que tu veux dans la cave.[WAIT@]Je suis sûre que ça te sera utile.,[@]Prendi quello che vuoi dal seminterrato.[WAIT@]Sono certa che ti sarà utile.,[@]ちかしつに　ひつようなものが　あったら\nすきに　もちだして　いいからね。[WAIT@]きっと　やくにたつものが　あるとおもうわ。,"[@]지하실엔 잡동사니밖에 없긴 하지만,[WAIT@]필요하다면 무엇이든 가져가렴.",[@]Toma lo que quieras del sótano.[WAIT@]Estoy segura de que te será útil.,[@]Coge lo que quieras del sótano.[WAIT@]Seguro que te será útil.,[@]Pegue o que precisar do porão.[WAIT@]Tenho certeza que encontrará algo de útil para você lá embaixo.,[@]Weź co chcesz z piwnicy.[WAIT@]Na pewno ci się przyda.,"[@]Nimm aus dem Keller alles was du willst.[WAIT@]Ich bin mir sicher, dir wird's nützlich sein.",[@]Бери из кладовки всё что хочешь.[WAIT@]Наверняка тебе что-нибудь пригодится!,"[@]Бери з підвалу все, що забажаєш.[WAIT@]Упевнена, тобі щось знадобиться!",[@]你可以拿走地下室里的任何东西。[WAIT@]我相信你肯定会用上它们的。
DIALOGUE_PODUNK_CAROL_GOT_KEY_SPEAKER_Carol,Carol,Carol,Carol,キャロル,캐럴,Carol,Carol,Carol,Carol,Carol,Кэрол,Керол,卡罗尔
DIALOGUE_PODUNK_CAROL_KEY_0,"[@]So you're leaving, huh?[WAIT@]I guess all boys have to leave home someday...[WAIT@]If you want to know where I put the [color]Basement Key[/color], I gave it to [color]Mick.[/color][WAIT@]Don't tell Mimmie, though.","[@]Alors tu t'en vas, c'est ça ?[WAIT@]J'imagine que tous les garçons finissent par quitter la maison un jour ou l'autre...[WAIT@]Si tu veux savoir où j'ai mis la [color]Clé de la cave[/color], je l'ai donnée à [color]Mick[/color].[WAIT@]Mais ne le dis pas à Mimmie.","[@]Allora vai via?[WAIT@]Si vede che tutti i ragazzi devono andarsene di casa prima o poi...[WAIT@]Se vuoi sapere dove ho messo la [color]Chiave del seminterrato[/color], l'ho data a [color]Mick[/color].[WAIT@]Non dirlo a Mimmie, però.",[@]もういくのね？[WAIT@]しんぱいだけど・・・　がんばってね。[WAIT@]ママ　あなたを　えがおで　おくりだすわ。[WAIT@]また[FavFood]がたべたくなったら\nかえってくるのよ。[WAIT@]え？[color]ちかしつのカギ[/color]？\nそれなら[color]ミック[/color]に　あずけてあるわ。[WAIT@]ミミーには　ないしょにしてね。,[@]떠나려는 거지?[WAIT@]잘 다녀오렴.[WAIT@]여기서 언제든 기다리고 있을게.[WAIT@]그리고 [color]지하실 열쇠[/color]는 믹한테 있어.,"[@]Entonces te vas, ¿eh?[WAIT@]Supongo que todos los chicos tienen que irse de casa algún día...[WAIT@]Si quieres saber donde puse la [color]Llave del sótano[/color], se la di a [color]Mick.[/color][WAIT@]No le digas a Mimmie, por favor.","[@]Te vas, ¿eh?[WAIT@]Supongo que todos los chicos tienen que irse de casa algún día...[WAIT@]Si quieres saber dónde puse la [color]Llave del sótano[/color], se la he dado a [color]Mick.[/color][WAIT@]Pero no se lo digas a Mimmie.","[@]Então, você vai sair?[WAIT@]Bem, acho que todo menino sai de casa algum dia...[WAIT@]Se você quer saber onde eu deixei a [color]Chave do Porão[/color], eu dei ela pro [color]Mick[/color].[WAIT@]Mas não conta pra Mimmie, tá?","[@]Więc opuszczasz nas, co?[WAIT@]Chyba każdy chłopiec musi kiedyś opuścić dom...[WAIT@]Jeśli chcesz wiedzieć, gdzie schowałam [color]Klucz do Piwnicy[/color], dałam go [color]Mickowi[/color].[WAIT@]Ale nie mów Mimmie.","[@]Du gehst also, was?[WAIT@]Jeder muss wohl irgendwann sein Zuhause verlassen ...[WAIT@]Wenn du wissen willst wo der [color]Kellerschlüssel[/color] ist, ich habe ihn [color]Mick[/color] gegeben.[WAIT@]Aber sag's nicht Mimmie.","[@]Ты уходишь?[WAIT@]Ну... всем мальчикам рано или поздно придётся покинуть «родное гнездо»...[WAIT@]Если тебе нужен [color]ключ от кладовки[/color], то я отдала его [color]Мику[/color].[WAIT@]Только не говори Мимми.","[@]Ти що, вже зібрався йти?[WAIT@]Напевно, кожен хлопчик має одного дня покинути рідне гніздечко...[WAIT@]Якщо тобі цікаво, де я залишила [color]ключ від підвалу[/color], я дала його [color]Міку.[/color][WAIT@]Тільки не кажи Міммі.",[@]你要启程了，对吗？[WAIT@]虽然我很担心…但你要加油哦。[WAIT@]啊对了，[color]地下室钥匙[/color]的话，我把它给了[color]米克[/color]。[WAIT@]不过，要对米米保密哦。
DIALOGUE_PODUNK_CAROL_KEY_4,[@]I made sure to keep all the Orange Juice away from her.,[@]J'ai mis hors de sa portée tout le Jus d'orange de la maison.,[@]Mi sono assicurata di tenerle lontano tutto il Succo d'arancia.,[@]あのこ　みさかいなく\nジュースをのみほしちゃうのよ。,[@]미미한텐 말하지 말고.,[@]Me aseguré de mantener todo el Jugo de naranja lejos de ella.,[@]He dejado el Zumo de naranja lejos de su alcance.,[@]Tive que deixar todo o Suco de Laranja longe dela.,"[@]Upewniłam się, żeby trzymać cały Sok Pomarańczowy z dala od niej.",[@]Der Orangensaft soll außerhalb ihrer Reichweite sein.,[@]Я специально подальше от неё убрала весь апельсиновый сок.,[@]Я навмисно подалі від неї прибрала весь апельсиновий сік.,[@]我得确保她不能再把橙汁拿走了，不然她会都喝光的。
DIALOGUE_PODUNK_CAROL_KEY_SPEAKER_Carol,Carol,Carol,Carol,キャロル,캐럴,Carol,Carol,Carol,Carol,Carol,Кэрол,Керол,卡罗尔
DIALOGUE_PODUNK_CAROL_KEY_AGAIN_0,"[@]I gave the [color]Basement Key[/color] to [color]Mick.[/color][WAIT@]Don't tell Mimmie, though.[WAIT@]I made sure to keep all the Orange Juice away from her.",[@]J'ai donné la [color]Clé de la cave[/color] à [color]Mick[/color].[WAIT@]Mais ne le dis pas à Mimmie.[WAIT@]J'ai mis hors de sa portée tout le Jus d'orange de la maison.,"[@]Ho dato la [color]Chiave del seminterrato[/color] a [color]Mick[/color].[WAIT@]Non dirlo a Mimmie, però.[WAIT@]Mi sono assicurata di tenerle lontano tutto il Succo d'arancia.",[@][color]ちかしつのカギ[/color]なら\n[color]ミック[/color]に　あずけてあるわ。[WAIT@]ミミーには　ないしょにしてね。[WAIT@]オレンジジュースを　かくしてあるから。,"[@]미미가 요즘 지하실에 자주 가서, [color]지하실 열쇠[/color]는\n믹한테 맡겨놨어.[WAIT@]미미한테는 말하지 말고![WAIT@]오렌지 주스도 적당히 먹어야지. 참...","[@]Le di la [color]Llave del sótano[/color] a [color]Mick.[/color][WAIT@]No le digas a Mimmie, por favor.[WAIT@]Me aseguré de mantener todo el Jugo de naranja lejos de ella.",[@]Le he dado la [color]Llave del sótano[/color] a [color]Mick.[/color][WAIT@]Pero no se lo digas a Mimmie.[WAIT@]He dejado el Zumo de naranja lejos de su alcance.,"[@]Eu dei a [color]Chave do Porão[/color] pro [color]Mick[/color].[WAIT@]Mas não conta pra Mimmie, tá?[WAIT@]Tive que deixar todo o Suco de Laranja longe dela.","[@]Dałam [color]Klucz do Piwnicy[/color] [color]Mickowi[/color].[WAIT@]Ale nie mów Mimmie.[WAIT@]Upewniłam się, żeby trzymać cały Sok Pomarańczowy z dala od niej.",[@]Ich habe den [color]Kellerschlüssel[/color] [color]Mick[/color] gegeben.[WAIT@]Aber sag's nicht Mimmie.[WAIT@]Der Orangensaft soll außerhalb ihrer Reichweite sein.,"[@]Я отдала [color]ключ от кладовки[/color] [color]Мику.[/color][WAIT@]Только, пожалуйста, не рассказывай об этом Мимми.[WAIT@]Я специально подальше от неё убрала весь апельсиновый сок.","[@]Я віддала [color]ключ від підвалу[/color][color] Міку.[/color][WAIT@]Тільки, будь ласка, не розповідай про це Міммі.[WAIT@]Я навмисно подалі від неї прибрала весь апельсиновий сік.",[@][color]地下室钥匙[/color]的话，我把它给了[color]米克[/color]。[WAIT@]不过，要对米米保密哦。[WAIT@]我得确保她不能再把橙汁拿走了。
DIALOGUE_PODUNK_CAROL_KEY_AGAIN_SPEAKER_Carol,Carol,Carol,Carol,キャロル,캐럴,Carol,Carol,Carol,Carol,Carol,Кэрол,Керол,卡罗尔
DIALOGUE_PODUNK_CAROL_PANIC_0,"[@]Are you okay, [Ninten]?[WAIT@]What on earth is happening to our home?[WAIT@]I'm so scared...[WAIT@]If only your father were here now...",[@][Ninten] ! Est-ce que ça va ?[WAIT@]Qu'est-ce qui a bien pu arriver à notre maison ?[WAIT@]J'ai tellement peur...[WAIT@]Si seulement ton père était là avec nous...,"[@]Stai bene, [Ninten]?[WAIT@]Che caspita sta succedendo alla nostra casa?[WAIT@]Ho paura...[WAIT@]Se solo tuo padre fosse qui...",[@]だいじょうぶだった？[Ninten]。[WAIT@]このいえは　いったい　どうなっているのかしら。[WAIT@]オロオロ・・・。[WAIT@]こんなときに　パパがいてくれたら\nいいのかもしれないけど・・・。,[@][Ninten]! 다친 데는 없니?[WAIT@]이게 대체 무슨 일인지...[WAIT@]무서워라...[WAIT@]이럴 때 네 아빠라도 있었으면...,"[@]¿Estás bien, [Ninten]?[WAIT@]¿Qué rayos le está pasando a nuestra casa?[WAIT@]Tengo mucho miedo...[WAIT@]Si tan solo tu padre estuviese aquí...","[@]¿Estás bien, [Ninten]?[WAIT@]¿Qué narices le pasa a nuestra casa?[WAIT@]Tengo muchísimo miedo...[WAIT@]Si tan solo tu padre estuviese aquí...","[@]Você está bem, [Ninten]?[WAIT@]Mas o que é que está acontecendo com a nossa casa?![WAIT@]Estou apavorada...[WAIT@]Se o seu pai estivesse aqui...","[@]Wszystko w porządku, [Ninten]?[WAIT@]Co się dzieje z naszym domem?[WAIT@]Tak bardzo się boję...[WAIT@]Gdyby tylko twój ojciec tu teraz był...","[@]Geht es dir gut, [Ninten]?[WAIT@]Was um alles in der Welt ist mit unserem Haus los?[WAIT@]Ich hab solche Angst ...[WAIT@]Wenn dein Vater jetzt nur hier wäre ...","[@][Ninten], ты как?[WAIT@]Что же такое с нашим домом![WAIT@]Я так перепугалась...[WAIT@]Жаль, папа сейчас не здесь...","[@][Ninten], ти в порядку?[WAIT@]Що ж відбувається з нашим домом?[WAIT@]Мені так страшно...[WAIT@]Шкода, тато зараз не тут...",[@]你还好吗，[Ninten]？[WAIT@]我们家到底发生了什么？[WAIT@]我好害怕…[WAIT@]要是你爸爸在的话就好了…
DIALOGUE_PODUNK_CAROL_PANIC_SPEAKER_Carol,Carol,Carol,Carol,キャロル,캐럴,Carol,Carol,Carol,Carol,Carol,Кэрол,Керол,卡罗尔
DIALOGUE_PODUNK_CAROL_PHONE_0,"[@]Telephone! [Ninten], would you please get it?","[@]Téléphone ! [Ninten], tu peux décrocher ?","[@]Il telefono! [Ninten], potresti rispondere?",[@]あ　でんわ！　きっとパパよ！[WAITBR][Ninten]　おねがい！,[@][Ninten]! 전화 좀 받아주겠니?,"[@]¡Teléfono! [Ninten], ¿podrías contestar, por favor?","[@]¡El teléfono! [Ninten], ¿podrías cogerlo?","[@]O telefone! [Ninten], você pode atender, por favor?","[@]Telefon! [Ninten], czy mógłbyś odebrać?","[@]Telefon! [Ninten], kannst du bitte rangehen?","[@][Ninten], пожалуйста, возьми трубку!","[@]Телефон! [Ninten], будь ласка, візьми слухавку!",[@]有人打电话！[Ninten]，麻烦你去接一下好吗？
DIALOGUE_PODUNK_CAROL_PHONE_SPEAKER_Carol,Carol,Carol,Carol,キャロル,캐럴,Carol,Carol,Carol,Carol,Carol,Кэрол,Керол,卡罗尔
DIALOGUE_PODUNK_CAROL_RESTED_0,"[@]Did you have a good rest?[WAIT@]Whenever you want some more [FavFood], you're welcome to come home.","[@]Alors, tu t'es bien reposé ?[WAIT@]N'hésite pas à revenir à la maison dès que tu auras une envie d[elision][FavFood].","[@]Dormito bene?[WAIT@]Quando ti venisse voglia di [FavFood], torna pure a casa.",[@]ぐっすり　ねむれた？[WAIT@]また　[FavFood]が　たべたくなったら\nかえってくるのよ。,[@]잘 잤니?[WAIT@]또 [FavFood][particle:FavFood:1] 먹고 싶다면 언제든지\n집에 오렴.,"[@]¿Dormiste bien?[WAIT@]Siempre que quieras comer más [FavFood], vuelve a casa.","[@]¿Has dormido bien?[WAIT@]Si quieres comer más [FavFood], no dudes en volver a casa.","[@]Você dormiu bem?[WAIT@]Sempre que você quiser mais [FavFood], venha para casa.","[@]Wyspany?[WAIT@]Jeśli będziesz miał kiedyś ochotę na [FavFood], możesz wpaść kiedy chcesz.","[@]Hast du gut geschlafen?[WAIT@]Wann immer [if party:plural]ihr[else]du[/if] mehr [FavFood] [if party:plural]wollt, kommt[else]willst, komm[/if] gerne nach Hause.","[@]Ну как, отдохнул?[WAIT@]Захочешь вернуться домой — на кухне всегда есть [FavFood]!","[@]Ну що, відпочив?[WAIT@]Якщо вирішиш повернутися додому, твоя улюблена страва, [FavFood], завжди тебе чекатиме.",[@]休息的怎么样？[WAIT@]无论什么时候，要是你想吃[FavFood]了，[BR]尽管回家来就好。
DIALOGUE_PODUNK_CAROL_RESTED_SPEAKER_Carol,Carol,Carol,Carol,キャロル,캐럴,Carol,Carol,Carol,Carol,Carol,Кэрол,Керол,卡罗尔
DIALOGUE_PODUNK_CELESTE_0,[@]Dead people don't just get up and walk for no reason.[WAIT@]I bet someone's controlling them.,"[@]Les morts ne reviennent pas à la vie comme ça, sans raison.[WAIT@]Je pense qu'ils doivent être contrôlés par quelqu'un.","[@]I morti non iniziano a camminare così, senza motivo.[WAIT@]Scommetto che li sta controllando qualcuno.",[@]ししゃたちを　うごかしている\nなにものかが　いるらしい。[WAIT@]いったい　どんな　やつなんだろうねぇ・・・。,[@]죽은 사람이 이유도 없이 일어나서 걸어 다닐 리가...[WAIT@]분명 누군가가 초자연적인 힘으로 조종하고 있을\n거야.,[@]La gente muerta no se levanta y camina sin motivos.[WAIT@]Apuesto a que alguien los está controlando.,[@]Los muertos no se levantan y echan a andar así[BR]como así.[WAIT@]Apuesto a que alguien los está controlando.,[@]Gente morta não se levanta e anda por aí sem motivo.[WAIT@]Aposto que tem alguém os controlando.,"[@]Martwi ludzie nie mają w zwyczaju od tak paradować.[WAIT@]Mogę się założyć, że ktoś ich kontroluje.","[@]Tote stehen nicht einfach auf und laufen grundlos rum.[WAIT@]Ich wette, dass jemand sie kontrolliert.",[@]Мертвецы не могут просто так встать и беспричинно ходить.[WAIT@]Ими точно кто-то управляет.,"[@]Мерці просто так не встають і блукають.[WAIT@]Я впевнена, ними хтось керує.",[@]死尸不会无缘无故地起来游荡。[WAIT@]我敢打赌，一定有人在操控他们。
DIALOGUE_PODUNK_CELESTE_SPEAKER_Celeste,Celeste,Celeste,Celeste,セレスト,셀레스테,Celeste,Celeste,Celeste,Celeste,Celeste,Селеста,Селеста,塞莱斯特
DIALOGUE_PODUNK_CELESTE_2_0,"[@]Young man, you did well.","[@]Tu t'es bien débrouillé, jeune homme !","[@]Sei stato bravo, giovanotto.",[@]おわかいの　やるではないか。,"[@]학생, 잘했어! 좋은 일 한 거야.","[@]Jovencito, lo hiciste muy bien.","[@]Bien hecho, zagal.","[@]Jovenzinho, você fez bem.","[@]Dobrze się spisałeś, młodzieńcze.","[@]Junger Mann, das hast du gut gemacht.",[@]Ай молодец.,"[@]Молодий хлопець, хороша робота.",[@]年轻人，你做的很好。
DIALOGUE_PODUNK_CELESTE_2_1,"[@]Young lady, you did well.","[@]Tu t'es bien débrouillé, jeune femme ¦",,,,"[@]Jovencita, lo hiciste muy bien.","[@]Bien hecho, chica.",,,,,,
DIALOGUE_PODUNK_CELESTE_2_SPEAKER_Celeste,Celeste,Celeste,Celeste,セレスト,셀레스테,Celeste,Celeste,Celeste,Celeste,Celeste,Селеста,Селеста,塞莱斯特
DIALOGUE_PODUNK_DAD_POLTERGEIST_0,[@][Ninten] picked up the phone.,[@][Ninten] décroche le téléphone.,[@][Ninten] ha risposto al telefono.,[@][Ninten]は　じゅわきを　とった。,[@][Ninten][particle:Ninten:0] 수화기를 들었다.,[@][Ninten] respondió al teléfono.,[@][Ninten] ha respondido al teléfono.,[@][Ninten] pegou o telefone.,[@][Ninten] podniósł słuchawkę.,[@][Ninten] ging an das Telefon.,[@][Ninten] взял трубку.,[@][Ninten] узяв слухавку.,[@][Ninten]拿起了听筒。
DIALOGUE_PODUNK_DAD_POLTERGEIST_1,"[@][Ninten]? It's your dad.[WAIT@]Hmm, I see. Sounds like it must be a poltergeist of some sort.[WAIT@]I'm not sure what to do about it either...[WAIT@]Oh, I remember![WAIT@]Your great-grandfather studied [color]PSI[/color] at one point.[WAIT@]He documented all of his research in a [color]diary[/color] of his.","[@][Ninten] ? C'est papa.[WAIT@]Hmm, je vois. Ça ressemble à une sorte d'esprit frappeur.[WAIT@]Je ne vois pas vraiment quoi faire, moi non plus...[WAIT@]Oh, j'y pense ![WAIT@]Ton arrière-grand-père a étudié la [color]PSI[/color] à une époque.[WAIT@]Il a consigné toutes ses recherches dans un [color]journal[/color].","[@][Ninten]? Sono papà.[WAIT@]Capisco. Deve essere un qualche poltergeist.[WAIT@]Non saprei neanche io cosa fare...[WAIT@]Ah, ora ricordo![WAIT@]Il tuo bisnonno una volta studiava lo [color]PSI[/color].[WAIT@]Ha lasciato gli appunti della sua ricerca in un [color]diario[/color].",[@]あ　パパだ。[WAIT@]ふむふむ・・・　そうか。\nそれはラップげんしょうだな。[WAIT@]どうすればいいのかは・・・\nパパにもわからないな。[WAIT@]あ・・・　そういえば・・・。[WAIT@]おまえの　ひいおじいさんが\n[color]ＰＳＩ[/color]のけんきゅうをしていたはずだ。[WAIT@]かれは　[color]にっき[/color]で　けんきゅうを\nきろくしてたはず。,"[@][Ninten]? 아빠다.[WAIT@]음, 그렇군. 그건 폴터가이스트 현상이라고 한단다.[WAIT@]이걸 어떻게 해야 할지...[WAIT@]그래, 기억났어.[WAIT@]네 증조할아버지는 한때 [color]PSI[/color]라는 걸 연구하셨다.[WAIT@]그리고 그 연구 기록을 한 [color]일기[/color]에 기록해 두셨지.","[@]¿[Ninten]? Soy tu papá.[WAIT@]Mmm, ya veo. Suena como un poltergeist de algún tipo.[WAIT@]Tampoco estoy seguro de qué hacer al respecto...[WAIT@]¡Oh, ya lo recuerdo![WAIT@]Tu bisabuelo estudió sobre el [color]PSI[/color] en algún momento.[WAIT@]Documentó toda su investigación en su [color]diario[/color].","[@]¿[Ninten]? Soy papá.[WAIT@]Mmm, ya veo. Debe haber sido obra de un poltergeist.[WAIT@]Yo tampoco sé muy bien qué hacer al respecto...[WAIT@]¡Ah, ya me acuerdo![WAIT@]Tu bisabuelo llegó a estudiar el [color]PSI[/color] en algún momento de su vida.[WAIT@]Anotó toda su investigación en un [color]diario[/color].","[@][Ninten]? É o papai.[WAIT@]Hmm, entendi. Parece ser alguma espécie de poltergeist.[WAIT@]Eu também não sei muito bem o que fazer...[WAIT@]Ah, já sei![WAIT@]Seu bisavô estudou [color]PSI[/color] durante um tempo.[WAIT@]Ele documentou toda a sua pesquisa em um [color]diário[/color].","[@][Ninten]? Tu twój tata.[WAIT@]Hmm, rozumiem. To pewnie jakiś poltergeist.[WAIT@]Też nie jestem pewien, co z tym zrobić...[WAIT@]O, przypomniałem sobie![WAIT@]Twój pradziadek badał kiedyś [color]PSI[/color].[WAIT@]Wszystkie swoje odkrycia zapisywał w [color]pamiętniku[/color].","[@][Ninten]? Hier spricht Papa.[WAIT@]Hmm, verstehe. Also das hört sich nach einer Art Poltergeist an.[WAIT@]Ich weiß auch nicht, was man da tun kann ...[WAIT@]Oh, ich erinnere mich![WAIT@]Dein Uropa hat mal [color]PSI-Kräfte[/color] studiert.[WAIT@]Er hat all seine Studien in seinem [color]Tagebuch[/color] dokumentiert.","[@]Алло, [Ninten], это папа.[WAIT@]Хм-м, вот как. Очень похоже на полтергейст.[WAIT@]Знал бы я, что с этим делать...[WAIT@]А, точно![WAIT@]Когда-то твой прадедушка изучал [color]психокинез[/color].[WAIT@]И он задокументировал все исследования в свой [color]дневник[/color].","[@]Алло, [Ninten], це тато.[WAIT@]Гм-м, зрозумів. Схоже, це якийсь полтергейст.[WAIT@]Знав би я, що з цим робити...[WAIT@]О, згадав![WAIT@]Колись твій прадідусь вивчав [color]психокінез[/color].[WAIT@]І він записував усі дослідження у свій [color]щоденник[/color].",[@][Ninten]？这里是爸爸。[WAIT@]嗯…我明白了。听起来好像是某种骚灵现象。[WAIT@]我也不太清楚该怎么办…[WAIT@]哦，我想起来了！[WAIT@]你的曾祖父研究过[color]PSI[/color]。[WAIT@]他把所有的研究记录在一本[color]日记[/color]里。
DIALOGUE_PODUNK_DAD_POLTERGEIST_7,"[@]We put all of his junk in the [color]basement[/color], but I think it's locked.[WAIT@]The [color]key[/color] shouldn't be too far...","[@]On a déposé toutes ses vieilles affaires à la [color]cave[/color], mais je crois qu'elle est fermée à clé.[WAIT@]La [color]clé[/color] ne doit pas être bien loin...","[@]Abbiamo messo tutta la sua roba nel [color]seminterrato[/color], ma penso sia chiuso a chiave.[WAIT@]La [color]chiave[/color] non sarà lontana...",[@]いひんは　すべて　[color]ちかしつ[/color]にしまってあるよ。[WAIT@][color]カギ[/color]は　どこだったかな・・・。[WAIT@]わすれた。,[@]그 일기가 지금은 [color]지하실[/color]에 잡동사니랑 같이\n있을텐데...[WAIT@][color]열쇠[/color]를 어디에 뒀는지 기억나지 않는구나...,"[@]Pusimos todas sus cosas en el [color]sótano[/color], pero creo que está cerrado.[WAIT@]La [color]llave[/color] no debe de estar lejos...","[@]Pusimos todos sus trastos en el [color]sótano[/color], pero creo que está cerrado.[WAIT@]La [color]llave[/color] no debería estar muy lejos...","[@]A gente guardou todas as tralhas dele no [color]porão[/color], mas acho que está trancado.[WAIT@]A [color]chave[/color] não deve estar muito longe...","[@]Schowaliśmy wszystkie jego rupiecie w [color]piwnicy[/color], ale wygląda na to, że jest zamknięta.[WAIT@][color]Klucz[/color] powinien być gdzieś niedaleko...","[@]Wir haben all sein Zeug in den [color]Keller[/color] gelegt, aber ich glaub, der ist verschlossen.[WAIT@]Der [color]Schlüssel[/color] sollte nicht weit sein ...","[@]Мы положили всё его барахло в [color]кладовку[/color],\nно она, скорее всего, закрыта.[WAIT@]Где-то должен быть [color]ключ[/color]...","[@]Ми поклали весь його мотлох у [color]підвал[/color],\nале, здається, він зараз зачинений.[WAIT@][color]Ключ[/color] повинен бути десь неподалік...",[@]我们把他所有的东西都放到[color]地下室[/color]里了，不过地下室的门好像是锁着的。[WAIT@]那把[color]钥匙[/color]应该不会离得太远…你可以去问问妈妈。
DIALOGUE_PODUNK_DAD_POLTERGEIST_9,"[@]Anyway, you're our only hope![WAIT@]You've always dreamed about going on an adventure, haven't you?[WAIT@]Well, go forth and protect us all, [Ninten]![WAIT@]Oh, and if you ever need to [color]SAVE your progress[/color], don't forget to [color]call your dear old dad[/color].","[@]En tout cas, tu es notre seul espoir ![WAIT@]Tu as toujours rêvé de partir à l'aventure, pas vrai ?[WAIT@]Eh bien va, [Ninten], et protège-nous tous ![WAIT@]Ah, et si jamais tu as besoin de [color]SAUVEGARDER ta progression[/color], n'oublie pas d'[color]appeler ton bon vieux papa[/color].","[@]Comunque, sei la nostra unica speranza![WAIT@]Hai sempre voluto andare all'avventura, vero?[WAIT@]Beh, vai e proteggici tutti, [Ninten]![WAIT@]Ah, e se mai ti servisse [color]SALVARE i tuoi progressi[/color], non dimenticare di [color]chiamarmi[/color].",[@]とにかく　おまえだけがたよりだ。[WAIT@]すすめ！　[Ninten]！[DELAY]\nみんなを　まもってくれ。[WAIT@]あと　[color]セーブ[/color]がしたいときは\nいつでも　パパに　でんわするんだぞ。,"[@]넌 항상 모험을 꿈꿔왔었잖아, 그렇지?[WAIT@]이번 기회의 우리의 유일한 희망이 되어 우리 가족을\n지켜주렴, [Ninten]![WAIT@]아, 그리고 지금까지의 여정을 [color]기록[/color]하고 싶다면,[BR]아빠에게 전화하렴.[WAIT@]그럼 이만.","[@]De todos modos, ¡eres nuestra única esperanza![WAIT@]Siempre has soñado en ir de aventuras, ¿no es así?[WAIT@]Bueno, ¡ve y protégenos a todos, [Ninten]![WAIT@]Oh, y si alguna vez necesitas [color]GUARDAR tu progreso[/color], no olvides [color]llamar a tu querido y viejo padre[/color].","[@]En cualquier caso, ¡eres nuestra única esperanza![WAIT@]Siempre has soñado con irte de aventuras, ¿no?[WAIT@]Pues adelante, [Ninten]. ¡Protégenos a todos![WAIT@]Ah, y si alguna vez necesitas [color]GUARDAR tu progreso[/color], no olvides [color]llamar a tu querido padre[/color].","[@]Enfim, você é a nossa única esperança![WAIT@]Você sempre sonhou em ir numa aventura, não é?[WAIT@]Bem, então vá e proteja-nos, [Ninten]![WAIT@]Ah, e se precisar [color]SALVAR o seu progresso[/color], não \nse esqueça de [color]ligar pro seu velho pai[/color], tá bom? Tchau, filhão!","[@]W każdym razie, jesteś naszą jedyną nadzieją![WAIT@]Zawsze marzyłeś o przygodzie, prawda?[WAIT@]Idź więc i chroń nas wszystkich, [Ninten]![WAIT@]Aha, i jeśli kiedykolwiek będziesz musiał [color]ZAPISAĆ postępy[/color], nie zapomnij [color]zadzwonić do swojego kochanego staruszka[/color].","[@]Jedenfalls bist du unsere einzige Hoffnung![WAIT@]Du hast doch schon immer davon geträumt ein Abenteuer zu bestreiten, nicht wahr?[WAIT@]Also, schreite voran und beschütze uns alle, [Ninten]![WAIT@]Oh, und falls du [color]deinen Fortschritt SPEICHERN[/color] möchtest, vergiss nicht [color]deinen guten alten Vater anzurufen[/color].","[@]В общем, ты наша единственная надежда![WAIT@]Ты же всегда мечтал отправиться в приключение?[WAIT@]Настало твоё время, [Ninten], защити нас всех![WAIT@]Ах да, если тебе будет нужно [color]СОХРАНИТЬ свой прогресс[/color], не забывай [color]звонить[/color] своему [color]дорогому старику-отцу[/color].","[@]Взагалі, ти наша єдина надія![WAIT@]Ти ж завжди мріяв вирушити у пригоду![WAIT@]Що ж, уперед, [Ninten], захищай нас усіх![WAIT@]І ще, якщо тобі буде потрібно [color]ЗБЕРЕГТИ прогрес[/color], не забувай [color]телефонувати[/color] своєму [color]улюбленому татусю[/color].",[@]总之，你就是我们唯一的希望了！[WAIT@]你一直梦想着去冒险，没错吧？[WAIT@]那么去吧，[Ninten]，前进着然后保护我们所有人吧！[WAIT@]噢，如果你需要[color]保存你的记录[/color]，别忘了[color]给你亲爱的老爸打个电话[/color]。
DIALOGUE_PODUNK_DAD_POLTERGEIST_13,[@](Click! Beep-beep-beep...),[@](Clic ! Bip-bip-bip...),[@](Click! Bip-bip-bip...),[@]ガチャン　ツーツーツー,[@](딸깍! 삡-삐-삐...),[@](¡Click! Bip-bip-bip...),[@](¡Clic! Bip-bip-bip...),[@](Clic! Tu... tu... tu...),[@](Klik! Bip-bip-bip...),[@](Klick! Biep-biep-biep ...),[@](Щёлк! Би-и-ип... би-и-ип... би-и-ип...),[@](Клац! Бі-і-іп... бі-і-іп... бі-і-іп...),[@]（咔哒！哔-哔-哔…）
DIALOGUE_PODUNK_DAD_POLTERGEIST_SPEAKER_Dad,Dad,Papa,Papà,パパ,아빠,Papá,Papá,Pai,Tata,Papa,Папа,Тато,爸爸
DIALOGUE_PODUNK_DAVE_0,"[@]Y-You aren't going to the cemetery, are you?[WAIT@]...There's word of zombies, so be careful.","[@]T-tu ne vas pas au cimetière, quand même ?[WAIT@]... Il paraît qu'il y a des zombies, alors fais attention.","[@]N-non stai andando al cimitero, vero?[WAIT@]... Si dice che si aggirano gli zombi lì, fai attenzione.",[@]お　おい。\nマジで　はかばに　いくのかよ。[WAIT@]はかばは　ゾンビだらけ　だって　はなしだぞ。[WAIT@]オレは　とめたからな。,"[@]ㄱ-공동묘지에 가려는 건 아니지?[WAIT@]...거긴 지금 좀비가 득실거린다는데, 조심해.","[@]N-no irás al cementerio, ¿verdad?[WAIT@]... Hay rumores de zombis, así que ten cuidado.","[@]N-no irás al cementerio, ¿verdad?[WAIT@]... Dicen que hay zombis allí, así que ve con cuidado.","[@]V-você não está pensando em ir no cemitério, está?[WAIT@]Tem uma horda de zumbis por lá, toma cuidado...","[@]N-nie idziesz na cmentarz, prawda?[WAIT@]... Chodzą plotki o zombie, więc bądź ostrożny.","[@][if party:plural]I-ihr geht[else]D-Du gehst[/if] nicht auf den Friedhof, oder?[WAIT@]... Dort soll es Zombies geben, also sei[if party:plural]d[/if] vorsichtig.","[@][if party:plural]В-вы[else]Т-ты[/if] ведь, случаем, не на кладбище?[WAIT@]Говорят, там зомби. Смотри[if party:plural]те[/if] не зевай[if party:plural]те[/if]...","[@]Т-ти ж чазом не на цвинтар прямуєш?[WAIT@]... Кажуть, там зомбі, тому дивися в оба.",[@]你-你该不会是要去墓地吧？[WAIT@]…我听说那里有丧尸出没，你可要小心啊。
DIALOGUE_PODUNK_DAVE_SPEAKER_Dave,Dave,Dave,Dave,デイブ,데이브,Dave,Dave,Dave,Dave,Dave,Дейв,Дейв,戴夫
DIALOGUE_PODUNK_DAVE_2_0,[@]You're terrific!,[@]Tu es prodigieux !,[@]Sei incredibile!,[@]おまえ　やるなぁ！,[@]해냈구나!,[@]¡Eres impresionante!,[@]¡Eres impresionante!,[@]Estupendo!,[@]Jesteś wspaniały!,[@]Du bist unglaublich!,[@]Ну ты даёшь!,[@]Ти неймовірен!,[@]你真了不起！
DIALOGUE_PODUNK_DAVE_2_1,[@]You're brave!,[@]Tu es courageux ¦,[@]Sei incredibile!,,,[@]¡Eres brava!,[@]¡Eres brava!,,,,,,
DIALOGUE_PODUNK_DAVE_2_SPEAKER_Dave,Dave,Dave,Dave,デイブ,데이브,Dave,Dave,Dave,Dave,Dave,Дейв,Дейв,戴夫
DIALOGUE_PODUNK_DAVID_0,[@]I've got a weird disease where my coins keep disappearing.[WAIT@]The doctor says I have to stay away from arcades.[WAIT@]Who would've known I've got Pac-Man Fever.,[@]J'ai attrapé une drôle de maladie qui fait disparaître les pièces de mon porte-monnaie.[WAIT@]Le médecin m'a dit que je devais me tenir éloigné des salles d'arcade.[WAIT@]Qui aurait cru que je choperais la frénésie Pac-Man ?,[@]Ho un brutto problema per cui le mie monete continuano a sparire.[WAIT@]Il dottore dice che devo stare lontano dalle sale giochi.[WAIT@]Chi l'avrebbe mai detto che mi sarei preso la Febbre da Pac-Man.,[@]こわい　はなし　きかせてやろうか？\nポッケの　なかの　こぜにが　つぎつぎと\nひとりでに　きえていくのさ・・・。[WAIT@]いしゃに　そうだん　したら\nドクターストップ　かけられた。\n「ゲームセンターには　もういくな！」って。[WAIT@]やめられないし　とまらないんだよな。\nパックマンてさ。,"[@]난 동전이 계속 사라지는 병에 걸렸어.[WAIT@]의사는 치료가 필요할 정도로 심각한 오락실\n중독증이라더군.[WAIT@]흥, 웃기는 소리, 약만 처방받고 팩맨이나 하러\n가야겠어.",[@]Tengo una extraña enfermedad en la que mis monedas siguen desapareciendo.[WAIT@]El médico me ha dicho que tengo que mantenerme alejado de las maquinitas.[WAIT@]¿Quién sabría que me daría la fiebre Pac-Man?,[@]Tengo una extraña enfermedad por la que mis monedas no dejan de desaparecer.[WAIT@]El médico me ha recomendado mantenerme alejado de los salones recreativos.[WAIT@]¿Quién me diría que iba a pillar la\nFiebre de Pac-Man?,[@]Eu tô com uma doença esquisita... minhas moedas ficam desaparecendo do meu bolso![WAIT@]O médico disse que eu preciso ficar longe de fliperamas.[WAIT@]Quem diria que eu estou tendo um caso de Febre do Pac-Man!,"[@]Mam dziwną chorobę, przez którą ciągle znikają mi drobne.[WAIT@]Lekarz powiedział, że muszę trzymać się z dala od salonów gier.[WAIT@]Kto by pomyślał, że mam Gorączkę Pac-Mana.","[@]Ich habe so eine komische Krankheit, wo meine Münzen verschwinden.[WAIT@]Der Arzt sagt, ich soll mich von Spielhallen fernhalten.[WAIT@]Wer hätte gedacht, dass ich Pac-Man-Fieber bekomme.","[@]У меня очень странная болезнь. Из моего кошелька периодически пропадают монеты.[WAIT@]Доктор мне говорит избегать аркадных залов.[WAIT@]Кто бы мог подумать, что это «пэкмания»...","[@]У мене дуже дивна хвороба: з мого гаманця регулярно зникають монети.[WAIT@]Лікар мені прописав уникати аркадних залів.[WAIT@]Хто б подумав, що у мене «Пак-манія»...",[@]我得了一种怪病，兜里的硬币总是不翼而飞。[WAIT@]医生说我得远离游戏厅。[WAIT@]谁能想到我得了“吃豆人热”呢。
DIALOGUE_PODUNK_DAVID_SPEAKER_David,David,David,David,デイビッド,데이브,David,David,Davi,David,David,Дэвид,Девід,大卫
DIALOGUE_PODUNK_DISGUISEDZOMBIE_0,[@]Haha...[WAIT@]Fool...[WAIT@]Foolish fool...[WAIT@]You foolishly got lured into a false sense of security by my disguise...,[@]Haha...[WAIT@]Misérable...[WAIT@]Misérable misérable...[WAIT@]Tu as misérablement été dupé par le faux sentiment de sécurité que t'inspirait mon déguisement...,[@]Haha...[WAIT@]Sciocco...[WAIT@]Grandissimo sciocco...[WAIT@]Il tuo sciocco senso di sicurezza è nato dal mio travestimento...,[@]フフフフフ・・・。[WAIT@]バカめ・・・。[WAIT@]まんまと　だまされたな・・・。[WAIT@]オレさまの　へんそうは　いちりゅうだぜ。,[@]하하...[WAIT@]멍청한 꼬마 녀석...[WAIT@]내 변장에 완벽히 속아 넘어가다니...[WAIT@]넌 지금 네 인생에서 가장 멍청한 짓을 저지른\n거야...,[@]Jaja...[WAIT@]Tonto...[WAIT@]Tonto tontísimo...[WAIT@]Te dejaste llevar tontamente por una falsa sensación de seguridad debido a mi disfraz...,"[@]Ja, ja...[WAIT@]Tonto...[WAIT@]Tonto, tontaina...[WAIT@]Has caído como un tonto en la falsa sensación de seguridad que da mi disfraz...","[@]Haha...[WAIT@]Tolo...[WAIT@]Tolo, tolíssimo...[WAIT@]Você foi tolamente atraído por uma falsa sensação de segurança pelo meu disfarce...",[@]Haha...[WAIT@]Głupcze...[WAIT@]Głupi głupcze...[WAIT@]Moje przebranie uśpiło twoją głupią czujność...,[@]Haha ...[WAIT@]Dummkopf ...[WAIT@]Dummer Dummkopf ...[WAIT@]Du hast dich dummerweise von meiner Tarnung in falsche Sicherheit gewogen.,[@]Ха-ха...[WAIT@]Дурачок...[WAIT@]Дурачище...[WAIT@]Я целиком и полностью одурачил тебя своей неприметной маскировкой...,[@]Ха-ха...[WAIT@]Дурень...[WAIT@]Дурило...[WAIT@]Я цілком та повністю обдурив тебе своїм непомітним маскуванням......,[@]哈哈…[WAIT@]傻瓜…[WAIT@]愚蠢的傻瓜…[WAIT@]你完全被我的伪装散发出的虚假安全感给骗到了…
DIALOGUE_PODUNK_DISGUISEDZOMBIE_4,"[@]Now... Prepare to become one of us, fool!","[@]Maintenant... prépare-toi à devenir l'un[LeadArt6] des nôtres, misérable !","[@]Adesso... preparati a diventare uno di noi, sciocco!",[@]おまえも　ゾンビに　なれ！,[@]이제 너도 우리처럼 만들어주지! 멍청한 꼬마 녀석!,"[@]Ahora... ¡Prepárate para convertirte en uno de nosotros, tonto!","[@]Ahora... ¡Prepárate para convertirte en uno de los nuestros, tontaina!","[@]Agora, prepare-se para se tornar um de nós, tolo!","[@]A teraz... Przygotuj się, by stać się jednym z nas, głupcze!","[@]Und jetzt ... Mach dich bereit, einer von uns zu werden, Dummkopf!",[@]А теперь... дурачишка... ты станешь одним из нас!,[@]А тепер... дурбецало... ти станеш одним із нас!,[@]现在…准备好成为我们的一员吧，傻瓜！
DIALOGUE_PODUNK_DISGUISEDZOMBIE_SPEAKER_???,???,???,???,？？？,???,???,???,???,???,???,???,???,？？？
DIALOGUE_PODUNK_DOLL_0,[@]It's not moving anymore.,[@]Elle ne bouge plus.,[@]Non si muove più.,[@]にんぎょうは　もう　うごかない。,[@]언제 그랬냐는 듯 움직이지 않는다.,[@]Ya no se está moviendo.,[@]Ya no se mueve.,[@]Não está mais se movendo.,[@]Już się nie rusza.,[@]Sie bewegt sich nicht mehr.,[@]Кукла больше не движется.,[@]Вона більше не рухається.,[@]它不再动了。
DIALOGUE_PODUNK_DOLLMELODY_0,[@]There's an old music box hidden inside the doll.[WAIT@][PartyLead] opened it.[WAIT@]A broken melody began to play.,[@]Une vieille boîte à musique est cachée à l'intérieur de la poupée.[WAIT@][PartyLead] ouvre la boîte à musique.[WAIT@]Une mélodie saccadée se fait entendre.,[@]C'è un vecchio carillon dentro la bambola.[WAIT@][PartyLead] lo apre.[WAIT@]Si sente musica a tratti.,[@]にんぎょうの　なかには\nふるい　オルゴールが　かくされていた。[WAIT@][PartyLead]はオルゴールを　あけた。[WAIT@]とぎれとぎれに　メロディーが　ながれた。,[@]음? 인형 안에 오래된 오르골이 숨겨져 있었다.[WAIT@][PartyLead][particle:PartyLead:0] 오르골을 돌렸다.[WAIT@]일부가 잘린 멜로디가 흘러나오기 시작했다.,[@]Hay una vieja caja musical escondida dentro de la muñeca.[WAIT@][PartyLead] la abrió.[WAIT@]Una melodía rota comenzó a sonar.,[@]Hay una vieja caja de música escondida dentro de\nla muñeca.[WAIT@][PartyLead] la ha abierto.[WAIT@]Una canción ha empezado a sonar.,[@]Tem uma caixa de música antiga dentro da boneca.[WAIT@][PartyLead] a abriu.[WAIT@]Uma melodia arranhada começou a tocar...,[@]Wewnątrz lalki ukryta jest stara pozytywka.[WAIT@][PartyLead] otworzył ją.[WAIT@]Zaczęła grać urywana melodia.,[@]In der Puppe ist eine alte Spieluhr versteckt.[WAIT@][PartyLead] öffnete sie.[WAIT@]Eine rudimentäre Melodie begann zu spielen.,[@]Внутри куклы спрятана старая музыкальная шкатулка.[WAIT@][PartyLead] открыл её.[WAIT@]Прозвучала коротенькая мелодия.,[@]Усередині ляльки захована стара музична шкатулка.[WAIT@][PartyLead] відчинив її.[WAIT@]Прозвучала зламана мелодія.,[@]洋娃娃里面藏着一个老旧的八音盒。[WAIT@][PartyLead]打开了它。[WAIT@]一段破碎的旋律流淌而出。
DIALOGUE_PODUNK_DOLLMELODY_4,[@][PartyLead] remembered the tune.,[@][PartyLead] apprend la mélodie.,[@][PartyLead] impara la melodia.,[@][PartyLead]は　メロディーを　おぼえた。,[@][PartyLead][particle:PartyLead:0] 멜로디를 기억했다.,[@][PartyLead] recordó la melodía.,[@][PartyLead] ha aprendido la melodía.,[@][PartyLead] lembrou-se da melodia.,[@][PartyLead] zapamiętał melodię.,[@][PartyLead] merkte sich das Lied.,[@][PartyLead] запомнил мелодию.,[@][PartyLead] запам'ятав мелодію.,[@][PartyLead]记住了这段旋律。
DIALOGUE_PODUNK_ELEPHANT_0,[@]Toooot.,[@]Broaaaa.,[@]Toooot.,[@]パオーン！,[@]뿌우우우.,[@]Bruaaaaa.,[@]Bruaaaa.,[@]FUÓÓÓ!,[@]Truuuu.,[@]Törööö.,[@]Тр-р-ру.,[@]Тр-р-ру.,[@]噗昂！
DIALOGUE_PODUNK_ELEPHANT_SPEAKER_John,John,John,John,ジョン,존,John,John,João,John,Benjamin,Джон,Джон,约翰
DIALOGUE_PODUNK_ELEPHANT_THOUGHTS_0,[@](I'm not the elephant I was a few minutes ago.),[@](Je ne suis plus l'éléphant que j'étais il y a quelques minutes.),[@](Non sono l'elefante che ero qualche minuto fa.),[@]（めが　さめたみたいだゾウ）,[@](몇 분 전의 그 난폭했던 나는 잊어줘.),[@](No soy el mismo elefante que era hace unos minutos.),[@](No soy el mismo elefante que era hace unos minutos.),[@](Eu não sou mais o elefante que eu era antes.),"[@](Nie jestem już tym słoniem, którym byłem kilka minut temu.)","[@](Ich bin nicht mehr der Elefant, der ich vor ein paar Minuten war.)","[@](Я больше не тот слон, коим был несколько минут назад.)","[@](Я більше не той слон, яким був кілька хвилин тому.)",[@]（我已经不是几分钟前的那头大象了。）
DIALOGUE_PODUNK_ELEPHANT_THOUGHTS_SPEAKER_John,John,John,John,ジョン,존,John,John,João,John,Benjamin,Джон,Джон,约翰
DIALOGUE_PODUNK_EMMA_0,"[@]One of my friends got into a fight with a stray dog and fell unconscious.[WAIT@]Thankfully, the hospital was able to revive her in an instant!","[@]Une de mes amies s'est évanouie en affrontant un chien errant.[WAIT@]Heureusement, les médecins de l'hôpital ont réussi à la ramener à la vie en un instant !","[@]Una mia amica si è azzuffata con un cane randagio e ha perso i sensi.[WAIT@]Per fortuna, l'ospedale l'ha rianimata subito!",[@]ともだちが　のらイヌに　がぶりんちょ！　って\nされちゃって　おおけが　しちゃったんだよ。[WAIT@]ちかくに　びょういんが　あって　よかったぁ。[WAITBR]１２はりも　ぬったって　いってたよ・・・。,[@]내 친구 중 한 명은 유기견이랑 싸우다 의식을\n잃었어.[WAIT@]병원이 죽은 사람도 살려낼 정도로 실력이 뛰어나서\n다행이지만.,[@]Una de mis amigas se peleó con un perro callejero y cayó inconsciente.[WAIT@]¡Afortunadamente el hospital pudo revivirla en un instante!,"[@]Una de mis amigas se peleó con un perro callejero y acabó inconsciente.[WAIT@]¡Por suerte, en el hospital la reanimaron en un santiamén!","[@]Uma das minhas amigas entrou numa briga com um cachorro de rua e ficou inconsciente.[WAIT@]Por sorte, o hospital foi capaz de reanimá-la num instante!",[@]Jedna z moich przyjaciółek wdała się w bójkę z bezpańskim psem i straciła przytomność.[WAIT@]Na szczęście w szpitalu udało się ją błyskawicznie reanimować!,[@]Eine Freundin von mir hat sich mit einem Streuner angelegt und wurde bewusstlos.[WAIT@]Zum Glück konnte das Krankenhaus sie sofort wiederbeleben!,"[@]Моя подруга пыталась отбиться от бродячего пса и потеряла сознание.[WAIT@]Благо, в больнице её сразу же привели в чувство!","[@]Один з моїх друзів побився з бродячим собакою і знепритомнів.[WAIT@]Благо, в лікарні його швидко привели до тями!",[@]我的朋友和一只流浪狗打了一架，结果她被“嘎噗”一口咬成重伤然后昏了过去。[WAIT@]不过幸好医院一下子就让她苏醒过来了！
DIALOGUE_PODUNK_EMMA_SPEAKER_Emma,Emma,Emma,Emma,エマ,엠마,Emma,Emma,Emma,Emma,Emma,Эмма,Емма,艾玛
DIALOGUE_PODUNK_FREDERICK_0,[@]The dead have come back to life down at the cemetery.[WAIT@]I think I'll take this opportunity to see my former wife again.[WAIT@]My current one just won't stop nagging me.,[@]Les morts du cimetière sont revenus à la vie.[WAIT@]Je crois que je vais profiter de cette occasion pour revoir mon ancienne femme.[WAIT@]Mon épouse actuelle n'arrête pas de me faire des réflexions désagréables.,[@]Nel cimitero i morti sono tornati in vita.[WAIT@]Ne approfitterò per rivedere la mia ex-moglie.[WAIT@]Quella attuale non mi lascia in pace.,[@]ぼちで　ししゃたちが　つぎつぎと\nよみがえって　きている　らしいな。[WAIT@]いまのつまは　くちうるさくて　かなわんでな。\nあれをやれ　これをやれと　うんざりだよ。[WAIT@]なくなって　ゾンビになった　まえのつまと\nさいこんするのも　いいかもしれんな。[WAIT@]・・・・・・じょうだんだよ。,[@]죽은 사람들이 무덤에서 다시 살아나고 있다네.[WAIT@]이번 기회에 집사람을 다시 볼 수 있을지도\n모르겠지.[WAIT@]이젠... 그 잔소리조차도 그리워지는군.,[@]Los muertos del cementerio han vuelto a la vida.[WAIT@]Creo que aprovecharé esta oportunidad para volver a ver a mi ex esposa.[WAIT@]Mi actual esposa simplemente no deja de molestarme.,[@]Los muertos en el cementerio han vuelto a la vida.[WAIT@]Creo que aprovecharé para volver a ver a mi\nantigua esposa.[WAIT@]La que tengo ahora no para de darme la lata.,[@]Os mortos voltaram à vida no cemitério.[WAIT@]Acho que vou aproveitar essa oportunidade para ver a minha ex-esposa de novo.[WAIT@]A minha atual não para de pegar no meu pé.,"[@]Na cmentarzu zmarli powrócili do życia.[WAIT@]Myślę, że skorzystam z okazji, aby ponownie zobaczyć się z moją byłą żoną.[WAIT@]Moja obecna nie przestaje marudzić.","[@]Unten am Friedhof sind die Toten wieder zum Leben erweckt.[WAIT@]Ich denke, ich nutze die Gelegenheit, um meine frühere Gattin wiederzusehen.[WAIT@]Meine jetzige hört nicht auf zu nerven.",[@]Мертвецы на кладбище восстали из могил.[WAIT@]Я теперь подумываю навестить свою бывшую жену.[WAIT@]А то нынешняя меня уже совсем изводит.,[@]Мерці на цвинтарі повстали з могил.[WAIT@]Я ось думаю відвідати свою колишню дружину.[WAIT@]Нинішня мене допікає до живих печінок.,[@]墓地那边的死尸复活了。[WAIT@]我想趁这个机会去看看我前妻。[WAIT@]我现在的妻子总是在我耳边唠叨个不停。
DIALOGUE_PODUNK_FREDERICK_SPEAKER_Frederick,Frederick,Frederick,Frederick,フレデリック,프리드리히,Frederick,Frederick,Frederick,Frederick,Frederick,Фредерик,Фредерік,弗雷德里克
DIALOGUE_PODUNK_GATE_MONKEY_0,"[@]EEE, EE EEK, EEK EEK!","[@]OUH OUH, OUK HI, OUK HI !","[@]EEE, EE EEK, EEK EEK!",[@]キャッキャッキャッ,"[@]우끼, 우끼끽, 우끼 우끼!","[@]¡EEE, EE EEK, EEK EEK!","[@]¡III, II IIK, IIK IIK!",[@]U-U-UUU! AH!,[@]U UU AAA AAA!,[@]UUH-UH AH-AAH!,"[@]У, у, у!  У, у!","[@]У, у, у! У, у!",[@]咿——！咿咿！咿咿咿！
DIALOGUE_PODUNK_GATE_MONKEY_1,"[@](Look, pal! Your momma's over there!)","[@](Hé poto, regarde ! Y'a ta maman là-bas !)",[@](Ehi amico! Lì c'è tua mamma!),（おまえの　かあさん　でべそ！\nおい　マヌケ！　あれはなんだ！？）,[@](저기 봐봐! 저기 네 엄마가!),"[@](¡Hey, mira! ¡Tu mamá está allí!)","[@](¡Eh, mira! ¡Ahí está tu mamá!)","[@](Olha lá, parceiro! A sua mãe tá ali!)","[@](Patrz, koleżko! Twoja mamusia tu przyszła!)","[@](Schau mal, Kollege! Deine Mutter steht da drüben!)","[@](Глянь, приятель! Там твоя мамуля!)","[@](Диви, друже! Там твоя мамуля!)",[@]（快看，伙计！你妈妈在那边！）
DIALOGUE_PODUNK_GATE_MONKEY_6,[@]The monkey stole the Zoo Key!,[@]Le singe vous a volé la Clé du zoo !,[@]La scimmia ha rubato la Chiave dello zoo!,[@]サルは　どうぶつえんの　カギを　ぬすんだ。,[@]원숭이가 동물원 열쇠를 훔쳐 갔다!,[@]¡El mono robó la Llave del zoo!,[@]¡El mono te ha robado la Llave del zoo!,[@]O macaco roubou a Chave do Zoológico!,[@]Małpa ukradła Klucz do Zoo!,[@]Der Affe stahl den Zooschlüssel.,[@]Обезьянка украла ключ от зоопарка!,[@]Мавпочка вкрала ключ від зоопарку!,[@]小猴子偷走了动物园钥匙！
DIALOGUE_PODUNK_GATE_MONKEY_SPEAKER_Monkey,Monkey,Singe,Scimmia,サル,원숭이,Mono,Mono,Macaco,Małpa,Affe,Обезьянка,Мавпочка,小猴子
DIALOGUE_PODUNK_GORILLA_0,"[@]Oook ooh, ook.",[@]Ouuh ouh ouh ah ah.,"[@]Oook ooh, ook.",[@]ウホウホ　ウホ。,"[@]우우우, 우우.","[@]Ouuk ouh, ouh ah ah.","[@]Uh uh, ah ah.","[@]Uh, uh, uuh.",[@]Uuuh uh uk.,"[@]Uuuhk-uhh, uuk.","[@]У, у.  У, у...","[@]У, у. У, у...",[@]呜咳——呜——咳。
DIALOGUE_PODUNK_GORILLA_SPEAKER_Gorilla,Gorilla,Gorille,Gorilla,ゴリラ,고릴라,Gorila,Gorila,Gorila,Goryl,Gorilla,Горилла,Горила,大猩猩
DIALOGUE_PODUNK_GORILLA_THOUGHTS_1_0,"[@](I don't know what came over me, I am currently working to better myself.)",[@](Je sais pas ce qui m'a pris. Je travaille actuellement à devenir une meilleure version de moi-même.),"[@](Non so cosa mi è successo, mi sto impegnando per migliorarmi.)",[@]（さっきは　すまないな。\nどうやら　われを　わすれていた　みたいだ）,"[@](방금은 미안했어, 잠시 정신이 나가 있었나 봐.)","[@](No sé qué me pasó, actualmente estoy trabajando para mejorarme.)","[@](No sé qué me ha ocurrido, pero de ahora en adelante intentaré mejorar mis modales.)","[@](Não sei o que deu em mim. De agora em diante, tentarei melhorar as minhas maneiras.)","[@](Nie wiem, co we mnie wstąpiło, ale staram się pracować nad sobą.)","[@](Ich weiß nicht, was über mich gekommen ist, aber ich arbeite daran, mich zu bessern.)","[@](Не знаю, что на меня нашло. Я работаю над собой.)","[@](Не знаю, що на мене найшло. Я попрацюю над собою.)",[@]（我不知道自己刚才是怎么了，我在努力改进自己。）
DIALOGUE_PODUNK_GORILLA_THOUGHTS_1_SPEAKER_Gorilla,Gorilla,Gorille,Gorilla,ゴリラ,고릴라,Gorila,Gorila,Gorila,Goryl,Gorilla,Горилла,Горила,大猩猩
DIALOGUE_PODUNK_GORILLA_THOUGHTS_2_0,"[@](Sigh, I think I'll need some time to think about my actions.)","[@](Pfiou, je crois que j'ai besoin d'un peu de temps pour réfléchir aux conséquences de mes actes.)","[@](Sigh, devo prendermi del tempo per pensare alle mie azioni.)",[@]（なんか　おれ　いろいろ　やらかした？[WAIT@]はぁ・・・　はんせいして\nしばらくは　おとなしく　しているよ）,"[@](후우, 내 과오를 다시 한번 돌아볼 필요가 있겠어.)","[@](En fin, creo que necesitaré algo de tiempo para pensar en mis acciones.)",[@](Creo que necesitaré algo de tiempo para pensar sobre mis acciones.),"[@](Ufa, acho que vou precisar de um tempo para pensar no que eu fiz.)","[@](Ech... myślę, że potrzebuję chwili, by pomyśleć nad swoim postępowaniem.)","[@](Seufz. Ich glaube, ich brauche Zeit, um über meine Taten nachzudenken.)",[@](Мне нужно обдумать свои поступки...),[@](Ех... Мені потрібно обміркувати свої вчинки.),[@]（唉，我想我需要花点时间反思一下自己的行为。）
DIALOGUE_PODUNK_GORILLA_THOUGHTS_2_SPEAKER_Gorilla,Gorilla,Gorille,Gorilla,ゴリラ,고릴라,Gorila,Gorila,Gorila,Goryl,Gorilla,Горилла,Горила,大猩猩
DIALOGUE_PODUNK_GUARD_NORTH_AFTER_0,"[@]The curfew has been lifted.[WAIT@]I can't see why travel was ever restricted, though...[WAIT@]I heard that you can communicate with Telepathy.[WAIT@]Have you heard of all the people talking about you?[WAIT@]Oh right, you probably don't even need to “listen” to them!","[@]Ils ont enfin levé le couvre-feu.[WAIT@]Ils ont réagi de façon un peu trop excessive, si tu veux mon avis...[WAIT@]Dis... Il paraît que tu sais utiliser la télépathie ou je ne sais quoi, non ?[WAIT@]Tu as entendu que tout le monde parlait de toi ?[WAIT@]Ah oui, bien sûr, tu n'as probablement même pas besoin de les « écouter » !","[@]Non c'è più il coprifuoco.[WAIT@]Non capisco perché era vietato viaggiare, però...[WAIT@]Ho saputo che si può comunicare con la Telepatia.[WAIT@]Hai sentito tutte le persone che parlano di te?[WAIT@]Ah, giusto, probabilmente non devi neanche “sentirle”!",[@]かいげんれいは　とかれた。[WAIT@]ちょっと　おおげさだったけどな。[WAIT@]ところで・・・\nおまえ　テレパシーとかが\nできるんだってな。[WAIT@]だいひょうばんだぞ。[WAIT@]この　にんきもの！,"[@]이제 통행이 가능하다는 명을 받았어.[WAIT@]왜 통행 제한이 걸렸었는지는 모르겠지만...[WAIT@]그건 그렇고, 너 텔레파시 같은 걸 쓸 수 있다던데,[WAIT@]그럼 지금 내가 생각하는 것도 들을 수 있겠네?[WAIT@]아, 따지자면 “듣는” 건 아니지. 하하!","[@]Se ha levantado el toque de queda.[WAIT@]Aunque no entiendo por qué se restringieron los viajes...[WAIT@]Escuché que puedes comunicarte con Telepatía.[WAIT@]¿Has oído a todas las personas que hablan de ti?[WAIT@]Oh, cierto, ¡probablemente ni siquiera necesitas “escucharlos”!","[@]Se ha levantado el toque de queda.[WAIT@]Aunque no entiendo por qué se restringieron los viajes, en primer lugar...[WAIT@]He escuchado que puedes comunicarte por Telepatía.[WAIT@]¿Has oído a toda la gente que habla de ti?[WAIT@]Ah, claro, ¡seguramente ni siquiera necesites «escucharlos»!","[@]O toque de recolher foi suspenso.[WAIT@]Eu só não sei por que as viagens tinham sido restritas...[WAIT@]Ouvi dizer que você sabe usar Telepatia.[WAIT@]Você ouviu falar que todo mundo está comentando sobre você?[WAIT@]Ah, é mesmo, você provavelmente nem precisa “ouvir” falar, né?","[@]Godzina policyjna została zniesiona.[WAIT@]Nie widzę jednak powodu, dla którego podróżowanie było zabronione...[WAIT@]Słyszałem, że potrafisz komunikować się za pomocą telepatii.[WAIT@]Krążą plotki na twój temat – słyszałeś tych wszystkich ludzi?[WAIT@]No tak, pewnie nawet nie musisz ich „słuchać”!","[@]Die Ausgangssperre wurde aufgehoben.[WAIT@]Auch wenn ich nicht verstehe, warum das Reisen überhaupt eingeschränkt wurde ...[WAIT@]Ich habe gehört, dass du mit Telepathie kommunizieren kannst.[WAIT@]Hast du die Gespräche über dich mitbekommen?[WAIT@]Ach stimmt, du musst wahrscheinlich nicht mal „zuhören“!","[@]Комендантский час отменён.[WAIT@]Хотя я не понимаю, зачем вообще было нужно ограничивать движение...[WAIT@]Я тут слышал, что ты можешь общаться с помощью телепатии.[WAIT@]Все о тебе только и говорят, ты знал?[WAIT@]А, ну да. Тебе ж даже прислушиваться не надо!","[@]Комендантську годину скасовано.[WAIT@]Не розумію, навіщо взагалі було треба обмежувати рух...[WAIT@]Я тут чув, що ти можеш спілкуватися телепатією.[WAIT@]Всі лише про тебе і розмовляють, ти знав?[WAIT@]А, точно. Тобі ж навіть прислуховуватись не треба!",[@]宵禁已经解除了。[WAIT@]不过，我真搞不懂当初为什么要限制出行…[WAIT@]我听说你会用心灵感应来交流。[WAIT@]你有没有听到大家都在谈论你呢？[WAIT@]好吧，这种事情你不需要“听”也知道吧！
DIALOGUE_PODUNK_GUARD_NORTH_AFTER_SPEAKER_Guard,Guard,Garde,Guardia,けいびいん,가드,Guardia,Guardia,Guarda,Strażnik,Wache,Патрульный,Патрульний,警卫
DIALOGUE_PODUNK_GUARD_NORTH_STOP_0,"[@]The mayor says no passing until the commotion at the zoo is over.[WAIT@]A bit extreme, I know, but those are the orders. Sorry.[WAIT@]The mayor's the only one with the zoo keys as far as I know.","[@]Par ordre du maire, l'accès est interdit jusqu'à ce que l'incident au zoo ne soit réglé.[WAIT@]C'est un peu excessif, je sais, mais ce sont les ordres. Désolé.[WAIT@]Pour autant que je sache, le maire est le seul qui possède les clés du zoo.","[@]Il sindaco dice che non si passa finché ci sono problemi allo zoo.[WAIT@]Un po' esagerato, lo so, ma gli ordini sono ordini. Mi spiace.[WAIT@]Che io sappia, il sindaco è l'unico con le chiavi dello zoo.",[@]かいげんれいが　とかれるまで\nこのはしをとおすなと\nちょうちょうさんから　めいれいされているのだ。[WAIT@]ちょっと　ロコツな　やりかただけどな。[WAIT@]どうぶつえんの　じたいが　おさまるまでは\nかいげんれいも　とかれないと　おもうぞ。,"[@]시장님께서 동물원에서 일어난 소동이 끝날 때까지\n통행을 금지하라는 명을 받았어.[WAIT@]고작 동물들이 탈출한 걸로 굳이 막을 필요가 있을까\n싶긴 한데.... 미안, 명령이라서.[WAIT@]내가 아는 한, 동물원 열쇠를 가진 건 시장님이\n유일할 거야.","[@]El alcalde puso la orden de no pasar hasta que la conmoción en el zoológico haya cesado.[WAIT@]Un poco extremo, lo sé, pero esas son las órdenes. Lo siento.[WAIT@]El alcalde es el único que tiene las llaves del zoológico, hasta donde yo sé.","[@]Por órdenes del alcalde, se prohíbe el acceso hasta que se solucione el incidente del zoo.[WAIT@]Es un poco extremo, lo sé, pero esas son las órdenes. Lo siento.[WAIT@]Hasta donde yo sé, solo él tiene las llaves del zoo.","[@]O prefeito ordenou que ninguém saia até que a situação do zoológico esteja resolvida.[WAIT@]É um pouco extremo, na minha opinião, mas ordens são ordens. Foi mal.[WAIT@]Pelo que eu sei, o prefeito é o único que tem as chaves do zoológico.","[@]Burmistrz mówi, żeby nikogo nie przepuszczać, dopóki nie skończy się zamieszanie w zoo.[WAIT@]Trochę przesadza, wiem, ale takie mam rozkazy. Przepraszam.[WAIT@]Z tego co wiem, tylko burmistrz ma klucze do zoo.","[@]Der Bürgermeister sagt, dass es kein Durchkommen gibt, bis der Aufruhr im Zoo vorbei ist.[WAIT@]Ein bisschen extrem, aber Befehl ist Befehl. Sorry.[WAIT@]Der Bürgermeister ist der einzige mit Zooschlüsseln, soweit ich weiß.","[@]Мэр приказал никого не пропускать, пока ситуация с зоопарком не будет решена.[WAIT@]Да, это уже чересчур, но увы — приказ есть приказ.[WAIT@]Насколько мне известно, мэр — единственный, у кого есть ключи от зоопарка.","[@]Мер наказав нікого не пропускати, поки ситуація із зоопарком не буде вирішена.[WAIT@]Так, це вже надто, але наказ є наказ.[WAIT@]Наскільки мені відомо, мер — єдиний, у кого є ключі від зоопарку.",[@]镇长说在动物园的骚乱平息之前不准通行。[WAIT@]我知道这有点极端，但这是上面的命令，抱歉。[WAIT@]据我所知，只有镇长手里有动物园的钥匙。
DIALOGUE_PODUNK_GUARD_NORTH_STOP_SPEAKER_Guard,Guard,Garde,Guardia,けいびいん,가드,Guardia,Guardia,Guarda,Strażnik,Wache,Патрульный,Патрульний,警卫
DIALOGUE_PODUNK_GUARD_SOUTH_STOP_0,"[@]The mayor says no passing until the curfew is lifted.[WAIT@]A bit extreme, I know, but those are the orders. Sorry.[WAIT@]By the way, they might let you cross the bridge northeast of the Zoo.","[@]Par ordre du maire, l'accès est interdit jusqu'à ce que le couvre-feu ne soit levé.[WAIT@]C'est un peu excessif, je sais, mais ce sont les ordres. Désolé.[WAIT@]Au fait, peut-être qu'ils te laisseront traverser le pont au nord-est du zoo.","[@]Il sindaco dice che non si passa finché c'è il coprifuoco.[WAIT@]Un po' esagerato, lo so, ma gli ordini sono ordini. Mi spiace.[WAIT@]Potrebbero farti passare dal ponte a nordest dello zoo, però.",[@]かいげんれいが　とかれるまで\nこのはしをとおすなと\nちょうちょうさんから　めいれいされているのだ。[WAIT@]ちょっと　ロコツな　やりかただけどな。[WAIT@]どうぶつえんの　ひがしの\nはしを　とおりなさい。,"[@]시장님께서 통행 금지령이 해제될 때까지 통행을\n금하라 하셨습니다.[WAIT@]그냥 지나가게 해줄 수도 있지만, 죄송합니다.\n명령이라서요.[WAIT@]그건 그렇고, 동물원 북동쪽에 있는 다리는 건널 수\n있습니다.","[@]El alcalde ordenó no pasar hasta que se levante el toque de queda.[WAIT@]Un poco extremo, lo sé, pero esas son las órdenes. Lo siento.[WAIT@]Por cierto, es posible que te dejen cruzar el puente al noreste del zoológico.","[@]Por órdenes del alcalde, se prohíbe el acceso hasta que se solucione el incidente del zoo.[WAIT@]Es un poco extremo, lo sé, pero esas son las órdenes. Lo siento.[WAIT@]Por cierto, puede que te dejen cruzar el puente al noreste del zoo.","[@]O prefeito ordenou que ninguém saia até que bloqueio seja suspenso.[WAIT@]É um pouco extremo, na minha opinião, mas ordens são ordens. Foi mal.[WAIT@]Por sinal, talvez deixem você cruzar a ponte a nordeste do zoológico.","[@]Burmistrz zakazał wstępu do czasu zniesienia godziny policyjnej.[WAIT@]Przesadzone, wiem, ale takie są rozkazy. Przepraszam.[WAIT@]Ale może pozwolą [if party:plural]wam[else]ci[/if] przejść przez most na północny wschód od zoo.","[@]Der Bürgermeister sagt, dass es kein Durchkommen gibt, bis der Aufruhr im Zoo vorbei ist.[WAIT@]Ein bisschen extrem, aber Befehl ist Befehl. Sorry.[WAIT@]Übrigens, ich glaube, man lässt [if party:plural]euch[else]dich[/if] über die nordöstliche Brücke beim Zoo rüber.","[@]Пока действует комендантский час, мэр приказал никого не пропускать.[WAIT@]Да, это уже чересчур, но увы — приказ есть приказ.[WAIT@]К слову: возможно, [if party:plural]вам[else]тебе[/if] позволят пересечь мост к северо-востоку от зоопарка.","[@]Поки діє комендантська година, мер наказав нікого не пропускати.[WAIT@]Так, це вже надто, але наказ є наказ.[WAIT@]До речі: можливо, [if party:plural]вам[else]тобі[/if] дозволять перетнути міст на північний схід від зоопарку.",[@]镇长说在动物园的骚乱平息之前不准通行。[WAIT@]我知道这有点极端，但这是上面的命令，抱歉。[WAIT@]顺便说一下，他们可能会让你从动物园东北边的那座桥过去。
DIALOGUE_PODUNK_GUARD_SOUTH_STOP_SPEAKER_Guard,Guard,Garde,Guardia,けいびいん,가드,Guardia,Guardia,Guarda,Strażnik,Wache,Патрульный,Патрульний,警卫
DIALOGUE_PODUNK_HYENA_0,[@]Hmph.,[@]Hmpf.,[@]Hmph.,[@]ふん。,[@]끄애애애애앩.,[@]Hmph.,[@]Mmph.,[@]Humpf.,[@]Hmf.,[@]Hmph.,[@]Фр-р.,[@]Фр-р.,[@]哼呜。
DIALOGUE_PODUNK_HYENA_SPEAKER_Hyena,Hyena,Hyène,Iena,ハイエナ,하이에나,Hiena,Hiena,Hiena,Hiena,Hyäne,Гиена,Гієна,鬣狗
DIALOGUE_PODUNK_HYENA_THOUGHTS_1_0,[@](Let us move on and forget this happened.),[@](Passons à autre chose et oublions que tout ceci est arrivé.),[@](Dimentichiamoci di quello che è successo.),[@]（オイラのしたことは\nなかったことに　してくれよ。\nエヘヘ・・・）,[@](이번 일은 그냥 다 같이 잊어버리자.),[@](Sigamos adelante y olvidemos que esto pasó.),[@](Sigamos adelante y olvidemos lo sucedido.),"[@](Vamos seguir em frente e esquecer que tudo isso aconteceu, tá bom?)","[@](Lepiej zapomnijmy o tym, co się właśnie stało.)","[@](Machen wir weiter und vergessen einfach, was passiert ist.)",[@](Давай забудем о произошедшем и будем жить дальше.),"[@](Давай забудемо про те, що сталося, і підемо у своїх справах.)",[@]（让我们继续往前吧，就当这事没发生过，诶嘿嘿。）
DIALOGUE_PODUNK_HYENA_THOUGHTS_1_SPEAKER_Hyena,Hyena,Hyène,Iena,ハイエナ,하이에나,Hiena,Hiena,Hiena,Hiena,Hyäne,Гиена,Гієна,鬣狗
DIALOGUE_PODUNK_HYENA_THOUGHTS_2_0,"[@](I don't know what to say, it was all in the heat of the moment.)","[@](Je ne sais pas quoi dire, c'était dans le feu de l'action.)","[@](Non so che dire, è stato tutto nella foga del momento.)",[@]（オイラ　なにしてたんだ・・・？）,[@](그땐 형용할 수 없는 분노가 솟구쳤어.),"[@](No sé qué decir, todo fue el calor del momento.)","[@](No sé qué decir, fue la tensión del momento.)","[@](Eu não sei o que falar, eu só segui a onda.)","[@](Nie wiem co powiedzieć, działałam pod wpływem emocji.)","[@](Ich weiß nicht, was ich sagen soll. Es war alles so im Eifer des Gefechts.)","[@](Даже не знаю, что сказать. Всё это было\nв порыве гнева.)","[@](Навіть не знаю, що казати. Все це було в пориві люті.)",[@]（我不知道该说什么，当时只是一时冲动。）
DIALOGUE_PODUNK_HYENA_THOUGHTS_2_SPEAKER_Hyena,Hyena,Hyène,Iena,ハイエナ,하이에나,Hiena,Hiena,Hiena,Hiena,Hyäne,Гиена,Гієна,鬣狗
DIALOGUE_PODUNK_IAN_0,"[@]I heard the zoo was locked because the animals went all crazy. That's nuts.[WAIT@]Also, this is off topic, but all these rumors aren't hints.[WAIT@]We're just really nosy. Hehe.","[@]Il paraît que le zoo a été fermé à clé parce que les animaux sont devenus fous. C'est dingue, cette histoire.[WAIT@]Sinon, rien à voir, mais toutes ces rumeurs ne sont pas du tout des indices.[WAIT@]C'est juste qu'on est tous très curieux. Héhé.","[@]Ho saputo che lo zoo è stato chiuso perché gli animali sono impazziti. Che follia.[WAIT@]Ah giusto, non c'entra niente, ma tutte queste voci non sono consigli.[WAIT@]Siamo tutti dei ficcanaso. Hehe.",[@]どうぶつえんの　じけんといい\nはかばの　ゾンビといい\nこりゃ　てんやわんやだな！[WAIT@]そいやさ　ぜんいんがぜんいん\nはなしてることが　ヒントってわけじゃないから\nあんまり　うのみにしなくても　いいとおもうよ。[WAIT@]おせっかいだけどね。,"[@]동물들이 난리 쳐서 동물원 문을 잠갔다고 하는데,\n그럴 리가![WAIT@]분명 배후가... 아, 방금 한 말은 그냥 생각 없이 한\n말이니까, 깊이 생각하지 마.[WAIT@]너무 피곤하게 사는건가... 헤헤.","[@]Escuché que el zoológico estaba cerrado porque los animales se volvieron locos. Es una locura.[WAIT@]Además, esto es otro tema, pero todos estos rumores no son pistas.[WAIT@]Sólo somos realmente chismosos. Je, je.","[@]He oído que cerraron el zoo porque todos los animales se han vuelto locos. Para locos, esta situación.[WAIT@]Además, me voy a salir del tema, pero todos estos rumores no son pistas.[WAIT@]Es que somos muy cotillas. Je, je.","[@]Ouvi dizer que o zoológico foi trancado porque os animais enlouqueceram. Que doideira![WAIT@]Por sinal, mudando de assunto, todos esses rumores não são dicas.[WAIT@]A gente só é fofoqueiro mesmo. Hehe...","[@]Słyszałem, że zoo zostało zamknięte, bo zwierzęta oszalały. Porąbane.[WAIT@]Trochę nie na temat, ale te wszystkie plotki to nie podpowiedzi.[WAIT@]Jesteśmy po prostu bardzo wścibscy. Hehe.","[@]Ich habe gehört, dass der Zoo geschlossen wurde, weil die Tiere verrückt wurden. Das ist Wahnsinn.[WAIT@]Oh, ganz nebenbei, die ganzen Gerüchte sind keine Hinweise.[WAIT@]Wir sind einfach nur sehr mausig. Hehe.","[@]Я слышал, в зоопарке щас все звери с ума посходили. Свихнуться можно.[WAIT@]Кстати, чутка не в тему, но все эти слухи — это не подсказки.[WAIT@]Мы просто любим сплетничать, хи-хи.","[@]Я чув, що зоопарк зачинили, тому що всі звіри збожеволіли. Очманіти.[WAIT@]Ах так, трохи не до теми, але всі ці плітки - зовсім не підказки.[WAIT@]Ми просто дуже допитливі, хі-хі.",[@]我听说动物园里的动物都发了狂，所以才被锁起来了，真是离谱。[WAIT@]另外，虽然有点跑题，但这些传闻都不是什么暗示哦。[WAIT@]我们就是比较爱管闲事而已，嘿嘿。
DIALOGUE_PODUNK_IAN_SPEAKER_Ian,Ian,Ian,Ian,イアン,이안,Ian,Ian,Ian,Ian,Ian,Иан,Іан,伊恩
DIALOGUE_PODUNK_IGGY_FORGET_0,[@]Have you forgotten my instructions already?,[@]Tu as déjà oublié mes instructions ?,[@]Hai già dimenticato le mie istruzioni?,[@]どしたん？　やりかた　わすれたんか？,[@]어떻게 휘두르는지 모르겠나?,[@]¿Ya has olvidado mis instrucciones?,[@]¿Ya has olvidado mis instrucciones?,[@]Você já se esqueceu do que eu te falei?,[@]Zapomniałeś już o moich instrukcjach?,[@]Hast du meine Anweisungen schon vergessen?,"[@]Ты уже всё забыл, что ли?","[@]Ти що, вже все забув?",[@]怎么了？把方法给忘了吗？
DIALOGUE_PODUNK_IGGY_FORGET_0-OPT_0,Yes,Oui,Sì,はい,네,Sí,Sí,Sim,Tak,Ja,Да,Так,是
DIALOGUE_PODUNK_IGGY_FORGET_0-OPT_1,No,Non,No,いいえ,아니오,No,No,Não,Nie,Nein,Нет,Ні,否
DIALOGUE_PODUNK_IGGY_FORGET_1,"[@]Hurry up, then!",[@]Alors dépêche-toi !,"[@]Sbrigati, allora!",[@]しゃあないなぁ　みみ　かっぽじって\nもっかい　よくきくんやで？,[@]답답하긴!,"[@]¡Apresúrate, entonces!",[@]¡Pues date prisa!,[@]Então vai logo!,[@]No to się pośpiesz!,[@]Dann beeil dich!,[@]Тогда действуй!,[@]Тоді поквапся!,[@]那就快点做吧。
DIALOGUE_PODUNK_IGGY_FORGET_2,"[@]Try to imagine a something called a [color][ui_cancel][/color] [if input:gamepad]button[else]key[/if].[WAIT@]Then, simply press it![WAIT@]This allows you to unleash a swing powerful enough to break any tough object.[WAIT@]Come on, try it!","[@]Essaye d'imaginer une chose appelée [if input:gamepad]bouton[else]touche[/if] [color][ui_cancel][/color].[WAIT@]Ensuite, appuie dessus, tout simplement ![WAIT@]Ça te permettra d'effectuer un coup suffisamment puissant pour réduire en morceaux les obstacles les plus résistants.[WAIT@]Allez vas-y, essaye !","[@]Immaginati un [if input:gamepad]pulsante[else]tasto[/if] [color][ui_cancel][/color].[WAIT@]Quindi, premilo![WAIT@]Così potrai fare un colpo abbastanza forte da distruggere ogni oggetto resistente.[WAIT@]Forza, provaci!",[@]あたまのなかで　[color][ui_cancel][/color][if input:gamepad]ボタン[else]キー[/if]\nというようなことを　そうぞうするんや。[WAIT@]そしたら　それをポチっとおす！[WAIT@]そうすれば　みごとな\nスイングが　くりだせるはずや！[WAIT@]ホレ　やってみ。,[@]그러면 [color][ui_cancel][/color][if input:gamepad]버튼을[else]키를[/if] 생각해 봐라.[WAIT@]그리고 그걸 눌러![WAIT@]그렇게 하면 널 가로막는 게 무엇이든 다 박살 낼 수\n있을 게다.[WAIT@]이제 한번 해보게!,"[@]Intenta imaginar algo llamado [if input:gamepad]botón[else]tecla[/if] [color][ui_cancel][/color].[WAIT@]Luego, ¡simplemente presiónal[if input:gamepad]o[else]a[/if]![WAIT@]Esto te permitirá desatar un golpe lo suficentemente fuerte para destruir cualquier objeto duro.[WAIT@]¡Vamos, inténtalo!","[@]Intenta imaginar algo llamado [if input:gamepad]el botón[else]la tecla[/if] [color][ui_cancel][/color].[WAIT@]Después, ¡púlsal[if input:gamepad]o[else]a[/if]![WAIT@]Esto te permitirá desatar un golpe lo suficientemente potente como para reducir a pedazos cualquier obstáculo resistente.[WAIT@]¡Vamos, inténtalo!","[@]Tente imaginar uma coisa chamada [if input:gamepad]botão[else]tecla[/if] [color][ui_cancel][/color].[WAIT@]Aí, você vai e aperta![WAIT@]Isso faz você dar uma rebatida bem forte, capaz de quebrar objetos mais resistentes.[WAIT@]Vamos, tente!","[@]Spróbuj wyobrazić sobie coś, co nazywa się [if input:gamepad]przyciskiem[else]klawiszem[/if] [color][ui_cancel][/color].[WAIT@]Następnie po prostu go wciśnij![WAIT@]Możesz w ten sposób zamachnąć się dość mocno, by złamać każdy wytrzymały przedmiot.[WAIT@]No dawaj, spróbuj!","[@]Versuche dir [if input:gamepad]einen[else]eine[/if] [color][ui_cancel][if input:gamepad]-Knopf[else]-Taste[/if][/color] vorzustellen.[WAIT@]Und dann drücke [if input:gamepad]ihn[else]sie[/if] einfach![WAIT@]Damit machst du einen so mächtigen Schlag, dass jedes harte Objekt zerschlagen werden kann.[WAIT@]Komm schon, versuch es!","[@]Попробуй мысленно представить [if input:gamepad]кнопку[else]клавишу[/if] [color][ui_cancel][/color].[WAIT@]А затем... просто нажми на неё![WAIT@]Так ты сможешь нанести сильный удар, который сломает любое, даже самое прочное препятствие![WAIT@]Ну же, попробуй!","[@]Спробуй уявити [if input:gamepad]кнопку[else]клавішу[/if] [color][ui_cancel][/color].[WAIT@]А потім... просто натисни на неї![WAIT@]Так ти зможеш завдати сильного удару, який зламає будь-яку, навіть найміцнішу перешкоду![WAIT@]Ну ж, спробуй!",[@]你试着在脑海中想象一个[color][ui_cancel][/color][if input:gamepad]按钮[else]按键[/if]。[WAIT@]然后…直接按下去就好！[WAIT@]这样就能挥出足以击碎任何坚硬物体的一击！[WAIT@]来吧，试试看！
DIALOGUE_PODUNK_IGGY_FORGET_SPEAKER_Iggy,Iggy,Iggy,Iggy,イギー,이기,Iggy,Iggy,Iggy,Iggy,Iggy,Игги,Іггі,伊基
DIALOGUE_PODUNK_IGGY_RETURN_SHOVEL_0,[@]Thank you for returning my shovel.,[@]Merci de m'avoir rapporté ma pelle.,[@]Grazie per avermi restituito la vanga.,[@]おお！　ワシのシャベル！　ありがとう！,[@]삽을 찾아줘서 고맙네.,[@]Gracias por devolverme mi pala.,[@]Gracias por devolverme la pala.,[@]Obrigado por ter devolvido a minha pá.,[@]Dzięki za zwrot łopaty.,"[@]Danke, dass du meinen Spaten zurückbringst.",[@]Спасибо тебе за лопату!,"[@]Дякую, що повернув лопату.",[@]谢谢你把我的铲子还给了我啦。
DIALOGUE_PODUNK_IGGY_RETURN_SHOVEL_SPEAKER_Iggy,Iggy,Iggy,Iggy,イギー,이기,Iggy,Iggy,Iggy,Iggy,Iggy,Игги,Іггі,伊基
DIALOGUE_PODUNK_ISABELLA_0,[@]The guy at Canary Village is my idol.[WAIT@]I wonder if he's single...,[@]J'ai beaucoup d'admiration pour le type qui vit au village Canari.[WAIT@]Je me demande s'il est célibataire...,[@]Il tizio al Villaggio Canarino è il mio idolo.[WAIT@]Chissà se è single...,[@]カナリアむらの　かんりにんの\nおとこのひと　すてきよね・・・。[WAIT@]どくしん　かしら・・・。,[@]카나리아 마을 남자들은 다 내 아이돌이야.[WAIT@]싱글이라면...,[@]El chico de la Villa Canario es mi ídolo.[WAIT@]Me pregunto si es soltero...,[@]Admiro mucho a ese chico de la Aldea Canaria.[WAIT@]Me pregunto si estará soltero...,[@]Aquele cara na Vila Canarinho é meu ídolo.[WAIT@]Será que ele é solteiro?,"[@]Facet z Wioski Kanarków jest moim idolem.[WAIT@]Zastanawiam się, czy jest singlem...","[@]Der Kerl beim Kanariendorf ist mein Idol.[WAIT@]Ich frage mich, ob er Single ist ...","[@]Парень из Канарской деревушки — мой кумир.[WAIT@]Надеюсь, он не женат...","[@]Хлопець з Села канарок — мій кумир.[WAIT@]Цікаво, він холостий?",[@]金丝雀村庄里的那个男人是我的偶像。[WAIT@]不知道他是不是单身呢…
DIALOGUE_PODUNK_ISABELLA_SPEAKER_Isabella,Isabella,Isabella,Isabella,イザベラ,이사벨라,Isabella,Isabella,Isabella,Isabella,Isabella,Изабелла,Ізабелла,伊莎贝拉
DIALOGUE_PODUNK_ISABELLA_2_0,[@]Is that Canary Chick from Canary Village?,"[@]Il vient du village Canari, cet oisillon ?",[@]Quel pulcino viene dal Villaggio Canarino?,[@]あら　カナリアのヒナね。\nカナリアむらで　てにいれたの？,[@]카나리아 마을의 아기 카나리아지?,[@]¿Es el polluelo de la Villa Canario?,[@]¿Ese pollito viene de la Aldea Canaria?,[@]Esse canarinho é da Vila Canarinho?,[@]Czy to Kanarek z Wioski Kanarków?,[@]Ist dieses Kanarienküken vom Kanariendorf?,[@]А это птенчик из Канарской деревушки?,[@]Це разом не пташеня з Села канарок?,[@]那是金丝雀村庄里的小金丝雀吗？
DIALOGUE_PODUNK_ISABELLA_2_0-OPT_0,Yes,Oui,Sì,はい,네,Sí,Sí,Sim,Tak,Ja,Да,Так,是
DIALOGUE_PODUNK_ISABELLA_2_0-OPT_1,No,Non,No,いいえ,아니오,No,No,Não,Nie,Nein,Нет,Ні,否
DIALOGUE_PODUNK_ISABELLA_2_1,"[@]Aww, what a cutie.","[@]Ohh, qu'il est mignon.","[@]Oh, che carino.",[@]へーえ。,"[@]꺄아, 너무 귀엽다.","[@]Aww, qué tierno.","[@]Ooins, qué monada.","[@]Ahh, que bonitinho.","[@]Ojej, co za słodziak.","[@]Aww, wie süß.","[@]Ой, какой хорошенький!","[@]Ой, яке гарнесеньке!",[@]啊啊啊啊好可爱。
DIALOGUE_PODUNK_ISABELLA_2_2,[@]The chicks there have lovely voices.[WAIT@]I hope they start singing again soon.,[@]Les oiseaux là-bas ont une très jolie voix.[WAIT@]J'espère qu'ils se remettront bientôt à chanter.,[@]I pulcini di lì hanno delle voci adorabili.[WAIT@]Spero tornino presto a cantare.,[@]カナリアむらの　ことりなら\nきれいなうたを\nうたうはずだものね。[WAIT@]さいきんは　しずかなのよ・・・。\nまた　うたが　ききたいわ・・・。,[@]아기새 목소리는 너무 귀엽더라.[WAIT@]어서 다시 활기차게 노래 불러줬으면 좋겠네.,[@]Los polluelos de aquí tienen voces preciosas.[WAIT@]Espero que pronto empiecen a cantar de nuevo.,[@]Los pollitos de allí tienen unas voces preciosas.[WAIT@]Ojalá vuelvan a cantar pronto...,[@]Os passarinhos de lá têm um canto muito lindo![WAIT@]Espero que voltem a cantar em breve...,"[@]Tamtejsze pisklęta mają piękne głosy.[WAIT@]Mam nadzieję, że wkrótce znów zaczną śpiewać.","[@]Die Küken haben so schöne Stimmen.[WAIT@]Ich hoffe, dass sie bald wieder anfangen zu singen.","[@]Там у всех птенчиков такие красивые голоски![WAIT@]Надеюсь, они скоро снова запоют.","[@]У пташенят звідти дуже чарівні голоски.[WAIT@]Сподіваюся, вони скоро знову заспівають.",[@]那些鸟儿的嗓音真好听。[WAIT@]可最近却安静下来了…[WAIT]真希望它们能快点再唱起来。
DIALOGUE_PODUNK_ISABELLA_2_SPEAKER_Isabella,Isabella,Isabella,Isabella,イザベラ,이사벨라,Isabella,Isabella,Isabella,Isabella,Isabella,Изабелла,Ізабелла,伊莎贝拉
DIALOGUE_PODUNK_JONATHAN_0,"[@]You ever think about how the menu calls it a hamburger when it's clearly a cheeseburger?[WAIT@]Honestly, that's just blatant false advertising.","[@]Tu t'es déjà rendu compte que c'était écrit « hamburger » sur la carte alors que c'est clairement un cheeseburger ?[WAIT@]Franchement, c'est clairement de la publicité mensongère.","[@]Ci pensi mai a come il menù li chiami hamburger ma in realtà sono cheeseburger?[WAIT@]Onestamente, è proprio pubblicità ingannevole.",[@]どうみても　チーズはいってるよな・・・？[WAIT@]いやなに　みせがさ　どうみてもチーズバーガー\nなのにさ　これを　ハンバーガーってよぶんだよ。[WAIT@]チーズ　はいってりゃ　チーズバーガーだろ？,"[@]분명 치즈버거인데, 메뉴판은 그냥 햄버거라고\n적혀있으면 기분이 어떨 거 같아?[WAIT@]이건 명명백백한 허위광고야!","[@]“Hamburguesa con queso” se me hace un nombre muy aburrido.[WAIT@]Yo voto por que las llamemos ""quesoguesas"".",[@]«Hamburguesa con queso» se me hace un nombre\nmuy aburrido.[WAIT@]Yo voto por que las llamemos quesoguesas.,"[@]Você já pensou que o cardápio chama isso de hambúrguer, mesmo sendo claramente um X-búrguer?[WAIT@]Sinceramente, isso é uma propaganda enganosa descarada.","[@]Zastanawia[if party:plural]liście[else]łeś[/if] się kiedyś nad tym, że w menu nazywają go hamburgerem, pomimo tego, że to zdecydowanie cheeseburger?[WAIT@]Zupełne oszustwo i tyle.","[@][if party:plural]Habt ihr[else]Hast du[/if] je darüber nachgedacht, dass auf dem Menü Hamburger steht, obwohl es ein Cheeseburger ist?[WAIT@]Ganz ehrlich, das ist einfach nur falsche Werbung.","[@][if party:plural]Вы не задумывались[else]Ты не задумывался[/if], почему в меню написано «гамбургер», хотя это явно чизбургер?[WAIT@]Даже тут обманывают...","[@][if party:plural]Ви не замислювались[else]Ти не замислювався[/if], чому в меню написано «гамбургер», якщо це явно чизбургер?[WAIT@]Навіть тут недостовірна реклама...",[@]你有没有想过，菜单上写的明明是汉堡包，但上来的却是个芝士汉堡？[WAIT@]说实话，这简直就是明目张胆的虚假宣传。[WAIT@]明明怎么看都夹着奶酪吧…？[WAIT@]既然放了奶酪，那不就是芝士汉堡吗？
DIALOGUE_PODUNK_JONATHAN_SPEAKER_Jonathan,Jonathan,Jonathan,Jonathan,ジョナサン,조나단,Jonathan,Jonathan,Jonathan,Jonathan,Jonathan,Джонатан,Джонатан,乔纳森
DIALOGUE_PODUNK_LAURA_THOUGHTS_0,[@](My baby...),[@](Mon bébé...),[@](Il mio piccolo...),[@](わたしは　ローラよ),[@](우리 아가...),[@](Mi bebé...),[@](Mi bebé...),[@](Meu bebê...),[@](Moje dziecko...),[@](Mein Baby ...),[@](Мой малыш...),[@](Моя крихітко...),[@]（我的孩子…）
DIALOGUE_PODUNK_LAURA_THOUGHTS_SPEAKER_Laura,Laura,Laura,Laura,ローラ,로라,Laura,Laura,Laura,Laura,Laura,Лора,Лора,劳拉
DIALOGUE_PODUNK_LAURA_THOUGHTS_2_0,[@](My baby is back! Thank you so much!),[@](J'ai enfin retrouvé mon bébé ! Merci infiniment !),[@](Il mio piccolo è tornato! Grazie di cuore!),[@](わがこが　ぶじだったなんて！\nほんとうに　ありがとう！),[@](우리 아기가 다시 돌아왔어! 정말 고마워!),[@](¡Mi bebé regresó! ¡Muchas gracias!),[@](¡Mi bebé ha vuelto! ¡Muchísimas gracias!),[@](Meu bebê voltou! Obrigada!),[@](Moje dziecko wróciło! Tak ci dziękuję!),[@](Mein Baby ist wieder da! Vielen Dank!),[@](Мой малыш вернулся! Большое вам спасибо!),[@](Моя крихітко повернулася! Дуже дякую!),[@]（我的孩子回来了！真的太谢谢你了！）
DIALOGUE_PODUNK_LAURA_THOUGHTS_2_SPEAKER_Laura,Laura,Laura,Laura,ローラ,로라,Laura,Laura,Laura,Laura,Laura,Лора,Лора,劳拉
DIALOGUE_PODUNK_LUCY_0,"[@]Hey [Ninten], how's your asthma holding up?[WAIT@]Mine's a bit better now, but car exhausts still makes it-[WAITBR]*Cough*     *Cough*     *ReeeEEETCH*[WAITBR]pretty bad sometimes...","[@]Hé [Ninten], ça va ton asthme ?[WAIT@]Moi ça va un peu mieux, mais les gaz d'échappement des voitures, ça reste très...[WAITBR]*kof*     *kof*     *rhaaaAAAAA*[WAITBR]compliqué, parfois...","[@]Ehi [Ninten], come va con la tua asma?[WAIT@]La mia va un po' meglio, ma i gas di scarico delle auto mi fanno-[WAITBR]*Cof*     *Cof*     *AaaaAGGGHH*[WAITBR]stare un po' male, a volte...",[@][Ninten]くんは　ぜんそく　どう？[WAIT@]わたしは　ちょっぴり　よくなったけど\nくるまの　はいきガスをすいこむと・・・。[WAIT@]ゲホッ　ゴホッ　グェェッホッ。[WAIT@]・・・・・・まだいきぐるしく　なっちゃう。,"[@][Ninten]! 요즘 천식은 괜찮아졌어?[WAIT@]나도 아주 쪼끔 괜찮아졌어, 근데 저 배기가스가-[WAITBR]에취! 엣취!! 에엣취이!!![WAIT@]헤헤...","[@]Hey, [Ninten], ¿cómo está tu asma?[WAIT@]La mío va un poco mejor, pero los residuos de los autos lo hacen-[WAITBR]*Cof*     *Cof*     *AaaaAGGGHH*[WAITBR]Bastante mal a veces...","[@]Eh, [Ninten], ¿cómo te va con el asma?[WAIT@]Yo estoy un poco mejor, pero los tubos de escape de los coches hacen que lo pase-[WAITBR]*Cof*     *Cof*     *AaaaAGGGHH*[WAITBR]bastante mal a veces...","[@]Opa, [Ninten]! Como é que vai a sua asma?[WAIT@]A minha melhorou, mas a fumaça dos carros ainda faz ela-[WAITBR]*Coff*     *Coff*     *HeeeeEEEEEE*[WAITBR]atacar...","[@]Hej [Ninten], jak tam twoja astma?[WAIT@]Moja nieco się poprawia, ale spaliny samochodowe nadal...[WAITBR]*Kaszel*     *Kaszel*     *EeeeEEEKCH*[WAITBR]dają się czasem we znaki...","[@]Hey [Ninten], wie geht's mit deinem Asthma?[WAIT@]Bei mir ist es jetzt etwas besser, aber Autoabgase sind noch ...[WAITBR]*Hust*      *Hust*     *RöchEEEEL*[WAIT@]Dann ist's manchmal schlimm.","[@]Эй, [Ninten], как у тебя с астмой?[WAIT@]У меня чуть получше, но от выхлопов иногда...[WAITBR]Кх-кх...     кх-кх...     КХЕ-Е-Е!..[WAITBR]...становится очень плохо...","[@]Гей, [Ninten], як у тебе з астмою?[WAIT@]Мені трохи краще, але від вихлопів іноді...[WAITBR]Кх-кх...     кх-кх...     КХЕ-Е-Е!..[WAITBR]...стає дуже погано...",[@]嘿[Ninten]，你的哮喘还好吗？[WAIT@]我的稍微好一点了，不过汽车尾气还是会让它-[WAITBR]咳——咳——呃呃呃——[WAITBR]变得很严重…
DIALOGUE_PODUNK_LUCY_1,"[@]Hey [Pippi], it’s great that you and [Ninten] are now friends![WAIT@]I hope we can be friends too.[WAITBR]*Cough*     *Cough*     *ReeeEEETCH*[WAIT@]My asthma still acts up from car exhaust.[WAIT@]Make sure [Ninten] always has his inhaler with him.","[@]Hé [Pippi], c'est formidable que tu and [Ninten] sont amis maintenant![WAIT@]J'espère que nous pourrons être amis aussi.[WAITBR]*kof*     *kof*     *rhaaaAAAAA*[WAIT@]Mon asthme s'énerve toujours à cause des gaz d'échappement.[WAIT@]Assure-moi que [Ninten] porte encore son inhalateur.",,,,,,,,,,,
DIALOGUE_PODUNK_LUCY_SPEAKER_Lucy,Lucy,Lucy,Lucy,ルーシー,루시,Lucy,Lucy,Lucy,Lucy,Lucy,Люси,Люсі,露西
DIALOGUE_PODUNK_MARSHAL_0,"[@]See for yourself, all the animals have escaped.[WAIT@]Sigh... Hopefully we'll have a new pet to sell soon.","[@]Comme tu peux le voir, tous nos animaux se sont échappés.[WAIT@]Hélas... J'espère qu'on aura bientôt un nouvel animal de compagnie à te proposer.","[@]Come puoi vedere, tutti gli animali sono scappati.[WAIT@]Sigh... Spero che avremo presto un nuovo animale da vendere.",[@]みてのとおり　どうぶつたちは\nみんな　にげだしちまった。[WAIT@]つぎの　にゅうかは\nいつになることやら・・・。,"[@]봐봐, 모든 동물들이 탈출했어.[WAIT@]하... 빨리 새로운 동물들이나 들어왔으면.","[@]Como puedes ver, todos los animales han escapado.[WAIT@]Ay... espero pronto tengamos una nueva mascota para vender.","[@]Como puedes ver, todos los animales se han escapado.[WAIT@]Espero que pronto tengamos una nueva mascota para vender.","[@]Como pode ver, todos os animais fugiram.[WAIT@]Ai, ai... Espero que a gente consiga um novo pet para vender logo.","[@]Sam[if party:plural]i[/if] zobacz[if party:plural]cie[/if], wszystkie zwierzęta uciekły.[WAIT@]Ech... Obyśmy zaraz znaleźli jakieś zwierzątko na sprzedaż.","[@]Schau[if party:plural]t[/if] selbst, alle Tiere sind entkommen.[WAIT@]Seufz ... Hoffentlich werden wir bald wieder ein Haustier verkaufen können.","[@][if party:plural]Сами видите[else]Сам видишь[/if]: все животные сбежали.[WAIT@]Эх... Надеюсь, у нас найдётся кого продать...","[@][if party:plural]Самі бачите[else]Сам бачиш[/if]: всі тварини втекли.[WAIT@]Ех... Сподіваюся, у нас вийде когось продати...",[@]你自己看看吧，动物们都跑光了。[WAIT@]唉…希望我们很快能有新宠物可以出售。
DIALOGUE_PODUNK_MARSHAL_LOOKING_0,[@]Why are you looking at me like that?,[@]Pourquoi tu me regardes comme ça ?,[@]Perché mi guardi in quel modo?,[@]どうぶつあいごだんたい　にでも\nはいろうかなぁ・・・。,[@]왜 그렇게 쳐다봐?,[@]¿Por qué me miras así?,[@]¿Por qué me miras así?,[@]Por que você tá me olhando assim?,[@]Dlaczego tak na mnie patrzy[if party:plural]cie[else]sz[/if]?,[@]Warum [if party:plural]schaut ihr[else]schaust du[/if] mich so an?,[@]Что [if party:plural]вы так на меня смотрите[else]ты так на меня смотришь[/if]?,[@]Що [if party:plural]ви так на мене дивитеся[else]ти так на мене дивишся[/if]?,[@]你为什么那样看着我？
DIALOGUE_PODUNK_MARSHAL_LOOKING_SPEAKER_Marshal,Marshal,Marshal,Marshal,マーシャル,마셀,Marshal,Marshal,Marshal,Marshal,Marshal,Маршал,Маршал,马歇尔
DIALOGUE_PODUNK_MARSHAL_QUESTION_0,[@]How's the canary?,"[@]Alors, comment se porte le canari ?",[@]Come sta il canarino?,[@]やぁ！　カナリアのヒナはげんきかね？,[@]카나리아는 어때?,[@]¿Cómo está el canario?,[@]¿Cómo está el canario?,"[@]E aí, como vai o canarinho?",[@]Jak tam kanarek?,[@]Wie geht's dem Kanarienvogel?,[@]Как там канарейка?,[@]Як там канарка?,[@]小金丝雀还好吗？
DIALOGUE_PODUNK_MARSHAL_QUESTION_SPEAKER_Marshal,Marshal,Marshal,Marshal,マーシャル,마셀,Marshal,Marshal,Marshal,Marshal,Marshal,Маршал,Маршал,马歇尔
DIALOGUE_PODUNK_MARSHAL_SPEAKER_Marshal,Marshal,Marshal,Marshal,マーシャル,마셀,Marshal,Marshal,Marshal,Marshal,Marshal,Маршал,Маршал,马歇尔
DIALOGUE_PODUNK_MATT_0,"[@]If you head north and then west, you'll find the Canary Village.[WAIT@]You should check it out, it's free!","[@]Si tu vas au nord, puis à l'ouest, tu trouveras le village Canari.[WAIT@]Tu devrais aller le visiter, c'est gratuit !","[@]Se vai a nord e poi a ovest, sarai al Villaggio Canarino.[WAIT@]Ti consiglio di andarci, è gratis!",[@]カナリアむらは　きたにのぼって\nにしのほうがくだ。[WAIT@]あそこは　にゅうえんりょうも\nタダだし　いくといいぞ。,"[@]북쪽으로 쭉 가다가 서쪽으로 가면, 카나리아 마을이\n나와.[WAIT@]입장료 같은 것도 없으니까, 한 번 가보는 것도 \n나쁘지 않을 거야.","[@]Si te diriges al norte y luego al oeste, encontrarás a la Villa Canario.[WAIT@]Deberías echarle un vistazo, ¡es gratis!","[@]Si vas hacia norte y luego al oeste, llegarás a la\nAldea Canaria.[WAIT@]Deberías ir a verla, ¡es gratis!","[@]Se você for para o norte e depois para oeste, vai encontrar a Vila Canarinho.[WAIT@]Você deveria dar uma olhada lá, é de graça!","[@]Jeśli udasz się na północ, a następnie na zachód, znajdziesz Wioskę Kanarków.[WAIT@]Powinieneś ją odwiedzić, to nic nie kosztuje!","[@]Wenn [if party:plural]ihr[else]du[/if] nach Norden und dann nach Westen [if party:plural]geht, kommt ihr[else]gehst, kommst du[/if] zum Kanariendorf.[WAIT@][if party:plural]Ihr[else]Du[/if] solltest dort mal vorbeischauen, es ist kostenlos!","[@]Если пойти на север, а потом на запад, ты придёшь к Канарской деревушке.[WAIT@]Тебе стоит туда заглянуть. Это бесплатно!","[@]Якщо підеш на північ, а потім на захід, знайдеш Село канарок.[WAIT@]Заглянь туди, вхід безкоштовний!",[@]往北走再往西，就能找到金丝雀村庄。[WAIT@]你应该去看看，免费进入哦！
DIALOGUE_PODUNK_MATT_SPEAKER_Matt,Matt,Matt,Matt,マット,맷,Matt,Matt,Matt,Matt,Matt,Мэтт,Метт,马特
DIALOGUE_PODUNK_MAYOR_HELP_0,"[@]Citizen, I know you'd like to help your town.[WAIT@]Well...[WAIT@]A child has strayed into the [color]cemetery to the south of town[/color].[WAIT@]And...[WAIT@]I'm up for re-election soon.[WAIT@]You must help![WAIT@]Please, help me!","[@]Hmm, je ne sais pas, cette tâche est peut-être difficile, mais je place de grands espoirs en toi.[WAIT@]Alors voilà...[WAIT@]Une enfant s'est égarée dans le [color]cimetière au sud de la ville[/color].[WAIT@]Et...[WAIT@]Je compte me faire réélire bientôt.[WAIT@]Tu dois m'aider ![WAIT@]Aide-moi, je t'en prie !","[@]Cittadino, so che vorresti aiutare la tua città.[WAIT@]Beh...[WAIT@]Una bambina è finita nel [color]cimitero a sud di qui[/color].[WAIT@]E poi...[WAIT@]Mi sto preparando a farmi rieleggere.[WAIT@]Devi aiutarci![WAIT@]Per favore, aiutami!",[@]キミでは　ムリかなぁ。\nきたいしてるんだけどなぁ。[WAIT@]いやなに・・・。[WAIT@][color]まちの　みなみの　はかば[/color]に\nこどもが　まよいこんでね。[WAIT@]それにねぇ・・・。[WAIT@]つぎの　ちょうちょうせんきょも　ちかいし・・・。[WAIT@]おねがい！[WAIT@]たすけてチョーダイ！,"[@]투표권은 없는 나의 소중한 시민이여.[WAIT@]음...[WAIT@]한 꼬마가 시내 남쪽에 있는 공동묘지로 내려갔어.[WAIT@]그리고...[WAIT@]이제 곧 선거철이네, 재선해야 한다고![WAIT@]도움이 필요하네.[WAIT@]제발, 도와줄 수 있겠나?","[@]Ciudadano, sé que te gustaría ayudar a tu pueblo.[WAIT@]Bueno...[WAIT@]una niña se ha extraviado en el [color]cementerio al sur de la ciudad[/color].[WAIT@]Y...[WAIT@]estoy para las reelecciones pronto.[WAIT@]¡Tienes que ayudar![WAIT@]¡Por favor, ayúdame!","[@]Ciudadano, sé que te gustaría ayudar a tu pueblo.[WAIT@]Bueno, pues...[WAIT@]Una niña se ha perdido en el [color]cementerio al sur del pueblo[/color].[WAIT@]Y...[WAIT@]Las elecciones van a ser pronto.[WAIT@]¡Tienes que ayudarme![WAIT@]¡Por favor, ayúdame!","[@]Cidadão, eu sei que você quer ajudar a cidade.[WAIT@]Então...[WAIT@]Uma criancinha se perdeu no [color]cemitério no sul da cidade[/color].[WAIT@]E...[WAIT@]Eu vou concorrer à reeleição em breve.[WAIT@]Você precisa me ajudar![WAIT@]Por favor, por favorzinho, me ajude!","[@]Obywatelu, wiem, że chciałbyś pomóc swojemu miastu.[WAIT@]Cóż...[WAIT@]Jakieś dziecko zabłądziło na [color]cmentarzu na południe od miasta[/color].[WAIT@]I...[WAIT@]Wkrótce będę ubiegał się o reelekcję.[WAIT@]Musisz mi pomóc![WAIT@]Błagam, pomóż mi!","[@]Bürger, ich weiß, du willst deiner Stadt helfen.[WAIT@]Nun ...[WAIT@]Ein Kind hat sich im [color]Friedhof, südlich der Stadt[/color] verirrt.[WAIT@]Und ...[WAIT@]Ich stelle mich zur Wiederwahl auf.[WAIT@]Du musst mir helfen![WAIT@]Bitte, hilf mir!","[@]Гражданин, я уверен, что вы желаете сделать доброе дело во благо любимого города.[WAIT@]В общем...[WAIT@][color]На кладбище к югу от города[/color] заблудился ребёнок.[WAIT@]А я...[WAIT@]Скоро буду переизбираться.[WAIT@]Вы должны мне помочь![WAIT@]Вы мне поможете?","[@]Громадянин, я впевнений, що ви бажаєте допомогти улюбленому місту.[WAIT@]Ось що...[WAIT@][color]На цвинтарі на південь від міста[/color] заблукала дитина.[WAIT@]А мені...[WAIT@]Переобиратись незабаром.[WAIT@]Ви повинні мені допомогти![WAIT@]Благаю!",[@]镇民，我知道你想为自己的城镇出一份力。[WAIT@]嗯…[WAIT@]有个小孩走失到了[color]小镇南方的公墓[/color]里。[WAIT@]同时…[WAIT@]我很快就要面临连任选举了。[WAIT@]你必须要帮帮我！[WAIT@]求你了，帮帮我吧！
DIALOGUE_PODUNK_MAYOR_HELP_6-OPT_0,Yes,Oui,Sì,はい,네,Sí,Sí,Sim,Tak,Ja,Да,Так,是
DIALOGUE_PODUNK_MAYOR_HELP_6-OPT_1,No,Non,No,いいえ,아니오,No,No,Não,Nie,Nein,Нет,Ні,否
DIALOGUE_PODUNK_MAYOR_HELP_7,"[@]Oh!? You'll go there and save her?[WAIT@]Return her to me alive, and surely I'll be a hero...[WAIT@]Er, umh, I mean... You'll be a hero!","[@]C'est vrai ?! Tu vas aller la sauver ?[WAIT@]Ramène-la ici vivante, et je serai un héros...[WAIT@]Euh, enfin, je veux dire... tu seras un héros !","[@]Oh?! Andrai a salvarla?[WAIT@]Sì... quando la riporterai qui viva sarò un eroe...[WAIT@]Cioè, allora... SARAI un eroe!",[@]えっ　いってくれるか。[BR]たすけだして　くれるってか。[WAIT@]いきてかえって　きみは　えいゆう！[WAIT@]からだのぐあいさえよければ\nわたしも　いくんだけど・・・。,"[@]오!? 그 꼬마를 찾아주겠다고?[WAIT@]그 꼬마만 찾아온다면 난 영웅이 될 거고 재선도\n성공할 거야...[WAIT@]어? 음, 그... 내 말은 자네가 이 마을의 영웅이 될 수\n있을 거라는 말일세.","[@]¡¿Oh?! ¿Irás allí y la salvarás?[WAIT@]Tráela con vida, y seguramente seré un heroe...[WAIT@]Er, umh, quise decir... ¡Serás un héroe!","[@]¡¿Oh?! ¿Vas a ir a rescatarla?[WAIT@]Tráela aquí con vida, y seré un héroe...[WAIT@]Eh, quiero decir... ¡TÚ serás un héroe!","[@]Oi!? Você vai resgatá-la?[WAIT@]Volte com ela viva e, com certeza, eu serei um herói...[WAIT@]Er, hã, digo... Você será um herói!","[@]Och!? Pójdziesz tam i ją uratujesz?[WAIT@]Zwróć mi ją żywą, a na pewno zostanę bohaterem...[WAIT@]Er, to znaczy... to TY będziesz bohaterem!","[@]Oh!? Du wirst sie retten?[WAIT@]Bringe sie mir lebendig zurück, und ich werde sicherlich ein Held ...[WAIT@]Öhh, ähm, ich meine ... Du wirst ein Held!","[@]Вы её спасёте?! Прекрасно![WAIT@]Верните её мне живой, и я непременно стану героем...[WAIT@]Э-э-э, гм... Вы станете героем!","[@]Ви підете її рятувати?! Відмінно![WAIT@]Поверніть її мені живий, і я неодмінно стану героєм...[WAIT@]Е-е-е, гм... Ви станете героєм!",[@]哦！？你愿意去那儿救她吗？[WAIT@]要是能让她平安的到我身边，那我肯定会成为英雄…[WAIT@]额，啊，我意思是…你肯定就会成为英雄！
DIALOGUE_PODUNK_MAYOR_HELP_10,[@]How could you do this to me?!,[@]Comment peux-tu me faire ça ?!,[@]Come puoi farmi una cosa simile?!,[@]えっ　いってくれるか。[BR]たすけだして　くれるってか。[WAIT@]いきてかえって　きみは　えいゆう！[WAIT@]からだのぐあいさえよければ\nわたしも　いくんだけど・・・。,[@]다 장난이라네. 하하.,[@]¡¿Cómo puedes hacerme esto a mí?!,[@]¡¿Cómo puedes hacerme esto a mí?!,[@]Como você pôde fazer isso comigo?!,[@]Jak mogłeś mi to zrobić?!,[@]Wie kannst du mir das antun?!,[@]Как вы можете так со мной поступать?!,[@]Як ви можете так зі мною чинити?!,[@]你怎么能这样对我…
DIALOGUE_PODUNK_MAYOR_HELP_SPEAKER_Mayor_Goodman,Mayor Goodman,Maire Goodman,Sindaco Goodman,グッドマンちょうちょう,굿맨 시장,Alcalde Goodman,Alcalde Goodman,Prefeito Gentili,Burmistrz Goodman,Bürgermeister Goodman,Мэр Гудмен,Мер Гудмен,古德曼镇长
DIALOGUE_PODUNK_MAYOR_REPORT_0,"[@]So, have you taken care of the [color]zoo[/color] yet?","[@]Alors, ça y est, tu t'es occupé du [color]zoo[/color] ?","[@]Perciò, hai finito con la faccenda dello [color]zoo[/color]?",[@][color]どうぶうえん[/color]のじけんは　まだかね？,[@][color]동물원[/color] 관련 건은 아직인가?,"[@]Entonces, ¿te encargaste del asunto del [color]zoológico[/color]?","[@]Entonces, ¿te has ocupado ya de lo del [color]zoo[/color]?","[@]Então, você já resolveu a situação do [color]zoológico[/color]?",[@]Czy zająłeś się już [color]zoo[/color]?,"[@]Also, du hast dich schon um den [color]Zoo[/color] gekümmert?","[@]Итак, вы уже занялись [color]зоопарком[/color]?","[@]Що ж, ви вже зайнялися [color]зоопарком[/color]?",[@]所以你解决[color]动物园[/color]发生的事了吗？
DIALOGUE_PODUNK_MAYOR_REPORT_SPEAKER_Mayor_Goodman,Mayor Goodman,Maire Goodman,Sindaco Goodman,グッドマンちょうちょう,굿맨 시장,Alcalde Goodman,Alcalde Goodman,Prefeito Gentili,Burmistrz Goodman,Bürgermeister Goodman,Мэр Гудмен,Мер Гудмен,古德曼镇长
DIALOGUE_PODUNK_MAYOR_SIDE_DESK_0,[@]Do you mind speaking to me in front of my desk?,[@]Ça ne te dérangerait pas de me parler devant mon bureau ?,[@]Ti dispiace parlarmi dall'altro lato della scrivania?,[@]まえから　はなしてくれない？,[@]내 책상 앞에서 얘기할 수는 없겠나?,[@]¿Te importaría hablar conmigo frente a mi escritorio?,[@]¿Te importaría hablar conmigo delante de mi escritorio?,[@]Se importa de falar comigo na frente da minha mesa?,[@]Czy może pan porozmawiać ze mną przed moim biurkiem?,[@]Könntest du mich bitte vorm Tisch ansprechen?,"[@]Может, вы поговорите со мной за моим столом?","[@]Може, ви поговорите зі мною за моїм столом?",[@]能到我的办公桌前来跟我讲话吗？
DIALOGUE_PODUNK_MAYOR_SIDE_DESK_SPEAKER_Mayor_Goodman,Mayor Goodman,Maire Goodman,Sindaco Goodman,グッドマンちょうちょう,굿맨 시장,Alcalde Goodman,Alcalde Goodman,Prefeito Gentili,Burmistrz Goodman,Bürgermeister Goodman,Мэр Гудмен,Мер Гудмен,古德曼镇长
DIALOGUE_PODUNK_MAYOR_ZOO_FREED_0,"[@]Why if it isn't our hero, [Ninten]?[WAIT@]Now that the commotion at the zoo is over, the bridge at the [color]northeast[/color] of town is now open.","[@]Oh, revoilà notre héros [Ninten] ![WAIT@]Maintenant que l'incident au zoo est clos, le pont au [color]nord-est[/color] de la ville est libre d'accès.","[@]Ma guarda, il nostro eroe [Ninten]![WAIT@]Ora che la situazione allo zoo si è risolta, il ponte a [color]nordest[/color] della città è attraversabile.",[@]おお　えいゆうの　[Ninten]くん。[WAIT@]どうぶつえんのけん　ごくろうであったね。\nかいげんれいを　とくことにしたよ。,[@]이거 이거 우리의 영웅 [Ninten] 군 아닌가?[WAIT@]동물원 건이 끝났으니 마을 [color]북동쪽[/color]에 있는 다리로\n지나갈 수 있다네.,"[@]¿Que sería sin nuestro héroe, [Ninten]?[WAIT@]Ahora que la conmoción del zoológico ha acabado, el puente en el [color]noroeste[/color] de la ciudad está abierto.","[@]¡Pero si es nuestro héroe, [Ninten]![WAIT@]Ahora que la situación en el zoo se ha calmado,\nel puente al [color]noreste[/color] del pueblo está abierto.","[@]Ora, se não é o nosso herói, [Ninten]![WAIT@]Agora que a situação no zoológico acabou, a ponte a [color]nordeste[/color] da cidade está aberta.","[@]Czyż to nie nasz bohater, [Ninten]?[WAIT@]Teraz, gdy zamieszanie w zoo dobiegło końca, most w [color]północno-wschodniej[/color] części miasta jest już otwarty.","[@]Na, wenn das nicht unser Held, [Ninten], ist?[WAIT@]Jetzt, wo der Aufruhr im Zoo vorüber ist, ist die Brücke im [color]Nordosten[/color] der Stadt offen.","[@]А вот и [Ninten] — народный герой![WAIT@]Теперь, когда вопрос с зоопарком улажен, —\nмы снова открываем [color]северо-восточный мост[/color].","[@]А ось і наш герой, [Ninten]![WAIT@]Тепер, оскільки інцидент у зоопарку закінчився, наш [color]північно-східний міст[/color] знову відчинений.",[@]哎呀，这不是我们的大英雄[Ninten]吗？[WAIT@]既然动物园的骚乱已经平息了，小镇[color]东北方[/color]的那座桥现在也可以通行了。
DIALOGUE_PODUNK_MAYOR_ZOO_FREED_2,"[@]By the way... You have some tiger droppings on your clothes.[WAIT@]Haha, just joking. Now run along, kid.","[@]Au fait... Tu as de la crotte de tigre sur tes vêtements.[WAIT@]Haha, je plaisante. Bon, maintenant du balai, gamin.","[@]Comunque, se non te ne fossi accorto... hai i vestiti sporchi di escrementi di tigre.[WAIT@]Scherzo! Ora va', ragazzo.",[@]おや　ふくに　トラのフンが　ついてるよ\nあ　うそうそ。[WAIT@]こんどは　なにも　あげるものがないが・・・。\nワハハハハ！,"[@]근데... 옷에 호랑이 똥이 좀 묻었군.[WAIT@]하하, 농담일세. 농담.","[@]Por cierto... tienes baba de tigre en tu ropa.[WAIT@]Ja, ja, estaba bromeando. Ahora vete, niño.","[@]Por cierto... tienes excrementos de tigre en la ropa.[WAIT@]Ja, ja, era broma. Ahora, largo.","[@]A propósito... Tem cocô de tigre na sua camiseta.[WAIT@]Haha, é brincadeira. Vá em paz.","[@]Przy okazji... Tygrys ci chyba trochę narobił na koszulce.[WAIT@]Haha, żartowałem. A teraz zmykaj, dzieciaku.","[@]Übrigens ... Du hast Tigersabber an deiner Kleidung.[WAIT@]Haha, nur ein Witz. Und jetzt hinfort mit dir, Kind.","[@]Кстати... у тебя на одежде след от тигриных фекалий.[WAIT@]Ха-ха-ха, шучу. Ладно, иди гуляй.","[@]Між іншим... Тобі на кофту тигр нагадив.[WAIT@]Ха-ха, жартую. Тепер біжи, хлопчисько.",[@]顺便说一下…你衣服上沾了点老虎的粪便哦。[WAIT@]哈哈，开玩笑的，快去吧孩子。
DIALOGUE_PODUNK_MAYOR_ZOO_FREED_SPEAKER_Mayor_Goodman,Mayor Goodman,Maire Goodman,Sindaco Goodman,グッドマンちょうちょう,굿맨 시장,Alcalde Goodman,Alcalde Goodman,Prefeito Gentili,Burmistrz Goodman,Bürgermeister Goodman,Мэр Гудмен,Мер Гудмен,古德曼镇长
DIALOGUE_PODUNK_MILLER_0,"[@]I need to do a call, but the payphone costs $5.[WAIT@]That's crazy expensive![WAIT@]If only I could find a rotary phone...[WAIT@]Those ones, you can use for free.","[@]J'ai besoin de passer un coup de fil, mais avec la cabine téléphonique, ça coûte 5 $.[WAIT@]C'est complètement hors de prix ![WAIT@]Si seulement je pouvais trouver un téléphone à cadran...[WAIT@]Ceux-là, on peut les utiliser gratuitement.","[@]Dovrei fare una chiamata, ma il telefono a gettoni costa 5 $.[WAIT@]Costa troppo! Inammissibile![WAIT@]Se solo potessi mettere le mani su un telefono a disco...[WAIT@]Quelli sì che vanno forti. Sono gratis!",[@]でんわを　かけたいんだけど\nこうしゅうでんわは　いっかい　でんわするのに\n５ドルも　かかるんだぜ。[WAIT@]ぼったくりだよな！[WAIT@]くろでんわが　あればなぁ。[WAIT@]あれなら　タダで　つかえるし・・・。,"[@]당장 전화를 해야 하는데, 공중전화는 무려 5달러야.[WAIT@]도대체 어떤 사람이 전화 한 번에 5달러나 써?[WAIT@]숨만 쉬어도 돈이 들어오는 게 아닌 이상, 이건 미친\n듯이 비싸다고![WAIT@]제발 가격 정한 사람은 평생 5달러 내고\n전화했으면...","[@]Necesito hacer una llamada, pero el teléfono público cuesta $5.[WAIT@]¡Eso es demasiado caro![WAIT@]Si tan sólo pudiese encontrar un teléfono de disco...[WAIT@]Esos los puedes usar gratis.","[@]Necesito hacer una llamada, pero el teléfono público cuesta 5 $.[WAIT@]¡Es demasiado caro![WAIT@]Si tan solo pudiera encontrar un teléfono de disco...[WAIT@]Esos son los que se pueden usar gratis.","[@]Preciso fazer uma ligação, mas o orelhão custa $5.[WAIT@]Isso é muito caro![WAIT@]Se, pelo menos, tivesse um telefone de disco por aqui...[WAIT@]Desses, você pode usar de graça.","[@]Muszę zadzwonić, ale budka telefoniczna kosztuje 5 $.[WAIT@]To szalenie drogo![WAIT@]Gdybym tylko mógł znaleźć obrotowy telefon...[WAIT@]Tych można używać za darmo.",[@]Ich muss einen Anruf machen und das Münztelefon kostet 5 $.[WAIT@]Das ist unsinnig teuer![WAIT@]Wenn ich doch nur ein Drehtelefon finden könnte ...[WAIT@]Die sind nämlich kostenlos.,"[@]Мне, чтоб позвонить с таксофона, надо заплатить 5 долларов.[WAIT@]Да где ж я возьму такие деньги![WAIT@]Вот с обычного дискового телефона денег не попросят...","[@]Мені кров з носа як треба зателефонувати, а таксофон коштує 5 доларів.[WAIT@]Де ж я візьму такі гроші![WAIT@]Ось би звичайний телефон, дисковий...[WAIT@]Там грошей не попросять.",[@]我需要打个电话，但那部公用电话一次需要5美元。[WAIT@]这也贵得太离谱了吧！[WAIT@]要是能找到一部黑色的转盘式电话就好了…[WAIT@]那种电话就可以免费拨打。
DIALOGUE_PODUNK_MILLER_SPEAKER_Miller,Miller,Miller,Miller,ミラー,밀러,Miller,Miller,Milhão,Miller,Miller,Миллер,Міллер,米勒
DIALOGUE_PODUNK_MIMMIE_DEAD_DOLL_0,[@]It's dead? What a relief![WAIT@]I knew we shouldn't have taken that doll from the basement...,"[@]Ça y est, elle bouge plus ? Pfiou, j'ai eu peur ![WAIT@]Je savais bien qu'on aurait pas dû ressortir cette poupée de la cave...",[@]È morta? Che sollievo![WAIT@]Lo sapevo che dovevamo lasciare quella bambola nel seminterrato...,[@]おさまったの？よかった！[WAIT@]ちかしつから　おにんぎょうさんを\nもってくるんじゃなかった・・・。,[@]이제 안 움직여? 다행이다![WAIT@]역시 지하실에서 가져오면 안 됐어...,[@]¿Está muerta? ¡Qué alivio![WAIT@]Sabía que no debíamos de haber tomado esa muñeca del sótano...,[@]¿Está muerta? ¡Qué alivio![WAIT@]Sabía que no debíamos haber sacado esa muñeca del sótano...,[@]Ela morreu? Que alívio![WAIT@]Eu sabia que não devia ter pegado aquela boneca do porão...,"[@]Nie żyje? Co za ulga![WAIT@]Wiedziałam, że nie powinniśmy byli zabierać tej lalki z piwnicy...","[@]Sie ist tot? Was für eine Erleichterung![WAIT@]Ich wusste, wir hätten die Puppe nicht aus dem Keller holen sollen ...","[@]Ну что, угомонилась? Фух, слава богу![WAIT@]Так и знала — не надо было доставать её из кладовки...",[@]Вона мертва? Фу-у-ух![WAIT@]Так і знала — не треба було діставати її з підвалу...,[@]它不动了？真是松了一口气！[WAIT@]早知道我们就不该把地下室的那个娃娃拿走…
DIALOGUE_PODUNK_MIMMIE_DEAD_DOLL_SPEAKER_Mimmie,Mimmie,Mimmie,Mimmie,ミミー,미미,Mimmie,Mimmie,Mimmie,Mimmie,Mimmie,Мимми,Міммі,米米
DIALOGUE_PODUNK_MIMMIE_DOLL_DEFEATED_0,[@]Hurry up![WAIT@]I won't be able to sleep at night knowing it might still be alive...,[@]Dépêche-toi ![WAIT@]J'vais pas fermer l'œil de la nuit si je sais qu'elle bouge encore...,[@]Sbrigati![WAIT@]Non riuscirò nemmeno a chiudere occhio se c'è la possibilità che sia ancora viva...,[@]はやくー！[WAIT@]もし　まだいきてたら\nあんしんして　ねむれないよー！,[@]빨리! 빨리![WAIT@]확인 안 하면 오늘 잠 못 잘 거 같단 말이야...,[@]¡Date prisa![WAIT@]No podré domir por la noche sabiendo que aún podría estar viva...,[@]¡Venga![WAIT@]No podré pegar ojo sabiendo que aún podría estar viva...,[@]Vai logo![WAIT@]Eu não vou conseguir dormir sabendo que a boneca ainda pode estar viva...,"[@]Pospiesz się![WAIT@]Nie będę mogła spać w nocy, wiedząc, że może jeszcze żyć...","[@]Beeil dich![WAIT@]Ich kann nachts nicht schlafen, wenn ich weiß, dass das Ding noch leben kann ...",[@]Ну пожалуйста![WAIT@]Я не смогу спать с живой куклой...,"[@]Прошу, швидше![WAIT@]Я не зможу заснути, знаючи, що вона ще жива...",[@]快点儿！[WAIT@]要是知道它可能还活着，我晚上会睡不着的…
DIALOGUE_PODUNK_MIMMIE_DOLL_DEFEATED_SPEAKER_Mimmie,Mimmie,Mimmie,Mimmie,ミミー,미미,Mimmie,Mimmie,Mimmie,Mimmie,Mimmie,Мимми,Міммі,米米
DIALOGUE_PODUNK_MIMMIE_GOT_KEY_0,"[@]Woah, is that the basement key?","[@]Ouah, c'est la clé de la cave ?","[@]Wow, è quella la chiave del seminterrato?",[@]カギをとってきて　くれたのね！,"[@]와, 지하실 열쇠야?","[@]Guau, ¿esa es la llave del sótano?",[@]¡Hala! ¿Es esa la llave del sótano?,"[@]Uau, essa é a chave do porão?","[@]Cholibka, czyżby to był klucz do piwnicy?","[@]Boah, ist das der Kellerschlüssel?","[@]О, это ключ от кладовки?","[@]Ого, це ключ від підвалу?",[@]哇，那是地下室的钥匙吗？
DIALOGUE_PODUNK_MIMMIE_GOT_KEY_1,"[@]Quick, open the basement and I'll find all of the Orange Juice for you!",[@]Ouvre vite la porte de la cave pour que j'aille te chercher le stock de Jus d'orange ¦,"[@]Forza, apri il seminterrato e ti troverò tutto il Succo d'arancia!",[@]ちかしつを　あけてくれたら\nジュースを　とってこれるんだけど・・・。,[@]빨리 지하실 열어주면 오렌지 주스 줄게.,"[@]Rápido, ¡abre el sótano y te daré todo el Jugo de naranja que quieras!","[@]¡Rápido, abre el sótano y te traeré todo el Zumo de naranja que quieras!","[@]Rápido, se você abrir a porta, eu posso buscar todo o Suco de Laranja que tem lá para você!","[@]Szybko, otwórz piwnicę, a znajdę dla ciebie cały Sok Pomarańczowy!","[@]Schnell, ich geh in den Keller und schnapp uns den ganzen Orangensaft!","[@]Теперь быстренько открой её, и я достану тебе апельсиновый сок!","[@]Швиденько відкрий його, і я дістану тобі апельсиновий сік!",[@]快，把地下室打开，我把所有橙汁都给你找来！
DIALOGUE_PODUNK_MIMMIE_GOT_KEY_2,"[@]I'll let you know that there's a lifetime supply of Orange Juice in the basement.[WAIT@]If you unlock the basement, I'll find all of it for you.","[@]Je sais pas si t'es au courant, mais dans la cave, il y a un stock de Jus d'orange pour toute une vie ![WAIT@]Si tu ouvres la cave, j'irai te le chercher.","[@]Sappi che nel seminterrato c'è Succo d'arancia a volontà.[WAIT@]Se apri il seminterrato, te lo trovo io.",[@]きっと　たーっくさんのジュースがあるはずよ！,[@]나도 지하실 가고 싶단 말이야![WAIT@]그러니까 빨리 열어줘.,"[@]Para que sepas hay un suministro de Jugo de naranja de por vida en el sótano.[WAIT@]Si puedes abrirlo, te lo traigo.","[@]En el sótano hay reservas de Zumo de naranja de por vida.[WAIT@]Si abres la puerta, te traeré todo el que quieras.","[@]Você sabia que tem um estoque de Suco de Laranja no porão para a vida toda?[WAIT@]Se você abrir a porta, eu posso buscar para você.","[@]Powiem ci, że w piwnicy jest dożywotni zapas Soku Pomarańczowego.[WAIT@]Jeśli otworzysz piwnicę, znajdę go dla ciebie.","[@]Im Keller ist ein ganzer Lebensvorrat an Orangensaft.[WAIT@]Wenn du den Keller öffnest, werd ich dir den ganzen Saft holen.","[@]Если что, в ней хранится пожизненный запас апельсинового сока.[WAIT@]Если ты её откроешь, я принесу столько, сколько захочешь.","[@]Якщо що, у ньому зберігається довічний запас апельсинового соку.[WAIT@]Відчини підвал і я принесу стільки, скільки забажаєш.",[@]我跟你说哦，地下室里有一辈子都喝不完的橙汁呢。[WAIT@]你要是把地下室的门打开，我就帮你把所有橙汁都找出来哦。
DIALOGUE_PODUNK_MIMMIE_GOT_KEY_SPEAKER_Mimmie,Mimmie,Mimmie,Mimmie,ミミー,미미,Mimmie,Mimmie,Mimmie,Mimmie,Mimmie,Мимми,Міммі,米米
DIALOGUE_PODUNK_MIMMIE_JUICE_1,"[@]Here, have some Orange Juice.","[@]Tiens, prends du Jus d'orange.","[@]Ecco, tieni un po' di Succo d'arancia.",[@]はい！　おにいちゃん　オレンジジュース！,"[@]자, 오렌지 주스!","[@]Toma, un poco de juguito.","[@]Toma, ten un poco.","[@]Aqui, toma um suquinho.","[@]Masz, napij się Soku Pomarańczowego.","[@]Hier, nimm etwas Orangensaft.",[@]Держи апельсиновый сок.,[@]Тримай апельсиновий сік.,[@]来，喝点橙汁吧。
DIALOGUE_PODUNK_MIMMIE_JUICE_2,[@][ItemReceiver] got some Orange Juice.,[@][ItemReceiver] obtient du Jus d'orange.,[@][ItemReceiver] ha ricevuto del Succo d'arancia.,[@][ItemReceiver]は　オレンジジュースを　てにいれた。,[@][ItemReceiver][particle:ItemReceiver:0] 오렌지 주스를 받았다.,[@][ItemReceiver] obtuvo un Jugo de naranja.,[@][ItemReceiver] ha conseguido Zumo de naranja.,[@][ItemReceiver] conseguiu um Suco de Laranja!,[@][ItemReceiver] dostał[ReceiverArt4] Sok Pomarańczowy.,[@][ItemReceiver] erhielt etwas Orangensaft.,[@][ItemReceiver] получил[ReceiverArt6] апельсиновый сок.,[@][ItemReceiver] отрима[ReceiverArt6] апельсиновий сік.,[@][ItemReceiver]获得了一些橙汁。
DIALOGUE_PODUNK_MIMMIE_JUICE_3,[@]You're carrying too much stuff.,[@]Tu portes déjà trop de trucs.,[@]Hai troppi oggetti.,[@]これいじょうは　もてない。,[@]주스 넣을 공간이 없는 거 같네.,[@]Estás cargando muchas cosas.,[@]Llevas demasiadas cosas.,[@]Você está carregando muitas coisas.,[@]Nosisz zbyt dużo rzeczy.,[@]Du trägst zu viel Zeug.,[@]У тебя слишком много вещей.,[@]У тебе занадто багато речей.,[@]你携带的东西了太多了。
DIALOGUE_PODUNK_MIMMIE_JUICE_SPEAKER_Mimmie,Mimmie,Mimmie,Mimmie,ミミー,미미,Mimmie,Mimmie,Mimmie,Mimmie,Mimmie,Мимми,Міммі,米米
DIALOGUE_PODUNK_MIMMIE_JUICE_SPEAKER_Minnie,Minnie,Minnie,Minnie,ミニー,미니,Minnie,Minnie,Minnie,Minnie,Minnie,Минни,Мінні,米妮
DIALOGUE_PODUNK_MIMMIE_KEY_0,"[@]The Basement Key?[WAIT@]Ah, I see...[WAIT@]So you're also after the secret treasure in the basement, aren't you?[WAIT@]I'm talking about the lifetime supply of Orange Juice.[WAIT@]Unfortunately, the basement is locked right now.[WAIT@]I tried asking mom where the key is, but she won't tell me.[WAIT@]Maybe she'll listen to you, though. Try asking her.","[@]La clé de la cave ?[WAIT@]Ah oui, j'ai compris...[WAIT@]Toi aussi, t'es en quête du trésor caché dans la cave ?[WAIT@]Je parle évidemment du stock de Jus d'orange pour toute une vie ![WAIT@]Mais malheureusement, la cave est fermée à clé.[WAIT@]J'ai essayé de demander à maman où était la clé, mais elle veut pas me le dire.[WAIT@]Mais peut-être que toi, elle t'écoutera. Essaye de lui demander.","[@]La chiave del seminterrato?[WAIT@]Ah, ho capito...[WAIT@]Quindi anche tu cerchi il tesoro nascosto nel seminterrato, vero?[WAIT@]Parlo del Succo d'arancia a volontà, ovviamente.[WAIT@]Purtroppo, ora di là è chiuso, non si può entrare.[WAIT@]Ho provato a chiedere dov'è la chiave alla mamma, ma non me lo dice.[WAIT@]Forse a te ascolta, però. Dai, prova tu a chiederglielo.",[@]なぁに？　おにいちゃん。[DELAY]\nちかしつのカギが　どこって？[WAIT@]そっか　わかった！[WAIT@]おにいちゃんも　ジュースがのみたいのね？[WAIT@]おなか　たぷんたぷんに　なるまで\nジュースがのみたいって　おもってるんでしょ？[WAIT@]でもね　ちかしつに　ジュースが　あるんだけど[DELAY:4]\nママが　カギをかけて　しまっちゃってるのよ。[WAIT@]ママにおねがいしても　カギをあけてくれないの。[WAIT@]・・・そうだ！[DELAY]　おにいちゃんが　おねがいすれば\nカギを　あけて　くれるかも！,"[@]지하실 열쇠?[WAIT@]아, 알겠다![WAIT@]오빠도 지하실에 숨겨진 보물을 노리는 거지?[WAIT@]나도 지하실 가고 싶어![WAIT@]근데 지금은 잠겨있어...[WAIT@]엄마한테 물어봤는데 알려주지도 않아...[WAIT@]오빠가 한번 물어봐 줘.","[@]¿La llave del sótano?[WAIT@]Ah, ya veo...[WAIT@]Así que tú también estás buscando el tesoro escondido, ¿no?[WAIT@]Estoy hablando del suministro de por vida de Jugo de naranja.[WAIT@]Desafortunadamente, el sótano está cerrado ahora mismo.[WAIT@]Intenté preguntarle a mamá dónde está la llave, pero no me lo quiere decir.[WAIT@]Aunque tal vez ella sí te escuche. Intenta preguntarle.","[@]¿La llave del sótano?[WAIT@]Ah, ya veo...[WAIT@]¿Tú también buscas el tesoro secreto del sótano?[WAIT@]¡Me refiero al suministro de por vida de Zumo de naranja![WAIT@]Por desgracia, el sótano está cerrado con llave.[WAIT@]Intenté preguntarle a mamá dónde está la llave, pero no me lo quiere decir.[WAIT@]A lo mejor a ti sí te lo dice. Prueba a preguntarle.","[@]A Chave do Porão?[WAIT@]Ah, saquei...[WAIT@]Então você também está procurando o tesouro escondido do porão, né?[WAIT@]Estou falando do estoque de Suco de Laranja para a vida toda.[WAIT@]Infelizmente, o porão está trancado agora.[WAIT@]Eu tentei perguntar pra mamãe onde está a chave, mas ela não quer me contar.[WAIT@]Mas talvez ela conte pra você. Tenta perguntar para ela.","[@]Klucz do piwnicy?[WAIT@]Ach, rozumiem...[WAIT@]Więc ty także szukasz tajemniczego skarbu w piwnicy, czyż nie?[WAIT@]Mówię o dożywotnim zapasie Soku Pomarańczowego.[WAIT@]Niestety piwnica jest teraz zamknięta.[WAIT@]Próbowałam zapytać mamę, gdzie jest klucz, ale nie chce mi powiedzieć.[WAIT@]Może jednak ciebie posłucha. Spróbuj ją zapytać.","[@]Der Kellerschlüssel?[WAIT@]Ah, verstehe ...[WAIT@]Du bist also auch hinter dem Geheimschatz im Keller her, oder?[WAIT@]Ich rede über den Lebensvorrat an Orangensaft.[WAIT@]Leider ist der Keller verschlossen.[WAIT@]Ich habe Mama gefragt, wo der Schlüssel ist, aber sie sagt es mir nicht.[WAIT@]Aber versuch du mal, sie zu fragen. Vielleicht hört sie ja auf dich.","[@]Ключ от кладовки?[WAIT@]А, поняла...[WAIT@]Получается, ты тоже ищешь спрятанное в кладовке сокровище?[WAIT@]Я имею в виду пожизненный запас апельсинового сока.[WAIT@]Жаль, что сейчас она закрыта.[WAIT@]Я спрашивала маму, где ключ, но она мне ничегошеньки не говорит.[WAIT@]Может, хотя бы тебя послушает. Попробуй спросить её.","[@]Ключ від підвалу?[WAIT@]А, зрозуміло...[WAIT@]Виходить, ти теж шукаєш захований там скарб?[WAIT@]Я про довічний запас апельсинового соку.[WAIT@]Шкода, що зараз він закритий.[WAIT@]Я питала маму, де ключ, але вона мені нічого не говорить.[WAIT@]Може, хоча б тебе послухає. Спробуй спитати її.",[@]地下室钥匙？[WAIT@]啊，我懂了…[WAIT@]所以你也是冲着地下室的秘密宝藏来的吧？[WAIT@]我说的就是那一辈子都喝不完的橙汁。[WAIT@]可惜，地下室现在锁着呢。[WAIT@]我问过妈妈钥匙在哪儿，可她不肯告诉我。[WAIT@]不过，说不定她会听你的，你去问问她吧。
DIALOGUE_PODUNK_MIMMIE_KEY_7,"[@]If you manage to unlock the basement, I'll find all of the Orange Juice for you.","[@]Si tu trouves le moyen d'ouvrir la cave, je m'occuperai d'aller te chercher le Jus d'orange.","[@]Se riesci ad aprire il seminterrato, ti troverò tutto il Succo d'arancia che vuoi.",[@]カギをあけて　くれたら　おにいちゃんのぶんの\nオレンジジュースも　のこしておいて　あげるね！,[@]지하실 열어주면 오렌지 주스 줄게!,"[@]Si logras abrir el sótano, encontraré el Jugo de naranja por ti.","[@]Si consigues abrir el sótano, te traeré todo el zumo que quieras.","[@]Se você conseguir destrancar o porão, eu posso pegar o Suco de Laranja para você.","[@]Jeśli uda ci się otworzyć piwnicę, znajdę dla ciebie cały Sok Pomarańczowy.","[@]Wenn du es schaffst, den Keller zu öffnen, werde ich den ganzen Orangensaft für dich suchen.","[@]Если ты всё-таки откроешь кладовку, то я достану тебе апельсиновый сок.","[@]Якщо все ж таки відчиниш підвал, то я дістану тобі апельсиновий сік.",[@]你要是能把地下室打开，我就帮你把里面所有的橙汁都找出来哦。
DIALOGUE_PODUNK_MIMMIE_KEY_AGAIN_0,"[@]I tried asking mom where the key is, but she won't tell me.[WAIT@]Maybe she'll listen to you, though. Try asking her.[WAIT@]If you manage to unlock the basement, I'll find all of the Orange Juice for you.","[@]J'ai essayé de demander à maman où était la clé, mais elle veut pas me le dire.[WAIT@]Mais peut-être que toi, elle t'écoutera. Essaye de lui demander.[WAIT@]Si tu trouves le moyen d'ouvrir la cave, je m'occuperai d'aller te chercher le Jus d'orange.","[@]Ho provato a chiedere dov'è la chiave alla mamma, ma non me lo dice.[WAIT@]Forse a te ascolta, però. Dai, prova tu a chiederglielo.[WAIT@]Se riesci ad aprire il seminterrato, ti troverò tutto il Succo d'arancia che vuoi.",[@]わたしが　いっても　ママは\nちかしつを　あけて　くれないの。[WAIT@]でも　おにいちゃんが　ママにたのめば\nきっと　あけて　くれるわ！[WAIT@]そしたら　おにいちゃんにも\nオレンジジュース　たくさん　あげるからね！,[@]엄마한테 물어봤는데 알려주지도 않아...[WAIT@]오빠가 한번 물어봐 줘.[WAIT@]지하실 문 열어주면 오렌지 주스 줄게!,"[@]Intenté preguntarle a mamá dónde está la llave, pero no me lo quiere decir.[WAIT@]Aunque tal vez ella sí te escuche. Intenta preguntarle.[WAIT@]Si logras abrir el sótano, encontraré el Jugo de naranja por ti.","[@]He intentado preguntarle a mamá dónde está la llave, pero no me lo quiere decir.[WAIT@]Tal vez a ti sí te lo diga. Intenta preguntarle.[WAIT@]Si consigues abrir el sótano, te traeré todo el Zumo de naranja que quieras.","[@]Eu tentei perguntar pra mamãe onde está a chave, mas ela não quer me contar.[WAIT@]Mas talvez ela conte pra você. Tenta perguntar para ela.[WAIT@]Se você conseguir destrancar o porão, eu posso pegar o Suco de Laranja para você.","[@]Próbowałam zapytać mamę, gdzie jest klucz, ale nie chce mi powiedzieć.[WAIT@]Może jednak ciebie posłucha. Spróbuj ją zapytać.[WAIT@]Jeśli uda ci się otworzyć piwnicę, znajdę dla ciebie cały Sok Pomarańczowy.","[@]Ich habe Mama gefragt, wo der Schlüssel ist, aber sie sagt es mir nicht.[WAIT@]Aber versuch du mal, sie zu fragen. Vielleicht hört sie ja auf dich.[WAIT@]Wenn du es schaffst, den Keller zu öffnen, werde ich den ganzen Orangensaft für dich suchen.","[@]Я спрашивала маму, где ключ, но она мне ничегошеньки не говорит.[WAIT@]Может, хотя бы тебя послушает. Попробуй спросить её.[WAIT@]Если ты всё-таки откроешь кладовку, то я достану тебе апельсиновый сок.","[@]Я питала маму, де ключ, але вона мені нічого не говорить.[WAIT@]Може, хоча б тебе послухає. Спробуй спитати її.[WAIT@]Якщо все ж таки відчиниш підвал, то я дістану тобі апельсиновий сік.",[@]我问过妈妈钥匙在哪儿，可她不肯告诉我。[WAIT@]不过，说不定她会听你的，你去问问她吧。[WAIT@]你要是能把地下室打开，我就帮你把里面所有的橙汁都找出来哦。
DIALOGUE_PODUNK_MIMMIE_KEY_AGAIN_SPEAKER_Mimmie,Mimmie,Mimmie,Mimmie,ミミー,미미,Mimmie,Mimmie,Mimmie,Mimmie,Mimmie,Мимми,Міммі,米米
DIALOGUE_PODUNK_MIMMIE_KEY_SPEAKER_Mimmie,Mimmie,Mimmie,Mimmie,ミミー,미미,Mimmie,Mimmie,Mimmie,Mimmie,Mimmie,Мимми,Міммі,米米
DIALOGUE_PODUNK_MIMMIE_OPEN_BASEMENT_0,[@]You opened up the basement?[WAIT@]Great! Let me grab all the Orange Juice.,[@]T'as ouvert la porte de la cave ?[WAIT@]Trop bien ! Laisse-moi aller chercher tout le Jus d'orange.,[@]Hai aperto il seminterrato?[WAIT@]Evviva! Vado a prendere il Succo d'arancia.,[@]ちかしつを　あけてくれたの？[WAIT@]やった！　じゃあジュースを\nこっそりと　とってくるわ。,[@]지하실 문 열었어?[WAIT@]좋았어! 오렌지 주스 줄게!,[@]¿Abriste la puerta del sótano?[WAIT@]¡Genial! Voy por el jugo.,[@]¿Has abierto la puerta del sótano?[WAIT@]¡Perfecto! Voy a por el Zumo de naranja.,[@]Você abriu o porão?[WAIT@]Legal! Deixa eu pegar o Suco de Laranja.,[@]Udało ci się otworzyć piwnicę?[WAIT@]Świetnie! Wezmę cały Sok Pomarańczowy.,[@]Du hast den Keller geöffnet?[WAIT@]Super! Lass mich den Orangensaft holen.,[@]Ты открыл кладовку?[WAIT@]Шик! Сейчас я принесу тебе апельсиновый сок.,[@]Ти відкрив підвал?[WAIT@]Чудово! Зараз принесу тобі апельсиновий сік.,[@]你把地下室打开了吗？[WAIT@]太好了！我这就去把橙汁全拿来。
DIALOGUE_PODUNK_MIMMIE_OPEN_BASEMENT_4,"[@]Here, you can have some.","[@]Tiens, tu peux en prendre.","[@]Ecco, tienine un po'.",[@]はい　おにいちゃんにも　あげるね。,"[@]자, 마셔봐!","[@]Ten, bebe un poco.","[@]Toma, aquí tienes un poco.","[@]Aqui, pegue um pouco.","[@]Masz, możesz się poczęstować.","[@]Hier, nimm etwas.","[@]Вот, бери.","[@]Ось, тримай.",[@]给你，哥哥也可以有一份。
DIALOGUE_PODUNK_MIMMIE_OPEN_BASEMENT_5,[@][ItemReceiver] got some Orange Juice!,[@][ItemReceiver] obtient du Jus d'orange !,[@][ItemReceiver] ha ricevuto del Succo d'arancia.,[@][ItemReceiver]は　オレンジジュースを　てにいれた。,[@][ItemReceiver][particle:ItemReceiver:0] 오렌지 주스를 받았다.,[@]¡[ItemReceiver] obtuvo un Jugo de naranja!,[@]¡[ItemReceiver] ha conseguido Zumo de naranja!,[@][ItemReceiver] conseguiu um Suco de Laranja!,[@][ItemReceiver] dostał[ReceiverArt4] Sok Pomarańczowy!,[@][ItemReceiver] erhielt etwas Orangensaft!,[@][ItemReceiver] получил апельсиновый сок.,[@][ItemReceiver] отрима[ReceiverArt6] апельсиновый сік.,[@][ItemReceiver]获得了一些橙汁！
DIALOGUE_PODUNK_MIMMIE_OPEN_BASEMENT_6,"[@]Oh wait, you're carrying too much stuff.","[@]Oh mince, tu portes déjà trop de trucs.","[@]Oh, aspetta, hai troppi oggetti.",[@]あら　もちきれないみたいね。,[@]주스 넣을 공간이 없는 거 같네.,"[@]Oh, espera, llevas muchas cosas.","[@]Oh, espera, llevas demasiadas cosas.","[@]Ah, peraí, você está carregando muitas coisas.","[@]Czekaj, masz za dużo rzeczy.","[@]Oh, du trägst zu viel Zeug.","[@]Погоди, у тебя слишком много вещей.","[@]Зачекай, у тебе забагато речей.",[@]哦不等一下，你携带的东西太多了。
DIALOGUE_PODUNK_MIMMIE_OPEN_BASEMENT_SPEAKER_Mimmie,Mimmie,Mimmie,Mimmie,ミミー,미미,Mimmie,Mimmie,Mimmie,Mimmie,Mimmie,Мимми,Міммі,米米
DIALOGUE_PODUNK_MIMMIE_OPEN_BASEMENT_SPEAKER_Minnie,Minnie,Minnie,Minnie,ミニー,미니,Minnie,Minnie,Minnie,Minnie,Minnie,Минни,Мінні,米妮
DIALOGUE_PODUNK_MINNIE_DOOR_OPEN_0,[@]Woah! You got the door to open![WAIT@]Now hurry up and check if Mimmie's okay!,[@]Ouah ! Tu as réussi à ouvrir la porte ![WAIT@]Maintenant va vite voir si Mimmie est saine et sauve !,"[@]Wow! Hai aperto la porta![WAIT@]Dai, vai a controllare se Mimmie sta bene!",[@]やった！ドアが　ひらいた！[WAIT@]はやくミミーを　たすけなきゃ！,[@]와아! 역시 오빠야![WAIT@]빨리 괜찮은지 확인하자!,[@]¡Guau! ¡Lograste abrir la puerta![WAIT@]¡Ahora apúrate y ve si Mimmie está bien!,"[@]¡Has conseguido abrir la puerta![WAIT@]¡Date prisa, ve a ver si Mimmie está bien!",[@]Uau! Você conseguiu abrir a porta![WAIT@]Agora vai logo e veja se a Mimmie está bem!,"[@]Łał! Udało ci się otworzyć drzwi![WAIT@]A teraz pospiesz się i sprawdź, czy z Mimmie wszystko w porządku!","[@]Boah! Du hast die Tür aufgemacht![WAIT@]Jetzt beeil dich und schau, ob Mimmie okay ist!",[@]Отлично! Ты смог открыть дверь![WAIT@]Скорее беги к Мимми!,[@]Чудово! Ти зміг відчинити двері![WAIT@]Швидше біжи до Міммі!,[@]哇！门打开了！[WAIT@]现在快去看看米米有没有事吧！
DIALOGUE_PODUNK_MINNIE_DOOR_OPEN_SPEAKER_Minnie,Minnie,Minnie,Minnie,ミニー,미니,Minnie,Minnie,Minnie,Minnie,Minnie,Минни,Мінні,米妮
DIALOGUE_PODUNK_MINNIE_PILLOW_DEFEATED_0,[@]Oh my! Our house is falling apart!,[@]Grand frère ! La maison est en train de s'effondrer !,[@]Oh no! La casa cade a pezzi!,[@]おうちが　こわれちゃうよう！,[@]으아! 집 무너진다!,"[@]¡Oh, cielos! ¡Nuestra casa se cae a pedazos!",[@]¡Hermanito! ¡La casa se está desmoronando!,[@]Ahh! Nossa casa está se despedaçando!,[@]O rety! Nasz dom się zawala!,[@]Oje! Unser Haus fällt auseinander!,[@]Мамочки! Наш дом рушится!,[@]Боже мій! Наш дім розвалюється!,[@]我的天！我们的房子就要塌了！
DIALOGUE_PODUNK_MINNIE_PILLOW_DEFEATED_SPEAKER_Minnie,Minnie,Minnie,Minnie,ミニー,미니,Minnie,Minnie,Minnie,Minnie,Minnie,Минни,Мінні,米妮
DIALOGUE_PODUNK_MINNIE_RUN_TUTORIAL_0,"[@]I can't get the door to open![WAIT@]Looks like we'll need to use brute force.[WAIT@][Ninten], do you need a reminder on how to run?","[@]J'arrive pas à ouvrir la porte ![WAIT@]Je crois qu'il va falloir forcer le passage.[WAIT@][Ninten], tu as besoin que je te rappelle comment on court ?","[@]Non riesco ad aprire la porta![WAIT@]Dovremo usare le maniere forti.[WAIT@][Ninten], vuoi che ti ricordi come si corre?",[@]どうしよう　おにいちゃん！\nドアが　うんともすんとも　いわないよ！[WAIT@]こうなったら　けやぶるしかないかも・・・。[WAIT@]おにいちゃん　[color]たいあたり[/color]の\nやりかたは　おぼえてる？,"[@]문이 잠겨있는 거 같아![WAIT@]힘으로 열어야 할 거 같은데...[WAIT@]오빠, 혹시 어떻게 달리는지 까먹었어?","[@]¡No puedo hacer que la puerta se abra![WAIT@]Parece que tendremos que usar la fuerza bruta.[WAIT@][Ninten], ¿necesitas que te recuerde cómo correr?","[@]¡No puedo abrir la puerta![WAIT@]Parece que tendremos que usar la fuerza bruta.[WAIT@][Ninten], ¿necesitas que te recuerde cómo correr?","[@]Não consigo abrir a porta![WAIT@]Parece que vamos ter que usar força bruta.[WAIT@][Ninten], quer que eu te lembre como faz para correr?","[@]Nie mogę otworzyć drzwi![WAIT@]Chyba będziemy musieli wyważyć je siłą.[WAIT@][Ninten], potrzebujesz przypomnienia jak biegać?","[@]Ich kriege die Tür nicht auf![WAIT@]Wir werden wohl rohe Gewalt anwenden müssen.[WAIT@][Ninten], musst du erinnert werden, wie du rennst?","[@]Я не могу открыть дверь![WAIT@]Видимо, придётся использовать силу.[WAIT@][Ninten], напомнить тебе, как бежать?","[@]Я не можу відчинити двері![WAIT@]Схоже, прийдеться виламати їх силою.[WAIT@][Ninten], тобі треба нагадати як бігти?",[@]我怎么也打不开门！[WAIT@]看来我们得用蛮力了。[WAIT@][Ninten]，需要我提醒你该怎么做吗？
DIALOGUE_PODUNK_MINNIE_RUN_TUTORIAL_2-OPT_0,Yes,Oui,Sì,おぼえていない,응,Sí,Sí,Sim,Tak,Ja,Да,Так,是
DIALOGUE_PODUNK_MINNIE_RUN_TUTORIAL_2-OPT_1,No,Non,No,おぼえている,아니,No,No,Não,Nie,Nein,Нет,Ні,否
DIALOGUE_PODUNK_MINNIE_RUN_TUTORIAL_3,"[@]This might sound odd, but imagine something called a [color][ui_toggle][/color] [if input:gamepad]button[else]key[/if].[WAIT@]Then, [color]hold[/color] that [if input:gamepad]button[else]key[/if] down [color]without moving to crouch.[/color][WAIT@]Once you're in that position, [color]release the [if input:gamepad]button[else]key[/if] to start running.[/color][WAIT@]You can also just [color]hold down[/color] the [color][ui_toggle][/color] [if input:gamepad]button[else]key[/if] while moving to run.","[@]Ça va peut-être te paraître bizarre, mais essaye d'imaginer une chose appelée [if input:gamepad]bouton[else]touche[/if] [color][ui_toggle][/color].[WAIT@]Ensuite, [color]maintiens[/color] [if input:gamepad]ce bouton enfoncé[else]cette touche enfoncée[/if] [color]sans bouger pour t'accroupir[/color].[WAIT@]Une fois que tu es dans cette position, [color]relâche [if input:gamepad]le bouton[else]la touche[/if] pour commencer à courir[/color].[WAIT@]Tu peux aussi simplement [color]maintenir[/color] [if input:gamepad]le bouton[else]la touche[/if] [color][ui_toggle][/color] tout en te déplaçant pour courir.","[@]Forse è strano, ma immagina un [if input:gamepad]pulsante[else]tasto[/if] [color][ui_toggle][/color].[WAIT@][color]Tienilo premuto senza muoverti per abbassarti[/color].[WAIT@]Poi, [color]lascialo per correre.[/color][WAIT@]Puoi anche [color]tenere premuto[/color] il [if input:gamepad]pulsante[else]tasto[/if] [color][ui_toggle][/color] mentre ti muovi per correre.",[@]いい？　まずは　[color][ui_toggle][/color][if input:gamepad]ボタン[else]キー[/if]\nというのをそうぞうして！[WAIT@]それから　[color][ui_toggle][/color][if input:gamepad]ボタン[else]キー[/if]を\n[color]ながめにおして[/color]　はなすのよ！[WAIT@]そうすれば　おにいちゃんは\n[color]ダッシュ[/color]が　できるはずよ！[WAIT@]それか　[color][ui_toggle][/color][if input:gamepad]ボタン[else]キー[/if]を[color]おしたまま[/color]\nうごいても　はしれるからね。,"[@]이상하게 들릴 수도 있지만, [color][ui_toggle][/color][if input:gamepad]버튼을[else]키를[/if][BR]생각해 봐.[WAIT@]생각했어? 그럼 그걸 [color]길게 눌렀다 떼[/color]는 상상을 해봐![WAIT@]그렇게 하면 [color]달릴 수[/color] 있어.[WAIT@]아니면 [color][ui_toggle][/color][if input:gamepad]버튼을[else]키를[/if] 누르면서 이동해도 돼!","[@]Esto puede sonar extraño, pero imagina algo llamado [if input:gamepad]el botón[else]la tecla[/if] [color][ui_toggle][/color].[WAIT@]Entonces, [color]mantén presionado[/color] [if input:gamepad]ese botón[else]esa tecla[/if] [color]sin moverte para agacharte.[/color][WAIT@]Ya cuando estés en esa posición, [color]sueltas [if input:gamepad]el botón[else]la tecla[/if] para comenzar a correr.[/color][WAIT@]También puedes [color]mantener presionado[/color] [if input:gamepad]el botón[else]la tecla[/if] [color][ui_toggle][/color] mientras te mueves para correr.","[@]Esto te puede sonar raro, pero imagina algo llamado [if input:gamepad]el botón[else]la tecla[/if] [color][ui_toggle][/color].[WAIT@]Entonces, [color]mantén[/color] pulsad[if input:gamepad]o ese botón[else]a esa tecla[/if] [color]sin moverte\npara agacharte.[/color][WAIT@]Una vez en esa posición, [color]suelta [if input:gamepad]el botón[else]la tecla[/if] para\nempezar a correr.[/color][WAIT@]También puedes [color]mantener pulsad[if input:gamepad]o[else]a[/if][/color] [if input:gamepad]el botón[else]la tecla[/if] [color][ui_toggle][/color] mientras te mueves para correr.","[@]Pode parecer estranho, mas imagine algo chamado [if input:gamepad]botão[else]tecla[/if] [color][ui_toggle][/color].[WAIT@]Aí, você [color]segura[/color] [if input:gamepad]esse botão[else]essa tecla[/if] [color]sem se mover para \nagachar[/color].[WAIT@]Aí, quando estiver pronto, [color]solte [if input:gamepad]o botão[else]a tecla[/if] para começar a correr[/color]![WAIT@]Você também pode só [color]segurar[/color] [if input:gamepad]o botão[else]a tecla[/if] [color][ui_toggle][/color] enquanto se move para correr.","[@]Zabrzmi to dziwnie, ale wyobraź sobie coś, co nazywa się [if input:gamepad]przyciskiem[else]klawiszem[/if] [color][ui_toggle][/color].[WAIT@]Następnie [color]przytrzymaj[/color] ten [if input:gamepad]przycisk[else]klawisz[/if] [color]bez poruszania się, aby kucnąć[/color].[WAIT@]Gdy znajdziesz się w tej pozycji, [color]puść [if input:gamepad]przycisk[else]klawisz[/if], by zacząć biec[/color].[WAIT@]Możesz także [color]przytrzymać[/color] [if input:gamepad]przycisk[else]klawisz[/if] [color][ui_toggle][/color] podczas poruszania się, aby biec.","[@]Das hört sich vielleicht komisch an, aber stelle dir [if input:gamepad]einen[else]eine[/if] [color][ui_toggle][if input:gamepad]-Knopf[else]-Taste[/if][/color] vor.[WAIT@]Dann [color]halte[/color] [if input:gamepad]den Knopf[else]die Taste[/if] [color]ohne dich zu bewegen, um dich hinzuhocken[/color].[WAIT@]Sobald du in der Hocke bist, [color]lasse [if input:gamepad]den Knopf[else]die Taste[/if] los, um zu rennen[/color].[WAIT@]Du kannst auch [if input:gamepad]den[else]die[/if] [color][ui_toggle][if input:gamepad]-Knopf[else]-Taste[/if] halten[/color], während du dich bewegst, um zu rennen.","[@]Прозвучит странно, но представь что-то вроде [if input:gamepad]кнопки[else]клавиши[/if] [color][ui_toggle][/color].[WAIT@]Теперь, [color]не двигаясь[/color], [color]зажми[/color] её, чтобы [color]присесть.[/color][WAIT@]Как крисядешь, [color]отпусти [ui_toggle][/color] — и ты [color]побежишь.[/color][WAIT@]Или же можешь бежать просто [color]зажимая [ui_toggle][/color] в движении!","[@]Може, прозвучить дивно, але спробуй уявити щось схоже на [if input:gamepad]кнопку[else]клавішу[/if] [color][ui_toggle][/color].[WAIT@][color]Утримай[/color] цю [if input:gamepad]кнопку[else]клавішу[/if], [color]не рухаючись, щоб присісти.[/color][WAIT@]Тоді, [color]відпусти [if input:gamepad]кнопку[else]клавішу[/if], і почнеш бігти.[/color][WAIT@]А ще можеш просто [color]утримувати[/color] [if input:gamepad]кнопку[else]клавішу[/if] [color][ui_toggle][/color] під час руху, щоб бігти.",[@]这听起来可能有点奇怪，你可以先想象一个叫作[color][ui_toggle][/color][if input:gamepad]按钮[else]的按键[/if]。[WAIT@]然后，[color]按住[/color]那个[if input:gamepad]按钮[else]按键[/if][color]并且保持静止来进入蹲伏状态[/color]。[WAIT@]一旦保持住那个姿势，[color]松开[if input:gamepad]按钮[else]按键[/if]就可以开始跑了[/color]。[WAIT@]或者你也可以在移动的同时[color]按住[/color][color][ui_toggle][/color][if input:gamepad]按钮[else]按键[/if]来直接跑。
DIALOGUE_PODUNK_MINNIE_RUN_TUTORIAL_7,[@]Try ramming into the door!,[@]Essaye d'enfoncer la porte !,[@]Prova a correre contro la porta!,[@]そのまま　ドアにむかって[color]ダッシュ[/color]をすれば\n[color]たいあたり[/color]になるわ！[WAIT@]がんばって！おにいちゃん！,[@]그럼 어서 열어보자!,[@]¡Intenta chocar contra la puerta!,[@]¡Intenta embestir contra la puerta!,[@]Tente arrombar a porta!,[@]Spróbuj staranować drzwi!,[@]Versuche die Tür zu rammen!,[@]Попробуй проломиться в дверь!,[@]Спробуй протаранити двері!,[@]快试试把门撞开吧！
DIALOGUE_PODUNK_MINNIE_RUN_TUTORIAL_SPEAKER_Minnie,Minnie,Minnie,Minnie,ミニー,미니,Minnie,Minnie,Minnie,Minnie,Minnie,Минни,Мінні,米妮
DIALOGUE_PODUNK_MINNIE_STORAGE_0,[@]What can I do for you?,[@]Qu'est-ce que je peux faire pour toi ?,[@]Posso fare qualcosa per te?,[@]なぁに　おにいちゃん？,[@]맡겨줄까?,[@]¿Qué puedo hacer por ti?,[@]¿Qué puedo hacer por ti?,[@]O que eu posso fazer por você?,[@]Co mogę dla [if party:plural]was[else]ciebie[/if] zrobić?,[@]Was kann ich für [if party:plural]euch[else]dich[/if] tun?,[@]Тебе чем-то помочь?,[@]Тобі чимось допомогти?,[@]我能帮忙做点什么吗？
DIALOGUE_PODUNK_MINNIE_STORAGE_0-OPT_0,Storage,Stockage,Deposito,あずける,응,Almacenar,Almacenar,Armazenar,Przechowuj,Lagern,На хранение,Склад,寄存
DIALOGUE_PODUNK_MINNIE_STORAGE_0-OPT_1,"Nothing, really","En fait, rien","Niente, grazie",なんでもない,괜찮아,Nada realmente,Nada,Nada não,W sumie to nic,Eigentlich nichts,"Да нет, ничем","Взагалі, ні",没什么，真的
DIALOGUE_PODUNK_MINNIE_STORAGE_3,"[@]See you later, and take care!","[@]À plus tard, prends soin de toi !","[@]A dopo, fai attenzione!",[@]じゃあ　きをつけてね。,[@]필요할 때 또 와!,"[@]¡Nos vemos pronto, y cuídate!","[@]¡Hasta luego, cuídate!","[@]Até logo, se cuida!","[@]Do zobaczenia później, trzymaj[if party:plural]cie[/if] się!",[@]Bis dann und pass[if party:plural]t auf euch[else] auf dich[/if] auf!,"[@]Удачи, будь осторожен!",[@]До зустрічі! Будь обережним!,[@]回头见，保重！
DIALOGUE_PODUNK_MINNIE_STORAGE_SPEAKER_Minnie,Minnie,Minnie,Minnie,ミニー,미니,Minnie,Minnie,Minnie,Minnie,Minnie,Минни,Мінні,米妮
DIALOGUE_PODUNK_MOUSE_ADRENALINE_0,"[@](Have you ever heard of [color]adrenaline rushes[/color]?)[WAIT@](If you receive [color]mortal damage[/color], your body will be filled with adrenaline.)[WAIT@](During an adrenaline rush, your [color]attack damage will be increased[/color]!)[WAIT@](Be careful though, the rush will only last while your [color]HP is dropping down to zero[/color].)","[@](Tu as déjà entendu parler des [color]poussées d'adrénaline[/color] ?)[WAIT@](Si tu subis des [color]dégâts mortels[/color], ton corps se remplira d'adrénaline.)[WAIT@](Pendant cette poussée d'adrénaline, [color]tes dégâts d'attaque augmenteront[/color] !)[WAIT@](Cela dit, fais attention, la poussée ne dure qu'un court instant, le temps que ton [color]compteur de PV descende à zéro[/color].)","[@](Hai presente le [color]cariche di adrenalina[/color]?)[WAIT@](Se ricevi [color]danni mortali[/color], sarai pieno di adrenalina.)[WAIT@](In quello stato, [color]infliggerai più danni[/color]!)[WAIT@](Bada bene, però. Questo durerà solo finché i tuoi [color]PS stanno scendendo verso lo zero[/color].)",[@]（[color]ききてきじょうたい[/color]って　しってるでやんすか？\n[DELAY:5]そうそう　HPバーのよこの　あかい[color]！[/color]マーク。)[WAIT@]([color]ちめいてきなダメージ[/color]をうけたら　そのままだと\nHPが０になって　たおれちゃうでやんすよ。\n[DELAY:5]それが　[color]ききてきじょうたい[/color]。)[WAIT@](しかーし！　そのじょうたいなら　[DELAY:5]からだじゅうに\nアドレナリンがめぐりめぐって\n[color]てきにあたえるダメージがアップ[/color]　するんでやんす！)[WAIT@](うまく　つかえば　てきに　だいダメージを\nあたえることが　できると　おもうでやんすが[DELAY:3]\nたおれないように　きをつけてくだせぇ）,"[@]([color]아드레날린 러시[/color]에 대해 들어본 적 있어?)[WAIT@]([color]치명적인 피해[/color]를 받았을 때, 아드레날린이 과다\n분비되는데,)[WAIT@](그동안에는 [color]공격력이 증가[/color]한대.)[WAIT@](러시는 [color]HP가 0으로 떨어지는 동안만[/color] 지속되니\n조심해.)","[@](¿Has escuchado de las [color]descargas de adrenalina[/color]?))[WAIT@](Si recibes [color]daños mortales[/color], tu cuerpo se llenará de adrenalina.)[WAIT@](Durante la descarga de adrenalina, ¡tu [color]daño de ataque aumentará[/color]!)[WAIT@](Aunque ten cuidado, la descarga solo durará hasta que tus [color]PV caigan a cero[/color].)","[@](¿Has oído hablar de los [color]subidones de adrenalina[/color]?)[WAIT@](Si recibes [color]daños mortales[/color], tu cuerpo se llenará de adrenalina.)[WAIT@](Durante un subidón de adrenalina, tu [color]daño de ataque aumentará[/color].)[WAIT@](Pero ten cuidado, porque el subidón solo durará mientras tus [color]PV bajen hasta cero[/color].)","[@](Você já ouviu falar dos [color]picos de adrenalina[/color]?)[WAIT@](Se você recebeu [color]dano mortal[/color] em batalha, seu corpo ficará cheio de adrenalina.)[WAIT@](Durante um pico de adrenalina, o seu [color]dano de ataque aumenta[/color]!)[WAIT@](Mas tome cuidado, porque isso só dura enquanto o seu [color]HP estiver caindo para zero[/color].)","[@](Czy kiedykolwiek słyszałeś o [color]przypływie adrenaliny[/color]?)[WAIT@](Jeśli otrzymasz [color]śmiertelne obrażenia[/color], twoje ciało zostanie przepełnione adrenaliną.)[WAIT@](Podczas przypływu adrenaliny, [color]obrażenia które zadajesz zostaną zwiększone[/color]!)[WAIT@](Bądź jednak ostrożny, przypływ adrenaliny będzie trwał tylko wtedy, gdy twoje [color]HP spada do zera[/color].)","[@](Hast du schon mal von [color]Adrenalinschüben[/color] gehört?)[WAIT@](Wenn du [color]tödlichen Schaden[/color] erleidest, füllt sich dein Körper mit Adrenalin.)[WAIT@](Während einem Adrenalinschub wird dein [color]Angriffsschaden erhöht[/color]!)[WAIT@](Pass aber auf, denn der Schub hält nur so lange an, bis deine [color]KP auf Null fallen[/color].)","[@](Ты когда-нибудь слышал о [color]выбросе адреналина[/color]?)[WAIT@](Если ты получишь [color]фатальный урон[/color], всё твоё тело наполнится адреналином.)[WAIT@](Во время выброса [color]твои атаки станут сильнее[/color]!)[WAIT@](Но будь осторожен! Не дай своему [color]показателю ОЗ упасть до нуля[/color].)","[@](Ти колись чув про [color]сплески адреналіну[/color]?)[WAIT@](Якщо тобі буде завдано [color]смертельної шкоди[/color], твоє тіло заллється адреналіном.)[WAIT@](Під час сплеску адреналіну, твої [color]атаки будуть сильніші[/color]!)[WAIT@](Але обережно, сплеск триватиме лише поки твої [color]ОЗ падають до нуля[/color].)",[@]（你听说过[color]肾上腺素激增[/color]吗？）[WAIT@]（当你受到[color]致命伤害[/color]时，体内会充满肾上腺素。）[WAIT@]（在这期间，你的[color]攻击伤害将会提升[/color]！）[WAIT@]不过要注意，这种激增状态只会在你的[color]HP值降到零[/color]的这段时间内持续。）
DIALOGUE_PODUNK_MOUSE_ADRENALINE_SPEAKER_Noisy_Mouse,Nosy Mouse,Souris fouineuse,Topo ficcanaso,おせっかいなネズミ,박학다식한 쥐,Ratón chismoso,Ratón metomentodo,Rato Fofoqueiro,Ciekawska mysz,Mausige Maus,Любопытная мышь,Допитлива миша,多管闲事的老鼠
DIALOGUE_PODUNK_MOUSE_DOORS_0,"[@](Have you noticed that you can enter some buildings while some you cannot?)[WAIT@](As a house entering professional, I can say that doors that are [color]round[/color] or have a sign can be entered.)[WAIT@]([color]Rectangular doors[/color], on the other hand, [color]will not open[/color] no matter what.)[WAIT@](Although, if you try knocking on some of those doors, you might get an answer.)","[@](Tu as remarqué que tu pouvais entrer dans certains bâtiments et pas dans d'autres ?)[WAIT@](En tant que professionnelle de l'intrusion, je peux témoigner que les portes [color]arrondies[/color] ou accompagnées d'une enseigne peuvent être ouvertes.)[WAIT@](À l'inverse, les [color]portes rectangulaires[/color] sont [color]infranchissables[/color], quoi qu'il arrive.)[WAIT@](Cela dit, si tu essayes de frapper à certaines de ces portes, tu auras peut-être une réponse.)","[@](Hai notato che puoi entrare in alcuni edifici e in altri no?)[WAIT@](Io sono un professionista a infilarmi nelle case, e posso dirti che puoi entrare dove ci sono le porte [color]rotonde[/color] o con un cartello.)[WAIT@]([color]Non puoi entrare se la porta è rettangolare[/color], invece.)[WAIT@](Anche se magari potresti ricevere risposta se bussi.)",[@]（まちには　はいれる　いえと\nはいれない　いえが　あるって　しってたかい？)[WAIT@](まるいドアと　かんばんのあるドアは\nはいれる　いえ。)[WAIT@](それいがいの　ドアのいえに　はいろうとしても\nあたまを　ぶつけるだけでさぁ。)[WAIT@](もしかしたら　ノックしたら　へんじのある\nドアも　あるかも　しれませんがね。)[WAIT@](へっへっへっ　ほいじゃ　さいなら）,"[@](어떤 건물은 들어갈 수 있고 또 어떤 건물은 못\n들어가는 거 알고 있었어?)[WAIT@](주거침입 상습범으로서 조언해 주자면, 문 끝이\n[color]둥글[/color]거나 간판이 있는 문은 들어갈 수 있어.)[WAIT@](반면 끝이 [color]네모난[/color] 문은 [color]무슨 일이 있어도[/color] 열리지\n않아.)[WAIT@](혹시 몰라, 그런 문도 두드려보면 답을 얻을 수도.)","[@](¿Has notado que puedes ingresar a algunos edificios mientras que otros no?)[WAIT@](Como el allanador de casas profesional que soy, puedo aconsejarte que por las puertas que son [color]redondas[/color] o que tienen algún tipo de señal señal, se puede entrar.)[WAIT@](Las [color]puertas rectangulares[/color], por otro lado, [color]no se abrirán[/color] no importa qué hagas.)[WAIT@](Aunque, si intentas llamar a algunas de esas puertas, es posible que recibas respuestas.)","[@](¿Te has dado cuenta de que en algunos edificios puedes entrar, pero en otros no?)[WAIT@](Como el allanador de moradas profesional que soy, puedo decirte que por las puertas que son [color]redondas[/color] o tienen una señal, se puede pasar.)[WAIT@](Por las [color]puertas rectangulares[/color], sin embargo, [color]no podrás pasar[/color] bajo ningún concepto.)[WAIT@](Aunque si intentas llamar a alguna de esas puertas, puede que recibas respuesta.)","[@](Você já notou que consegue entrar em algumas casas e em outras não?)[WAIT@](Como profissional no ramo de entrar em casas, digo que dá para entrar em lugares com portas [color]redondas[/color] ou com placas.)[WAIT@]([color]Portas retangulares[/color], por outro lado, [color]não vão abrir[/color] de jeito nenhum.)[WAIT@](Porém, se você tentar bater em algumas dessas portas, talvez tenha alguma resposta.)","[@](Zauważyłeś, że do niektórych budynków możesz wejść, a do niektórych nie?)[WAIT@](Jako profesjonalista od wchodzenia do domów, stwierdzam, że można wejść do drzwi, które są [color]okrągłe[/color] lub są oznaczone znakiem.)[WAIT@](Z drugiej strony [color]prostokątne drzwi nie otworzą się[/color] bez wyjątku.)[WAIT@](Chociaż, jeśli spróbujesz zapukać do niektórych z tych drzwi, być może otrzymasz odpowiedź.)","[@](Ist dir aufgefallen, dass du manche Häuser betreten kannst, andere jedoch nicht?)[WAIT@](Als professioneller Hausbetreter kann ich dir sagen, dass [color]runde[/color] Türen, sowie welche mit einem Schild betretbar sind.)[WAIT@]([color]Rechteckige Türen[/color] dagegen können [color]nicht betreten werden[/color].)[WAIT@](Wobei du vielleicht eine Antwort bekommst, wenn du an diese Türen klopfst.","[@](Ты замечал, что в какие-то здания ты можешь зайти, а в какие-то — нет?)[WAIT@](Я как специалист по проникновению могу сказать, что войти можно в дома [color]с полукруглыми дверями[/color], а также — в дома [color]с вывесками и табличками[/color].)[WAIT@](А в те, что с [color]прямоугольными дверями[/color], как ни старайся, [color]войти не получится[/color]!)[WAIT@](Однако, если постучаться в некоторые из них,\nтебе могут ответить.)","[@](Ти помічав, що в якісь будівлі можеш зайти, а в якісь — ні?)[WAIT@](Як фахівець з проникнення, можу сказати, що увійти дозволено в будинки [color]з напівкруглими дверима[/color], а також [color]з вивісками і табличками[/color].)[WAIT@](А в ті, що з [color]прямокутними дверима[/color], як не намагайся, [color]не увійдеш[/color]!)[WAIT@](Однак якщо постукатися в деякі з них, тобі можуть відповісти.)",[@]（你有没有注意到呢，有些建筑能进去，但有些建筑却不行？）[WAIT@]（作为一个进宅专业人士，我可以这么说：[BR]那些[color]圆形的门[/color]的或者挂有招牌的门是可以进入的。）[WAIT@]（而另一方面，那些[color]长方形的门[/color]不管你用什么办法都[color]无法打开[/color]。）[WAIT@]（不过要是你试着去敲敲，说不定也有人会回应呢。）
DIALOGUE_PODUNK_MOUSE_DOORS_SPEAKER_Noisy_Mouse,Nosy Mouse,Souris fouineuse,Topo ficcanaso,おせっかいなネズミ,박학다식한 쥐,Ratón chismoso,Ratón metomentodo,Rato Fofoqueiro,Ciekawska mysz,Mausige Maus,Любопытная мышь,Допитлива миша,多管闲事的老鼠
DIALOGUE_PODUNK_MOUSE_PIPPI_0,"[@]PSI manifests itself in different forms.[WAIT@]Take the [color]red-haired girl[/color], for example.[WAIT@]She is able to charge into enemies and focus PSI through her hands to use a [color]dash attack[/color].[WAIT@]All she needs to do is imagine herself pressing a [color][ui_cancel][/color] [if input:gamepad]button[else]key[/if].","[@]La PSI se manifeste de manières differentes.[WAIT]Pour exemple, prends la [color]fille rousse[/color].[WAIT@]Elle peut foncer sur ses ennemis et canaliser la PSI à travers de ses mains pour faire une [color]attaque foncer[/color].[WAIT@]Elle a juste besoin d'imaginer quelle appuie sur [if input:gamepad]le bouton[else]la touche[/if] [color][ui_cancel][/color].",,,,,,,,,,,
DIALOGUE_PODUNK_MOUSE_PIPPI_SPEAKER_Noisy_Mouse,Nosy Mouse,Souris Fouineuse,Topo ficcanaso,おせっかいなネズミ,박학다식한 쥐,Ratón chismoso,Ratón metomentodo,Rato Fofoqueiro,Ciekawska mysz,Mausige Maus,Любопытная мышь,Допитлива миша,多管闲事的老鼠
DIALOGUE_PODUNK_MOUSE_POISON_0,"[@](Be careful if you ever get [color]poisoned[/color] ([Poisoned]) out there!)[WAIT@](You might think it works the same as in Dragon Quest, but it's totally different!)[WAIT@](Instead of taking damage each turn, it'll make your [color]HP drop faster[/color] than usual after taking a hit.)[WAIT@](This means you'll have to act more quickly if you've taken mortal damage.)","[@](Fais attention à ne pas te faire [color]empoisonner[/color] ([Poisoned]), par ici ¦)[WAIT@](Le poison a un effet bien particulier.)[WAIT@](Tu penses peut-être qu'il agit comme dans Dragon Quest, mais ce n’est pas le cas !)[WAIT@](Au lieu de subir des dégâts à chaque tour, tu verras [color]tes PV descendre plus vite[/color] que d'habitude après une attaque ennemie.)[WAIT@](Cela signifie que tu devras agir plus rapidement si tu subis des dégâts mortels.)","[@](Non farti [color]avvelenare[/color] ([Poisoned])!)[WAIT@](Penserai che funziona come in Dragon Quest, ma non è così!)[WAIT@](Invece di prendere danno ogni turno, farà [color]scendere i tuoi PS più in fretta[/color] del normale se ricevi danno.)[WAIT@](Significa che dovrai agire più velocemente in caso di danno mortale.)",[@]（[color]どく[/color]([Poisoned])には　ちゅういしなされよ。[WAIT@][color]どく[/color]に　おかされているときは\n[DELAY]こうげきをうけたときに　[color]ＨＰのへる　そくど[/color]が[BR]いつもより　[color]はやくなる[/color]んでね。[WAIT@]フィールドで　あるいている　ときや[BR]ターンごとに　ダメージは　うけないでやんすがね。[WAIT@]むらさきっぽく　なってたら　[color]どく[/color]。[BR][DELAY]どくろのマークが　でてても　[color]どく[/color]。[BR][DELAY]おぼえといて　くだせぇ。）  ,[@](만약 [color]중독[/color]([Poisoned])에 걸렸다면 빨리 치료하는 게 좋아.)[WAIT@](드래곤 퀘스트를 생각하고 방심했다간 게임 오버 화면을 보게될거야!)[WAIT@](HP가 떨어지는 속도가 어마어마하게 [color]빨라질[/color] 테니까! 그러니 HP가 떨어지는 속도가 느린 점을 이용한 플레이는 힘들어지는 거지.),"[@](¡Ten cuidado si es que terminas [color]envenenado[/color] ([Poisoned]) por ahí!)[WAIT@](Puede que pienses que funciona igual que en un RPG clásico, ¡pero es totalmente diferente!)[WAIT@](En vez de tomar daño cada turno, hará que tus [color]PV rueden hacia abajo más rápido[/color] de lo usual después de un ataque.)[WAIT@](Esto significa que tendrás que actuar más rápido si recibes daños mortales.)","[@](¡Ten mucho cuidado con el [color]envenenamiento[/color] ([Poisoned])!)[WAIT@](Podrás pensar que funciona de forma similar a Dragon Quest, pero es totalmente diferente.)[WAIT@](En lugar de recibir daño cada turno, el envenenamiento hará que tus [color]PV bajen más rápido[/color] de lo normal.)[WAIT@](Esto significa que tendrás que actuar más rápido si recibes daños mortales.)","[@](Cuidado para não acabar [color]envenenado[/color] ([Poisoned]) por aí!)[WAIT@](Talvez você pense que funciona do mesmo jeito que em Pokémon, mas é completamente diferente!)[WAIT@](Ao invés de receber dano a cada turno, o seu [color]HP vai diminuir mais rápido[/color] que o normal quando for atacado.)[WAIT@](Isso quer dizer que você terá que agir mais rapidamente quando receber dano mortal.)","[@](Uważaj, aby nie dać się [color]otruć[/color] ([Poisoned])!)[WAIT@](Może myślisz, że działa to tak samo jak w Dragon Quest'cie, ale nic bardziej mylnego!)[WAIT@](Zamiast zadawać obrażenia co turę, twoje [color]HP będzie spadać szybciej[/color] niż zwykle po trafieniu.)[WAIT@](Oznacza to, że będziesz musiał działać szybciej, jeśli doznasz śmiertelnych obrażeń.)","[@](Pass auf, dass du nicht [color]vergiftet[/color] ([Poisoned]) wirst!)[WAIT@](Du denkst, das ist ein leichtes Spiel für dich, aber wir sind hier nicht unterwegs in Düsterburg!)[WAIT@](Anstatt jede Runde Schaden zu nehmen, lässt es bei einem Treffer deine [color]KP schneller fallen[/color].)[WAIT@](Das heißt auch, du musst schneller handeln, wenn du tödlich verletzt wurdest.)","[@](Будь осторожен — не получи [color]отравление[/color] ([Poisoned]).)[WAIT@](Обрати внимание, что оно работает не так,\nкак в тех же классических JRPG!)[WAIT@](Твои ОЗ будут снижаться только после получения урона, но быстрее обычного.)[WAIT@](А это значит — действуй быстро! Особенно, если получил фатальный урон.)","[@](Будь обережний — не [color]отруїся[/color] ([Poisoned])!)[WAIT@](Тобі може здатися, що тут отруєння працює як у класичних RPG, але це зовсім не так!)[WAIT@](Замість втрати ОЗ, [color]вони будуть знижуватися швидше[/color], ніж зазвичай після удару.)[WAIT@](Це означає, що прийдеться діяти швидше, коли тобі буде завдано фатальної шкоди.)",[@]（在外面要是不慎[color]中毒[/color]（[Poisoned]）了，一定要小心！）[WAIT@]（你可能以为它和《勇者斗恶龙》里的中毒效果一样，但其实完全不同！）[WAIT@]（它不是每回合自动扣血，而是会让你在受到攻击后，[color]HP下降得比平时更快[/color]。）[WAIT@]（这意味着如果你受到了致命伤害，就必须更快地采取行动。）
DIALOGUE_PODUNK_MOUSE_POISON_SPEAKER_Noisy_Mouse,Nosy Mouse,Souris fouineuse,Topo ficcanaso,おせっかいなネズミ,박학다식한 쥐,Ratón chismoso,Ratón metomentodo,Rato Fofoqueiro,Ciekawska mysz,Mausige Maus,Любопытная мышь,Допитлива миша,多管闲事的老鼠
DIALOGUE_PODUNK_MOUSE_TEA_0,"[@](You must be feeling pretty worn out from battle right now.)[WAIT@](Why not take a break then?)[WAIT@](I heard drinking tea from a [color]blue kettle[/color] can make you feel [color]good as new[/color].)[WAIT@](I would have some myself, but I'm too short to reach it.)","[@](Tu dois te sentir fatigué[LeadArt6] de tous ces combats.)[WAIT@](Pourquoi ne pas prendre une pause ?)[WAIT@](Il paraît que si tu prends un thé qui a infusé dans une [color]théière bleue[/color], tu te sentiras [color]complètement revigoré[LeadArt6][/color].)[WAIT@](J'en prendrais bien un moi-même, mais je suis trop petite pour l'atteindre.)","[@](Devi essere proprio stanco per colpa dei combattimenti.)[WAIT@](Perché non fare una pausa?)[WAIT@](Ho saputo che bere il tè da un [color]bollitore blu[/color] ti farà sentire [color]come nuovo[/color].)[WAIT@](Me ne berrei un po' anche io, ma non ci arrivo.)",[@]（たたかいで　つかれてないかい？)[WAIT@](ちょっと　ひといき　ついたらいかがかね？)[WAIT@](やかんのおちゃを　のめば\nリラックス　できるらしいでっせ。)[WAIT@](あっしも　のみたいんだけど\nいかんせん　せが　とどかなくてね・・・）,[@](아마 지금쯤이면 전투에 지쳐있겠지?)[WAIT@](쉴 땐 쉬어야지.)[WAIT@](이 [color]파란 주전자[/color]에 담긴 차를 마시면 새로 태어난 것\n같이 회복된다고.)[WAIT@](나도 마셔보고 싶은데... 키가 안 닿아서 마셔보진 못\n하겠어.),"[@](Debes sentirte bastante agotad[LeadArt6] por la batalla en este momento.)[WAIT@](¿Por qué no tomas un descanso?)[WAIT@](Escuché que tomando té de una [color]tetera azul[/color] te hace sentir [color]como nuevo[/color].)[WAIT@](Yo también tomaría un poco, pero soy muy pequeño como para alcanzarla.)","[@](El fragor de la batalla debe ser bastante agotador.)[WAIT@](¿Por qué no te tomas un descanso?)[WAIT@](He oído que beber té de una [color]tetera azul[/color] te hará sentir [color]como nuevo[/color].)[WAIT@](Yo también tomaría un poco, pero no llego a la tetera.)","[@](Você deve estar se sentindo cansado depois de tanto lutar.)[WAIT@](Que tal descansar um pouco?)[WAIT@](Ouvi dizer que o chá de uma [color]chaleira azul[/color] pode te [color]revigorar completamente[/color]!)[WAIT@](Eu pegaria um pouco para mim, mas sou muito pequeno para alcançar a chaleira.)","[@](Zapewne czujesz się już zmęczony walką.)[WAIT@](Dlaczego więc nie zrobisz sobie przerwy?)[WAIT@](Słyszałem, że picie herbaty z [color]niebieskiego czajnika[/color] może sprawić, że poczujesz się [color]jak nowy[/color].)[WAIT@](Sam bym się napił, ale jestem za niski, żeby dosięgnąć.)","[@](Du musst dich ziemlich erschöpft vom Kämpfen fühlen.)[WAIT@](Warum nimmst du dir dann nicht eine Pause?)[WAIT@](Ich habe gehört, dass du dich [color]wie neu fühlst[/color], wenn du aus der [color]blauen Kanne[/color] trinkst.)[WAIT@](Ich würde ja selbst gerne was trinken, aber dafür ich bin zu klein.)","[@](Ноги, наверное, так и валятся после этих изнуряющих битв?)[WAIT@](Почему бы не сделать перерыв?)[WAIT@](Говорят, если попить чаю из [color]голубого чайника[/color], то ты снова [color]будешь полон сил[/color].)[WAIT@](Я бы и сама попила, да только я маленькая и не дотягиваюсь.)","[@](Ти, напевно, вже ледве тримаєшся на ногах після всіх цих бійок.)[WAIT@](Чому б не зробити перерву?)[WAIT@](Кажуть, якщо попити чаю з [color]блакитного чайника[/color], знову [color]будеш повний сил[/color].)[WAIT@](Я би й сама попила, та тільки маленька, не дотягуюся.)",[@]（你现在一定因为战斗而感到相当疲惫了吧）。[WAIT@]（那为什么不休息一下呢？）[WAIT@]（我听说用[color]蓝色茶壶[/color]泡茶喝能让人感到[color]恢复如初[/color]哦。）[WAIT@]（我其实也很想喝点，但是我太矮了根本够不着啊。）
DIALOGUE_PODUNK_MOUSE_TEA_SPEAKER_Noisy_Mouse,Nosy Mouse,Souris fouineuse,Topo ficcanaso,おせっかいなネズミ,박학다식한 쥐,Ratón chismoso,Ratón metomentodo,Rato Fofoqueiro,Ciekawska mysz,Mausige Maus,Любопытная мышь,Допитлива миша,多管闲事的老鼠
DIALOGUE_PODUNK_NATALIA_0,[@]A little ginger girl strayed into the cemetery earlier.[WAIT@]Her mother's worried sick right now!,[@]Une petite fille rousse s'est égarée dans le cimetière tout à l'heure.[WAIT@]Sa mère se meurt d'inquiétude !,[@]Poco fa una ragazzina con i capelli rossi è entrata nel cimitero.[WAIT@]Sua madre è preoccupatissima!,[@]はかばに　こどもが　まよいこんだっていうけど\nたすかったのかなぁ。[WAIT@]きっと　おかあさんも　しんぱいしてるはずよね。,[@]방금 전에 어떤 말괄량이 같은 꼬마가 무덤으로\n뛰어가는 걸 봤어.[WAIT@]그 꼬마 어머니가 많이 걱정하고 있던데... 괜찮을까?,[@]Una niña pelirroja se ha perdido en el cementerio.[WAIT@]¡Su madre está muy preocupada ahora mismo!,[@]Una niña pelirroja se ha perdido en el cementerio.[WAIT@]¡Su madre debe de estar muerta de preocupación[BR]ahora mismo!,[@]Uma menina ruiva se perdeu no cemitério mais cedo.[WAIT@]A mãe dela está morrendo de preocupação agora!,[@]Mała ruda dziewczynka niedawno zabłądziła na cmentarzu.[WAIT@]Jej matka jest teraz bardzo zmartwiona!,[@]Ein kleines fuchsiges Mädchen ist vorhin auf den Friedhof gegangen.[WAIT@]Ihre Mutter muss sich schreckliche Sorgen machen!,[@]Совсем недавно на кладбище забрела маленькая рыженькая девочка.[WAIT@]Её мама ужасно за неё переживает!,[@]Зовсім недавно до цвинтарю залізла маленька руда дівчинка.[WAIT@]Її мама неймовірно за неї переживає!,[@]之前有个红头发的小女孩在墓地里走失了。[WAIT@]她的妈妈一定很担心吧，不知道有没有得救呢？
DIALOGUE_PODUNK_NATALIA_SPEAKER_Natalia,Natalia,Natalia,Natalia,ナタリア,나탈리아,Natalia,Natalia,Natália,Natalia,Natalia,Наталия,Наталія,娜塔莉亚
DIALOGUE_PODUNK_NATALIA_2_0,"[@]Oh, looks like you found the lost girl![WAIT@]Great job!","[@]Ah, on dirait que tu as retrouvé la fillette égarée ![WAIT@]Beau travail !","[@]Oh, hai trovato la ragazzina smarrita![WAIT@]Ottimo lavoro!",[@]よかった！　ぶじだったのね！[WAIT@]あなた　おてがらね。,[@]뭐? 그 꼬마를 찾았다고?[WAIT@]다행이네!,"[@]Oh, ¡parece que encontraste a la niña perdida![WAIT@]¡Buen trabajo!","[@]¡Vaya, has encontrado a la niña perdida![WAIT@]¡Buen trabajo!","[@]Ah, você achou a menina![WAIT@]Que bom!","[@]Och, wygląda na to, że znalazłeś zagubioną dziewczynkę![WAIT@]Świetna robota!","[@]Oh, scheint, du hast das vermisste Mädchen gefunden![WAIT@]Gute Arbeit!","[@]О, ты нашёл пропавшую девочку![WAIT@]Молодчина!","[@]О, ти знайшов зниклу дівчинку![WAIT@]Молодчина!",[@]噢，看来你找到了那个失踪的女孩！[WAIT@]干得好！
DIALOGUE_PODUNK_NATALIA_2_1,[@]You’re so lucky that [Ninten] is so brave.[WAIT@]How did he rescue you? Is he as courageous as the rumors say?,[@]Tu as de la chance que [Ninten] soit si courageux.[WAIT@]Comment Est-ce qu'il t'as sauvé? Est-ce qu'il est aussi courageux que dissent les rumeurs?,,,,,,,,,,,
DIALOGUE_PODUNK_NATALIA_2_SPEAKER_Natalia,Natalia,Natalia,Natalia,ナタリア,나탈리아,Natalia,Natalia,Natália,Natalia,Natalia,Наталия,Наталія,娜塔莉亚
DIALOGUE_PODUNK_NATALIA_3_0,[@]Rescuing a little girl and clearing the commotion at the zoo...[WAIT@]Is there anything you can't do?,"[@]Sauver une petite fille, puis régler un incident au zoo...[WAIT@]Est-ce qu'il y a une seule chose dont tu ne sois pas capable ?",[@]Hai salvato una dispersa e hai risolto i problemi allo zoo...[WAIT@]Sei proprio capace di tutto!,[@]おんなのこを　すくいだして　どうぶつえんの\nじけんも　かいけつしちゃったの！？[WAIT@]すごいわね　なんでも　かいけつしちゃうなんて。,"[@]잃어버린 꼬마를 찾고, 동물원에서 일어난 소동도\n정리했다니...[WAIT@]완전 물건이네! 물건이야!",[@]Rescatar a una niña y deshacer la conmoción del zoológico...[WAIT@]¿Habrá algo que no puedas hacer?,[@]Has rescatado a una niña y devuelto la paz al zoo...[WAIT@]¿Hay algo de lo que no seas capaz?,[@]Resgatar uma menina do cemitério e resolver o problema do zoológico...[WAIT@]Tem algo que você não pode fazer?,"[@]Uratowanie małej dziewczynki i opanowanie zamieszania w zoo...[WAIT@]Czy jest coś, czego nie potrafisz?","[@]Ein kleines Mädchen retten und den Aufruhr im Zoo lösen ...[WAIT@]Gibt es irgendwas, das du nicht kannst?","[@]Сначала спас девочку, потом навёл порядок в зоопарке...[WAIT@]Для тебя есть хоть что-то невыполнимое?","[@]Спершу врятував дівчинку, потім навів лад у зоопарку...[WAIT@]Для тебе є хоч щось нездійсненне?",[@]又是救出小女孩，又是平息了动物园的骚乱…[WAIT@]还有什么是你做不到的吗？
DIALOGUE_PODUNK_NATALIA_3_SPEAKER_Natalia,Natalia,Natalia,Natalia,ナタリア,나탈리아,Natalia,Natalia,Natália,Natalia,Natalia,Наталия,Наталія,娜塔莉亚
DIALOGUE_PODUNK_NIKKI_0,"[@]We're looking for the lost girl, [Pippi].[WAIT@]She was last seen going down into the cemetery, but it's infested with zombies![WAIT@]I'm too scared to go there myself, could you go there for me?","[@]On est à la recherche d[elision][Pippi], la fillette égarée.[WAIT@]La dernière fois qu'elle a été vue, elle se dirigeait vers le cimetière, mais il est infesté de zombies ![WAIT@]J'ai beaucoup trop peur pour m'y rendre par moi-même, tu pourrais y aller pour moi ?","[@]Stiamo cercando la ragazzina smarrita, [Pippi].[WAIT@]L'ultima volta l'hanno vista che andava al cimitero, ma lì è pieno di zombi![WAIT@]Ho troppa paura per andare, non è che puoi farlo tu?",[@]まいごの　おんなのこを\nさがしてるんだけど・・・。[WAIT@]さいごに　もくげきされたのは\nゾンビだらけの　ぼち　ってはなしなのよ。[WAIT@]わたしは　こわくて　いけそうにないわ・・・。\nかわりに　さがしてきて　くれない？,"[@]우린 [Pippi][particle:Pippi:1] 사라졌다는 얘길 듣고 계속\n찾아다니고 있어.[WAIT@]공동묘지로 내려갔다는 목격담이 있지만, 거긴\n좀비들이 들끓고 있단 말이야![WAIT@]난 너무 무서워서 그런데...[BR]혹시 네가 나 대신 가줄 수 있을까?","[@]Estamos buscando a [Pippi], la niña perdida.[WAIT@]Ella fue vista por última vez bajando al cementerio, ¡pero ahora está infestado de zombis![WAIT@]Estoy muy asustada para ir sola, ¿podrías ir por mí?","[@]Buscamos a [Pippi], la niña perdida.[WAIT@]La vimos por última vez bajando al cementerio,[BR]¡pero ahora está infestado de zombis![WAIT@]Me da mucho miedo ir por mí misma,[BR]¿te importaría ir en mi lugar?","[@]Estamos procurando a menina perdida, [Pippi].[WAIT@]Ela foi vista pela última vez a caminho do cemitério, mas lá está infestado de zumbis![WAIT@]Eu estou com medo demais de ir lá. Você pode ir para mim?","[@]Szukamy zaginionej dziewczynki, [decline:Pippi:F:1].[WAIT@]Ostatnio widziano ją, jak wchodziła na cmentarz, ale jest tam pełno zombie![WAIT@]Za bardzo się boję, żeby pójść tam sama, mógłbyś pójść tam za mnie?","[@]Wir suchen das vermisste Mädchen, [Pippi].[WAIT@]Sie wurde zuletzt auf dem Weg zum Friedhof gesehen, aber dort ist alles voller Zombies![WAIT@]Ich habe zu viel Angst, selbst hinzugehen. Könntest du das für mich tun?","[@]Мы разыскиваем [decline:Pippi:F:3] — пропавшую девочку.[WAIT@]В последний раз её видели, когда она спускалась к кладбищу... Но оно кишит зомби![WAIT@]Можешь пойти туда за меня?\nМне самой слишком страшно...","[@]Ми розшукуємо [decline:Pippi:F:3] — зниклу дівчинку.[WAIT@]Востаннє її бачили, коли вона спускалася до цвинтаря... Але він сповнений зомбі![WAIT@]Можеш піти туди за мене? Мені дуже лячно...",[@]我们正在寻找那个走失的女孩[Pippi]。[WAIT@]她最后一次被人看见的时候走进了墓地，可那地方到处都是丧尸啊！[WAIT@]我自己去太害怕了，你能替我去一趟吗？
DIALOGUE_PODUNK_NIKKI_3,"[@]Honestly, I can't blame you...","[@]Franchement, je ne peux pas t'en vouloir...","[@]Guarda, non ti biasimo...",[@]そりゃそうよね　わたしだって　やだもん。,"[@]그래, 만일 물리기라도 한다면...","[@]Honestamente, no te puedo culpar...",[@]Pues... no te puedo culpar.,"[@]Sinceramente, não posso te culpar...","[@]Szczerze mówiąc, nie winię cię...","[@]Ganz ehrlich, ich kann es dir nicht verübeln ...","[@]Ну, мне тебя не в чем винить...","[@]Ну, тебе не повинуватити...",[@]说实话，我也不能怪你…
DIALOGUE_PODUNK_NIKKI_4,"[@]Oh, you're a life saver!","[@]Oh, tu es notre sauveur !","[@]Oh, mi hai salvato la vita!",[@]ほんとに　いってくれるの！？\n・・・　きをつけてね。,[@]정말? 넌 내 생명의 은인이야!,"[@]¡Oh, eres un salvador!","[@]¡Gracias, me haces un grandísimo favor!","[@]Ah, você é um anjo!","[@]Och, ratujesz mi życie!","[@]Oh, du bist ein Lebensretter!","[@]Ах, ты наш спаситель!","[@]Ох, рятівник ти наш!",[@]噢，你可真是我的救命恩人！
DIALOGUE_PODUNK_NIKKI_SPEAKER_Nikki,Nikki,Nikki,Nikki,ニッキー,니키,Nikki,Nikki,Nikki,Nikki,Nikki,Никки,Ніккі,妮基
DIALOGUE_PODUNK_NIKKI_2_0,"[@]Oh wow, you found her![WAIT@]That must have taken a lot of courage.","[@]Oh, waouh, tu l'as trouvée ![WAIT@]Ça a dû te demander une sacrée dose de courage.","[@]Oh wow, l'hai trovata![WAIT@]Ce ne sarà voluto di coraggio.",[@]よかった！　みつかったのね！[WAIT@]あなた　すごい　ゆうかんね！,[@]오 정말 그 아이를 찾았구나![WAIT@]넌 참 용감하네.,"[@]Oh, guau, ¡la encontraste![WAIT@]Debes de haber tenido mucho coraje.","[@]¡Hala, la has encontrado![WAIT@]Debes de tener muchas agallas.","[@]Ah, nossa! Você a encontrou![WAIT@]Você deve ser bem corajoso.","[@]O rany, znalazłeś ją![WAIT@]Pewnie wymagało to sporo odwagi.","[@]Oh wow, du hast sie gefunden![WAIT@]Das war sehr mutig.",[@]Вот это да! Ты нашёл её![WAIT@]Сколько же в тебе смелости!,"[@]Нічого собі, ти її знайшов![WAIT@]Здається, у тебе хоробре серце.",[@]哦哇，你找到她了！[WAIT@]那一定需要很大的勇气吧。
DIALOGUE_PODUNK_NIKKI_2_1,"[@]Oh wow, you came back from the graveyard![WAIT@]You must be very brave.","[@]Oh, waouh, tu es revenu du cimetière![WAIT@]Tu dois être très courageuse.",,,,,,,,,,,
DIALOGUE_PODUNK_NIKKI_2-OPT_0,Yes,Oui,Sì,はい,네,Sí,Sí,Sim,Tak,Ja,Да,Так,是
DIALOGUE_PODUNK_NIKKI_2-OPT_1,No,Non,No,いいえ,아니오,No,No,Não,Nie,Nein,Нет,Ні,否
DIALOGUE_PODUNK_NIKKI_2_SPEAKER_Nikki,Nikki,Nikki,Nikki,ニッキー,니키,Nikki,Nikki,Nikki,Nikki,Nikki,Никки,Ніккі,妮基
DIALOGUE_PODUNK_NINTEN_RECRUIT_0,[@]Hi [PartyLead]! [WAIT]I’ve been helping with the garden.[WAIT@]How are your adventures going?,,,,,,,,,,,,
DIALOGUE_PODUNK_NINTEN_RECRUIT_1,[@]Do you want to [color]switch places[/color] with me?,,,,,,,,,,,,
DIALOGUE_PODUNK_NINTEN_RECRUIT_1_NO,No,,,,,,,,,,,,
DIALOGUE_PODUNK_NINTEN_RECRUIT_1_YES,Yes,,,,,,,,,,,,
DIALOGUE_PODUNK_NINTEN_RECRUIT_2,[@][Ninten] takes over for [PartyLead]!,,,,,,,,,,,,
DIALOGUE_PODUNK_NINTEN_TOWN_HALL_0,[@]I'm looking forward to having you visit soon.,[@]Je serai très heureux de te voire à ma maison plus tard.,,,,,,,,,,,
DIALOGUE_PODUNK_NINTEN_TOWN_HALL_1,[@]I wonder what your [color]special gift[/color] is going to be?,[@]Qu'est ce que la [color]chose spécial[/color] pourrait être?,,,,,,,,,,,
DIALOGUE_PODUNK_NURSE_0,[@]Who here needs our assistance?,[@]Qui a besoin de notre assistance ?,[@]Chi ha bisogno di assistenza?,[@]どなたに　ごめんかいですか？,[@]환자분이 있을까요?,[@]¿Quién de aquí necesita ser atendido?,[@]¿Quién de aquí necesita nuestra asistencia?,[@]Quem precisa de atendimento?,[@]Kto tutaj potrzebuje naszej pomocy?,[@]Wer braucht hier unsere Assistenz?,[@]Кому требуется помощь?,[@]Кому потрібна допомога?,[@]这里有谁需要我们的帮助？
DIALOGUE_PODUNK_NURSE_1,"[@]If you are the patient, come into the back room.","[@]Si c'est toi [LeadArt7]patient[LeadArt6], va dans la pièce du fond.","[@]Se sei tu il paziente, vieni nella stanza sul retro.",[@]ごほんにんさま　でしたら、おくへ\nおすすみください。,[@]보호자분과 같이 뒷방으로 들어오시면 됩니다.,"[@]Si eres [LeadArt7]paciente, entra atrás del cuarto.","[@]Si usted es [LeadArt7]paciente, acuda a la habitación de atrás.","[@]Se você for o paciente, por favor, vá para a sala dos fundos.","[@]Jeśli jesteś pacjentem, wejdź na zaplecze.","[@]Wenn du der Patient bist, komm in das Hinterzimmer.","[@]Если вы пациент, то пройдите в дальнюю палату.","[@]Якщо ви пацієнт, то пройдіть у дальню палату.",[@]如果你是患者，就到里面来吧。
DIALOGUE_PODUNK_NURSE_3,[@]Oh my! [Ninten] looks like he's still unconscious.,[@]Oh ¦ On dirait qu[elision][Ninten] est toujours évanoui.,[@]Oh no! [Ninten] ha perso i sensi.,[@]あら！[Ninten]さん　のいしきが\nもどらないんです⋯,[@]어머나! [Ninten][particle:Ninten:0] 아직 의식이 없는 것 같네요.,"[@]¡Oh, cielos! [Ninten] parece estar inconsciente.",[@]¡Dios mío! Parece que [Ninten] sigue inconsciente.,[@]Minha nossa! Parece que o [Ninten] ainda está inconsciente.,[@]Ojej! [Ninten] wygląda na nieprzytomnego.,"[@]Oje! [Ninten] sieht aus, als wäre er immer noch bewusstlos.",[@]Боже! [Ninten] не может прийти в себя.,[@]Боже! [Ninten] не може прийти до тями.,[@]天啊！看起来[Ninten]还没有恢复意识。
DIALOGUE_PODUNK_NURSE_4,[@]Please pay $150 for the doctor's fee.,[@]Les honoraires du médecin s'élèvent à 150 $.,"[@]Ecco, paga le spese mediche. Sono 150 $.",[@]ちりょうひを　１５０ドル　おしはらい\nください。,[@]진료비로 150달러가 청구되는데 괜찮으시겠어요?,"[@]Por favor, paga $150 para que el doctor lo vea.",[@]La tarifa será de 150 $.,"[@]A conta vai ficar em $150, você pode pagar?",[@]Proszę o zapłacenie 150 $ za lekarza.,[@]Bitte zahle 150 $ für die Arztgebühr.,"[@]Пожалуйста, заплатите 150 $ за медуслугу.","[@]Будь ласка, сплатіть 150 $ за лікування.",[@]请支付150美元的诊疗费用。
DIALOGUE_PODUNK_NURSE_4-OPT_0,Yes,Oui,Sì,はい,네,Sí,Sí,Sim,Tak,Ja,Да,Так,是
DIALOGUE_PODUNK_NURSE_4-OPT_1,No,Non,No,いいえ,아니오,No,No,Não,Nie,Nein,Нет,Ні,否
DIALOGUE_PODUNK_NURSE_5,"[@]I'm so glad that you recovered, [Ninten].","[@]Je suis contente que tu ailles mieux, [Ninten].","[@]Sono felice che tu stia meglio, [Ninten].",[@][Ninten]さん\nげんきになって　よかったわね。,"[@][Ninten] 환자분, 벌써 퇴원하신다니\n다행이네요.","[@]Me alegro que te hayas recuperado, [Ninten].","[@]Me alegro mucho de que te hayas recuperado, [Ninten].","[@]Que bom que você se recuperou, [Ninten].","[@]Tak się cieszę, że wyzdrowiałeś, [Ninten].","[@]Ich bin so froh, dass du dich erholt hast, [Ninten].","[@]Рада, что ты пришёл в себя, [Ninten].","[@]Рада, що ти прийшов до тями, [Ninten].",[@]很高兴你康复了，[Ninten]。
DIALOGUE_PODUNK_NURSE_7,[@]Oh my! [Ana] looks like she's still unconscious.,[@]Oh ¦ On dirait qu[elision][Ana] est toujours évanouie.,[@]Oh no! [Ana] ha perso i sensi.,[@]あら！[Ana]さん　のいしきが\nもどらないんです・・・。,[@]어머나! [Ana] 환자분은 아직 의식이 없는 것\n같네요.,"[@]¡Oh, cielos! [Ana] parece estar inconsciente.",[@]¡Dios mío! Parece que [Ana] sigue inconsciente.,[@]Minha nossa! Parece que a [Ana] ainda está inconsciente.,[@]Ojej! [Ana] wygląda na nieprzytomną.,"[@]Oje! [Ana] sieht aus, als wäre sie immer noch bewusstlos.",[@]Боже! [Ana] не может прийти в себя.,[@]Боже! [Ana] не може прийти до тями.,[@]天啊！看起来[Ana]还没有恢复意识。
DIALOGUE_PODUNK_NURSE_8,[@]Please pay $150 for the doctor's fee.,[@]Les honoraires du médecin s'élèvent à 150 $.,"[@]Ecco, paga le spese mediche. Sono 150 $.",[@]ちりょうひを　１５０ドル　おしはらい\nください。,[@]진료비로 150달러가 청구되는데 괜찮으시겠어요?,"[@]Por favor, paga $150 para que el doctor lo vea.",[@]La tarifa serán 150 $.,"[@]A conta vai ficar em $150, você pode pagar?",[@]Proszę o zapłacenie 150 $ za lekarza.,[@]Bitte zahle 150 $ für die Arztgebühr.,"[@]Пожалуйста, заплатите 150 $ за медуслугу.","[@]Будь ласка, сплатіть 150 $ за лікування.",[@]请支付150美元的诊疗费用。
DIALOGUE_PODUNK_NURSE_8-OPT_0,Yes,Oui,Sì,はい,네,Sí,Sí,Sim,Tak,Ja,Да,Так,是
DIALOGUE_PODUNK_NURSE_8-OPT_1,No,Non,No,いいえ,아니오,No,No,Não,Nie,Nein,Нет,Ні,否
DIALOGUE_PODUNK_NURSE_9,"[@]I'm so glad that you recovered, [Ana].","[@]Je suis contente que tu ailles mieux, [Ana].","[@]Sono felice che tu stia meglio, [Ana].",[@][Ana]さん\nげんきになって　よかったわね。,"[@][Ana] 환자분, 벌써 퇴원하신다니\n다행이네요.","[@]Me alegro que te hayas recuperado, [Ana].","[@]Me alegro mucho de que te hayas recuperado, [Ana].","[@]Que bom que você se recuperou, [Ana].","[@]Tak się cieszę, że wyzdrowiałaś, [Ana].","[@]Ich bin so froh, dass du dich erholt hast, [Ana].","[@]Рада, что ты пришла в себя, [Ana].","[@]Рада, що ти прийшла до тями, [Ana].",[@]很高兴你康复了，[Ana]。
DIALOGUE_PODUNK_NURSE_11,[@]Oh my! [Lloyd] looks like he's still unconscious.,[@]Oh ¦ On dirait qu[elision][Lloyd] est toujours évanoui.,[@]Oh no! [Lloyd] ha perso i sensi.,[@]あら！[Lloyd]さん　のいしきが\nもどらないんです・・・。,[@]어머나! [Lloyd] 환자분은 아직 의식이 없는 것\n같네요.,"[@]¡Oh, cielos! [Lloyd] parece estar inconsciente.",[@]¡Dios mío! Parece que [Lloyd] sigue inconsciente.,[@]Minha nossa! Parece que o [Lloyd] ainda está inconsciente.,[@]Ojej! [Lloyd] wygląda na nieprzytomnego.,"[@]Oje! [Lloyd] sieht aus, als wäre er immer noch bewusstlos.",[@]Боже! [Lloyd] не может прийти в себя.,[@]Боже! [Lloyd] не може прийти до тями.,[@]天啊！看起来[Lloyd]还没有恢复意识。
DIALOGUE_PODUNK_NURSE_12,[@]Please pay $150 for the doctor's fee.,[@]Les honoraires du médecin s'élèvent à 150 $.,"[@]Ecco, paga le spese mediche. Sono 150 $.",[@]ちりょうひを　１５０ドル　おしはらい\nください。,[@]진료비로 150달러가 청구되는데 괜찮으시겠어요?,"[@]Por favor, paga $150 para que el doctor lo vea.",[@]La tarifa serán 150 $.,"[@]A conta vai ficar em $150, você pode pagar?",[@]Proszę o zapłacenie 150 $ za lekarza.,[@]Bitte zahle 150 $ für die Arztgebühr.,"[@]Пожалуйста, заплатите 150 $ за медуслугу.","[@]Будь ласка, сплатіть 150 $ за лікування.",[@]请支付150美元的诊疗费用。
DIALOGUE_PODUNK_NURSE_12-OPT_0,Yes,Oui,Sì,はい,네,Sí,Sí,Sim,Tak,Ja,Да,Так,是
DIALOGUE_PODUNK_NURSE_12-OPT_1,No,Non,No,いいえ,아니오,No,No,Não,Nie,Nein,Нет,Ні,否
DIALOGUE_PODUNK_NURSE_13,"[@]I'm so glad that you recovered, [Lloyd].","[@]Je suis contente que tu ailles mieux, [Lloyd].","[@]Sono felice che tu stia meglio, [Lloyd].",[@][Lloyd]さん\nげんきになって　よかったわね。,"[@][Lloyd] 환자분, 벌써 퇴원하신다니\n다행이네요.","[@]Me alegro que te hayas recuperado, [Lloyd].","[@]Me alegro mucho de que te hayas recuperado, [Lloyd].","[@]Que bom que você se recuperou, [Lloyd].","[@]Tak się cieszę, że wyzdrowiałeś, [Lloyd].","[@]Ich bin so froh, dass du dich erholt hast, [Lloyd].","[@]Рада, что ты пришёл в себя, [Lloyd].","[@]Рада, що ти прийшов до тями, [Lloyd].",[@]很高兴你康复了，[Lloyd]。
DIALOGUE_PODUNK_NURSE_15,[@]Oh my! [Teddy] looks like he's still unconscious.,[@]Oh ¦ On dirait qu[elision][Teddy] est toujours évanoui.,[@]Oh no! [Teddy] ha perso i sensi.,[@]あら！[Teddy]さん　のいしきが\nもどらないんです・・・。,[@]어머나! [Teddy] 환자분은 아직 의식이 없는 것\n같네요.,"[@]¡Oh, cielos! [Teddy] parece estar inconsciente.",[@]¡Dios mío! Parece que [Teddy] sigue inconsciente.,[@]Minha nossa! Parece que o [Teddy] ainda está inconsciente.,[@]Ojej! [Teddy] wygląda na nieprzytomnego.,"[@]Oje! [Teddy] sieht aus, als wäre er immer noch bewusstlos.",[@]Боже! [Teddy] не может прийти в себя.,[@]Боже! [Teddy] не може прийти до тями.,[@]天啊！看起来[Teddy]还没有恢复意识。
DIALOGUE_PODUNK_NURSE_16,[@]Please pay $150 for the doctor's fee.,[@]Les honoraires du médecin s'élèvent à 150 $.,"[@]Ecco, paga le spese mediche. Sono 150 $.",[@]ちりょうひを　１５０ドル　おしはらい\nください。,[@]진료비로 150달러가 청구되는데 괜찮으시겠어요?,"[@]Por favor, paga $150 para que el doctor lo vea.",[@]La tarifa serán 150 $.,"[@]A conta vai ficar em $150, você pode pagar?",[@]Proszę o zapłacenie 150 $ za lekarza.,[@]Bitte zahle 150 $ für die Arztgebühr.,"[@]Пожалуйста, заплатите 150 $ за медуслугу.","[@]Будь ласка, сплатіть 150 $ за лікування.",[@]请支付150美元的诊疗费用。
DIALOGUE_PODUNK_NURSE_16-OPT_0,Yes,Oui,Sì,はい,네,Sí,Sí,Sim,Tak,Ja,Да,Так,是
DIALOGUE_PODUNK_NURSE_16-OPT_1,No,Non,No,いいえ,아니오,No,No,Não,Nie,Nein,Нет,Ні,否
DIALOGUE_PODUNK_NURSE_17,"[@]I'm so glad that you recovered, [Teddy].","[@]Je suis contente que tu ailles mieux, [Teddy].","[@]Sono felice che tu stia meglio, [Teddy].",[@][Teddy]さん\nげんきになって　よかったわね。,"[@][Teddy] 환자분, 벌써 퇴원하신다니\n다행이네요.","[@]Me alegro que te hayas recuperado, [Teddy].","[@]Me alegro mucho de que te hayas recuperado, [Teddy].","[@]Que bom que você se recuperou, [Teddy].","[@]Tak się cieszę, że wyzdrowiałeś, [Teddy].","[@]Ich bin so froh, dass du dich erholt hast, [Teddy].","[@]Рада, что ты пришёл в себя, [Teddy].","[@]Рада, що ти прийшов до тями, [Teddy].",[@]很高兴你康复了，[Teddy]。
DIALOGUE_PODUNK_NURSE_19,[@]Oh my! [Pippi] looks like she's still unconscious.,[@]Oh ¦ On dirait qu[elision][Pippi] est toujours évanouie.,[@]Oh no! [Pippi] ha perso i sensi.,[@]あら！[Pippi]さん　のいしきが\nもどらないんです・・・。,[@]어머나! [Pippi] 환자분은 아직 의식이 없는 것\n같네요.,"[@]¡Oh, cielos! [Pippi] parece estar inconsciente.",[@]¡Dios mío! Parece que [Pippi] sigue inconsciente.,[@]Minha nossa! Parece que a [Pippi] ainda está inconsciente.,[@]Ojej! [Pippi] wygląda na nieprzytomną.,"[@]Oje! [Pippi] sieht aus, als wäre sie immer noch bewusstlos.",[@]Боже! [Pippi] не может прийти в себя.,[@]Боже! [Pippi] не може прийти до тями.,[@]天啊！看起来[Pippi]还没有恢复意识。
DIALOGUE_PODUNK_NURSE_20,[@]Please pay $150 for the doctor's fee.,[@]Les honoraires du médecin s'élèvent à 150 $.,"[@]Ecco, paga le spese mediche. Sono 150 $.",[@]ちりょうひを　１５０ドル　おしはらい\nください。,[@]진료비로 150달러가 청구되는데 괜찮으시겠어요?,"[@]Por favor, paga $150 para que el doctor lo vea.",[@]La tarifa serán 150 $.,"[@]A conta vai ficar em $150, você pode pagar?",[@]Proszę o zapłacenie 150 $ za lekarza.,[@]Bitte zahle 150 $ für die Arztgebühr.,"[@]Пожалуйста, заплатите 150 $ за медуслугу.","[@]Будь ласка, сплатіть 150 $ за лікування.",[@]请支付150美元的诊疗费用。
DIALOGUE_PODUNK_NURSE_20-OPT_0,Yes,Oui,Sì,はい,네,Sí,Sí,Sim,Tak,Ja,Да,Так,是
DIALOGUE_PODUNK_NURSE_20-OPT_1,No,Non,No,いいえ,아니오,No,No,Não,Nie,Nein,Нет,Ні,否
DIALOGUE_PODUNK_NURSE_21,"[@]I'm so glad that you recovered, [Pippi].","[@]Je suis contente que tu ailles mieux, [Pippi].","[@]Sono felice che tu stia meglio, [Pippi].",[@][Pippi]さん\nげんきになって　よかったわね。,"[@][Pippi] 환자분, 벌써 퇴원하신다니\n다행이네요.","[@]Me alegro que te hayas recuperado, [Pippi].","[@]Me alegro mucho de que te hayas recuperado, [Pippi].","[@]Que bom que você se recuperou, [Pippi].","[@]Tak się cieszę, że wyzdrowiałaś, [Pippi].","[@]Ich bin so froh, dass du dich erholt hast, [Pippi].","[@]Я так рада, что ты пришла в себя, [Pippi].","[@]Рада, що ти прийшла до тями, [Pippi].",[@]很高兴你康复了，[Pippi]。
DIALOGUE_PODUNK_NURSE_22,[@]Come back any time you need.,[@]Reviens dès que tu en auras besoin.,[@]Torna quando vuoi.,[@]また　いつでもどうぞ！,[@]필요할 때 저희 병원을 다시 이용해 주세요.,[@]Vuelve cuando lo necesites.,[@]Vuelve cuando lo necesites.,[@]Volte sempre que precisar.,"[@]Wróć[if party:plural]cie[/if], gdy tylko będzie[if party:plural]cie[else]sz[/if] potrzebować pomocy.",[@]Komm[if party:plural]t[/if] jederzeit wieder.,"[@]Возвращайтесь, как только потребуется.","[@]Повертайтеся, коли потрібно.",[@]有需要的话请随时回来。
DIALOGUE_PODUNK_NURSE_23,[@]Isn't that your friend?... It's very serious.,[@]Vous n'êtes pas amis ? ... Son cas a l'air sérieux.,[@]Siete amici? ...È una situazione grave.,[@]あら　あなたのおともだちでしょ？\nほんとに　しんじゃいますよ。,"[@]당신, 친구 아닌가요...? 그렇게 매정할 수가.",[@]¿Ese no es tu amigo?... Es muy serio.,[@]¿Ese no es tu amigo?... Su caso parece grave.,[@]Mas vocês não são amigos?... Isso é muito sério.,[@]Czy to nie twój przyjaciel?... To bardzo poważne.,[@]Seid ihr nicht Freunde? ... es ist sehr ernst.,[@]Разве вы не друзья?.. Это ведь очень серьёзно.,[@]Хіба ви не друзі?.. Це дуже серйозно.,[@]哦…那不是你的朋友吗？情况看上去似乎很严重。
DIALOGUE_PODUNK_NURSE_24_old,[@]We don't have a person like that in our hospital.,[@]Nous n'avons personne de ce nom-là dans notre hôpital.,[@]Non abbiamo questa persona nel nostro ospedale.,[@]そういうかたは\nにゅういんして　いらっしゃいません。,[@]저희 병원에 그런 분은 없습니다.,[@]No tenemos una persona así en nuestro hospital.,[@]No tenemos a nadie así en nuestro hospital.,[@]Não tem ninguém com esse nome aqui no hospital.,[@]Nie mamy takiej osoby w naszym szpitalu.,[@]Wir haben so eine Person nicht in unserem Krankenhaus.,[@]В нашей больнице такого пациента нет.,[@]У нашій лікарні нема такого пацієнта.,[@]我们医院里没有这样一位患者。
DIALOGUE_PODUNK_NURSE_25,"[@]The doctor's fee is $150, but it seems like you're short on cash.","[@]Les honoraires du médecin s'élèvent à 150 $, mais on dirait que tu n'as pas assez d'argent.","[@]Le spese mediche sono 150 $, ma sembra che tu sia a corto di contanti.",[@]しつれいですが・・・\nおかねが　たりないようですよ。,[@]150달러가 없으신 모양이네요.,"[@]La visita al doctor es de $150, pero parece que te has quedado corto de dinero.","[@]La tarifa es de 150 $, pero parece que estás corto de dinero.","[@]A conta vai ficar $150, mas parece que você não tem o suficiente.","[@]Opłata za wizytę u lekarza wynosi 150 $, ale wygląda na to, że brakuje [if party:plural]wam[else]ci[/if] pieniędzy.","[@]Die Arztgebühr beträgt 150 $, aber du scheinst knapp bei Kasse zu sein.","[@]Стоимость медуслуги — 150 $, но у вас, кажется, нет стольких денег.","[@]Лікування кошуватиме 150 $, але, здається, у вас нема стільки грошей.",[@]诊疗费用共计150美元，但你看起来好像钱不太够。
DIALOGUE_PODUNK_NURSE_26,[@]Feel free to use the ATM on the side to withdraw the amount needed.,[@]N'hésite pas à utiliser le distributeur automatique à proximité pour retirer le montant nécessaire.,[@]Usa pure l'ATM qui a fianco per prelevare.,[@]よこの　ＡＴＭから　おかねを\nおひきだしください。,[@]필요한 금액은 옆에 비치된 ATM을 이용해 주세요.,[@]Siéntete libre de usar el ATM al lado para retirar el monto que necesites.,[@]No dudes en usar el cajero de allí para sacar la cantidad necesaria.,[@]Você pode usar o caixa eletrônico ao lado para sacar o quanto precisar.,"[@]Może[if party:plural]cie[else]sz[/if] skorzystać z bankomatu obok, aby wypłacić potrzebną kwotę.","[@]Benutze gerne den Bankautomaten an der Seite, um Geld abzuheben.","[@]Можете воспользоваться банкоматом рядом со стойкой, чтобы снять нужную сумму.","[@]Можете скористатися банкоматом поруч зі стійкою, щоб зняти потрібну суму.",[@]你可以随时用旁边的取款机取出需要的钱。
DIALOGUE_PODUNK_NURSE_SPEAKER_Nurse,Nurse,Infirmière,Infermiera,かんごし,간호사,Enfermera,Enfermera,Enfermeira,Pielęgniarka,Krankenschwester,Медсестра,Медсестра,护士
DIALOGUE_PODUNK_OLD_WOMAN_0,"[@]It's easy as pie to use the ATM.[WAIT@]All you need is a cash card and a dad with deep pockets![WAIT@]By the way, I heard that your victories in battle will motivate your father to work even harder.","[@]C'est simple comme bonjour d'utiliser le distributeur automatique.[WAIT@]Il suffit d'avoir une carte bancaire et un papa avec des poches bien pleines ![WAIT@]Au fait, j'ai entendu dire que tes victoires au combat pouvaient motiver ton père à travailler encore plus dur.","[@]È facilissimo usare l'ATM.[WAIT@]Tutto ciò che ti serve sono una carta di debito e un papà con i soldi![WAIT@]Comunque, vincere le battaglie motiverà tuo padre a lavorare anche di più.",[@]さいきん　デパートの　１かいに　えーてーえむ？\nっていう　きかいができたのは　いいんだけどね。[WAIT@]キャなんとかカードが　ないと\nおろせないっていうのが　ふべんね。[WAIT@]あなた　おとうさんに　でんわしてる？\nきっと　あなたのがんばりに　おうじて\nおこづかいを　ふりこんでくれてると　おもうわ。,"[@]ATM은 보기보다 사용하기 쉽다네.[WAIT@]현금카드와 주머니가 두둑한 아버지만 있으면 되지.[WAIT@]그건 그렇고, 열심히 싸우면 자네 아버지가 더\n열심히 일할 수 있는 동기부여가 될 거라는 이야길\n언젠가 들었었네.","[@]Es tan fácil usar el Cajero automático.[WAIT@]Todo lo que necesitas es una tarjeta de crédito, ¡y un papá con grandes bolsillos![WAIT@]Por cierto, escuché que tus victorias en batalla motivarán a tu papá a trabajar aún más duro.","[@]Usar el cajero automático es pan comido.[WAIT@]¡Solo necesitas una tarjeta de crédito y un padre con los bolsillos llenos![WAIT@]Por cierto, he oído que tus victorias en batalla motivarán a tu padre a trabajar aún más duro.","[@]É mamão com açúcar usar o caixa eletrônico.[WAIT@]Tudo que você precisa é de um cartão e um pai com bolsos fundos![WAIT@]Por sinal, eu ouvi que as suas vitórias em batalha motivam o seu pai a trabalhar ainda mais.","[@]Korzystanie z bankomatu jest proste jak bułka z masłem.[WAIT@]Wszystko, czego potrzebujesz, to karta bankomatowa i ojciec z głębokimi kieszeniami![WAIT@]Przy okazji, słyszałam, że twoje zwycięstwa w bitwach zmotywują twojego ojca do jeszcze cięższej pracy.","[@]Es ist kinderleicht den Bankautomaten zu bedienen.[WAIT@]Du brauchst einfach nur eine Bankkarte und einen Vater mit tiefen Taschen.[WAIT@]Übrigens, ich habe gehört, Siege bei Kämpfen motivieren deinen Vater, noch härter zu arbeiten.","[@]Пользоваться банкоматом проще некуда.[WAIT@]Всё, что тебе нужно, — это банковская карта и папа с толстым кошельком![WAIT@]Кстати: слыхала, что чем больше ты побеждаешь в битвах, тем усерднее работает твой отец.","[@]Користуватися банкоматом простіше нікуди.[WAIT@]Все, що тобі потрібно, — це платіжна карта і тато з товстим гаманцем![WAIT@]До речі: чула, що чим більше ти перемагаєш у битвах, тим старанніше твій тато працюватиме.",[@]用取款机简直易如反掌。[WAIT@]你只需要一张金融卡还有一位日进斗金的爸爸！[WAIT@]顺便说一句，我听说你在战斗中的胜利可以激励你爸爸让他更加努力地工作呢。
DIALOGUE_PODUNK_OLD_WOMAN_SPEAKER_Celine,Celine,Celine,Celine,セリーヌ,셀린,Celine,Celine,Celine,Celine,Celine,Селин,Селін,席琳
DIALOGUE_PODUNK_OLIVER_0,"[@]Oh man... Are the zombies going to take over the town?[WAIT@]Actually, that might be an improvement over the local government.","[@]Oh là là... Est-ce que les zombies vont prendre le contrôle de la ville ?[WAIT@]En fait, ils sauront peut-être mieux s'en occuper que les autorités locales.","[@]Oh no... Ora gli zombi si impadroniranno della città?[WAIT@]Onestamente, sarebbe meglio del governo attuale.",[@]このまま　まちが　ゾンビたちに\nのっとられて　しまうのだろうか。[WAIT@]まぁ　ちょうちょうに　ぎゅうじられてる\nげんじょうよりは　マシかもしれんが。,"[@]세상에... 이러다 좀비가 우리 마을을 점령하는 건\n아닐지 모르겠군.[WAIT@]잠깐, 지금 정부보다는 나을지도.","[@]Oh, no puede ser... ¿Los zombis tomarán control de la ciudad?[WAIT@]En realidad, tal vez eso traiga mejoras sobre el gobierno local.","[@]Oh, no... ¿Cómo que los zombis se van a apoderar del pueblo?[WAIT@]Aunque en realidad, sería una gran mejora respecto al gobierno actual.","[@]Poxa vida... Será que os zumbis vão dominar a cidade?[WAIT@]Na verdade, talvez assim seja até melhor que o nosso governo atual.",[@]O rany... Czy zombie zamierzają przejąć miasto?[WAIT@]Właściwie to może być lepsze niż lokalny rząd.,[@]Oh Mann ... Werden die Zombies die Stadt übernehmen?[WAIT@]Das ist vielleicht sogar eine Verbesserung gegenüber der aktuellen Lokalpolitik.,"[@]Кошмар... Неужели зомби захватят власть в городе?[WAIT@]Хотя, если вспомнить нынешнюю администрацию... может, так даже лучше.","[@]Ой лишенько... Невже зомбі захоплять місто?[WAIT@]Хоча, якщо згадати нинішню адміністрацію... може, це на краще.",[@]哦天呐…丧尸们该不会要占领这座小镇吧？[WAIT@]不过话说回来，那样说不定比当地的政府还强点儿。
DIALOGUE_PODUNK_OLIVER_SPEAKER_Oliver,Oliver,Oliver,Oliver,オリバー,올리버,Oliver,Oliver,Oliver,Oliver,Oliver,Оливер,Олівер,奥利弗
DIALOGUE_PODUNK_OLIVER_2_0,[@]You did it!,[@]Tu as réussi !,[@]Ce l'hai fatta!,[@]おまえ　すごいな。,[@]잘했어!,[@]¡Lo hiciste!,[@]¡Lo has logrado!,[@]Você conseguiu!,[@]Udało ci się!,[@]Du hast es geschafft!,[@]У тебя получилось!,[@]Тобі вдалося!,[@]你做到了！
DIALOGUE_PODUNK_OLIVER_2_SPEAKER_Oliver,Oliver,Oliver,Oliver,オリバー,올리버,Oliver,Oliver,Oliver,Oliver,Oliver,Оливер,Олівер,奥利弗
DIALOGUE_PODUNK_PIERRE_0,[@]I want to help the zombies become friendly by teaching them about God.[WAIT@]But... Zombies freak me out!,[@]J'aimerais essayer de rendre les zombies gentils en leur parlant de Dieu.[WAIT@]Mais... les zombies me fichent la trouille !,"[@]Voglio rendere gli zombi più amichevoli, e lo farò parlando loro di Dio.[WAIT@]Però... gli zombi mi fanno paura!",[@]ゾンビたちに　かみのこころをつたえて\nいいひとに　なってほしいと　ねがっている。[WAIT@]でも　ゾンビは・・・コワイ！,[@]난 저 좀비들에게 하나님의 가르침을 전해주고 싶어.[WAIT@]근데... 듣기는커녕 날 공격하려고 하잖아!,[@]Quiero que los zombis se vuelvan amistosos enseñándoles acerca de Dios.[WAIT@]Pero... ¡los zombis me aterran mucho!,[@]Quiero volver a los zombis amigables enseñándoles sobre Dios.[WAIT@]Pero... ¡los zombis me dan mucho yuyu!,"[@]Eu quero ajudar os zumbis a serem pessoas melhores, ensinando a eles sobre Deus.[WAIT@]Mas... zumbis me dão medo!","[@]Chciałbym pomóc zombie stać się przyjaznymi, ucząc je o Bogu.[WAIT@]Ale... Zombie mnie przerażają!","[@]Ich möchte den Zombies helfen freundlich zu werden, indem ich sie über Gott belehre.[WAIT@]Aber ... Zombies machen mir Angst!","[@]Я бы хотел поведать зомби о Боге, чтобы они стали добрее.[WAIT@]Но... они очень меня пугают!","[@]Я хотів би розповісти зомбі про Бога, щоб вони стали добрішими.[WAIT@]Але... вони мене дуже лякають!",[@]我想通过把上帝的教诲传达给丧尸们[BR]来让它们变得友善一些。[WAIT@]可是…丧尸实在太吓人了！
DIALOGUE_PODUNK_PIERRE_SPEAKER_Pierre,Pierre,Pierre,Pierre,ピエール,피에르,Pierre,Pierre,Pierre,Pierre,Pierre,Пьер,Пьєр,皮埃尔
DIALOGUE_PODUNK_PIERRE_2_0,[@]What the devils?![WAIT@]How did you get through that door?,[@]Qu'est-ce que c'est que cette sorcellerie ?![WAIT@]Qu'est-ce que vous faites ici ?,[@]Ma che?![WAIT@]Come hai fatto a passare per quella porta?,[@]びっくらこいた！[WAIT@]しかけとびらが　あったとは！,[@]뭐지? 악마의 공격인가?![WAIT@]어떻게 그 문을 연 거야?,[@]¡¿Qué demonios?![WAIT@]¿Cómo [if party:singular]pasaste[else]pasaron [/if] por esa puerta?,[@]¡¿Qué demonios?![WAIT@]¿Cómo [if party:singular]has[else]habéis[/if] llegado por esa puerta?,[@]Que diabos?![WAIT@]Como você abriu aquela porta?,[@]Co do diabła?![WAIT@]Jak się przedosta[if party:plural]liście[else]łeś[/if] przez te drzwi?,[@]Was zum Teufel?![WAIT@]Wie [if party:plural]seid ihr[else]bist du[/if] durch die Tür gekommen?,[@]Какого чёрта?![WAIT@]Как [if party:plural]вы прошли[else]ты прошёл[/if] через эту дверь?,[@]Що за чорт?![WAIT@]Як [if party:plural]ви пройшли[else]ти пройшов[/if] через ці двері?,[@]搞什么鬼？！[WAIT@]你是怎么打开那扇门的？
DIALOGUE_PODUNK_PIERRE_2_SPEAKER_Pierre,Pierre,Pierre,Pierre,ピエール,피에르,Pierre,Pierre,Pierre,Pierre,Pierre,Пьер,Пьєр,皮埃尔
DIALOGUE_PODUNK_PIPPI_HOUSE_0,"[@]We meet once more, [Ninten]!","[@]Te revoilà, [Ninten] !","[@]Ci rincontriamo, [Ninten]!",[@]こんにちは！　[Ninten]ちゃん！,"[@]나중에 다시 만나자, [Ninten]!","[@]¡Nos vemos otra vez, [Ninten]!","[@]¡Hola de nuevo, [Ninten]!","[@]Nos encontramos mais uma vez, [Ninten]!","[@]Znów się spotykamy, [Ninten]!","[@]So sehen wir uns wieder, [Ninten]!",[@]И ещё раз привет!,"[@]Ми знову зустрілися, [Ninten]!",[@]我们又见面了，[Ninten]！
DIALOGUE_PODUNK_PIPPI_HOUSE_1,"[@]I'd join you on your adventure, but my mom says I'm not allowed to go too far from the house for a while.","[@]Je te rejoindrais bien dans ton aventure, mais ma maman a dit que j'avais pas le droit de trop m'éloigner de la maison pour l'instant.","[@]Verrei all'avventura con te, ma mia mamma non vuole che mi allontano da casa per un po'.",[@]わたしも　ぼうけんについていきたいんだけど\nママに　とおくにいっちゃいけません！　って\nいわれちゃったのよ。,"[@]나도 네 여정에 함께하고 싶지만, 엄마가 집에서\n너무 멀리 나가지 말라고 해서...","[@]Me gustaría unirme a tu aventura, pero mi mamá dice\nque no tengo permitido salir lejos de casa por un tiempo.","[@]Me encantaría ir contigo, pero mamá no quiere que me aleje mucho de casa.","[@]Eu iria nessa aventura contigo, mas a mamãe falou que eu não posso ir para longe de casa por um tempo.","[@]Przyłączyłabym się do twojej przygody, ale moja mama mówi, że nie wolno mi się oddalać od domu przez jakiś czas.","[@]Ich würde ja gerne mitreisen, aber Mama sagt, dass ich zurzeit nicht zu weit weg vom Haus darf.","[@]Я б с тобой пошла, но мама пока не разрешает мне отходить далеко.","[@]Я б приєдналася, але моя мама поки не дозволяє відходити далеко від дому.",[@]我也想跟你一起去冒险，但我妈妈说这段时间不许我走太远。
DIALOGUE_PODUNK_PIPPI_HOUSE_3,"[@]Here, take this shiny badge.[WAIT@]My mom said that as long as I have it, it'll give me courage.","[@]Tiens, prends ce badge qui brille.[WAIT@]Ma maman m'a dit que tant que je l'aurais sur moi, il me donnerait du courage.","[@]Ecco, tieni questa medaglia.[WAIT@]Mia mamma dice che avrei avuto coraggio finché ce l'avrei avuta.",[@]はい！　バッヂよ！[WAIT@]ママが　これは\nゆうきのあかしだって　いってたの。,"[@]자, 반짝이는 배지야.[WAIT@]엄마가 말하기론 이걸 가지고 있으면 용기를 준다고\n했어.","[@]Ten, toma este broche brillante.[WAIT@]Mi mamá dijo que mientras lo lleve, me dará valentía.","[@]Toma, quédate con este broche brillante.[WAIT@]Mi mamá me dijo que mientras lo tuviera, me daría coraje.","[@]Aqui, pegue este brasão![WAIT@]Mamãe falou que, enquanto eu estiver com ele, serei bem corajosa.","[@]Masz, weź tę lśniącą odznakę.[WAIT@]Mama powiedziała, że dopóki ją mam, będzie mi dodawać otuchy.","[@]Hier, nimm diesen glänzenden Orden.[WAIT@]Mama sagt, solange ich ihn trage, gibt er mir Mut.","[@]Вот, держи этот блестящий значок.[WAIT@]Мама сказала, что он придаёт смелости!","[@]Ось, тримай цей блискучий значок.[WAIT@]Мама каже, що він додає мені сміливості!",[@]给你，拿着这个闪亮的徽章吧。[WAIT@]我妈妈说，只要拿着它，它就会给我勇气。
DIALOGUE_PODUNK_PIPPI_HOUSE_5,"[@]But I think you'll probably need it more than me, so keep it!","[@]Mais je crois qu'il te sera plus utile à toi qu'à moi, alors garde-le !",[@]Però mi sa che a te servirà di più. Tienila!,[@]だから　ゆうかんな　[Ninten]ちゃんにこそ\nふさわしいと　おもうわ！,[@]나보단 오빠한테 더 필요할 거 같아서 주는 거야!,"[@]Pero creo que tú probablemente lo necesitarás más que yo, ¡así que guárdalo!","[@]Pero creo que tú lo necesitarás mucho más que yo,\n¡así que toma!",[@]Mas acho que você precisa dele mais do que eu.,"[@]Ale myślę, że tobie przyda się bardziej niż mnie, więc zatrzymaj ją!","[@]Aber ich denke, dass du ihn mehr gebrauchen kannst, also nimm ihn!","[@]Но, думаю, он тебе нужнее! Забирай!","[@]Але, вважаю, тобі він потрібніше! Забирай!",[@]我觉得你可能会比我更需要它，所以，拿上吧！
DIALOGUE_PODUNK_PIPPI_HOUSE_6,"[@]Oh, and by the way, you forgot the badge I gave you.","[@]Ah et, au fait, tu as oublié le badge que je t'avais donné.","[@]Ah, comunque, ti sei dimenticato della medaglia che ti ho dato.",[@]あ　そういえば　わたしのあげた\nバッヂを　わすれてたよ　ハイッ！,"[@]아, 그러고 보니 내가 준 배지를 잊고 있었네.","[@]Oh, y por cierto, olvidaste el broche que te di.","[@]Oh, y por cierto, te olvidaste del broche que te di.","[@]Ah, a propósito, você esqueceu o brasão que eu te dei.","[@]A tak przy okazji, zapomniałeś o odznace, którą ci dałam.","[@]Oh, übrigens, du hast den Orden vergessen, den ich dir geschenkt habe.","[@]Ой, кстати, ты забыл значок, который я тебе давала.","[@]Ой, до речі, ти забув значок, який я тобі дала.",[@]噢对了，你忘记拿我给你的徽章了。
DIALOGUE_PODUNK_PIPPI_HOUSE_7,[@][Ninten] got the Courage Badge!,[@][Ninten] obtient le Badge du Courage !,[@][Ninten] ottiene la Medaglia del coraggio!,[@][Ninten]は　ゆうきのバッヂを　てにいれた！,[@][Ninten][particle:Ninten:0] 용기의 배지를 받았다!,[@]¡[Ninten] obtuvo el Broche de valentía!,[@]¡[Ninten] ha conseguido el Broche del coraje!,[@][Ninten] conseguiu o Brasão da Bravura!,[@][Ninten] dostał Odznakę Odwagi!,[@][Ninten] erhielt den Mut-Orden!,[@][Ninten] получил значок Мужества!,[@][Ninten] отримав значок хоробрості!,[@][Ninten]获得了勇气徽章！
DIALOGUE_PODUNK_PIPPI_HOUSE_8,"[@]Wait, you can't carry it? What a shame!","[@]Attends, t'as pas la place ? C'est vraiment dommage !","[@]Ma come, non hai spazio? Che peccato!",[@]あら　もちきれない　みたい。\nざんねん　だったわね。,"[@]잠깐, 짐이 너무 많은 거 아니야? [WAIT@]그럼 내가 다시가져야지!","[@]Espera, ¿no puedes llevártelo? ¡Qué lastima!","[@]Espera, ¿no tienes espacio? ¡Qué pena!","[@]Peraí, você não tem como levá-lo? Poxa!","[@]Czekaj, nie możesz jej nosić? Jaka szkoda!","[@]Warte, du kannst ihn nicht tragen? Schade!","[@]Стоп, тебе некуда его положить? Ну вот...","[@]Стоп, тобі нікуди його покласти? Ох, шкода...",[@]等等，你拿不下了？真可惜！
DIALOGUE_PODUNK_PIPPI_HOUSE_9,"[@]Well, have fun on your adventure.[WAIT@]I hope we meet again someday.","[@]Bon, amuse-toi bien dans ton aventure.[WAIT@]J'espère qu'on se reverra.","[@]Beh, divertiti con la tua avventura.[WAIT@]Spero che ci rivedremo un giorno.",[@]じゃあ　ぼうけんを　がんばってね。[WAIT@]また　あえると　いいわね。,[@]이제 다시 모험을 떠나자![WAIT@]그리고 언젠가 다시 만나는 거야! 알겠지?,"[@]Bueno, diviértete en tu nueva aventura.[WAIT@]Espero reencontrarnos algún dia.","[@]Bueno, diviértete en tu aventura.[WAIT@]Espero que nos volvamos a ver algún día.","[@]Bem, divirta-se na sua aventura.[WAIT@]Espero que a gente se encontre de novo.","[@]Cóż, baw się dobrze podczas swojej przygody.[WAIT@]Mam nadzieję, że jeszcze kiedyś się spotkamy.","[@]Also, viel Spaß bei [if party:plural]eurem[else]deinem[/if] Abenteuer.[WAIT@]Ich hoffe, dass wir uns irgendwann wiedersehen.","[@]Ну, удачного приключения![WAIT@]Надеюсь, мы с тобой ещё встретимся.","[@]Що ж, удачі тобі в пригоді.[WAIT@]Сподіваюся, ми ще коли-небудь зустрінемося.",[@]那么，祝你冒险愉快。[WAIT@]希望我们有一天还能再见。
DIALOGUE_PODUNK_PIPPI_RECRUIT_0,"[@]I’d join you on your adventure, but my mom says I need to help with the garden.[WAIT@]I’m so bored.[WAIT] I want to go exploring.",,,,,,,,,,,,
DIALOGUE_PODUNK_PIPPI_RECRUIT_1,[@]Would you mind doing the gardening for me?,,,,,,,,,,,,
DIALOGUE_PODUNK_PIPPI_RECRUIT_1_NO,No,,,,,,,,,,,,
DIALOGUE_PODUNK_PIPPI_RECRUIT_1_YES,Yes,,,,,,,,,,,,
DIALOGUE_PODUNK_PIPPI_RECRUIT_2,[@][Pippi] is going on an adventure!,,,,,,,,,,,,
DIALOGUE_PODUNK_PIPPI_TOWN_HALL_0,"[@]Remember to come by [color]my house[/color], I'll be waiting there to see you again!",[@]N'oublie pas de passer à la [color]maison[/color]. J'espère te revoir très vite !,"[@]Ricorda di venirmi a trovare [color]a casa[/color], ti aspetto lì!",[@]あとで　[color]わたしのうち[/color]に　きてね。,"[@][color]우리 집[/color]에 꼭 놀러 와, 기다리고 있을게!","[@]Recuerda visitar [color]mi casa[/color], ¡te estaré esperando!","[@]No te olvides de pasar por [color]mi casa[/color], ¡te estaré esperando!","[@]Não se esqueça de me visitar lá na [color]minha casa[/color], eu estarei te esperando!","[@]Pamiętaj, żeby wpaść do [color]mojego domu[/color], będę tam na ciebie czekała!","[@]Denk daran, mal bei [color]mir zu Haus[/color] vorbeizuschauen. Ich warte dort auf dich!",[@]Не забудь вернуться к [color]моему дому[/color] — я буду тебя ждать!,[@]Не забудь підійти до [color]мого дому[/color] — я тебе чекатиму!,[@]回头记得来[color]我家[/color]哦，我会在那里等着你的！
DIALOGUE_PODUNK_PIPPI_TOWN_HALL_1,[@]I'll give you [color]something special[/color] if you do.,"[@]En plus, j'aurai peut-être [color]un p'tit truc[/color] à te donner.",[@]Ho una [color]cosa speciale[/color] da darti.,[@]まってるね！,"[@]오면 아주 아주 특별한 걸 줄 테니까, 까먹으면 안\n된다!","[@]Además, tengo [color]algo especial[/color] para ti. Te lo daré\nsi vienes.","[@]Además, tengo [color]algo especial[/color] para ti. Te lo daré\nsi vienes.",[@]Eu tenho [color]uma coisa legal[/color] para te dar.,"[@]Jeśli to zrobisz, dam ci [color]coś specjalnego[/color].","[@]Ich werde dir [color]etwas Besonderes[/color] geben, wenn du kommst.",[@]Я дам тебе [color]кое-что особенное[/color].,[@]Я дам тобі [color]щось особливе[/color].,[@]要是你来了的话，我会送你一份[color]特别的礼物[/color]。
DIALOGUE_PODUNK_PIPPISMOM_0,"[@]Oh me, oh my![WAIT@]It seems my dear [color][Pippi][/color]'s gone missing![WAIT@]If you're going into town, please ask [color]Mayor Goodman[/color] if anyone's seen her, okay?","[@]C'est terrible, c'est affreux ![WAIT@]Je crois que ma petite [color][Pippi][/color] a disparu ![WAIT@]Je t'en prie, si tu vas en ville, demande au [color]maire,\nM. Goodman[/color], si quelqu'un l'aurait aperçue... D'accord ?","[@]È terribile![WAIT@]La mia povera [color][Pippi][/color] è sparita![WAIT@]Se vai in città, fammi il favore di chiedere notizie al [color]Sindaco Goodman[/color], va bene?",[@]うちの　[color][Pippi][/color]が　まいごに　なったの！[WAIT@]マザーズデイの　まちに　いくなら\n[color]ちょうちょうさん[/color]に　れんらくしてくださいな。\nオロオロ　ウロウロ。,"[@]어머, 어떡하니![WAIT@][color][Pippi][/color][particle:Pippi:1] 사라졌어![WAIT@]마을에 갈 일이 생기면, [color]굿맨 시장님[/color]께 본 사람이\n있는지 여쭤봐 주겠니?","[@]¡Ay, madre mía![WAIT@]¡Parece que mi querida [color][Pippi][/color] ha desaparecido![WAIT@]Si vas a la ciudad, por favor pregúntale al [color]Alcalde Goodman[/color] si alguien la ha visto, ¿de acuerdo?","[@]¡Ay, mi madre![WAIT@]¡Mi querida [color][Pippi][/color] ha desaparecido![WAIT@]Si vas al pueblo, pregúntale al [color]Alcalde Goodman[/color] si alguien la ha visto, ¿vale?","[@]Oh, vida! Oh, céus! Oh, azar...[WAIT@]Parece que a minha querida [color][Pippi][/color] desapareceu![WAIT@]Se você estiver indo à cidade, por favor, pergunte ao [color]Prefeito Gentili[/color] se alguém a viu, tá bom?","[@]Rety kotlety![WAIT@]Wygląda na to, że moja kochana [color][Pippi][/color] zaginęła![WAIT@]Jeśli wybierasz się do miasta, zapytaj [color]burmistrza Goodmana[/color], czy ktoś ją widział, dobrze?","[@]Ojemine, ojemine![WAIT@]Meine liebste [color][Pippi][/color] ist verschwunden![WAIT@]Wenn du in die Stadt gehst, bitte frag [color]Bürgermeister Goodman[/color], ob sie jemand gesehen hat, okay?","[@]Боже мой![WAIT@]Моя милая [color][Pippi][/color] пропала![WAIT@]Если пойдёшь в город, спроси [color]мэра Гудмена[/color], вдруг её кто-то видел...","[@]Боже мій![WAIT@]Моя мила [color][Pippi][/color] пропала![WAIT@]Якщо підеш до міста, спитай у [color]мера Гудмена[/color], чи бачив її хтось...",[@]我的天啊…[WAIT@]我亲爱的[color][Pippi][/color]不见了！[WAIT@]你要是去镇上的话，麻烦帮我问问[color]古德曼镇长[/color]，看看有没有人见过她，好吗？
DIALOGUE_PODUNK_PIPPISMOM_SPEAKER_Mrs._Lindgren,Mrs. Lindgren,Mᵐᵉ Lindgren,Sig.ra Lindgren,リンドグレーンさん,린드그렌 부인,Sra. Lindgren,Sra. Lindgren,Sra. Lindgren,Pani Lindgren,Frau Lindgren,Миссис Линдгрен,Місіс Ліндгрен,林德格伦夫人
DIALOGUE_PODUNK_PIPPISMOM_CANARY_0,"[@]I don't think Laura's [color]inside the village[/color], but she's definitely [color]somewhere on this island[/color].[WAIT@]I suggest you try [color]scoping[/color] the area.[WAIT@]You can easily do so by imagining a [color][ui_scope][/color] [if input:gamepad]button[else]key[/if] and holding it down.[WAIT@]This will help you view [color]places you can't normally see[/color].","[@]Je ne crois pas que tu trouveras Laura [color]dans le village[/color],\nmais elle est certainement [color]quelque part sur cette île[/color].[WAIT@]Je te conseille de [color]scruter[/color] les alentours.[WAIT@]Ça se fait très simplement, tu n'as qu'à imaginer [if input:gamepad]un bouton[else]une touche[/if] [color][ui_scope][/color] et [if input:gamepad]le maintenir enfoncé[else]la maintenir enfoncée[/if].[WAIT@]Cela te permettra d'observer [color]des choses que tu ne peux normalement pas voir[/color].","[@]Non penso che Laura sia [color]dentro al villaggio[/color], ma di sicuro è [color]su quest'isola[/color].[WAIT@]Ti consiglio di [color]esaminare[/color] questa zona.[WAIT@]Puoi farlo immaginando un [if input:gamepad]pulsante[else]tasto[/if] [color][ui_scope][/color] e tenendolo premuto.[WAIT@]Ti aiuterà a vedere [color]luoghi normalmente invisibili[/color].",[@]いま　ローラは　どこにいるか　わからないけど\nきっと　カナリアむらからは　[color]でていない[/color]はずよ。\nきっと　[color]このむらのどこか[/color]にいるわ！[WAIT@]まわりを　[color]みわたす[/color]と　いいんじゃないかしら？[WAIT@][color][ui_scope][/color][if input:gamepad]ボタン[else]キー[/if]を　おしながらうごく\nというかんじにそうぞうしてみてね。[WAIT@]そうすれば　とおくまで　みわたせるはずよ。,[@]내 생각에 로라는 [color]이 근처 어딘가[/color]엔 있을 거란다.[WAIT@]이 근방을 [color]탐색[/color]해 보는 게 어떻겠니?[WAIT@]그러니까... [color][ui_scope][/color]을 누른다고 상상해 보렴.[WAIT@]그렇게 하면 평소엔 볼 수 없던 곳까지 볼 수 있을\n거야.,"[@]No creo que Laura esté [color]dentro de la villa[/color], pero definitivamente está [color]en algún lugar de la isla[/color].[WAIT@]Te sugiero tratar de [color]explorar[/color] el área.[WAIT@]Podrás hacerlo fácilmente imaginando [if input:gamepad]un botón[else]una tecla[/if] [color][ui_scope][/color] y manteniéndol[if input:gamepad]o presionado[else]a presionada[/if].[WAIT@]Te ayudará en ver los [color]lugares que normalmente no ves[/color].","[@]No creo que Laura esté [color]dentro de la aldea[/color], pero ten por seguro que todavía está [color]en algún lugar de esta isla[/color].[WAIT@]Te recomiendo que intentes [color]explorar[/color] la zona.[WAIT@]Puedes hacerlo si imaginas [if input:gamepad]un botón[else]una tecla[/if] [color][ui_scope][/color] y [if input:gamepad]lo mantienes pulsado[else]la mantienes pulsada[/if].[WAIT@]Esto te ayudará a observar [color]lugares que normalmente no podrías ver[/color].","[@]Eu não acho que a Laura esteja [color]dentro da vila[/color], mas tenho certeza que ela está em [color]algum lugar dessa ilha[/color].[WAIT@]Eu sugiro que você tente [color]analisar[/color] a área.[WAIT@]Você pode fazer isso facilmente se imaginar [if input:gamepad]um botão[else]uma tecla[/if] [color][ui_scope][/color] e segurá-[if input:gamepad]lo[else]la[/if].[WAIT@]Isso vai te ajudar a ver [color]lugares que você não consegue normalmente[/color].","[@]Nie sądzę, żeby Laura była [color]w wiosce[/color], ale na pewno jest [color]gdzieś na tej wyspie[/color].[WAIT@]Proponuję [color]przeszukać[/color] okolicę.[WAIT@]Możesz to łatwo zrobić, wyobrażając sobie [if input:gamepad]przycisk[else]klawisz[/if] [color][ui_scope][/color] i przytrzymując go.[WAIT@]Pomoże ci to zobaczyć [color]miejsca, których normalnie nie widzisz[/color].","[@]Ich glaube nicht, dass Laura [color]im Dorf[/color] ist, aber sie ist sicher noch [color]auf der Insel[/color].[WAIT@]Ich schlage dir vor, durch die Felder zu [color]spähen[/color].[WAIT@]Das schaffst du mit Leichtigkeit, indem du dir [if input:gamepad]einen[else]eine[/if] [color][ui_scope][if input:gamepad]-Knopf[else]-Taste[/if][/color] vorstellst und gedrückt hälst.[WAIT@]So kannst du Orte sehen, [color]die du normalerweise nicht sehen kannst[/color].","[@]Сомневаюсь, что Лора [color]в самой деревушке[/color], но она непременно [color]где-то на этом островке[/color].[WAIT@]Здесь тебе поможет [color]разведка местности[/color]![WAIT@]Представь перед собой [if input:gamepad]кнопку[else]клавишу[/if] [color][ui_scope][/color] и зажми её.[WAIT@]Так ты увидишь [color]места, в которые обычно нельзя заглянуть[/color].","[@]Не впевнена, що Лора [color]знаходиться у самому селі[/color], але вона однозначно [color]десь на цьому острівці[/color].[WAIT@]Я раджу тобі спробувати [color]розвідати місцевість[/color].[WAIT@]Ти легко можеш це зробити, уявивши [if input:gamepad]кнопку[else]клавішу[/if] [color][ui_scope][/color] і затиснувши її.[WAIT@]Це допоможе тобі оглянути [color]місця, які зазвичай не видно[/color].",[@]我不觉得劳拉还在[color]村庄里[/color]，但她肯定在[color]这座岛屿上的某个地方[/color]！[WAIT@]我觉得你可以试着[color]观察[/color]一下周围？[WAIT@]你只需要想象一个[color][ui_scope][/color][if input:gamepad]按钮[else]按键[/if]然后按住它。[WAIT@]这能帮你看到[color]平时看不到的地方[/color]。
DIALOGUE_PODUNK_PIPPISMOM_CANARY_SPEAKER_Mrs._Lindgren,Mrs. Lindgren,Mᵐᵉ Lindgren,Sig.ra Lindgren,リンドグレーンさん,린드그렌 부인,Sra. Lindgren,Sra. Lindgren,Sra. Lindgren,Pani Lindgren,Frau Lindgren,Миссис Линдгрен,Місіс Ліндгрен,林德格伦夫人
DIALOGUE_PODUNK_PIPPISMOM_MAYOR_0,"[@]Thank you for finding my daughter, [Ninten].[WAIT@]By the way, the [color]mayor[/color] is itching to see you, [Ninten]...[WAIT@][Pippi], go with [Ninten] and help straighten this out.","[@]Merci d'avoir retrouvé ma fille, [Ninten].[WAIT@]Au fait, le [color]maire[/color] est très impatient de te voir, [Ninten]...[WAIT@][Pippi], va avec [Ninten] et aide-le à régler cette affaire.","[@]Grazie per aver ritrovato mia figlia, [Ninten].[WAIT@]Ah, giusto, il [color]sindaco[/color] vuole vederti, [Ninten]...[WAIT@][Pippi], va' con [Ninten] e aiuta a sistemare questa faccenda.",[@]よかったわ　よかったわ。\nほんとによかった。[WAIT@][Ninten]くん　わたしの　むすめを\nたすけてくれて　ほんとうに　ありがとう！[WAIT@]そういえば　[color]ちょうちょうさん[/color]も\n[Pippi]を　さがしてくれてるはずよ。[WAIT@]ちゃんと　ごあいさつに　いってきてちょうだいね。,"[@]내 딸을 찾아줘서 고마워, [Ninten].[WAIT@]그건 그렇고, 시장이 널 찾고 있는 거 같던데...[WAIT@][Pippi], [Ninten][particle:Ninten:3] 함께 따라가서\n도와줄래?","[@]Gracias por encontrar a mi hija, [Ninten].[WAIT@]Por cierto, el [color]alcalde[/color] está deseando verte, [Ninten]...[WAIT@][Pippi], ve con [Ninten] y ayúdalo a arreglar esto.","[@]Gracias por encontrar a mi niña, [Ninten].[WAIT@]Por cierto, el [color]alcalde[/color] está deseando verte, [Ninten]...[WAIT@][Pippi], ve con él y ayúdale a zanjar todo este asunto.","[@]Muito obrigada por ter encontrado a minha filha, [Ninten].[WAIT@]Por sinal, o [color]prefeito[/color] estava doido para te ver, [Ninten]...[WAIT@][Pippi], vá com o [Ninten] e veja o que o prefeito quer.","[@]Dziękuję za odnalezienie mojej córki, [Ninten].[WAIT@]A tak przy okazji, [color]burmistrz[/color] bardzo chce cię zobaczyć, [Ninten]...[WAIT@][Pippi], pójdź z nim i pomóż mu to wszystko odkręcić.","[@]Danke, dass du meine Tochter suchst, [Ninten].[WAIT@]Übrigens, der [color]Bürgermeister[/color] sucht nacht dir, [Ninten] ...[WAIT@][Pippi], gehe mit [Ninten] und hilf ihm.","[@]Спасибо тебе, что нашёл мою дочь![WAIT@]Кстати, [Ninten], [color]Мэру[/color] не терпится с тобой поговорить...[WAIT@][Pippi], пойди с ним — поможешь разобраться.","[@]Дякую тобі, що знайшов мою дочку.[WAIT@]До речі, [Ninten], [color]мер[/color] дуже бажає з тобою зустрітися...[WAIT@][Pippi], піди с ним — допоможеш розібратися.",[@]谢谢你找到了我的女儿，[Ninten]。[WAIT@]对了[Ninten]，顺便说一下，[color]镇长[/color]正着急想要见你呢。[WAIT@][Pippi]，你跟[Ninten]一起去把这事处理好吧。
DIALOGUE_PODUNK_PIPPISMOM_MAYOR_SPEAKER_Mrs._Lindgren,Mrs. Lindgren,Mᵐᵉ Lindgren,Sig.ra Lindgren,リンドグレーンさん,린드그렌 부인,Sra. Lindgren,Sra. Lindgren,Sra. Lindgren,Pani Lindgren,Frau Lindgren,Миссис Линдгрен,Місіс Ліндгрен,林德格伦夫人
DIALOGUE_PODUNK_PIPPISMOM_THANKS_0,"[@]I want to thank you again for your help.[WAIT@][Pippi] is fine now, but all she talks about now is you![WAIT@]You should play with her again someday.","[@]J'aimerais te remercier une fois de plus pour ton aide.[WAIT@][Pippi] va mieux maintenant, mais elle ne parle plus que de toi ![WAIT@]Tu devrais jouer avec elle, un de ces jours.","[@]Grazie ancora per l'aiuto.[WAIT@][Pippi] sta bene ora, ma non fa altro che parlare di te![WAIT@]Torna a giocare, qualche volta.",[@]あなたは　[Pippi]ちゃんのおんじんよ！[WAIT@]いつも[Ninten]くんの\nことを　はなしているわ。[WAIT@]あのこも　よろこぶとおもうから\nまたいつでも　あそびにきてちょうだいね。,[@]다시 한번 고마워.[WAIT@][Pippi][particle:Pippi:0] 하루 종일 네 얘기만 한단다.[WAIT@]나중에 마을에 다시 온다면 꼭 들려주렴?,"[@]Quiero agradecerte nuevamente por tu ayuda.[WAIT@][Pippi] ya está bien, ¡pero ahora no hace más que hablar sobre ti![WAIT@]Deberías volver a jugar con ella algún día.","[@]Quiero agradecerte de nuevo por la ayuda.[WAIT@][Pippi] ya está bien, ¡pero ahora no hace más que hablar sobre ti![WAIT@]Deberías volver a jugar con ella algún día.","[@]Eu quero te agradecer de novo pela sua ajuda.[WAIT@][Pippi] está bem agora, mas agora ela só fala sobre você![WAIT@]Vocês deveriam brincar de novo qualquer dia.","[@]Chcę ci jeszcze raz podziękować za pomoc.[WAIT@][Pippi] czuje się już dobrze, ale teraz mówi tylko o tobie![WAIT@]Powinieneś się z nią jeszcze kiedyś pobawić.","[@]Ich möchte mich nochmal für deine Hilfe bedanken.[WAIT@][Pippi] geht es gut, aber sie redet nur noch über dich![WAIT@]Du solltest irgendwann mal wieder mit ihr spielen.",[@]Ещё раз огромное спасибо тебе за помощь.[WAIT@][Pippi] всё время говорит только о тебе![WAIT@]Когда-нибудь вам стоит ещё раз вместе поиграть.,[@]Ще раз величезне спасибі тобі за допомогу.[WAIT@][Pippi] весь час тільки про тебе й говорить![WAIT@]Колись вам варто ще пограти разом.,[@]再次感谢你的帮忙。[WAIT@][Pippi]现在没事了，但她嘴里现在念叨的都是你！[WAIT@]或许你以后哪天有空的时候应该常来陪她玩。
DIALOGUE_PODUNK_PIPPISMOM_THANKS_1,"[@]I'm so relieved that you're safe![WAIT@]I know you've been wanting to play more with [Ninten], so I've arranged a sleepover for you two.[WAIT@]Be sure to be home by sunset.[WAIT@]As much as I’d like you to stay home with me, you are the strongest girl in the world, and the animals in the zoo need help.[WAIT@]Promise me you'll stay safe, and try not to hurt the animals, if you can.","[@]Je suis tellement soulagé que tu es saine et sauve![WAIT@]Je sais que t'aimerais bien passes plus de temp a jouer avec [Ninten], donc j'ai arranger une soirée pyjama entre vous deux ce soir.[WAIT@]Rappelles-toi d'être chez nous avant le coucher du soleil.[WAIT@]J'aimerai bien que tu restes à la maison avec moi, mais tu est la fille la plus forte du monde, et les animaux aux zoo ont besoin de ton aide.[WAIT@]Promets-moi que tu resteras saufe, et essaies de ne pas faire trop de mal aux animaux, si possible.",,,,,,,,,,,
DIALOGUE_PODUNK_PIPPISMOM_PIPPIGONE_0,"[@]My little [PIPPI] just can't sit still![W@]She pleaded me to let her go out again, and I just couldn't say no.[W@]I used to be just as energetic when I was a kid, so I know what it's like, needing to spread your wings.[W@]I just hope she stays out of trouble this time...","[@]Ma petite [PIPPI] ne tient pas en place ![W@]Elle m'a suppliée de la laisser sortir, et je ne pouvais pas dire non à un visage si mignon.[W@]Quand j'étais petite, j'avais tout autant d'énergie, donc je sais ce que ça fait de vouloir être indépendante.[W@]J'espère juste que cette fois, elle ne se retrouvera dans aucun problème...
","[@]La mia [PIPPI] non sta mai ferma![W@]Mi ha pregato di poter ripartire, e io cos'altro potevo rispondere?[W@]Da piccola ero vivace come lei, so cosa sta provando, sente il bisogno di allargare i suoi orizzonti.[W@]Mi auguro soltanto che stavolta stia fuori dai guai...
",[@]あぁ・・・　どうしましょ\n　　　　　　　どうしましょ\n　　　　　　　　どうしましょ[W@]どうしましょ！[BR]うちの　[Pippi]が　また[BR]どこかへ　いっちゃったの！[WAIT@]まいごになったから　そとで[BR]あそんじゃダメ！[DELAY]って　いったのに[BR]おねがいされて　ことわれなくて・・・[WAIT@]わたしも　こどものころは[BR]おなじくらい　おてんばだったから[BR]きもちはわかるけど・・・[W@]こんどこそ　こわいめに[BR]あってないと　いいわ・・・[BR]オロオロ　ウロウロ・・・。,"[@]우리 [Pippi][particle:Pippi:1] 정말 가만히 있질 못한다니까![W@]또 나가고 싶다고 어찌나 조르던지, 결국 허락해 줄 수밖에 없었어.[W@]내 어릴 때랑 겹쳐 보인달까.[W@]마음껏 돌아다니고 싶은 기분이 어떤 건지 물론 알지.[W@]말썽만 안 피웠으면 좋겠구나...","[@]¡Mi pequeña [PIPPI] no puede quedarse quieta![W@]Me suplicó que la dejara explorar otra vez, y no le podía decir que no.[W@]Yo solía ser igual de energética cuando era joven, así que entiendo la necesidad de abrir tus alas.[W@]Solo espero que esta vez no se meta en problemas...","[@]¡Mi [PIPPI] es incapaz de estarse quietecita!
[W@]Me suplicó que la dejara salir otra vez y no pude negarme.
[W@]Yo era igual de movida de pequeña, así que sé lo que es necesitar abrir las alas.
[W@]Solo espero que esta vez no se meta en líos...","[@]A minha [PIPPI] não consegue ficar parada![W@]Ela implorou para que eu deixasse ela sair de novo, e eu não consegui dizer não.[W@]Eu costumava ser tão energética quanto ela quando criança, então eu sei como é ter que abrir suas asas.[W@]Só espero que ela tome mais cuidado dessa vez...","[@]Moja mała [PIPPI] po prostu nie potrafi usiedzieć w miejscu![W@]Błagała mnie, żebym pozwoliła jej znowu wyjść, a ja po prostu nie mogłam jej odmówić.[W@]Kiedy byłam dzieckiem, miałam tyle samo energii, więc wiem, jak to jest, gdy chce się rozwinąć skrzydła.[W@]Mam tylko nadzieję, że tym razem nie wpadnie w kłopoty...","[@]Meine kleine [PIPPI] kann einfach nicht stillsitzen![W@]Sie hat mich angefleht, nur einmal rausgehen zu können, und ich konnte zu ihr einfach nicht nein sagen.[W@]Als Kind war ich auch so energisch, daher weiß ich, wie es ist, wenn man seine Energie rauslassen muss.[W@]Ich hoffe nur, dass sie diesmal keinen Unfug anstellt ...","[@]Моей [decline:Pippi:F:2] совсем на месте не сидится![W@]«Отпусти», говорит, «отпусти»! На коленях умоляла. Как же тут не отпустить...[W@]Я и сама в детстве бегала как ужаленная, поэтому знаю, как иногда хочется свободы.[W@]Только бы она снова не угодила в какую-нибудь историю...","[@]Моя маленька [PIPPI] така непосида!
[W@]Вона благала мене знову відпустити її погуляти, і я не змогла їй відмовити.
[W@]Я сама в дитинстві бігала як ужалена,[D:3] тому знаю, як це, хотіти розправити крильця.
[W@]Сподіваюся, цього разу з нею не станеться ніяких неприємностей...",[@]我家的小[PIPPI]完全静不下来！[W@]她求我让她再出去玩，我实在没法拒绝。[W@]毕竟我小时候也这么精力旺盛，所以我知道那种想要展翅高飞的感觉。[W@]只希望她这次别再惹出什么麻烦来…
DIALOGUE_PODUNK_PIPPISMOM_PIPPIGONE_1,"[@]You’re getting to be so strong, I wouldn’t be surprised if you could carry a horse.[WAIT@]I’m so proud of my [Pippi].[WAIT@]Make sure [Ninten] and your other friends stay out of trouble.[WAIT@]We wouldn’t want them getting hurt.",,,,,,,,,,,,
DIALOGUE_PODUNK_PIPPISMOM_THANKS_SPEAKER_Mrs._Lindgren,Mrs. Lindgren,Mᵐᵉ Lindgren,Sig.ra Lindgren,リンドグレーンさん,린드그렌 부인,Sra. Lindgren,Sra. Lindgren,Sra. Lindgren,Pani Lindgren,Frau Lindgren,Миссис Линдгрен,Місіс Ліндгрен,林德格伦夫人
DIALOGUE_PODUNK_PODUNK_BURGER_SHOP_0,[@]Welcome! Would you like to see what's on our menu?,[@]Bienvenue ! Tu veux jeter un œil à notre carte ?,[@]Benvenuto! Vuoi vedere il menù?,[@]いらっしゃいませ。\nこちらのメニューをごらんください。,"[@]어서 오세요, 메뉴판 한번 보시겠어요?",[@]¡Bienvenido[if party:plural]s[/if]! ¿[if party:singular]Te[else]Les[/if] gustaría ver lo que tenemos en\nel menú?,[@]¡Bienvenido[if party:plural]s[/if]! ¿[if party:singular]Te[else]Os[/if] gustaría ver lo que tenemos en\nel menú?,[@]Bem-vindo! Gostaria de ver o nosso menu?,"[@]Witamy! Chce[if party:plural]cie[else]sz[/if] zobaczyć, co jest w naszym menu?",[@]Willkommen! [if party:plural]Möchtet ihr[else]Möchtest du[/if] auf unsere Karte schauen?,[@]Здравствуйте! Пожалуйста — вот наше меню.,"[@]Ласкаво просимо! Хочете побачити, що у нас в меню?",[@]欢迎光临！您想看看我们的菜单吗？
DIALOGUE_PODUNK_PODUNK_BURGER_SHOP_2,[@]Thank you for coming!,[@]Merci pour ta visite !,"[@]Grazie, arrivederci!",[@]ありがとうございました！\nまたおこしくださいませ！,"[@]안녕히 가세요, 감사합니다~",[@]¡Gracias por venir!,[@]¡Gracias por venir!,[@]Tenha um bom dia!,[@]Serdecznie dziękujemy za wizytę!,[@]Danke für's Kommen!,[@]Всего наилучшего!,[@]Заходьте ще!,[@]感谢您的光临！
DIALOGUE_PODUNK_PODUNK_BURGER_SHOP_SPEAKER_Katie,Katie,Katie,Katie,ケイティ,케이티,Katie,Katie,Katie,Katie,Katie,Кэйти,Кейті,凯蒂
DIALOGUE_PODUNK_PODUNK_DRUG_STORE_0,[@]Welcome! What would you like?,[@]Bienvenue ¦ Qu'est-ce qui te ferait plaisir ?,[@]Benvenuto! Cosa desideri?,[@]いらっしゃいませ。\nなにを　さしあげましょう？,[@]어서 오세요! 한번 둘러보시겠어요?,[@]¡Bienvenido! ¿Qué necesitas?,[@]¡Bienvenido! ¿Qué necesitas?,[@]Bem-vindo! Precisa de alguma coisa?,[@]Witamy! Czego sobie życzy[if party:plural]cie[else]sz[/if]?,[@]Willkommen! Was hätte[if party:plural]t ihr[else]st du[/if] gerne?,[@]Здравствуйте! Что вам нужно?,[@]Ласкаво просимо! Що вам потрібно?,[@]欢迎光临！您想要来些什么呢？
DIALOGUE_PODUNK_PODUNK_DRUG_STORE_2,[@]Have a nice day!,[@]Passe une bonne journée ¦,[@]Buona giornata!,[@]ありがとうございました。\nまたおこしくださいませ　うっふん。,[@]좋은 하루 보내세요~,[@]¡Que tengas un buen día!,[@]¡Que tengas un buen día!,[@]Agradecemos a sua visita!,[@]Miłego dnia!,[@]Hab[if party:plural]t[/if] einen schönen Tag!,[@]Хорошего дня!,[@]Бажаю гарного дня!,[@]祝您今天过得愉快！
DIALOGUE_PODUNK_PODUNK_DRUG_STORE_SPEAKER_Jane,Jane,Jane,Jane,ジェーン,제인,Jane,Jane,Jane,Jane,Jane,Джейн,Джейн,简
DIALOGUE_PODUNK_PODUNK_FOOD_STORE_0,[@]Welcome! What would you like?,[@]Bienvenue ¦ Qu'est-ce qui te ferait plaisir ?,[@]Benvenuto! Cosa desideri?,[@]いらっしゃいませ。\nなにを　さしあげましょう？,[@]어서 오세요! 한번 둘러보시겠어요?,[@]¡Bienvenido! ¿Qué te gustaria ordenar?,[@]¡Bienvenido! ¿Qué te gustaría tomar?,[@]Bem-vindo! Precisa de alguma coisa?,[@]Witamy! Czego sobie życzy[if party:plural]cie[else]sz[/if]?,[@]Willkommen! Was hätte[if party:plural]t ihr[else]st du[/if] gerne?,[@]Здравствуйте! Что вам нужно?,[@]Ласкаво просимо! Що вам потрібно?,[@]欢迎光临！您想要来些什么呢？
DIALOGUE_PODUNK_PODUNK_FOOD_STORE_2,[@]Have a nice day!,[@]Passe une bonne journée ¦,[@]Buona giornata!,[@]ありがとうございました。\nまたおこしくださいませ　うっふん。,[@]좋은 하루 보내세요~,[@]¡Que tengas un buen día!,[@]¡Que tengas un buen día!,[@]Volte sempre!,[@]Miłego dnia!,[@]Hab[if party:plural]t[/if] einen schönen Tag!,[@]Хорошего дня!,[@]Бажаю гарного дня!,[@]祝您今天过得愉快！
DIALOGUE_PODUNK_PODUNK_FOOD_STORE_SPEAKER_Marcie,Marcie,Marcie,Marcie,マーシー,마르시아,Marcie,Marcie,Marcie,Marcie,Marcie,Марси,Марсі,玛茜
DIALOGUE_PODUNK_PODUNK_SPORTS_SHOP_0,[@]Welcome! What would you like?,[@]Bienvenue ¦ Qu'est-ce qui te ferait plaisir ?,[@]Benvenuto! Cosa desideri?,[@]いらっしゃいませ。\nなにを　さしあげましょう？,[@]어서 오세요! 한번 둘러보시겠어요?,[@]¡Bienvenido! ¿Qué necesitas?,[@]¡Bienvenido! ¿Qué necesitas?,[@]Bem-vindo! Precisa de alguma coisa?,[@]Witamy! Czego sobie życzy[if party:plural]cie[else]sz[/if]?,[@]Willkommen! Was hätte[if party:plural]t ihr[else]st du[/if] gerne?,[@]Здравствуйте! Что вам нужно?,[@]Ласкаво просимо! Що вам потрібно?,[@]欢迎光临！您想要来些什么呢？
DIALOGUE_PODUNK_PODUNK_SPORTS_SHOP_2,[@]Have a nice day!,[@]Passe une bonne journée ¦,[@]Buona giornata!,[@]ありがとうございました。\nまたおこしくださいませ　うっふん。,[@]좋은 하루 보내세요~,[@]¡Que tengas un buen día!,[@]¡Que tengas un buen día!,[@]Tenha um bom dia!,[@]Miłego dnia!,[@]Hab[if party:plural]t[/if] einen schönen Tag!,[@]Хорошего дня!,[@]Бажаю гарного дня!,[@]祝您今天过得愉快！
DIALOGUE_PODUNK_PODUNK_SPORTS_SHOP_SPEAKER_Iris,Iris,Iris,Iris,アイリス,아이리스,Iris,Iris,Iris,Iris,Iris,Ирис,Іріс,艾瑞丝
DIALOGUE_PODUNK_PODUNKHOTEL_0,[@]Welcome to the Podunk Hotel.,[@]Bienvenue à l'hôtel de Podunk.,[@]Questo è l'Hotel Podunk.,[@]いらっしゃいませ。,[@]마더즈데이 호텔에 오신 걸 환영합니다.,[@]Bienvenido[if party:plural]s[/if] al Hotel de Podunk.,[@]Bienvenido[if party:plural]s[/if] al hotel de Podunk.,[@]Bem-vindo ao Hotel de Boa Mãe.,[@]Witamy w hotelu Podunk.,[@]Willkommen im Hotel Podunk.,[@]Добро пожаловать в отель Поданка.,[@]Ласкаво просимо до готелю Поданку.,[@]欢迎来到波顿克旅馆。
DIALOGUE_PODUNK_PODUNKHOTEL_1,[@]We offer a stay for $50.,"[@]Ici, c'est 50 $ la nuit.",[@]Una notte costa 50 $.,[@]ひとばん　５０ドルになります。,[@]저희 호텔은 50달러에 숙박을 제공하고 있습니다.,[@]Ofrecemos una estancia por $50.,[@]Ofrecemos una estancia por 50 $.,[@]Oferecemos uma estadia por $50.,[@]Oferujemy pobyt za 50 $.,[@]Eine Nacht kostet 50 $.,[@]Стоимость номера на одну ночь — 50 $.,[@]Вартість номера на одну ніч — 50 $.,[@]住宿每晚50美元。
DIALOGUE_PODUNK_PODUNKHOTEL_2,[@]Will you be staying with us for the night?,[@]Allez-vous rester la nuit ?,[@]Vuoi prendere una stanza per oggi?,[@]おとまりになりますか？,[@]하룻밤 묵으시겠어요?,[@]¿[if party:singular]Te quedarás[else]Se quedarán[/if] con nosotros esta noche?,[@]¿[if party:singular]Quieres[else]Queréis[/if] una habitación?,[@]Gostaria de passar uma noite aqui?,[@]Czy zostanie[if party:plural]cie[else]sz[/if] u nas na noc?,[@]Möchte[if party:plural]t ihr[else]st du[/if] eine Nacht hier bleiben?,[@]Хотите переночевать?,[@]Бажаєте заночувати?,[@]请问您今晚要来住宿吗？
DIALOGUE_PODUNK_PODUNKHOTEL_2-OPT_0,Yes,Oui,Sì,はい,네,Sí,Sí,Sim,Tak,Ja,Да,Так,是
DIALOGUE_PODUNK_PODUNKHOTEL_2-OPT_1,No,Non,No,いいえ,아니오,No,No,Não,Nie,Nein,Нет,Ні,否
DIALOGUE_PODUNK_PODUNKHOTEL_5,[@]Have a nice stay.,[@]Je vous souhaite un agréable séjour.,[@]Buon soggiorno.,[@]では　ごゆっくり。,[@]좋은 밤 보내세요~,[@]Que [if party:singular]tengas[else]tengan[/if] una buena estancia.,[@]Que [if party:singular]tengas[else]tengáis[/if] una buena estancia.,[@]Tenha uma boa estadia.,[@]Życzymy miłego pobytu.,[@]Hab[if party:plural]t[/if] einen angenehmen Aufenthalt.,[@]Приятного отдыха.,[@]Приємного відпочинку.,[@]祝您入住愉快。
DIALOGUE_PODUNK_PODUNKHOTEL_12,[@]Goodbye!,[@]Au revoir !,[@]Arrivederci!,[@]また　おたちよりください。\nおまちしております。,[@]안녕히 가세요~,[@]¡Adiós!,[@]¡Adiós!,[@]Até mais!,[@]Do widzenia!,[@]Auf Wiedersehen!,[@]Всего наилучшего!,[@]До побачення!,[@]再见！
DIALOGUE_PODUNK_PODUNKHOTEL_13,"[@]Oh, well it looks like you don't have enough money.","[@]Ah, on dirait que vous n'avez pas assez d'argent.","[@]Oh, sembra che non ti bastino i soldi.",[@]しつれいですが・・・\nおかねが　たりないようですよ。,[@]돈이 충분하지 않으신 것 같네요...,"[@]Oh, parece que no tienes suficiente dinero.","[@]Oh, parece que no tienes dinero suficiente.","[@]Ah, bem, parece que você não tem o suficiente.","[@]Wygląda na to, że nie starczy [if party:plural]wam[else]ci[/if] pieniędzy.","[@]Oh, tja, scheint als ob [if party:plural]ihr[else]du[/if] zu wenig Geld ha[if party:plural]bt[else]st[/if].","[@]М-м, кажется, у вас недостаточно денег.","[@]Ох, здається, у вас недостатньо грошей.",[@]哦好吧，看起来你带的钱不够。
DIALOGUE_PODUNK_PODUNKHOTEL_SPEAKER_Simon,Simon,Simon,Simon,サイモン,시몬,Simon,Simon,Simon,Simon,Simon,Саймон,Саймон,西蒙
DIALOGUE_PODUNK_SANDRA_0,"[@]It looks like the dead have risen.[WAIT@]Thankfully, we have God to protect us!","[@]On dirait que les morts sont revenus à la vie.[WAIT@]Heureusement, Dieu est là pour nous protéger !","[@]I morti sono tornati in vita.[WAIT@]Per fortuna, c'è Dio con noi! Ci proteggerà!",[@]ししゃが　よみがえったんだって！[WAIT@]でも　だいじょうぶよ！\nわたしたちは　かみに　まもられてるわ。,"[@]죽은 사람들이 계속 살아나고 있지만.[WAIT@]괜찮아요, 하느님께서 우릴 지켜주실 거니까요!","[@]Parece que los muertos han vuelto a la vida.[WAIT@]¡Afortunadamente, tenemos a Dios para protegernos!","[@]Parece que los muertos han vuelto a la vida.[WAIT@]¡Por suerte, Dios está ahí para protegernos!","[@]Parece que os mortos se ergueram.[WAIT@]Mas, seremos salvos pela graça de Deus!","[@]Wygląda na to, że trupy zmartwychwstały.[WAIT@]Na szczęście mamy Boga, który nas chroni!","[@]Die Toten scheinen aufzuerstehen.[WAIT@]Zum Glück haben wir Gott, der uns beschützt!","[@]Ты слышал? Мертвецы восстали из могил.[WAIT@]Благо, с нами Бог и он защитит нас!","[@]Схоже, що мерці піднялися з могил.[WAIT@]На щастя, з нами Бог, і він нас захистить!",[@]看来死尸们已经复活了！[WAIT@]不过好在上帝会保佑我们！
DIALOGUE_PODUNK_SANDRA_SPEAKER_Sandra,Sandra,Sandra,Sandra,サンドラ,산드라,Sandra,Sandra,Sandra,Sandra,Sandra,Сандра,Сандра,桑德拉
DIALOGUE_PODUNK_SANDRA_2_0,[@]I can sense God loves you!,"[@]Dieu t'aime, je le sens !",[@]Sento che Dio ti ama!,[@]ぶじに　かえれたのね！\nこれも　かみのごかご　なのよ！,"[@]너, 완전 하느님의 총애를 받는 거 같네!",[@]¡Puedo sentir que Dios te ama!,[@]¡Puedo sentir que Dios te ama!,"[@]Deus te abençoe, meu menino! Jesus te ama!","[@]Wyczuwam, że Bóg cię kocha!",[@]Ich spüre Gottes Liebe zu [if party:plural]euch[else]dir[/if]!,"[@]Я чувствую, что Бог тебя любит!","[@]Я відчуваю, що Бог любить тебе!",[@]我能感受到上帝在眷顾着你！
DIALOGUE_PODUNK_SANDRA_2_SPEAKER_Sandra,Sandra,Sandra,Sandra,サンドラ,산드라,Sandra,Sandra,Sandra,Sandra,Sandra,Сандра,Сандра,桑德拉
DIALOGUE_PODUNK_STEPHEN_0,"[@]You're not actually going to the cemetery, right?","[@]Tu n'es pas réellement en train de te rendre au cimetière, si ?","[@]Non stai andando davvero al cimitero, vero?",[@]おまえ・・・\nほんとに　はかばに　いくつもりか？,[@]진짜 공동묘지로 가려는 건 아니겠지?,"[@]No irás al cementerio, ¿cierto?","[@]No irás al cementerio, ¿verdad?","[@]Você não está indo pro cemitério, está?","[@]Nie idziesz na cmentarz, prawda?","[@][if party:plural]Ihr geht[else]Du gehst[/if] nicht wirklich auf den Friedhof, oder?","[@]Ты же, надеюсь, не идёшь на кладбище?","[@]Ти ж, сподіваюся, не йдеш на цвинтар?",[@]你该不会真打算去墓地吧？
DIALOGUE_PODUNK_STEPHEN_0-OPT_0,Yes,Si,Sì,はい,네,Sí,Sí,Sim,Tak,Ja,Иду,Йду,是
DIALOGUE_PODUNK_STEPHEN_0-OPT_1,No,Non,No,いいえ,아니오,No,No,Não,Nie,Nein,Нет,Ні,否
DIALOGUE_PODUNK_STEPHEN_1,[@]I thought you were a sensible child...,[@]Je croyais que tu étais un enfant sensé...,[@]Credevo avessi più buonsenso...,[@]じょうしきを　わきまえた\nこどもだと　おもったな　オレは。,[@]기본적인 사고를 할 줄 아는 아이라 생각했는데...,[@]Pensaba que eras un niño más sensato...,[@]Pensaba que eras un niño sensato...,[@]Achei que você fosse sensato...,"[@]Myślałem, że jesteś rozsądnym dzieckiem...","[@]Ich dachte, [if party:plural]ihr seid sensible Kinder[else]du bist ein sensibles Kind[/if] ...","[@]Я думал, ты здравомыслящий мальчик...","[@]А я вважав, ти хлопчик розважливий...",[@]我还以为你是个理智的孩子…
DIALOGUE_PODUNK_STEPHEN_2,[@]You children better stay safe.,"[@]Vous feriez mieux de rester à l'abri, les enfants.",[@]I bambini devono stare al sicuro.,[@]じょうしきを　わきまえた\nこどもだと　おもったな　オレは。,"[@]그래, 아이들은 여기 안전하게 있어야지.",[@]Los niños como tú deberían mantenerse a salvo.,"[@]Eso es, los niños como tú deberíais quedaros a salvo.","[@]Tome cuidado, filho.",[@]Trzymaj się z dala od kłopotów.,[@]Pass[if party:plural]t[/if] besser auf [if party:plural]euch[else]dich[/if] auf.,"[@]Вам, детям, рисковать ни к чему.","[@]Вам, дітям, ризикувати не треба.",[@]你们这些孩子最好待在安全的地方。
DIALOGUE_PODUNK_STEPHEN_SPEAKER_Stephen,Stephen,Stephen,Stephen,スティーブン,스티븐,Stephen,Stephen,Stephen,Stephen,Stephen,Стивен,Стівен,斯蒂芬
DIALOGUE_PODUNK_STEPHEN_2_0,[@]I always believed in you!,[@]J'ai toujours cru en toi !,[@]Ho sempre creduto in te!,[@]おまえ　すごいな。,[@]믿고 있었다네!,[@]¡Siempre confié en ti!,[@]¡Siempre he confiado en ti!,[@]Eu sempre acreditei em você!,[@]Zawsze w ciebie wierzyłem!,[@]Ich habe immer an dich geglaubt!,[@]Я всегда в тебя верил!,[@]Я завжди в тебе вірив!,[@]我一直都相信着你！
DIALOGUE_PODUNK_STEPHEN_2_1,[@]You went to the cemetery by yourself![WAIT@]Do you know how much trouble you’ve caused?,,,,,,,,,,,,
DIALOGUE_PODUNK_STEPHEN_2_SPEAKER_Stephen,Stephen,Stephen,Stephen,スティーブン,스티븐,Stephen,Stephen,Stephen,Stephen,Stephen,Стивен,Стівен,斯蒂芬
DIALOGUE_PODUNK_THOMAS_0,"[@]The mayor's looking for a brave hero.[WAIT@]If you find anyone, bring them to the town hall.","[@]Le maire cherche un héros courageux pour lui venir en aide.[WAIT@]Si tu trouves quelqu'un, amène-le à la mairie.","[@]Il sindaco cerca un eroe coraggioso.[WAIT@]Se trovassi qualcuno del genere, andate al municipio.",[@]ちょうちょうさんは\nゆうきのある　すけっとを\nさがしておられる。[WAIT@]われこそは　というひとがいたら\nちょうちょうさんへ　しらせて　ほしい。,[@]시장님께선 용감한 영웅을 찾고 계셔.[WAIT@]만약 찾아낸다면 시청으로 데려오라더군.,"[@]El alcalde está buscando a un héroe valiente.[WAIT@]Si encuentras uno, tráelo al ayuntamiento.","[@]El alcalde está buscando a un héroe valiente.[WAIT@]Si ves uno, llévalo al ayuntamiento.","[@]O prefeito está procurando um herói corajoso.[WAIT@]Se você achar algum, leve-o à prefeitura.","[@]Burmistrz szuka odważnego bohatera.[WAIT@]Jeśli kogoś znajdziesz, przyprowadź go do ratusza.","[@]Der Bürgermeister sucht nach einem mutigen Helden.[WAIT@]Wenn [if party:plural]ihr jemanden findet[else]du jemanden findest[/if], bring[if party:plural]t[/if] ihn zum Rathaus.","[@]Мэр ищет бесстрашного героя.[WAIT@]Если ты кого-то найдёшь, приведи его в мэрию.","[@]Мер шукає відважного героя.[WAIT@]Якщо ти когось знайдеш, приведи його до мерії.",[@]镇长正在寻找一位勇敢的英雄。[WAIT@]你要是找到了合适的人选，就带他们到镇政府去。
DIALOGUE_PODUNK_THOMAS_SPEAKER_Thomas,Thomas,Thomas,Thomas,トーマス,토마스,Thomas,Thomas,Thomas,Thomas,Thomas,Томас,Томас,托马斯
DIALOGUE_PODUNK_THOMAS_2_0,[@]Who could have known the hero of our town would end up being a child!,[@]Qui aurait su qu'un enfant serait le héros de notre ville !,[@]Chi l'avrebbe mai detto che l'eroe della nostra città sarebbe stato un bambino?!,[@]まさか　こんな　こどもが\nかいけつ　してしまうとは・・・。,[@]우리 마을의 영웅이 이런 어린아이가 될 줄 누가\n알았겠나요? 하하,[@]¡Quién hubiera imaginado que el héroe de la ciudad acabaría siendo un niño!,[@]¡Quién nos iba a decir que el héroe de nuestro pueblo acabaría siendo un niño!,[@]Quem diria que o herói da cidade seria uma criança!,"[@]Kto by pomyślał, że bohaterem naszego miasta zostanie dzieciak!","[@]Wer hätte gedacht, dass ein Kind, der Held unserer Stadt sein würde!","[@]Кто бы мог подумать, что в итоге героем нашего городка окажется ребёнок!","[@]Хто б подумав, що героєм нашого містечка опиниться дитина!",[@]不可思议！谁能想到我们镇上的英雄竟然会是个孩子！
DIALOGUE_PODUNK_THOMAS_2_SPEAKER_Thomas,Thomas,Thomas,Thomas,トーマス,토마스,Thomas,Thomas,Thomas,Thomas,Thomas,Томас,Томас,托马斯
DIALOGUE_PODUNK_TIGER_0,[@]Whimper.,[@]*gémit*,[@]*gemito*,[@]ク～ン・・・。,[@]어흥,[@]*Gruñido*,[@]*sollozo*,[@]Graur...,[@]*Warczenie*,[@]*Wimmer*,[@]У-у-у-у...,[@]У-у-у-у...,[@]呜呜。
DIALOGUE_PODUNK_TIGER_SPEAKER_Tiger,Tiger,Tigre,Tigre,トラ,호랑이,Tigre,Tigre,Tigre,Tygrys,Tiger,Тигр,Тигр,老虎
DIALOGUE_PODUNK_TIGER_THOUGHTS_1_0,"[@](I apologize for earlier, we all make mistakes.)","[@](Je te prie de m'excuser pour tout à l'heure, on fait tous des erreurs.)","[@](Chiedo scusa per prima, commettiamo tutti degli errori.)",[@](さっきはごめんよぉ・・・\nなんだか　じぶんがじぶんじゃ\nなくなっていたみたいだ),"[@](아까 일은 잊어줘, 그저 실수였어.)","[@](Me disculpo por lo de antes, todos cometemos errores.)","[@](Me disculpo por lo de antes, todos cometemos errores.)","[@](Peço desculpas. Errar é humano, embora eu não seja humano.)","[@](Przepraszam za wcześniej, wszyscy popełniamy błędy.)",[@](Ich entschuldige mich für vorhin. Wir alle machen mal Fehler.),[@](Я сожалею о содеянном. Мы все совершаем ошибки.),"[@](Я жалкую про скоєне, всі ми помиляємось.)",[@]（我为刚才的行为道歉，大家都会犯错。）
DIALOGUE_PODUNK_TIGER_THOUGHTS_1_SPEAKER_Tiger,Tiger,Tigre,Tigre,トラ,호랑이,Tigre,Tigre,Tigre,Tygrys,Tiger,Тигр,Тигр,老虎
DIALOGUE_PODUNK_TIGER_THOUGHTS_2_0,"[@](I'm not usually like that, someone else told me to do it.)","[@](Je ne suis pas comme ça d'habitude, c'est quelqu'un qui m'a dit de faire ça.)","[@](Non mi comporto in quel modo di solito, mi ha detto qualcun altro di farlo.)",[@](なにもおぼえていないんだよ。\nずっと　あたまのなかに　あやしげなことばが\nささやかれていた　きがするんだ),"[@](원래 이런 성격은 아닌데, 미안해)","[@](Normalmente no soy así, es como si alguien me hubiese dicho que me comportase de esa manera.)","[@](Yo no suelo ser así, es como si alguien me hubiera dicho que actuase de esa forma.)","[@](Eu não sou assim normalmente, foi alguém que me mandou fazer isso.)","[@](Zazwyczaj taki nie jestem, ktoś inny mnie do tego zmusił.)","[@](Normalerweise bin ich nicht so. Jemand hat mir gesagt, ich solle das tun.)",[@](Я обычно себя так не веду. Меня явно заставили.),"[@](Я зазвичай себе так не поводжу. Вважаю, мене змусили.)",[@]（我平时不是那样的，总觉得一直有奇怪的话在脑子里低语。）
DIALOGUE_PODUNK_TIGER_THOUGHTS_2_SPEAKER_Tiger,Tiger,Tigre,Tigre,トラ,호랑이,Tigre,Tigre,Tigre,Tygrys,Tiger,Тигр,Тигр,老虎
DIALOGUE_PODUNK_WALLY_HIDDEN_0,[@]What do you want?,[@]Qu'est-ce que tu veux ?,[@]E tu che vuoi?,[@]なんじゃ？,[@]뭘 바라는 거야?,[@]¿Qué quieres?,[@]¿Qué quieres?,[@]O que você quer?,[@]Czego chcesz?,[@]Was willst du?,[@]Чего тебе надо?,[@]Чого тобі?,[@]你想要什么？
DIALOGUE_PODUNK_WALLY_HIDDEN_SPEAKER_???,???,???,???,？？？,???,???,???,???,???,???,???,???,？？？
DIALOGUE_PODUNK_WANDA_0,"[@]The animals have gone crazy, and the dead have risen...[WAIT@]I knew we should've cremated Rex.","[@]Les animaux sont devenus fous, et les morts sont revenus à la vie...[WAIT@]Je le savais, qu'on aurait dû incinérer Rex.","[@]Gli animali sono impazziti, e i morti tornati in vita...[WAIT@]Sapevo che avremmo dovuto cremare Rex.",[@]どうぶつたちは　くるって　あばれだすし\nしにんは　ゾンビになって　おそってくるし・・・[WAIT@]いったい　どうすればいいのよ\nヒーヒー・・・。,"[@]동물은 미쳐가고, 시체들은 되살아났어...[WAIT@]렉스를 화장시켜야 했는데...",[@]Los animales se han vuelto locos y los muertos han resucitado.[WAIT@]Sabía que debíamos de haber incinerado a Rex.,"[@]Los animales se han vuelto locos, los muertos han vuelto a la vida...[WAIT@]Sabía que deberíamos haber incinerado al Rex.",[@]Os animais do zoológico enlouqueceram e os mortos se ergueram de seus túmulos...[WAIT@]Eu sabia que devíamos ter cremado o Rex!,"[@]Zwierzęta oszalały, a umarli zmartwychwstali...[WAIT@]Wiedziałam, że powinniśmy byli skremować Rexa.","[@]Die Tiere spielen verrückt und die Toten sind auferstanden ...[WAIT@]Ich wusste, wir hätten Rex einäschern sollen.","[@]Животные обезумели, а умершие встали из могил...[WAIT@]Я ведь говорила, что надо кремировать Рекса.","[@]Тварини збожеволіли, а померлі встали з могил...[WAIT@]Так і знала, що ми мали кремувати Рекса.",[@]动物们都发了狂…[WAIT@]死尸们又复了活…[WAIT@]我就知道当初我们应该把雷克斯给火化掉。
DIALOGUE_PODUNK_WANDA_SPEAKER_Wanda,Wanda,Wanda,Wanda,ワンダ,완다,Wanda,Wanda,Wanda,Wanda,Wanda,Ванда,Ванда,旺达
DIALOGUE_PODUNK_WANDA_2_0,[@]You're super!,[@]T'es super !,[@]Sei super!,[@]あなたって　スゴイ！,[@]정말 대단해! 그런 일들을 해내다니!,[@]¡Eres estupendo!,[@]¡Eres lo más!,[@]Você é extraordinário!,[@]Jesteś super!,[@]Du bist super!,[@]Ты супер!,[@]Ти супер!,[@]你太棒了！
DIALOGUE_PODUNK_WANDA_2_SPEAKER_Wanda,Wanda,Wanda,Wanda,ワンダ,완다,Wanda,Wanda,Wanda,Wanda,Wanda,Ванда,Ванда,旺达
DIALOGUE_PODUNK_WILLIAM_0,[@]Please be honest.,[@]Dis-moi les choses franchement.,[@]Dimmi la verità.,[@]しょうじきに　こたえてくれ。,[@]사실대로 말해.,"[@]Por favor, sé honesto.",[@]Dime la verdad.,"[@]Por favor, seja honesto comigo.","[@]Proszę, bądź szczery.",[@]Bitte sei ehrlich.,"[@]П-прошу, только честно...","[@]Будь ласка, скажи чесно.",[@]请实话和我说。
DIALOGUE_PODUNK_WILLIAM_1,[@]You're not a z-zombie... Right?,[@]Tu n'es pas un z-zombie... Si ?,[@]Non sei uno z-zombi... vero?,[@]おまえは　ゾ・・・ゾンビなのか？,[@]너 ㅈ-좀비... 맞지?,[@]No eres un z-zombi... ¿Cierto?,[@]No eres un z-zombi... ¿Verdad?,[@]V-você não é um z... zumbi... Ou é?,[@]Nie jesteś z-zombie... Prawda?,[@]Du bist kein Z-Zombie ... Richtig?,[@]Ты з-зомби?..,[@]Ти з-зомбі?..,[@]你不是丧-丧尸…对吧？
DIALOGUE_PODUNK_WILLIAM_1-OPT_0,Yes,Si,Sì,はい,으어어,Sí,Sí,Sim,Tak,Doch!,Да,Так,我是
DIALOGUE_PODUNK_WILLIAM_1-OPT_1,No,Non,No,いいえ,아니오,No,No,Não,Nie,Nein,Нет,Ні,不是
DIALOGUE_PODUNK_WILLIAM_2,[@]Uh oh. I heard there's no cure for zombies!,[@]Oh oh. On m'a dit qu'il n'y avait aucun remède contre les zombies !,[@]Oh no. Non c'è rimedio per chi diventa uno zombi!,[@]うひゃぁ！　オレもゾンビにされちまう！,[@]어 음. 좀비 치료제가... 아직 안 만들어졌겠지?,[@]Uh oh. ¡Escuché que no hay cura para los zombis!,[@]Eeeh. ¡He oído que no hay cura para los zombis!,[@]Eita. Eu soube que não tem cura para zumbis!,"[@]O-o. Słyszałem, że nie ma lekarstwa na zombie!","[@]Oh oh. Ich habe gehört, dass es für Zombies kein Gegenmittel gibt!","[@]Ой-ой. Я слышал, от них нет лекарств!","[@]Ой! Я чув, що від них немає ліків!",[@]完蛋了，我听说变成丧尸就无药可救了！
DIALOGUE_PODUNK_WILLIAM_3,[@]AAAAAAAHHH!,[@]AAAAAAAHHH !,[@]AAAAAAAHHH!,[@]ゾ　ゾ　ゾンビの・・・\nバカッ！　ヒャー！！！,[@]으아아아아아아아악!,[@]¡AAAAAAAHHH!,[@]¡AAAAAAAHHH!,[@]AAAAAAAHHH!,[@]AAAAAAAHHH!,[@]AAAAAAAHHH!,[@]А-А-А-А-А-А-А-А-А!,[@]А-А-А-А-А-А-А-А-А!,[@]啊啊啊啊啊啊啊啊！
DIALOGUE_PODUNK_WILLIAM_4,"[@]Ah, so you're really a human? That's a relief.[WAIT@]Just don't look at my pants...[WAIT@]I've got bladder issues, alright!?","[@]Ah, donc tu es vraiment humain[LeadArt6] ? J'ai eu peur.[WAIT@]Non, ne regarde pas mon pantalon...[WAIT@]J'ai des problèmes de vessie, OK !?","[@]Aspetta, sei un essere umano? Che sollievo.[WAIT@]Non guardarmi i pantaloni, ti prego...[WAIT@]Ho problemi alla vescica, ok?!",[@]よかった・・・　あんしんしたよ。[WAIT@]オレ　こわくて　ちびりそうだったよ・・・。[WAITBR]じっさい　もう　ちびっちゃったけどさ・・・。,"[@]정말 사람이야? 휴우[WAIT@]이봐! 내 바지 쳐다보지 마![WAIT@]이건 그냥 그-그거야, 그거! 레모네이드! 알겠어!?","[@]Ah, ¿entonces eres realmente un humano? Qué alivio.[WAIT@]Solo no mires mis pantalones...[WAIT@]Tengo problemas de vejiga, ¡¿de acuerdo?!","[@]Ah, ¿así que entonces eres un humano? Qué alivio.[WAIT@]No me mires los pantalones...[WAIT@]¡Tengo problemas de vejiga, ¿vale?!","[@]Ah, então você é humano? Que alívio.[WAIT@]Só não olhe para as minhas calças...[WAIT@]Eu tenho problemas na bexiga, tá bom!?","[@]Ach, więc jesteś człowiekiem? Co za ulga.[WAIT@]Tylko nie patrz na moje spodnie...[WAIT@]Mam problemy z pęcherzem, dobra!?","[@]Ah, du bist tatsächlich ein Mensch? Was für eine Erleichterung.[WAIT@]Schau nur nicht auf meine Hose ...[WAIT@]Ich habe Probleme mit meiner Blase, okay?!","[@]То есть ты человек? Вот и хорошо.[WAIT@]На штаны не смотри.[WAIT@]У меня проблемы с мочевым пузырём, понятно?..","[@]А, ти й справді людина? Це обнадіює.[WAIT@]На штани не дивись.[WAIT@]У мене проблеми з сечовим міхуром, зрозуміло?",[@]啊，原来你真的是人类？那我就放心了。[WAIT@]只是别盯着我的裤子看…[WAIT@]我就是膀胱有点问题，好吗？
DIALOGUE_PODUNK_WILLIAM_SPEAKER_William,William,William,William,ウィリアム,윌리엄,William,William,William,William,William,Уильям,Уільям,威廉
DIALOGUE_PODUNK_WILLIAM_2_0,[@]It was dreadful...,[@]C'était vraiment épouvantable...,[@]È stato terrificante...,[@]こわかったよなぁ。,[@]그건 진짜 무서웠어...,[@]Fue espantoso...,[@]Ha sido espantoso...,[@]Foi bem assustador...,[@]To było przerażające...,[@]Es war fürchterlich ...,[@]Это было ужасно...,[@]Це було жахливо...,[@]实在是太可怕了…
DIALOGUE_PODUNK_WILLIAM_2_SPEAKER_William,William,William,William,ウィリアム,윌리엄,William,William,William,William,William,Уильям,Уільям,威廉
DIALOGUE_PODUNK_WOOF_0,"[@]Woof woof![WAIT@](Grrr, my butt is so itchy!)[WAIT@](Stop standing there and lend me a hand!)","[@]Ouaf ouaf ![WAIT@](Grrr, ça me démange terriblement à l'arrière-train !)[WAIT@](Aide-moi au lieu de rester là à rien faire !)","[@]Bau bau![WAIT@](Grrr, mi prude il didietro!)[WAIT@](Smettila di non fare niente e aiutami!)",[@]ワンワン！[WAIT@]（おしりが　かゆいんだ・・・)[WAIT@](ちょっと　てをかしてくれない？）,"[@]멍 멍![WAIT@](으으, 온몸이 너무 가려워!)[WAIT@](거기 가만히 있지 말고 도와줘!)","[@]¡Guau, guau![WAIT@](Grrr, ¡me pica mucho el trasero!)[WAIT@](¡Deja de pararte allí y dame una mano!)","[@]¡Guau, guau![WAIT@](Grrr, ¡me pica mucho el trasero!)[WAIT@](¡No te quedes ahí pasmado y échame una mano!)","[@]Au au![WAIT@](Argh, meu bumbum está coçando!)[WAIT@](Não fique aí parado, me ajuda!)","[@]Hau hau![WAIT@](Grrr, tyłek mnie swędzi!)[WAIT@](Przestań tak sterczeć i mi pomóż!)","[@]Wuff wuff![WAIT@](Grrr, mein Hintern juckt!)[WAIT@](Hör auf hier so rumzustehen und hilf mir!)","[@]Гав-гав![WAIT@](Гр-р-р, как же зад чешется!)[WAIT@](Что стоишь, помогай!)","[@]Гав-гав![WAIT@](Гр-р-р, до чого ж зад свербить!)[WAIT@](Годі стояти на місці, допомагай!)",[@]汪汪！[WAIT@]（呃——，我的屁股好痒啊！）[WAIT@]（别光站在那儿，快帮我一把！）
DIALOGUE_PODUNK_WOOF_2-OPT_0,Yes,Oui,Sì,はい,알겠어,Sí,Sí,Sim,Tak,Ja,Да,Так,是
DIALOGUE_PODUNK_WOOF_2-OPT_1,No,Non,No,いいえ,싫어,No,No,Não,Nie,Nein,Нет,Ні,否
DIALOGUE_PODUNK_WOOF_3,[@][Ninten] gave Mick a good scratch!,[@][Ninten] gratte Mick vigoureusement !,[@][Ninten] ha fatto i grattini a Mick!,[@][Ninten]は　ミックを　かいてあげた。,[@][Ninten][particle:Ninten:0] 믹을 긁어줬다!,[@]¡[Ninten] le dio a Mick una buena rascada!,[@]¡[Ninten] le ha dado una buena rascada a Mick!,[@][Ninten] deu uma bela coçada no Mick!,[@][Ninten] poczochrał Micka po tyłku!,[@][Ninten] kraulte Mick!,[@][Ninten] как следует почесал Мика!,[@][Ninten] добряче почухав Міка!,[@][Ninten]给米克好好挠了挠痒！
DIALOGUE_PODUNK_WOOF_4,"[@](Ahhh, many thanks.)[WAIT@](Wait a minute, you can understand me?)[WAIT@](You must have learned [color]Telepathy[/color]!)[WAIT@](That's great and all, but don't you dare use it on me by pressing [color][ui_select][/color] and selecting it within the [color]PSI menu[/color].)","[@](Ahhh, merci beaucoup.)[WAIT@](Attends une minute, tu comprends ce que je dis ?)[WAIT@](Alors tu as sûrement appris à utiliser la [color]Télépathie[/color] !)[WAIT@](C'est bien beau tout ça, mais t'as pas intérêt à t'en servir sur moi en appuyant sur [color][ui_select][/color] et en sélectionnant l'option adéquate dans le [color]menu de PSI[/color] !)","[@](Ahhh, grazie infinite.)[WAIT@](Un attimo, tu mi capisci?)[WAIT@](Devi aver imparato la [color]Telepatia[/color]!)[WAIT@](Mi fa piacere, ma non usarla su di me premendo [color][ui_select][/color] e selezionandola nel [color]Menu PSI[/color].)",[@]（ふぅ～　ありがとう。)[WAIT@](へぇ　きみ　ぼくの　ことばが　わかるんだ？)[WAIT@](きっと　[color]テレパシー[/color]が　つかえるんだね。)[WAIT@](いっておくけど　まちがっても　メニューから\n[color]ＰＳＩ[/color]って　ところを　えらんで　ボクに\nテレパシーを　つかっちゃ　ダメだからね！),"[@](아아... 진짜 고마워.)[WAIT@](잠깐, 너 내 말이 들려?)[WAIT@](너 [color]텔레파시[/color]를 배웠구나!)[WAIT@](정말 좋은 소식이지만, 절대 [color][ui_select][/color][particle:ui_select:2] 누르고 [color]PSI[/color]\n메뉴에서 텔레파시를 선택해 나한테 쓰지 마.)","[@](Ahhh, muchas gracias.)[WAIT@](Espera un minuto, ¿puedes entenderme?)[WAIT@](¡Debiste de haber aprendido [color]Telepatía[/color]!)[WAIT@](Eso es genial y todo, pero no te atrevas a usarlo en mí presionando [color][ui_select][/color] y seleccionándolo dentro del [color]menú PSI[/color].)","[@](Aaah, muchas gracias.)[WAIT@](Un momento, ¿puedes entenderme?)[WAIT@](¡Parece que has aprendido la [color]Telepatía[/color]!)[WAIT@](Eso está muy bien y tal, pero ni se te ocurra usarla conmigo pulsando [if input:gamepad]el botón[else]la tecla[/if] [color][ui_select][/color] y seleccionándola en el [color]menú PSI[/color].)","[@](Ahhh, muito obrigado.)[WAIT@](Espera, você consegue me entender?)[WAIT@](Então você deve ter aprendido [color]Telepatia[/color]!)[WAIT@](Isso é legal e tal, mas não se atreva a usá-la em mim apertando [color][ui_select][/color] e selecionando-a dentro do [color]menu de PSI[/color].)","[@](Ahhh, wielkie dzięki.)[WAIT@](Chwila, ty mnie rozumiesz?)[WAIT@](Pewnie nauczyłeś się [color]Telepatii[/color]!)[WAIT@](No super, świetnie, ale nie waż się używać jej na mnie, wciskając [color][ui_select][/color] i wybierając ją w [color]menu PSI[/color].)","[@](Ahhh, vielen Dank.)[WAIT@](Warte, du kannst mich verstehen?)[WAIT@](Du musst [color]Telepathie[/color] gelernt haben!)[WAIT@](Schön und gut, aber wage es ja nicht, [color][ui_select][/color] zu drücken um es im [color]PSI-Menü[/color] auf mich auszuwählen.)","[@](А-а-ах, благодарствую.)[WAIT@](Так, секундочку... Ты меня понимаешь?)[WAIT@](Ты, скорее всего, познал [color]телепатию[/color]!)[WAIT@](Это, конечно, отлично, но не вздумай нажимать [color][ui_select][/color], заходить в [color]раздел «Психокинез»[/color] и использовать свою [color]телепатию[/color] на мне!)","[@](А-а-ах, дуже дякую.)[WAIT@](Стій... Ти мене розумієш?)[WAIT@](Ти, напевно, вивчив [color]Телепатію[/color]!)[WAIT@](Це, звичайно, чудово, але не надумай використовувати її на мені, натиснувши [color][ui_select][/color] та обравши її в [color]розділі «Психокінез»[/color]!)",[@]（啊啊啊，感激不尽。）[WAIT@]（等一下，你能听懂我说话？）[WAIT@]（你一定是学会了[color]心灵感应[/color]吧！）[WAIT@]（那倒是挺厉害的，不过你可别通过按[color][ui_select][/color]并在[color]PSI菜单[/color]里选择它来对我使用哦。）
DIALOGUE_PODUNK_WOOF_8,[@](And don't even think of using it by simply holding down [color][ui_toggle][/color] and pressing [color][ui_accept][/color].),[@](Et ne pense même pas à l'utiliser plus facilement en maintenant [color][ui_toggle][/color] enfoncé et en appuyant sur [color][ui_accept][/color].),[@](E non pensare nemmeno di usarla tenendo premuto [color][ui_select][/color] e premendo [color][ui_accept][/color].),[@]([color][ui_toggle][/color][if input:gamepad]ボタン[else]キー[/if]を　おしながら\n[color][ui_accept][/color][if input:gamepad]ボタン[else]キー[/if]を　おしても　テレパシーが\nつかえるとおもうけど・・・[WAITBR]ダメだからね！）,[@]([color][ui_toggle][/color][particle:ui_toggle:3] [color][ui_accept][/color][particle:ui_accept:2] 눌러 사용하는 건 더욱더!),[@](Y ni se te ocurra pensar usarlo simplemente manteniendo [color][ui_toggle][/color] y presionando [color][ui_accept][/color].),[@](Y ni siquiera pienses en usarla manteniendo [color][ui_toggle][/color] y pulsando [color][ui_accept][/color].),[@](E nem mesmo pense em usá-la simplesmente segurando [color][ui_toggle][/color] e apertando [color][ui_accept][/color].),[@](I nawet nie myśl o używaniu jej poprzez przytrzymanie [color][ui_toggle][/color] i wciśnięcie [color][ui_accept][/color].),"[@](Und denk gar nicht erst daran, einfach [color][ui_toggle][/color] zu halten und [color][ui_accept][/color] zu drücken!)",[@](И только посмей быстро использовать её\nсочетанием [if input:gamepad]кнопок[else]клавиш[/if] [color][ui_toggle][/color] + [color][ui_accept][/color]!),"[@](І навіть не думай використовувати її натисканням [color][ui_accept][/color], перед цим затиснувши [color][ui_toggle][/color].)",[@]（而且，按住[color][ui_toggle][/color]后再按下[color][ui_accept][/color]来使用这个能力的念头更是想都别想。）
DIALOGUE_PODUNK_WOOF_9,[@]Whimper...,[@]*gémit*...,[@]*gemito*,[@]ク～ン・・・。,[@]끄응...,[@]*Bostezo*...,[@]*sollozo*...,[@]Caim...,[@]*Warczenie*...,[@]*Wimmer* ...,[@]Ау-у-у...,[@]Ау-у-у...,[@]呜呜…
DIALOGUE_PODUNK_WOOF_SPEAKER_Mick,Mick,Mick,Mick,ミック,믹,Mick,Mick,Mick,Mick,Mick,Мик,Мік,米克
DIALOGUE_PODUNK_WOOF_ANIMALS_0,"[@]Woof woof![WAIT@](If you see any other animals, try listening to their thoughts.)","[@]Ouaf ouaf ![WAIT@](Si tu rencontres d'autres animaux, essaye de lire dans leurs pensées.)","[@]Bau bau![WAIT@](Se incontri altri animali, prova ad ascoltare i loro pensieri.)",[@]ワンワン！[WAIT@]（どうぶつと　おはなし　したかったら\nテレパシーを　つかってごらん。　ワンッ！）,"[@]멍 멍![WAIT@](다른 동물들을 만나게 되면, 텔레파시로 생각을\n들여다봐 봐)","[@]¡Guau, guau![WAIT@](Si ves a otros animales, trata de escuchar sus pensamientos.)","[@]¡Guau, guau![WAIT@](Si ves a otros animales, intenta escuchar sus pensamientos.)","[@]Au au![WAIT@](Se você ver outros animais, tente escutar os pensamentos deles.)","[@]Hau hau![WAIT@](Jeśli zobaczysz inne zwierzęta, spróbuj posłuchać ich myśli.)","[@]Wuff wuff![WAIT@](Wenn du noch andere Tiere siehst, versuch ihre Gedanken zu lesen.)",[@]Гав-гав![WAIT@](Увидишь любых других животных — попробуй прочитать их мысли.),"[@]Гав-гав![WAIT@](Якщо побачиш інших тварин, спробуй прочитати їхні думки.)",[@]汪汪！[WAIT@]（要是见到了其他动物，也试着听听它们的想法吧。）
DIALOGUE_PODUNK_WOOF_ANIMALS_1,[@]Woof woof![WAIT@](I can sense you know [color]Telepathy[/color]. Try using it on me.),,,,,,,,,,,,
DIALOGUE_PODUNK_WOOF_ANIMALS_SPEAKER_Mick,Mick,Mick,Mick,ミック,믹,Mick,Mick,Mick,Mick,Mick,Мик,Мік,米克
DIALOGUE_PODUNK_WOOF_DEAL_0,"[@](I can smell some Dog Treats in the basement.)[WAIT@](If you fetch them for me, I'll let you go.)","[@](Je sens d'ici qu'il y a des Friandises pour chien dans la cave.)[WAIT@](Si tu me les rapportes, je te laisserai partir.)","[@](Sento il profumo di Biscotti per cani nel seminterrato.)[WAIT@](Se me li porti, ti lascio andare.)",[@]（くんくん・・・　ちかしつの　ほうから\nイヌのおやつの　においが　するなぁ・・・。)[WAIT@](とってきて　くれたら　ゆるしてあげようかな）,[@](지하실에서 내 간식 냄새가 나.)[WAIT@](찾아오면 집 밖으로 나가게 해줄게.),"[@](Puedo oler algunos Premios para perros en el sótano.)[WAIT@](Si me los traes, te dejaré ir.)","[@](Puedo oler Chuches para perro en el sótano.)[WAIT@](Si me las traes, te dejaré ir.)","[@](Eu posso sentir o cheiro de Petiscos de Cachorro no porão.)[WAIT@](Se você pegá-los para mim, eu te deixo sair.)","[@](W piwnicy czuję zapach Psich Przysmaków.)[WAIT@](Przynieś mi je, a pozwolę ci odejść.)","[@](Ich rieche Hundeleckerli im Keller.)[WAIT@](Wenn du mir welche holst, lass ich dich gehen.)","[@](Чую, что в кладовке есть лакомство для собак.)[WAIT@](Принеси мне его — и тогда можешь идти.)","[@](Чую, що у підвалі є ласощі для собак.)[WAIT@](Принеси мені їх — і тоді можеш піти.)",[@]（我闻到地下室里有一些狗狗零食的味道。）[WAIT@]（你要是帮我把它们拿来，我就放你过去哦。）
DIALOGUE_PODUNK_WOOF_DEAL_SPEAKER_Mick,Mick,Mick,Mick,ミック,믹,Mick,Mick,Mick,Mick,Mick,Мик,Мік,米克
DIALOGUE_PODUNK_WOOF_FOOD_0,[@](I hope they make more [FavFood]...),[@](J'espère qu'ils prépareront encore plus d[elision][FavFood]...),[@](Spero di mangiare di nuovo un po' di [FavFood]...),[@]（[FavFood]が　たべたいなぁ・・・）,[@](네 엄마가 [FavFood][particle:FavFood:2] 더 많이\n요리해주면 소원이 없겠어...),[@](Espero que hagan más [FavFood]...),[@](Ojalá que hagan más [FavFood]...),[@](Espero que façam mais [FavFood]...),[@](Mam ogromną ochotę na [FavFood]...),"[@](Ich hoffe, sie machen mehr [FavFood] zurecht ...)","[@](Как оно там называлось... Ах да! [FavFood]! М-м-м, надеюсь, они приготовят ещё...)","[@](Ах, [FavFood]... Сподіваюсь, вони зроблять ще...)",[@]（希望他们能再多做些美味的[FavFood]…）
DIALOGUE_PODUNK_WOOF_FOOD_1,"[@]I recognize you …[WAIT] you’re [Ninten]’s friend [PartyLead]![WAIT@]Tell [Ninten] that I’m a good dog, and that there’s a big serving of [FavFood] waiting for him.",,,,,,,,,,,,
DIALOGUE_PODUNK_WOOF_FOOD_SPEAKER_Mick,Mick,Mick,Mick,ミック,믹,Mick,Mick,Mick,Mick,Mick,Мик,Мік,米克
DIALOGUE_PODUNK_WOOF_KEY_0,"[@](I hope they haven't found out I ate all of the [FavFood]...)[WAIT@](Hey, are you reading my thoughts?)[WAIT@](Cut it out! That's an invasion of privacy!)[WAIT@](Take this and forget what you just heard.)","[@](J'espère qu'ils ne vont pas se rendre compte que j'ai mangé toutes les réserves d[elision][FavFood]...)[WAIT@](Hé mais, tu lis dans mes pensées ?)[WAIT@](Arrête ça tout de suite ! C'est une atteinte à la vie privée !)[WAIT@](Prends ça et oublie ce que tu viens d'entendre.)","[@](Spero nessuno si accorga che mi sono fatto una scorpacciata di [FavFood]...)[WAIT@](Ehi, mi stai leggendo il pensiero?)[WAIT@](Smettila! È un'invasione della privacy!)[WAIT@](Prendi questa e dimentica tutto.)",[@]（おうちにあった　[FavFood]を\nつい　ぜんぶ　たべちゃった・・・。)[WAIT@](どうしよう・・・　バレたらおこられちゃうよ。)[WAIT@](・・・？　[Ninten]　どうして\nそんなかお　してるんだろう？)[WAIT@](あ！　ぼくのこころを　のぞいちゃ　ダメだよ！！)[WAIT@](これを　あげるから　さっきのことは\nぜったいに　だれにも　いわないでよ！）,"[@]방금 먹은 [FavFood]... 아무한테도 안\n들키겠지?)[WAIT@](야, 너 내 생각 읽고 있었지?)[WAIT@](그만해! 이건 사생활 침해야!)[WAIT@](이거라도 줄 테니까 방금 들은 건 그냥 잊어버려.)","[@](Espero que no descubran que me comí todo lo que quedaba de [FavFood]...)[WAIT@](Hey, ¿estás leyendo mis pensamientos?)[WAIT@](¡Deja eso! ¡Estás invadiendo mi privacidad!)[WAIT@](Toma esto y olvida lo que escuchaste.)","[@](Espero que no se enteren de que me comí todo lo que había de [FavFood]...)[WAIT@](Eh, ¿me estás leyendo la mente?)[WAIT@](¡Para ya! ¡Estás invadiendo mi privacidad!)[WAIT@](Toma esto y olvídate de lo que acabas de escuchar.)","[@](Espero que ninguém descubra que eu comi tudo que tinha de [FavFood]...)[WAIT@](Ei, você tá lendo os meus pensamentos?)[WAIT@](Pode parar! Isso é invasão de privacidade!)[WAIT@](Pegue isto e esqueça o que você ouviu.)","[@](Mam nadzieję, że nie dowiedzieli się, że podkradłem [FavFood]...)[WAIT@](Hej, czytasz w moich myślach?)[WAIT@](Przestań! To naruszenie prywatności!)[WAIT@](Weź to i zapomnij o tym, co właśnie usłyszałeś.)","[@](Ich hoffe, sie haben noch nicht bemerkt, dass ich\n[FavFood] von ihnen gegessen habe ...)[WAIT@](Hey, liest du gerade meine Gedanken?)[WAIT@](Hör auf! Das verletzt meine Privatspähre!)[WAIT@](Nimm das und vergiss, was du gehört hast.)","[@](М-м-м... [FavFood]... От одного слова уже слюнки текут...)[WAIT@](Хоть бы никто не заметил, что это я всё съел.)[WAIT@](Эй, ты что, читаешь мои мысли?)[WAIT@](А ну хватит! Это вторжение в личную жизнь!)[WAIT@](Вот, забирай. И ты ничего не слышал.)","[@](Яка ж смачна ця ваша страва, «[FavFood]»... [DELAY]Хоч би ніхто не помітив, що це я її з'їв.)[WAIT@](Гей, ти що, читаєш мої думки?)[WAIT@](А ну годі! Це вторгнення в приватне життя!)[WAIT@](Ось, тримай і забудь про те, що почув.)",[@]（但愿他们没发现是我把所有的[FavFood]给吃光了…）[WAIT@]（嘿，你是在读取我的想法吗？）[WAIT@]（快停下！有点边界感好吗！）[WAIT@]（给你这个，把你刚才听到的忘掉。）
DIALOGUE_PODUNK_WOOF_KEY_4,[@]You got the Basement Key.,[@]Vous obtenez la Clé de la cave.,[@]Hai ottenuto la Chiave del seminterrato.,[@]ちかしつのカギを　てにいれた。,[@]지하실 열쇠를 얻었다.,[@]Obtuviste la Llave del sótano.,[@]Has conseguido la Llave del sótano.,[@]Você conseguiu a Chave do Porão.,[@]Dostałeś Klucz do Piwnicy.,[@]Du hast den Kellerschlüssel erhalten.,[@]Получен ключ от кладовки.,[@]Отримали ключ від підвалу.,[@]你获得了地下室钥匙。
DIALOGUE_PODUNK_WOOF_KEY_5,[@](I can smell some Dog Treats in the basement.),[@](Je sens d'ici qu'il y a des Friandises pour chien dans la cave.),[@](Sento il profumo di Biscotti per cani nel seminterrato.),[@]（くんくん・・・　ちかしつの　ほうから\nイヌのおやつの　においが　するなぁ・・・。),[@](지하실에서 내 간식 냄새가 나.),[@](Puedo oler algunos Premios para perros en el sótano.),[@](Puedo oler Chuches para perro en el sótano.),[@](Eu posso sentir o cheiro de Petiscos de Cachorro no porão.),[@](W piwnicy czuję zapach Psich Przysmaków.),[@](Ich rieche Hundeleckerli im Keller.),"[@](Чую, в кладовке есть лакомство для собак.)","[@](Чую, що у підвалі є ласощі для собак.)",[@]（我闻到地下室里有一些狗狗零食的味道。）
DIALOGUE_PODUNK_WOOF_KEY_6,"[@](If you fetch them for me, I'll let you go.)","[@](Si tu me les rapportes, je te laisserai partir.)","[@](Se me li porti, ti lascio andare.)",[@](とってきて　くれたら　ゆるしてあげようかな）,[@](찾아오면 집 밖으로 나가게 해줄게.),"[@](Si me los traes, te dejaré ir.)","[@](Si me las traes, te dejaré ir.)","[@](Se você pegá-los para mim, eu te deixo sair.)","[@](Przynieś mi je, a pozwolę ci odejść.)","[@](Wenn du mir welche holst, lass ich dich gehen.)",[@](Принеси мне его — и я дам тебе пройти.),[@](Принеси мені їх — і тоді можеш піти.),[@]（你要是帮我把它们拿来，我就放你过去哦。）
DIALOGUE_PODUNK_WOOF_KEY_SPEAKER_Mick,Mick,Mick,Mick,ミック,믹,Mick,Mick,Mick,Mick,Mick,Мик,Мік,米克
DIALOGUE_PODUNK_WOOF_SECRET_0,[@]Woof woof![WAIT@](Don't you dare use [color]Telepathy[/color] on me by pressing [color][ui_select][/color] and selecting it within the [color]PSI menu[/color].)[WAIT@](And don't even think of using it by simply holding down [color][ui_toggle][/color] and pressing [color][ui_accept][/color].),[@]Ouaf ouaf ![WAIT@](T'as pas intérêt à te servir de la [color]Télépathie[/color] sur moi en appuyant sur [color][ui_select][/color] et en sélectionnant l'option adéquate dans le [color]menu de PSI[/color].)[WAITBR](Et ne pense même pas à l'utiliser plus facilement en maintenant [color][ui_toggle][/color] enfoncé et en appuyant sur [color][ui_accept][/color].),[@]Bau bau![WAITBR](Non usare la [color]Telepatia[/color] su di me premendo [color][ui_select][/color] e selezionandola nel [color]Menu PSI[/color].[WAITBR]E non pensare nemmeno di usarla tenendo premuto [color][ui_select][/color] e premendo [color][ui_accept][/color].),[@]ワンワン！[WAITBR]メニューから[color]ＰＳＩ[/color]って　ところを　えらんで\nボクにテレパシーを　つかっちゃ　ダメだからね！[WAITBR][color][ui_toggle][/color][if input:gamepad]ボタン[else]キー[/if]を　おしながら\n[color][ui_accept][/color][if input:gamepad]ボタン[else]キー[/if]を　おしても　テレパシーが\nつかえるとおもうけど・・・。ダメだからね！）,[@]멍 멍![WAITBR]당부하자면 절대 [color][ui_select][/color][particle:ui_select:2] 누르고 [color]PSI[/color] 메뉴에서\n텔레파시를 선택해 나한테 쓰지 마.[WAITBR][color][ui_toggle][/color][particle:ui_toggle:3] [color][ui_accept][/color][particle:ui_accept:2] 눌러 사용하는 건 더욱더!),"[@]¡Guau, guau![WAITBR](No te atrevas a usar [color]Telepatía[/color] en mí presionando [color][ui_select][/color] y seleccionándolo dentro del [color]menú PSI[/color].[WAITBR]Y ni se te ocurra pensar usarlo simplemente manteniendo [color][ui_toggle][/color] y presionando [color][ui_accept][/color].)","[@]¡Guau, guau![WAITBR](Ni se te ocurra usar la [color]Telepatía[/color] conmigo pulsando [color][ui_select][/color] y seleccionándola en el [color]menú PSI[/color].[WAITBR]Y ni siquiera pienses en usarla manteniendo [color][ui_toggle][/color] y pulsando [color][ui_accept][/color].)",[@]Au au![WAITBR](Não se atreva a usar [color]Telepatia[/color] em mim apertando [color][ui_select][/color] e selecionando-a dentro do [color]menu de PSI[/color].[WAITBR]E nem mesmo pense em usá-la simplesmente segurando [color][ui_toggle][/color] e apertando [color][ui_accept][/color].),"[@]Hau hau![WAITBR](Nie waż się używać na mnie [color]Telepatii[/color], wciskając [color][ui_select][/color] i wybierając ją w [color]menu PSI[/color].[WAITBR]I nawet nie myśl o używaniu jej przytrzymując [color][ui_toggle][/color] i wciskając [color][ui_accept][/color].)","[@]Wuff wuff![WAITBR](Das ist schön und gut, aber wage es ja nicht, einfach [color][ui_select][/color] zu halten und es im [color]PSI-Menü[/color] auszuwählen.[WAITBR]Und denk gar nicht erst daran, einfach [color][ui_toggle][/color] zu halten und [color][ui_accept][/color] zu drücken!)","[@]Гав-гав![WAIT@](Не вздумай нажимать [color][ui_select][/color], заходить в [color]раздел «Психокинез»[/color] и использовать на мне [color]телепатию[/color]!)[WAIT@](И только посмей быстро использовать её\nсочетанием [color][ui_toggle][/color] + [color][ui_accept][/color]!)","[@]Гав-гав![WAITBR](Навіть не смій скористатися [color]Телепатією[/color] на мені, натиснувши [color][ui_select][/color] і обравши її у [color]меню Психокінез[/color].[WAITBR]І навіть не думай скористатися нею, затримавши [color][ui_toggle][/color] і натиснувши [color][ui_accept][/color].)",[@]汪汪！[WAIT@]（你可别通过按[color][ui_select][/color]并在[color]PSI菜单[/color]里选择它来对我使用[color]心灵感应[/color]哦。）[WAIT@]（而且，按住[color][ui_toggle][/color]后再按下[color][ui_accept][/color]来使用这个能力的念头更是想都别想。）
DIALOGUE_PODUNK_WOOF_SECRET_SPEAKER_Mick,Mick,Mick,Mick,ミック,믹,Mick,Mick,Mick,Mick,Mick,Мик,Мік,米克
DIALOGUE_PODUNK_WOOF_TREATS_0,"[@]Woof![WAIT@](Woah, are those Dog Treats? Give them to me!)","[@]Ouaf ![WAIT@](Oh, c'est des Friandises pour chien ? Donne-les-moi !)","[@]Bau![WAIT@](Wow, sono Biscotti per cani quelli? Dammeli!)",[@]ワン！[WAIT@]（おやつだ！ちょうだい！）,"[@]멍![WAIT@](와아, 이게 그 간식이야? 어서 나한테 줘!)","[@]¡Guau![WAIT@](Guau, ¿esos son los Premios para perros? ¡Dámelos!)","[@]¡Guau![WAIT@](Guau, ¿esas son las Chuches para perro? ¡Dámelas!)","[@]Au![WAIT@](Opa, esses aí são Petiscos de Cachorro? Me dá! \nMe dá!)","[@]Hau![WAIT@](Cholibka, czy to Psie Przysmaki? Daj mi je!)","[@]Wuff![WAIT@](Boah, sind das Hundeleckerli? Gib sie mir!)","[@]Гав![WAIT@](О, моё любимое лакомство! Дай-ка!)","[@]Гав![WAIT@](Це що, ласощі для собак? Дай-но!)",[@]汪！[WAIT@]（哇，那是狗狗零食？快把它们给我！）
DIALOGUE_PODUNK_WOOF_TREATS_2,[@][PartyLead] gave Mick the Dog Treats.,[@][PartyLead] donne les Friandises pour chien à Mick.,[@][PartyLead] ha dato i Biscotti per cani a Mick.,[@][PartyLead]はミックに\nイヌの　おやつを　わたした。,[@][PartyLead][LeadArt0] 믹에게 개 간식을 줬다.,[@][PartyLead] le dio a Mick los Premios para perros.,[@][PartyLead] le ha dado las Chuches para perro a Mick.,[@][PartyLead] deu os Petiscos de Cachorro pro Mick.,[@][PartyLead] dał Mickowi Psie Przysmaki.,[@][PartyLead] gab Mick die Hundeleckerli.,[@][PartyLead] дал Мику лакомство для собак.,[@][PartyLead] дав Міку ласощі для собак.,[@][PartyLead]把狗狗零食给了米克。
DIALOGUE_PODUNK_WOOF_TREATS_3,[@](It's a secret to everybody.),[@](Ça reste entre nous.),[@](Sarà un segreto tra noi.),[@]（みんなには　ナイショにしてね）,[@](이건 모두한테 비밀이야!),[@](Que esto quede entre nosotros.),[@](Que esto quede entre nosotros.),[@](Isso é segredo para todo mundo.),[@](To będzie nasz mały sekret.),[@](Das ist unser Geheimnis.),[@](Это останется между нами.),[@](Це залишиться між нами.),[@]（这件事要对所有人都要保密哦。）
DIALOGUE_PODUNK_WOOF_TREATS_SPEAKER_Mick,Mick,Mick,Mick,ミック,믹,Mick,Mick,Mick,Mick,Mick,Мик,Мік,米克
DIALOGUE_PODUNK_WORKING_0,[@]*SNORE*-MIMimimi...,[@]RRHÔÔÔ-pffuiiii...,[@]*ROOOOONF*-MIMimimimi...,[@]グースカ・・・　ピースカ・・・。,[@]드르렁... 드르렁...,[@]*RONQUIDO*-MIMimimi...,[@]*RONQUIDO*-MIMimimi...,[@]ROOONC-MIMimimi...,[@]*CHRAP*-MIMimimi...,[@]*SCHNARCH*- MIMimimi ...,[@]ХР-Р-Р... пщ-щ-щ-щ...,[@]ХР-Р-Р... мі-мі-мі...,[@]呼——噜——咪咪咪咪…
DIALOGUE_PODUNK_WORKING_SPEAKER_???,???,???,???,？？？,???,???,???,???,???,???,???,???,？？？
DIALOGUE_PODUNK_ZOO_MAN_TOILET_0,"[@]I've been stuck here since the animals escaped, and I'm too scared to come out.[WAIT@]You'll have to find another toilet, sorry.","[@]Je suis coincé ici depuis que les animaux se sont échappés, et j'ai trop peur de sortir.[WAIT@]Tu vas devoir trouver d'autres toilettes, désolé.","[@]Sono bloccato qui da quando gli animali sono scappati, e ho troppa paura di uscire...[WAIT@]Dovrai trovare un altro bagno, mi spiace.",[@]どうぶつが　こわくて　ここからでられないんだ。[WAIT@]わるいけど　ほかのトイレを　さがしてくれ。,"[@]동물들이 탈출한 걸 보고 여기에 숨었는데, 너무\n무서워서 나올 수가 없어요.[WAIT@]다른 화장실로 가주실 수 있나요? 죄송해요.","[@]He estado atrapado aquí desde que los animales escaparon, y estoy muy asustado para salir.[WAIT@]Tendrás que encontrar otro baño, lo siento.","[@]Llevo aquí atrapado desde que se escaparon los animales y me da demasiado miedo salir.[WAIT@]Tendrás que buscarte otro baño, lo siento.","[@]Eu estou preso aqui desde que os animais fugiram das jaulas e estou com muito medo de sair.[WAIT@]Desculpa, mas você vai ter que achar outro banheiro.","[@]Utknąłem tu, odkąd zwierzęta uciekły, i za bardzo się boję, żeby wyjść.[WAIT@]Musisz znaleźć inną toaletę, przykro mi.","[@]Ich bin hier, seit die Tiere ausgebrochen sind, und ich habe zu viel Angst hier rauszugehen.[WAIT@]Du musst dir eine andere Toilette suchen, sorry.",[@]Извините... занято![WAIT@]Я боюсь выходить из-за животных.,"[@]Я тут застряг з того часу, як тварини повиривалися з клітин, і дуже боюся виходити.[WAIT@]Так що вибачте... зайнято.",[@]自从动物们逃出来以后我就一直困在这儿，吓我得不太敢出去。[WAIT@]你得去找别的厕所了，抱歉。
DIALOGUE_PODUNK_ZOO_MAN_TOILET_SPEAKER_???,???,???,???,？？？,???,???,???,???,???,???,???,???,？？？
DIALOGUE_PODUNK_ZOO_MAN_TOILET_2_0,"[@]I know everything has calmed down, but I think I've found the true comfort on a toilet seat.[WAIT@]I'll be staying here for a while.","[@]Je sais que les choses se sont calmées, mais ce siège de toilette est beaucoup trop confortable.[WAIT@]Je ne bouge pas d'ici.","[@]So che si è risolto tutto, ma penso di aver trovato il vero comfort seduto qui.[WAIT@]Ci resterò per un po'.",[@]なんだか　やけにしずかに　なったな・・・。\nでもこわいから　でたくないなぁ・・・。[WAIT@]しばらくは　ここにすむか。,"[@]소동이 끝난 건 알고 있지만, 이 변기가 너무\n편안해서 일어날 수가 없어요.[WAIT@]조금만 더 있다가 나갈게요.","[@]Ya sé que toda esta situación ya se ha calmado, pero creo que he encontrado el verdadero confort en el asiento de un váter.[WAIT@]Creo que me quedaré aquí por un tiempo.","[@]Ya sé que toda esta situación se ha calmado, pero es que he encontrado el verdadero confort en el asiento de un váter.[WAIT@]Sí, creo que me quedaré aquí por un tiempo.","[@]Eu sei que tudo já se acalmou, mas acredito que encontrei o verdadeiro conforto num assento de privada.[WAIT@]Vou ficar aqui mais um pouco.","[@]Wiem, że wszystko się uspokoiło, ale myślę, że znalazłem prawdziwy komfort na desce klozetowej.[WAIT@]Zostanę tu przez jakiś czas.","[@]Ich weiß, dass nun alles wieder ruhig ist, aber ich glaube, ich habe wahren Seelenfrieden auf dieser Toilette gefunden.[WAIT@]Ich werde noch eine Weile hierbleiben.","[@]Знаю, что сейчас всё утихомирилось, однако я вполне устроился на унитазе.[WAIT@]Я ещё тут немного посижу.","[@]Я знаю, що все вже закінчилося, але, думаю, я знайшов справжній комфорт на унітазі.[WAIT@]Я залишуся тут ще деякий час.",[@]我知道外面已经都平息下来了，但我发现坐在马桶圈上是真的舒坦。[WAIT@]我还要在这儿待一会儿。
DIALOGUE_PODUNK_ZOO_MAN_TOILET_2_SPEAKER_???,???,???,???,？？？,???,???,???,???,???,???,???,???,？？？
DIALOGUE_PODUNK_ZOOFIX_0,"[@]The zoo seems broken, want me to fix it?","[@]Le zoo a l'air en piteux état, tu veux que je m'occupe de régler ça ?","[@]Lo zoo sembra messo male, vuoi che lo sistemi?",[@]どうぶつえんが　こわれたみたいだな。\nなおしてあげようか？,[@]동물원이 부서진 것 같네. 고쳐줄까?,[@]El zoológico parece estar roto. ¿Quieres que lo arregle?,[@]El zoológico parece estar roto. ¿Quieres que te lo arregle?,[@]O zoológico parece quebrado. Quer que eu conserte?,"[@]Zoo wydaje się zepsute, mam je naprawić?","[@]Der Zoo scheint kaputt zu sein, soll ich ihn reparieren?",[@]Сейчас в зоопарке хаос. Но я могу всё убрать.,"[@]Схоже, зоопарк зламався. Хочеш, щоб я полагодив?",[@]这个动物园似乎损坏了，要我帮忙修修吗？
DIALOGUE_PODUNK_ZOOFIX_0-OPT_0,Yes,Oui,Sì,はい,네,Sí,Sí,Sim,Tak,Ja,Давай,Так,是
DIALOGUE_PODUNK_ZOOFIX_0-OPT_1,No,Non,No,いいえ,아니오,No,No,Não,Nie,Nein,Нет,Ні,否
DIALOGUE_PODUNK_ZOOFIX_1,"[@]Ok, reload the map and it'll be done.","[@]D'accord, recharge la zone et ce sera fait.","[@]D'accordo, ricarica la mappa e sarà fatto.",[@]よし　じゃあ　はいりなおしてくれ。,"[@]좋아, 그럼 들어가서 고쳐줘.","[@]Ok, déjame recargar el mapa y estaría listo.","[@]Vale, deja que recargue el mapa y todo estará listo.","[@]Ok, recarregue o mapa e estará pronto.","[@]Dobra, właduj mapę ponownie a będzie działać.","[@]Ok, lade die Karte neu und das war's.","[@]Хорошо, тогда перезайди на карту.","[@]Окей, просто перезавантаж мапу і все.",[@]好的，重新加载一下地图就可以了。
DIALOGUE_PODUNK_ZOOFIX_2,[@]Why are you even here then?!,"[@]Qu'est-ce que tu viens faire ici, alors ?!",[@]Allora perché sei qui?!,[@]じゃあ　なんでここに　いるんだ？,[@]그러면 왜 여기 있어?,[@]¡¿Entonces qué haces aquí?!,[@]¡¿Entonces por qué estás aquí?!,[@]Então por que é que você está aqui?!,[@]To dlaczego w ogóle tu jesteś?!,[@]Warum bist du dann überhaupt hier?!,[@]Тогда что ты здесь вообще делаешь?!,[@]Тоді що ти тут взагалі робиш?!,[@]那你为什么还在这里？！
DIALOGUE_PODUNK_ZOOFIX_SPEAKER_Officer,Officer,Policier,Poliziotto,けいかん,경찰관,Oficial,Oficial,Guarda,Funkcjonariusz,Polizist,Полицейский,Поліцейський,警官
DIALOGUE_PODUNK_WAYNE_0,[@]This mouse looks like it's full of wisdom.[WAIT@]If only I knew what it was thinking...,[@]Cette souris m'a l'air pleine de sagesse.[WAIT@]Si seulement je savais ce qu'elle pensait...,[@]Questo topo sembra così saggio.[WAIT@] Chissà cosa sta pensando...,[@]このネズミ　さては　かしこそうなことを[BR]かんがえてるな？[WAIT@]きっと　やくにたつこと　なんだろうな。[BR]あたまのなかを　よむことが　できればな。,[@]이 쥐는 엄청 생각이 많아 보이게 생겼다. [WAIT@]무슨 생각을 하는지 알 수 있으면 좋았을 텐데. 아쉽네.,[@]Parece que este ratón está lleno de sabiduría.[WAIT@]Si sólo supiera en qué piensa...,[@]Parece que este ratón está lleno de sabiduría.[WAIT@]Si tan solo supiera en qué piensa...,[@]Esse rato parece ser bem sábio.[WAIT@]Queria saber o que ele está pensando...,"[@]Ta mysz wygląda, jakby była źródłem mądrości.[WAIT@]Gdybym tylko wiedział, o czym ona myśli...","[@]Diese Maus scheint voll mit Weisheiten zu sein.[WAIT@]Wenn ich doch nur wüsste, was in ihren Gedanken kreist ...","[@]У этой мышки очень мудрые глаза.[WAIT@]Вот бы знать, о чём она думает...","[@]У цієї мишки дуже мудрі очі.[WAIT@]Ось би знати, що вона думає...",[@]这只老鼠看起来很聪明的样子。[WAIT@]要是我能知道它在想什么就好了…
DIALOGUE_PODUNK_WAYNE_SPEAKER_Wayne,Wayne,Wayne,Wayne,ウェイン,웨인,Wayne,Wayne,Wayne,Wayne,Wayne,Вейн,Вейн,韦恩
