key,en,fr,it,ja,ko,es,es_ES,pt_BR,pl,de,ru,uk,zh_CN
DIALOGUE_MAGICANT_ANDY_0,"[@]If you need the Benevolent Old Man's help, look for Queen Mary's Fountain to the north.[WAIT@]Plea from the bottom of your heart and he will help you.","[@]Si tu as besoin de l'aide du vieil homme serviable, pars à la recherche de la fontaine de la reine Mary.[WAIT@]Adresse-lui une prière du plus profond de ton cœur et il viendra.","[@]Se hai bisogno dell'aiuto del Vecchio benevolo, cerca la Fontana della Regina Mary a nord.[WAIT@]Rivolgigli la tua preghiera dal profondo del cuore e ti aiuterà.",[@]おたすけじいさんを　よびたかったら[BR]マリーの　いずみに　ゆくのだ。[WAIT@]こころの　さけびで　やってくる。[BR]こころの　さけびだ！,"[@]자혜로운 노인의 도움이 필요하단 생각이 든다면, 북쪽에 위치한 메리 여왕님의 분수를 찾아가 보는 것은 어떤가요?[WAIT@]염원을 담아 간청하면 도와주실 겁니다.","[@]Si necesitas la ayuda del Anciano Bondadoso, busca la fuente de la reina Mary en el norte.[WAIT@]Ruega desde el fondo de tu corazón y él te ayudara.","[@]Si necesitas la ayuda del anciano bondadoso, búscalo en la fuente de la reina Mary.
[WAIT@]Pídeselo de todo corazón y te echará[BR]una mano.","[@]Se você precisa da ajuda do Velho Benevolente, procure a Fonte da Rainha Mary ao norte.[WAIT@]Implore do fundo do seu coração e ele te ajudará.","[@]Jeśli potrzebujesz pomocy Dobrotliwego Starca, poszukaj Fontanny Królowej Mary na północy.[WAIT@]Zawołaj z głębi serca, a on ci pomoże.","[@]Falls [if party:plural]ihr[else]du[/if] die Hilfe des Gütigen Alten Mannes brauch[if party:plural]t, sucht[else]st, suche[/if] den Königinnenbrunnen im Norden auf.[WAIT@]Erbitte[if party:plural]t[/if] ihn aus tiefstem Herzen und er wird [if party:plural]euch[else]dir[/if] helfen.","[@]Если решишь обратиться за помощью к Великодушному старцу, отыщи фонтан Мэри, что на севере.[WAIT@]Взмолись от всего сердца — и старец услышит тебя.","[@]Якщо ти потребуєш допомоги доброзичливого старця, пошукай фонтан королеви Мері на півночі.[WAIT@]Поблагай від усього серця, і він вийде на поміч.",[@]如果你需要善心老者的帮助，向北方去寻找玛丽女王喷泉。[WAIT@]发自心底地恳求，他就会帮助你。
DIALOGUE_MAGICANT_ANDY_SPEAKER_Andy,Andy,Andy,Andy,アンディ,앤디,Andy,Andy,Andy,Andy,Andy,Энди,Енді,安迪
DIALOGUE_MAGICANT_ANNE_0,[@]Sorry if I look a bit anxious right now.[WAIT@]I had a dream where Magicant vanished into thin air.[WAIT@]My heart keeps pounding just thinking about it.,[@]Désolée si j'ai l'air un peu angoissée.[WAIT@]J'ai fait un rêve dans lequel Magicant tout entier disparaissait.[WAIT@]J'ai le cœur qui palpite rien qu'à y repenser.,"[@]Scusami se sembro ansiosa.[WAIT@]Ho sognato che Magicant svaniva nel nulla.[WAIT@]Solo a pensarci, mi torna il batticuore.",[@]すこし　ふあんそうなかおを[BR]してたら　ごめんなさい。[WAIT@]わたし　このマジカントこくが[BR]きえてなくなっちゃう　ゆめをみたのよ。[WAIT@]まだしんぞうが　ドキドキしてるわ。,"[@]어? 미안... 요즘 잠자리가 뒤숭숭해서 정신이 없어서...[WAIT@]요즘 바람처럼 사라져가는 매지컨트가 계속 꿈속에서 아른거려.[WAIT@]상상조차 안 되는 일이지만, 진정되질 않네.",[@]Lo siento si parezco un poco ansiosa ahora mismo.[WAIT@]Anoche soñé que Magicant se desvanecía en el aire.[WAIT@]Se me acelera el corazón de sólo pensarlo.,"[@]Perdona que parezca nerviosa.
[WAIT@]Es que soñé que Magicant desaparecía por completo.
[WAIT@]Se me encoge el corazón de solo pensarlo.",[@]Desculpe se estou com uma cara assustada.[WAIT@]Eu tive um sonho em que Magicant desaparecia.[WAIT@]O meu coração ainda dispara quando penso nele.,"[@]Przepraszam, jeśli wyglądam teraz na trochę zaniepokojoną.[WAIT@]Miałam sen, w którym Magicant rozpłynął się w powietrzu.[WAIT@]Serce mi wali na samą myśl o tym.","[@]Tschuldige, falls ich gerade ein wenig nervös aussehe.[WAIT@]Ich hab geträumt, dass Magicant sich einfach in Luft aufgelöst hat.[WAIT@]Mein Herz pocht, wenn ich nur daran denke ...","[@]Извини[if party:plural]те[/if], я никак не могу прийти в себя...[W@]Мне приснилось, что вся Грезия исчезла с лица земли.[W@]От самой этой мысли внутри всё замирает!..","[@]Вибач, якщо я здаюсь трішки стурбованим.[WAIT@]Мені наснилося, немов Магіянт розчинився у повітрі.[WAIT@]Серце так і божеволіє, коли я про це згадую.",[@]真抱歉，我现在看起来可能有点焦虑。[WAIT@]我梦见魔法之地凭空消失了。[WAIT@]一想起这事，我的心就怦怦跳个不停。
DIALOGUE_MAGICANT_ANNE_SPEAKER_Anne,Anne,Anne,Anne,アンネ,앤,Anne,Anne,Anne,Anne,Anne,Энн,Енн,安妮
DIALOGUE_MAGICANT_BIGBAGGUY_SPEAKER_Joe,Joe,Joe,Joe,ジョー,조,Joe,Joe,Joe,Joe,Joe,Джо,Джо,乔
DIALOGUE_MAGICANT_BIGBAGGUY1_0,"[@]Excuse me, [DELAY:6]would you be interested in this Big Bag?[WAIT@]It can hold many Magic Herbs in it!","[@]Excuse-moi[DELAY:6], serais-tu intéressé[LeadArt6] par ce Grand sac ?[WAIT@]Il est rempli d'herbes magiques !","[@]Scusa, [DELAY:6]ti interesserebbe questa Borsa grande?[WAIT@]È piena di Erbe magiche!",[@]そこのあんた！[DELAY:6]でっかいふくろは　いるかね？[WAIT@]マジックハーブが　10たんいも[BR]はいっているんだぜ。,"[@]실례합니다, [DELAY:6]이 크고 아름다운 가방 필요하지 않은가요?[WAIT@]매직 허브를 아주 잔뜩 넣어다닐 수 있죠.","[@]Disculpa, [DELAY:6]¿estarías interesado en esta Bolsa grande?[WAIT@]¡Puedes llevar muchas Hierbas mágicas!","[@]Disculpa, [DELAY:6]¿te interesa una Bolsa grande?
[WAIT@]¡Está llenita de Hierbas mágicas!","[@]Com licença, [DELAY:6]estaria interessado nesta Bolsona?[WAIT@]Dá para carregar várias Ervas Mágicas nela!","[@]Przepraszam, [DELAY:6]czy nie chciałbyś tej Dużej Torby?[WAIT@]Może pomieścić wiele Magicznego Ziela!","[@]Entschuldigung,[DELAY:6] [if party:plural]ihr seid[else]du bist[/if] gerade nicht zufällig an einer Großen Tasche interessiert?[WAIT@]Da passen jede Menge Magische Kräuter rein!","[@]Слушай, [DELAY:6]не хочешь этот здоровый мешок?[WAIT@]В нём полным-полно волшебных листьев!","[@]Перепрошую, [DELAY:6]чи можна зацікавити тебе оцим великим мішком?[WAIT@]До нього можна покласти багато чарівного зілля!",[@]打扰一下，[DELAY:6]你对这个大袋子感兴趣吗？[WAIT@]它可以装下很多的魔法草药！
DIALOGUE_MAGICANT_BIGBAGGUY1_0-OPT_0,Yes,Oui,Sì,はい,네,Sí,Sí,Sim,Tak,Ja,Да,Так,是
DIALOGUE_MAGICANT_BIGBAGGUY1_0-OPT_1,No,Non,No,いいえ,아니오,No,No,Não,Nie,Nein,Нет,Ні,否
DIALOGUE_MAGICANT_BIGBAGGUY1_1,[@]I think it would be nothing but beneficial to you. [DELAY:6]But what do I know...,"[@]Je pense qu'il pourrait t'être utile. [DELAY:6]Mais après tout, qu'est-ce que j'en sais...",[@]Secondo me ti sarebbe molto utile. [DELAY:6]Ma come vuoi...,[@]きっと　やくにたつとは　おもうんだけどなあ。[BR][DELAY:6]でも　そういうなら　しかたないか・・・。,[@]분명 도움이 될 겁니다...[DELAY:6] 뭐 다 소비자의 몫인 거죠.,"[@]Creo que te beneficiaria mucho. [DELAY:6]Pero bueno, qué sé yo...","[@]A ti seguro que te vendría de perlas, [DELAY:6]pero qué sabré yo...","[@]Olha, eu acho que ela seria útil para você. [DELAY:6]Mas você é quem sabe...",[@]Miałbyś z niej raczej samą korzyść. [DELAY:6]Ale co ja tam wiem...,"[@]Ich denke, sie kann [if party:plural]euch[else]dir[/if] nützlich sein, [DELAY:6]aber was weiß ich schon ...","[@]Думаю, он бы тебе пригодился. [DELAY:6]Но тебе виднее...","[@]Я думаю, що він піде тобi на велику користь. [DELAY:6]Але що я знаю...",[@]我觉得对你来说会有用的。[BR][DELAY:6]不过，谁知道呢…
DIALOGUE_MAGICANT_BIGBAGGUY1_2,"[@]Then, [DELAY:6]may I borrow your Cash Card for a while?","[@]Dans ce cas, [DELAY:6]pourrais-je t'emprunter ta Carte bancaire pour un petit moment ?","[@]Allora, [DELAY:6]ti posso chiedere un attimo la tua Carta di debito?",[@]じゃ　[DELAY:6]あんたのキャッシュカードを[BR]しばらくかしてくれんかね。,"[@]그러면, [DELAY]현금 카드를 한번 보여주시겠습니까?","[@]Entonces, [DELAY:6]¿me podrías prestar tu Tarjeta de crédito por un ratito?","[@]Entonces, [DELAY:6]¿me podrías prestar tu Tarjeta de crédito[BR]un momentito?","[@]E aí, [DELAY:6]poderia me emprestar o seu Cartão por um instante?","[@]A zatem, [DELAY:6]czy mogę na chwilę pożyczyć twoją Kartę Bankomatową?","[@]Wenn das so ist, [DELAY:6]kann ich mir deine Bankkarte kurz ausborgen?",[@]Тогда одолжишь мне свою банковскую карту?,"[@]У такому разі, [DELAY:6]можна запозичити твою платіжну картку?",[@]那么，[DELAY:6]我能借用一下你的金融卡吗？
DIALOGUE_MAGICANT_BIGBAGGUY1_2-OPT_0,Yes,Oui,Sì,はい,네,Sí,Sí,Sim,Tak,Ja,Да,Так,是
DIALOGUE_MAGICANT_BIGBAGGUY1_2-OPT_1,No,Non,No,いいえ,아니오,No,No,Não,Nie,Nein,Нет,Ні,否
DIALOGUE_MAGICANT_BIGBAGGUY1_3,"[@]So you wouldn't just give your stuff to a random stranger?[WAIT@].[DELAY:1.3:2]..[DELAY] Actually, that might be a good reason.","[@]Quoi ? [DELAY]Tu ne veux pas confier tes affaires à un parfait inconnu ?[WAIT@].[DELAY:1.3:2]..[DELAY] En fait, tu as peut-être raison.[WAIT@]Enfin, j'imagine.","[@]Mh? Non vuoi dare le tue cose a uno sconosciuto?[WAIT@].[DELAY:1.3:2]..[DELAY] Hai ragione, in effetti.","[@]あんたは　みしらぬひとに[BR]じぶんのものを　あげたりしないのかい？
[WAIT@]・[DELAY:1.3:2]・・[DELAY]よくかんがえたら　[BR]ごもっともな　りゆうかもしれんが。","[@]제가 훔쳐서 달아나기라도 하겠습니까?[WAIT@].[DELAY:1.3:2]..[DELAY] 뭐, 원래 낯선 사람한테 함부로 주는 건 아니죠. 그렇죠.","[@]Así que, ¿no confiarías en dejar tus cosas a un completo extraño?[WAIT@].[DELAY:1.3:2]..[DELAY] En realidad, esa es una razón muy válida.","[@]¿Cómo? ¿Que no quieres dejarle tus cosas a un extraño?
[WAIT@].[DELAY:1.3:2]..[DELAY] Bueno, la verdad es que tiene su lógica.","[@]Então você não entrega as suas coisas para um estranho?[WAIT@].[DELAY:1.3:2]..[DELAY] Na verdade, até que faz sentido.","[@]Więc nie zaufałbyś zupełnemu obcemu ze swoimi fantami?[WAIT@].[DELAY:1.3:2]..[DELAY] Może i słusznie, jakby nie patrzeć.
",[@]Du gibst einer fremden Person nicht einfach deine Sachen?[WAIT@].[DELAY:1.3:2]...[DELAY] Das mag tatsächlich eine kluge Entscheidung sein.,"[@]Ты что,[DELAY:6] не доверяешь свои вещи незнакомцам?[WAIT@].[DELAY:1.3:2]..[DELAY] Хотя в этом есть смысл.","[@]Ти що, не віддаси власні речі повному незнайомцю?[WAIT@].[DELAY:1.3:2]..[DELAY] А ти кебетливий малий.",[@]所以你是不会随便把东西交给一个陌生人的对吧？[WAIT@][DELAY:1.3:2]…[DELAY]那好吧，这倒也算是个好理由。
DIALOGUE_MAGICANT_BIGBAGGUY1_4,"[@]Thank you! [DELAY:6]And sure, sure, [DELAY:6]I'll return it to you.[WAIT@]I just thought it looked pretty cool.","[@]Merci. Je te la rendrai, [DELAY:6]c'est promis.[WAIT@]C'est juste que[DELAY:3:3]... je la trouve très chouette.","[@]Grazie! [DELAY:6]Sì, certo, certo, [DELAY:6]te la ridarò tra un attimo.[WAIT@]La trovavo interessante.",[@]ありがとう！[DELAY:6]あ　そうそう　[DELAY:6]かならず　かえすよ。[WAIT@]なんか　カッコイイな　とおもってね。,"[@]감사합니다! [DELAY:6]예, 물론이죠, 그럼요, [DELAY:6]당연히 다시 돌려드리죠.[WAIT@]그냥 꽤 멋져서요. [DELAY]조금만 구경하겠습니다.","[@]Gracias, prometo [DELAY:6]devolvértela.[WAIT@]Creía que se veía bastante genial.","[@]¡Gracias! [D:6]Claro, claro, [D:6]te la devolveré.
[W@]Es que me había parecido superchula.","[@]Obrigado! [DELAY:6]E claro, claro, [DELAY:6]eu vou te devolver.[WAIT@]Eu só queria ver de perto porque achei legal.","[@]Dziękuję! [DELAY:6]Jasne, spoko, [DELAY:6]jeszcze ci ją oddam.[WAIT@]Po prostu uznałem, że całkiem fajnie wygląda.","[@]Danke sehr! [DELAY:6]Und klar, [DELAY:6]ich gebe sie dir schon zurück.[WAIT@]Sie sah nur so cool aus.","[@]Спасибо! [DELAY:6]Да, да, [DELAY:4]верну, конечно.[WAIT@]Просто штука очень занятная.","[@]Дякую! [DELAY:6]Не бійся, [DELAY:6]я її поверну.[WAIT@]Я лише подумав, що вона круто виглядає.",[@]谢谢啦！[DELAY:6]当然，当然，[DELAY:6]我会还给你的。[WAIT@]我只是觉得它看上去挺酷的。
DIALOGUE_MAGICANT_BIGBAGGUY2_1,"[@]Oh that's right, [DELAY:6]I have to return your Cash Card!","[@]Oh, c'est vrai, [DELAY:6]je dois te rendre ta Carte bancaire !","[@]Oh, giusto, [DELAY:6]ti devo ridare la Carta di debito!",[@]ああ そうだな。[BR][DELAY:6]キャッシュカードを　かえさなきゃな。,"[@]아, 그렇죠. [DELAY:6]당연히 돌려드려야죠!","[@]Oh, es cierto, [DELAY:6]¡tengo que regresarte tu tarjeta de crédito!","[@]Ah, verdad, [DELAY:6]¡tengo que devolverte la Tarjeta de crédito!","[@]Ah, é verdade. [DELAY:6]Eu preciso devolver o seu Cartão!","[@]A no tak, [DELAY:6]muszę zwrócić twoją Kartę Bankomatową!","[@]Oh, natürlich, [DELAY:6]ich muss dir deine Karte zurückgeben!","[@]Ах да, [DELAY:6]держи карту обратно!","[@]Точно, [DELAY:6]я ж маю повернути тобі платіжну картку!",[@]噢对，[DELAY:6]该把金融卡还给你了！
DIALOGUE_MAGICANT_BIGBAGGUY2_2,[@]I give you this Big Bag. [DELAY]A gift just for you!,"[@]Tiens, voilà un cadeau rien que pour toi. [DELAY]C'est un Grand sac !",[@]Ti darò questa Borsa grande. [DELAY]È un regalo!,[@]でかぶくろは　あんたに プレゼントするよ。[DELAY][BR]きみにだけの　おみやげさ！,[@]방금 말씀드렸던 가방도 드리겠습니다. [DELAY]감사 선물입니다.,[@]Te doy esta Bolsa grande. [DELAY]Es un regalo para ti.,[@]Toma este Saco grande. [DELAY]¡Un regalito solo para ti!,[@]Toma aqui a Bolsona. [DELAY]É toda sua!,[@]Daję ci tę Dużą Torbę. [DELAY]To prezent specjalnie dla ciebie!,[@]Ich gebe dir diese Große Tasche. [DELAY]Ein Geschenk nur für dich!,[@]А вот и здоровый мешок. [DELAY]Дарю!,"[@]Ось, великий мішок. [DELAY]Подарунок тільки для тебе!",[@]我把这个大袋子送给你，[DELAY]就当作礼物好啦！
DIALOGUE_MAGICANT_BIGBAGGUY2_3,[@][ItemReceiver] got the Big Bag!,[@][ItemReceiver] obtient le Grand sac !,"[@][ItemReceiver] ha ricevuto la Borsa grande!
",[@][ItemReceiver]は　でかぶくろを　てにいれた。,[@][ItemReceiver][ReceiverArt0] 큰 가방을 획득했다!,[@]¡[ItemReceiver] obtuvo la Bolsa grande!,[@]¡[ItemReceiver] ha conseguido un Saco grande!,[@][ItemReceiver] conseguiu a Bolsona!,[@][ItemReceiver] dostał[ReceiverArt4] Dużą Torbę!,[@][ItemReceiver] bekam die Große Tasche!,[@][ItemReceiver] получил здоровый мешок!,[@][ItemReceiver] отрима[ReceiverArt6] великий мішок!,[@][ItemReceiver]获得了大袋子！
DIALOGUE_MAGICANT_BIGBAGGUY2_4,[@]Load is too heavy?[WAIT@]Remember to come back and get it.,"[@]On dirait que tu es déjà trop chargé...[WAIT@]Reviens plus tard, alors. N'oublie pas !","[@]Hai troppa roba?[WAIT@]Ricorda di tornare a prendertela.
",[@]もちきれないのか・・・[WAIT@]あとで　わすれずに　とりにおいで。,[@]가방 넣을 공간이 없다고요?[WAIT@]가방 비우고 와서 꼭 받아 가세요.,[@]¿Tienes demasiada carga?[WAIT@]Recuerda regresar y llevártela.,"[@]¿Vas muy cargad[LeadArt6]?
[WAIT@]Acuérdate de venir a por la bolsa.",[@]Já está com muito peso?[WAIT@]Não esquece de voltar depois para pegar.,"[@]Ciężko ci ją teraz wziąć, co?[WAIT@]Pamiętaj, aby po nią wrócić.",[@]Die ist dir zu schwer?[WAIT@]Denke daran wiederzukommen und sie abzuholen.,"[@]Тебе сейчас тяжело?..[WAIT@]Тогда подойди ко мне позже, не забудь! ","[@]Заважко нести?[WAIT@]Не забудь повернутися, щоб забрати його.",[@]东西太重拿不动了吗？[WAIT@]记得回来取哦。
DIALOGUE_MAGICANT_BIGBAGGUY3_0,[@]Has the Big Bag been helpful to you?,"[@]Alors, qu'est-ce que tu en dis, de ce Grand sac ? Plutôt utile, non ?",[@]La Borsa grande ti è stata utile?,[@]でかぶくろ　やくにたってるかい？,[@]제가 드렸던 큰 가방은 도움이 되었나요?,[@]¿Te ha sido útil la Bolsa grande?,[@]¿Te ha servido el Saco grande?,[@]A Bolsona foi útil pra você?,"[@]Jak tam Duża Torba, jest pomocna?",[@]War die Große Tasche hilfreich?,"[@]Ну, [DELAY:6]как тебе здоровый мешок?",[@]Чи знадобився тобі великий мішок?,[@]那个大袋子对你有帮助吗？
DIALOGUE_MAGICANT_CANDY_SPEAKER_Candy,Candy,Candy,Candy,わらび,캔디,Candy,Candy,Candy,Candy,Naschkatze Candy,Кэнди,Кенді,坎迪
DIALOGUE_MAGICANT_CANDY1_1,[@]I'm a swimming cat![WAIT@]Have you heard of Magic Candy?,[@]Je suis un chat nageur ![WAIT@]As-tu déjà entendu parler des Bonbons magiques ?,[@]Sono un gatto nuotatore![WAIT@]Conosci le Caramelle magiche?,[@]おれは　およぐ　ねこ。[WAIT@]よわいこに　ゆうきと　ちからを[BR]あたえる　キャンディを　しってるかい？,[@]나는야 수속성 고양이![WAIT@]매직 캔디에 대해 아냥?,[@]¡Soy un gato nadador![WAIT@]¿Has escuchado del Caramelo mágico?,"[@]¡Soy una gata que nada!
[WAIT@]¿Has oído hablar de los Caramelos mágicos?",[@]Eu sou um gato nadador![WAIT@]Você já ouviu falar do Doce Mágico?,[@]Jestem pływającym kotem![WAIT@]Słyszałeś o Magicznym Cukierku?,[@]Ich bin eine schwimmende Katze![WAIT@][if party:plural]Habt ihr[else]Hast du[/if] von Magischen Bonbons gehört?,"[@]Я кошка-плавунья![WAIT@]А ты знаешь, что такое волшебная конфетка?",[@]Я — плаваюча кішка![WAIT@]Колись чу[LeadArt6] про чарівні цукерки?,[@]我是一只会游泳的猫！[WAIT@]你有听说过魔法糖果吗？
DIALOGUE_MAGICANT_CANDY1_1-OPT_0,Yes,Oui,Sì,はい,응,Sí,Sí,Sim,Tak,Ja,Да,Так,是
DIALOGUE_MAGICANT_CANDY1_1-OPT_1,No,Non,No,いいえ,아니,No,No,Não,Nie,Nein,Нет,Ні,否
DIALOGUE_MAGICANT_CANDY1_2,"[@]I'd give one to you, but you don't look like you'd need it.","[@]Je t'en donnerais bien un, mais tu n'as pas l'air d'en avoir besoin.","[@]Te ne darei una, ma non penso che ti serva.",[@]へーえ。 でも きみは[BR]つよいこだから いらないな。,"[@]하나 줄게냥, 근데 별로 필요는 없어보이는데냥?","[@]Te daría uno, pero no parece que lo necesites.","[@]Te daría uno, pero no parece que lo necesites.","[@]Eu ia te dar um, mas parece que você não precisa.","[@]Dałbym ci jednego, ale nie wygląda na to, żebyś go potrzebował.","[@]Ich würde [if party:plural]euch[else]dir[/if] ja ein Bonbon geben, aber [if party:plural]ihr schaut[else]du schaust[/if] nicht so aus, als würde[if party:plural]t ihr[else]st du[/if] eines brauchen.","[@]Я бы с тобой поделилась, но, кажется, тебе она не понадобится.","[@]Я б дала тобі одну, але, схоже, вона тобі не дуже й потрібна.",[@]我原本想给你一颗，不过你看起来好像并不需要。
DIALOGUE_MAGICANT_CANDY1_3,[@]It'll give some Guts to any weakling who eats it![WAIT@]Go tell all your friends about it![WAIT@]Especially if they're a weakling.,[@]Ces bonbons donnent de l'audace aux mauviettes quand elles en mangent ![WAIT@]Parles-en à tes amis ![WAIT@]Surtout si l'un d'entre eux est une mauviette.,[@]Riescono a dare un po' di Combattività anche ad un rammollito![WAIT@]Parlane con tutti i tuoi amici![WAIT@]Soprattutto se sono dei rammolliti.,[@]そうか　しらせてあげるよ。[WAIT@]このキャンディをたべた　よわいこは　ガッツがあがるんだ。[WAIT@]きみのともだちの　よわいこにも　このこと　おしえてあげなよ！,[@]먹는 순간 나약한 녀석에게 용기를 북돋아 주지![WAIT@]어서 친구들에게 전해라냥[WAIT@]특히 나약한 친구에게!,[@]¡Le dará un poco de Coraje a cualquier debilucho que lo coma![WAIT@]¡Cuéntale a todos tus amigos![WAIT@]Especialmente si son unos debiluchos.,"[@]¡Estos caramelos le dan agallas a cualquier blandengue!
[WAIT@]¡Cuéntaselo a todos tus amigos!
[WAIT@]Sobre todo a los que sean unos blandengues.",[@]Ele dá Coragem para qualquer moloide que comer![WAIT@]Conte para todos os seus amigos sobre o doce![WAIT@]Principalmente os moloides.,"[@]Doda Odwagi każdemu słabeuszowi, który go zje![WAIT@]Powiedz o tym wszystkim swoim znajomym![WAIT@]Zwłaszcza jeśli są słabeuszami.","[@]Es gibt jedem Feigling Mut, der es isst.[WAIT@][if party:plural]Geht[else]Geh[/if] und erzähl[if party:plural]t euren[else]e deinen[/if] Freunden davon![WAIT@]Vor allem, wenn sie Feiglinge sind.",[@]Она придаст дерзости любому хлюпику![WAIT@]Иди расскажи о ней своим друзьям![WAIT@]И особенно хлюпикам!,"[@]Вони нададуть сміливості будь-якому хиряку, що їх з’їсть![WAIT@]Розкажи про це всім своїм друзям![WAIT@]Особливо якщо вони – хиряки.",[@]任何人吃了它都能变得勇敢起来！[WAIT@]快去告诉你所有的朋友吧！[WAIT@]尤其是那些软弱的家伙。
DIALOGUE_MAGICANT_CANDY1_4,"[@]Hey, you![DELAY:6] The kid with the glasses![WAIT@]You look like a real weakling.[WAIT@]Here, have this Magic Candy!","[@]Hé, toi ![DELAY:6] Le garçon avec les lunettes ! Tu m'as l'air plutôt faiblard.[WAIT@]Tiens, prends ce Bonbon magique !","[@]Ehi, tu![DELAY:6] Tu, con gli occhiali![WAIT@]Sembri proprio un rammollito.[WAIT@]Tieni, prendi una Caramella magica!",[@]おーい！[DELAY:6] そこの　めがねのこ！[WAIT@]きみ　よわそうだね。[WAIT@]そんなきみには　このふしぎなキャンディを　あげような。,"[@]이봐, 거기! [DELAY:6]너 진짜 물에 젖은 고양이 같다냥[WAIT@]여기, 세상에 단 하나 남은 매직 캔디다냥!","[@]¡Oye, tú![DELAY:6] ¡El niño con los lentes![WAIT@]Tu de verdad pareces un debilucho.[WAIT@]Ten, ¡toma un Caramelo mágico!","[@]¡Oye, tú![DELAY:6] ¡El gafotas!
[WAIT@]Tienes una pinta de blandengue que no veas.
[WAIT@]¡Anda, toma un Caramelo mágico!","[@]Ei, você aí![DELAY:6] Você de óculos![WAIT@]Você parece ser o maior moloide.[WAIT@]Toma, um Doce Mágico!","[@]Hej, ty![DELAY:6] Dzieciaku w okularach![WAIT@]Wyglądasz na niezłego mięczaka.[WAIT@]Weź Magicznego Cukierka!","[@]Hey, du! [DELAY:6]Das Kind mit der Brille![WAIT@]Du schaust wie ein richtiger Feigling aus.[WAIT@]Hier, nimm mein Magisches Bonbon!","[@]Эй, ты![DELAY:6] Очкастый![WAIT@]Да ты всем хлюпикам хлюпик![WAIT@]Вот, тебе волшебная конфетка не помешает!","[@]Гей, ти![DELAY:6] Так, ти, з окулярами![WAIT@]Ти, бачу, справжній хиряк.[WAIT@]Ось, тримай-но мою чарівну цукерку!",[@]嘿，你！[DELAY:6]那个戴眼镜的孩子！[WAIT@]你看上去太容易被欺负了。[WAIT@]来，拿着这颗魔法糖果吧！
DIALOGUE_MAGICANT_CANDY1_5,"[@]Oh, it looks like you can't carry any more stuff...","[@]Oh, on dirait que tu ne peux plus rien porter...","[@]Oh, non hai spazio per altri oggetti...",[@]もてないのなら　またおいで。,[@]캔디 하나 들어갈 공간도 없어 보이는데...냥,"[@]Oh, parece que no puedes cargar más cosas...","[@]Oye, parece que no puedes llevar más cosas...","[@]Ah, parece que você não consegue levar mais nada.","[@]Ojej, wygląda na to, że nie możesz już nieść więcej przedmiotów...","[@]Oh, schaut so aus, als kannst du nichts mehr tragen ...","[@]Хм, кажись, у тебя места нет...","[@]Гм, здається, у тебе немає місця...",[@]噢，看样子你拿不下其他的东西了…
DIALOGUE_MAGICANT_CANDY1_6,[@][ItemReceiver] got a Magic Candy!,[@][ItemReceiver] obtient un Bonbon magique !,[@][ItemReceiver] ha ricevuto una Caramella magica!,[@][ItemReceiver]は　ふしぎなキャンディを　てにいれた。,[@][ItemReceiver][ReceiverArt0] 매직 캔디를 획득했다!,[@]¡[ItemReceiver] obtuvo un Caramelo mágico!,[@]¡[ItemReceiver] ha conseguido un Caramelo mágico!,[@][ItemReceiver] conseguiu um Doce Mágico!,[@][ItemReceiver] dostał[ReceiverArt4] Magicznego Cukierka!,[@][ItemReceiver] erhielt ein Magisches Bonbon!,[@][ItemReceiver] получил[ReceiverArt6] волшебную конфету!,[@][ItemReceiver] отрима[ReceiverArt6] чарівну цукерку!,[@][ItemReceiver]获得了魔法糖果！
DIALOGUE_MAGICANT_CANDY2_1,[@]That Magic Candy I gave you was the last one in the whole world.[WAIT@]I hope you liked it.,[@]Ce Bonbon magique que je t'ai donné était le dernier dans le monde entier.[WAIT@]J'espère que tu l'as aimé.,[@]Quella Caramella magica che ti ho dato era l'ultima rimasta al mondo.[WAIT@]Spero ti sia piaciuta.,[@]ふしぎなキャンディ　おいしかっただろ？[WAIT@]あれは　せかいじゅうで　さいごのひとつだったから[BR]きにいってくれたら　うれしいよ。,[@]방금 그 캔디가 마지막이었다냥.[WAIT@]마음에 들었길 바란다냥.,[@]Ese Caramelo mágico que te di era el último en todo el mundo.[WAIT@]Espero que te haya gustado.,"[@]El Caramelo mágico que te acabo de dar era el último del mundo mundial.
[WAIT@]Espero que lo hayas disfrutado.",[@]Aquele Doce Mágico era o último do mundo inteiro.[Wait@]Espero que tenha gostado.,"[@]Ten Magiczny Cukierek, którego ci dałem, był ostatnim na całym świecie.[WAIT@]Mam nadzieję, że ci smakował.","[@]Das Magische Bonbon, das ich dir gegeben habe, war das letzte auf der ganzen Welt.[@]Hoffentlich hat es dir geschmeckt.","[@]Я дала тебе самую последнюю конфетку — таких в мире больше нет и не будет![W@]Надеюсь, она тебе понравилась.","[@]Цукерка, яку я тобі дала, була останньою на всьому світі.[WAIT@]Сподіваюсь, вона тобі сподобалася.",[@]我给你的那颗魔法糖果是世界上最后一颗了。[WAIT@]希望你喜欢。
DIALOGUE_MAGICANT_CANDY2_2,[@]That Magic Candy I gave to your friend was the last one in the whole world.[WAIT@]I hope he liked it.,[@]Ce Bonbon magique que j'ai donné à ton ami était le dernier dans le monde entier.[WAIT@]J'espère qu'il l'a aimé.,[@]Quella Caramella magica che ho dato al tuo amico era l'ultima rimasta al mondo.[WAIT@]Spero gli sia piaciuta.,[@]めがねのこにあげた　ふしぎなキャンディ　おいしかっただろ？[WAIT@]あれは　せかいじゅうで　さいごのひとつだったから[BR]きにいってくれてたら　うれしいよ。,[@]내가 네 친구한테 준 그게 마지막이었다냥.[WAIT@]마음에 들었길 바란다냥.,[@]Ese caramelo mágico que le di a tu amigo era el último en todo el mundo.[WAIT@]Espero que le haya gustado.,"[@]El Caramelo mágico que le acabo de dar a tu amigo era el último del mundo mundial.
[WAIT@]Espero que lo haya disfrutado.",[@]Aquele Doce Mágico que dei para o seu amigo era o último do mundo inteiro.[Wait@]Espero que ele tenha gostado.,"[@]Ten Magiczny Cukierek, którego dałem twojemu koledze, był ostatnim na całym świecie.[WAIT@]Mam nadzieję, że mu smakował.","[@]Das Magische Bonbon, das ich [if party:plural]eurem[else]deinem[/if] Freund gab, war das letzte auf der ganzen Welt.[@]Hoffentlich hat es geschmeckt.","[@]Я дала твоему другу самую последнюю конфетку — таких в мире больше нет и не будет![W@]Надеюсь, она ему понравилась.","[@]Цукерка, яку я дала твоєму другу, була останньою на всьому світі.[WAIT@]Сподіваюсь, вона йому сподобалася.",[@]我给你朋友的那颗魔法糖果是世界上最后一颗了。[WAIT@]希望他会喜欢。
DIALOGUE_MAGICANT_CARLY_0,[@]Someone at some point told me about a man that everyone has forgotten about. But I don't remember who.,"[@]Une fois, j'ai entendu parler d'un homme qui a été oublié.[WAIT@]Je te raconterais bien son histoire, mais je l'ai oubliée.","[@]Ho sentito di un uomo dimenticato da tutti, ma non mi ricordo da chi l'ho sentito.",[@]わすれられたおとこの　はなしを[BR]きいたことが　あるけど[BR]どんな　はなしか　わすれちゃった。,[@]모두가 잊어버린 어떤 사람에 대해 들은 적 있어요.[WAIT@]하지만 그게 누구였는지는...,[@]Alguien me había dicho de un hombre del que todos se olvidaron. Pero no me acuerdo quién era él.,[@]Una vez me contaron de un hombre al que todos olvidaron. Pero no me acuerdo de quién era.,"[@]Alguém, em algum momento, me falou de um homem que todo mundo se esqueceu. Mas eu não me lembro quem foi.","[@]Pewnego razu ktoś opowiedział mi o człowieku, o którym wszyscy zapomnieli. Ale nie pamiętam kto.","[@]Jemand hat mir von einem Mann erzählt, der von allen vergessen wurde. Ich weiß nur nicht mehr, wer mir das erzählt hat.","[@]Мне как-то рассказывали о том, кого все забыли.[W@]Что рассказывали? Хоть убей, не припомню.","[@]Колись хтось розповів мені про чоловіка, якого всі забули. Але не пам’ятаю, хто саме.",[@]曾经有人跟我提起过一个被所有人遗忘了的男人，但我不记得是谁了。
DIALOGUE_MAGICANT_CARLY_SPEAKER_Carly,Carly,Carly,Carly,カーリィ,칼리,Carly,Carly,Carly,Carly,Carly,Карли,Карлі,卡莉
DIALOGUE_MAGICANT_CINDY_SPEAKER_Cindy,Cindy,Cindy,Cindy,よもぎ,신디,Cindy,Cindy,Cindy,Cindy,Waschkatze Cindy,Синди,Сінді,辛迪
DIALOGUE_MAGICANT_CINDY_THOUGHTS_SPEAKER_Cindy,Cindy,Cindy,Cindy,シンディ,신디,Cindy,Cindy,Cindy,Cindy,Waschkatze Cindy,Синди,Сінді,辛迪
DIALOGUE_MAGICANT_CINDY_THOUGHTS1_0,[@]Do you know what I have in my hand?[WAIT@]That is right. A Ribbon...[WAIT@]This Magic Ribbon makes the one who wears it smarter...,[@]Tu as deviné ce que je tiens dans la patte ?[WAIT@]C'est exact. Un ruban.[WAIT@]Ce Ruban magique a le pouvoir de rendre plus intelligente celle qui le porte.,[@]Sai cos'ho nella zampa?[WAIT@]Esatto. Un Fiocco...[WAIT@]Questo Fiocco magico rende più intelligente chi lo indossa...,[@]ぼくの　てのなかに[BR]はいっているものが　みえたかい？[WAIT@]そう。リボン。[WAIT@]ふしぎなちからのわくリボンさ。,"[@]내 손안에 뭐가 있는지 보이냥?[@WAIT]맞아, 바로 리본이지냥...[WAIT@]이 매직 리본을 맨 사람은 더욱 똑똑해질 수 있다냥.",[@]¿Sabes lo que tengo en la mano?[WAIT@]Así es. Un lazo...[WAIT@]Este Lazo mágico hace al que se lo ponga más inteligente...,"[@]¿Sabes lo que tengo en la mano?
[WAIT@]Eso es. Un lazo.
[WAIT@]Este Lazo mágico hace más inteligente al que se lo pone.",[@]Você sabe o que é isto aqui na minha mão?[WAIT@]Isso mesmo. Um Laço...[WAIT@]Quem coloca este Laço Mágico no cabelo fica mais esperto...,"[@]Wiesz, co trzymam w dłoni?[WAIT@]Zgadza się. Wstążkę...[WAIT@]Ta Magiczna Wstążka sprawia, że osoba, która ją nosi, staje się mądrzejsza...","[@]Weißt du, was in meiner Pfote ist?[WAIT@]Genau. Ein Bändchen ...[WAIT@]Dieses Magische Band macht jede, die es trägt, klüger ...","[@]Угадал, что у меня в лапе?[WAIT@]Правильно — ленточка.[WAIT@]Эта волшебная ленточка делает умнее любого,[BR] кто её носит...","[@]Знаєш, що у мене у лапі?[WAIT@]Правильно. Стрічка...[WAIT@]Ця чарівна стрічка надасть розуму тій, хто її носить...",[@]你知道我手里是什么吗？[WAIT@]没错，是一条丝带…[WAIT@]这条魔法丝带能让佩戴它的人变得更聪明…
DIALOGUE_MAGICANT_CINDY_THOUGHTS1_1,"[@]Magic Ribbons are only for girls...[WAIT@]Sorry, I would change the rules if I could.","[@]Les Rubans magiques sont réservés aux filles...[WAIT@]Désolé. Si je pouvais changer les règles, je l’aurais fait.","[@]I Fiocchi magici sono solo per le ragazze...[WAIT@]Mi spiace, non posso farci niente.",[@]マジックリボンは　おんなのこにしか　あげないよ。[WAIT@]ごめんね　ルールを　かえることができたら[BR]とっくにそうしてるよ。,"[@]매직 리본은 여자아이들만 가져갈 수 있다냥..[WAIT@]미안하다냥, 규칙을 바꿀 수만 있었다면 진작 그랬을 거다냥.","[@]Los Lazos mágicos son solo para las chicas...[WAIT@]Disculpa, cambiaría las reglas si pudiera.","[@]Los Lazos mágicos son solo para chicas...
[WAIT@]Lo siento. Si por mí fuera, cambiaría las normas.","[@]Laços Mágicos são só para meninas...[WAIT@]Desculpe, eu mudaria as regras se pudesse.","[@]Magiczne Wstążki są tylko dla dziewczyn...[WAIT@]Przykro mi, zmieniłabym zasady, gdybym mogła.","[@]Magische Bänder sind nur für Mädchen ...[WAIT@]Entschuldige, ich würde ja die Regeln ändern, wenn ich könnte.","[@]Волшебные ленточки могут носить только девочки...[WAIT@]Уж извини, не я это придумала.","[@]Чарівні стрічки — лише для дівчат...[WAIT@]Вибач, змінила б правила, якби могла.",[@]魔法丝带只能让女孩子用…[WAIT@]抱歉，要是能改的话我也很想改掉这个规矩。
DIALOGUE_MAGICANT_CINDY_THOUGHTS1_3,"[@]If you can't carry it, come back some other time.",[@]On dirait que tu n'as pas la place pour le prendre avec toi.[WAIT@]Reviens quand tu pourras.,"[@]Se non hai spazio per tenerlo, torna un'altra volta.",[@]もてないのなら　またおいで。,[@]지금 가져갈 수 없다면 나중에 다시 와 달라냥.,"[@]Si no te lo puedes llevar, vuelve en otro momento.","[@]Si no te lo puedes llevar, vuelve en otro momento.","[@]Se você não consegue carregá-lo, volte outra hora.","[@]Jeśli nie możesz jej wziąć, wróć innym razem.","[@]Wenn du es nicht tragen kannst, komm wann anders wieder.","[@]Если ты не можешь забрать её сейчас, то заберёшь потом.","[@]Якщо не можеш її забрати, приходь в інший раз.",[@]如果你拿不了的话，就改天再来吧。
DIALOGUE_MAGICANT_CINDY_THOUGHTS1_4,"[@]Hey there, girl![DELAY:6] This Magic Ribbon I have would suit you well. Take it!","[@]Hé, toi, jeune fille ![DELAY:6] Ce Ruban magique que je possède t’irait bien. Prends-le !","[@]Ehi, ragazza![DELAY:6] Questo Fiocco magico ti starebbe bene. Prendilo!",[@]おんなのこには　ふしぎなリボンを　あげようね。,"[@]거기 꼬마 아가씨, 반갑다냥![DELAY:6] 내가 가진 이 매직 리본이 너에게 잘 어울릴 거 같다냥. 자, 받아라냥!","[@]¡Hola, niña![DELAY:6] Te verías bien con este Lazo mágico que tengo aquí. ¡Tómalo!","[@]¡Hola, niña![DELAY:6]Este Lazo mágico te quedaría que ni pintado. ¡Toma, llévatelo!","[@]Olá, mocinha![DELAY:6] Este Laço Mágico combina com você. Pegue!","[@]Hej, dziewczynko![DELAY:6] Ta Magiczna Wstążka, którą tu mam, będzie ci pasować. Weź ją!","[@]Hey, du da, Mädel![DELAY:6]Dieses Magische Band hier würde dir gut stehen. Nimm es!","[@]Приветик, девочка![DELAY:6] Моя волшебная ленточка как раз тебе к лицу. Возьми её!","[@]Гей, дівчисько![DELAY:6] Моя чарівна стрічка тебе прикрасить. Тримай!",[@]嘿，[DELAY:1.5]小姑娘！[BR][DELAY:6]这条魔法丝带一定很适合你，拿去吧！
DIALOGUE_MAGICANT_CINDY_THOUGHTS1_5,[@]This girl in your party would look good with my Magic Ribbon. Give it to her!,[@]Mon Ruban magique irait bien à cette fille dans ton équipe. Donne-le-lui !,[@]A questa ragazza nel tuo gruppo starebbe bene il mio Fiocco magico. Daglielo!,[@]きみのうしろに　ついてきている　おんなのこには[BR]ふしぎなリボンを　あげようね。,[@]네 뒤에 있는 여자아이에게 이 신비한 리본이 딱 어울릴 거 같다냥! 이걸 건네달라냥.,[@]La niña en tu equipo se vería bien con mi Lazo mágico. ¡Dáselo!,[@]A la chica de tu grupo le quedaría monísimo este Lazo mágico. ¡Dáselo!,[@]Essa menina no seu grupo ficaria bem bonita com o meu Laço Mágico. Dê a ela!,[@]Ta dziewczyna z twojej grupy będzie dobrze wyglądać w mojej Magicznej Wstążce. Podaruj jej ją!,[@]Das Mädchen in deiner Gruppe würde gut mit diesem Magischen Band aussehen. Gib es ihr!,[@]Моя волшебная ленточка будет отлично смотреться на девочке из твоей команды. Передай ей! ,[@]Моя стрічка підійде дівчинці у вашій команді. Передай-но їй!,[@]你队伍里的小姑娘戴上魔法丝带一定很好看，快给她戴上吧！
DIALOGUE_MAGICANT_CINDY_THOUGHTS1_6,[@][ItemReceiver] got a Magic Ribbon!,[@][ItemReceiver] obtient un Ruban magique !,[@][ItemReceiver] ha ricevuto un Fiocco magico!,[@][ItemReceiver]は　ふしぎなリボンを　てにいれた。,[@][ItemReceiver][ReceiverArt0]  매직 리본을 얻었다!,[@]¡[ItemReceiver] obtuvo un Lazo mágico!,[@]¡[ItemReceiver] ha conseguido un Lazo mágico!,[@][ItemReceiver] conseguiu um Laço Mágico!,[@][ItemReceiver] dostał[ReceiverArt4] Magiczną Wstążkę!,[@][ItemReceiver] bekam ein Magisches Band!,[@][ItemReceiver] получил[ReceiverArt6] волшебную ленту!,[@][ItemReceiver] отрима[ReceiverArt6] чарівну стрічку!,[@][ItemReceiver]获得了魔法丝带！
DIALOGUE_MAGICANT_CINDY_THOUGHTS2_0,[@]Zzzzzzzzzzzz...,[@]Zzzzz...,[@]Zzzzzzzzzzzz...,[@]ぐーぐーぐー・・・,[@]Zzzzzzzzzzzz...,[@]Zzzzzzzzzzzz...,[@]Zzzzzzzzzzzz...,[@]Zzzzzzzzzzzz...,[@]Zzzzzzzzzzzz...,[@]Zzzzzzzzzzzz ...,[@]Хр-р-р-р-р-р-р...,[@]Хр-р-рррррррррр...,[@]Zzzzzzzzzzzz…
DIALOGUE_MAGICANT_CINDY1_0,"[@]Yes, I am the cat who swims on the ground.[WAIT@]Guess what is in my hand.",[@]Je suis un chat qui nage dans le sol.[WAIT@]Est-ce que tu saurais deviner ce que je tiens dans la patte ?,[@]Sono il gatto che nuota nel terreno.[WAIT@]Indovina che ho nella zampa.,[@]ぼくは　ぢめんを　およぐねこ。[WAIT@]ぼくの　てのなかに[BR]はいってるものを　あててごらん。,"[@]맞아, 난 땅 속성 고양이야.[WAIT@]내 손에 뭐가 있는지 맞춰보라냥.","[@]Sí, soy la gata que nada en el suelo.[WAIT@]Adivina qué tengo en la mano.","[@]Sí, soy la gata que nada en el suelo.
[WAIT@]Adivina lo que tengo en la mano.","[@]Sim, eu sou o gato que nada no chão.[WAIT@]Adivinha o que tenho na mão?","[@]Tak, jestem kotem, który pływa po ziemi.[WAIT@]Zgadnij, co trzymam w ręku.","[@]Ja, ich bin eine Katze, die auf dem Boden schwimmt.[WAIT@]Rate mal, was in meiner Pfote ist.","[@]Да, я кошка, плавающая в земле.[WAIT@]Угадай, что у меня в лапе.","[@]Так, я — кішка, плаваюча у землі.[WAIT@]Вгадай, що я тримаю у лапі.",[@]没错，我就是那只在地面上游泳的猫。[WAIT@]猜猜我手里面拿的东西是什么。
DIALOGUE_MAGICANT_CINDY2_0,[@]Zzzzzzzzzzzz...,[@]Zzzzz...,[@]Zzzzzzzzzzzz...,[@]ぐーぐーぐー・・・,[@]Zzzzzzzzzzzz...,[@]Zzzzzzzzzzzz...,[@]Zzzzzzzzzzzz...,[@]Zzzzzzzzzzzz...,[@]Zzzzzzzzzzzz...,[@]Zzzzzzzzzzzz ...,[@]Хр-р-р-р-р-р-р...,[@]Хр-р-рррррррррр...,[@]Zzzzzzzzzzzz…
DIALOGUE_MAGICANT_DIANE_0,[@]I'm on my way to take this broken earring to the fountain.[WAIT@]I bet it'll turn into a magic earring.[WAIT@]Who wouldn't want a magic earring?,[@]Je vais porter cette boucle d'oreille cassée à la fontaine.[WAIT@]Peut-être qu'elle deviendra magique...[WAIT@]Qui ne voudrait pas d'une boucle d'oreille magique ?,[@]Sto portando questo orecchino rotto alla fontana.[WAIT@]Scommetto che diventerà un orecchino magico.[WAIT@]Chi non ne vorrebbe uno?,[@]この　こわれたイヤリングを[BR]いずみにもっていく　とちゅうなのよ。[WAIT@]そこで　まほうの　イヤリングにするの。[WAIT@]まほうの　イアリングを　ほしくない　[BR]ひとがいたら　あってみたいくらいだわ。,[@]이 망가진 귀걸이를 분수대로 들고 가려던 참이에요.[WAIT@]분명 마법의 귀걸이로 탈바꿈할 거예요.[WAIT@]마법의 귀걸이라니... 누가 원치 않겠어요?,[@]Estoy en camino de llevar este aro roto a la fuente.[WAIT@]Estoy segura de que se transformará en un aro mágico.[WAIT@]¿Quién no quisiera uno?,"[@]Voy a llevar este pendiente roto a la fuente.
[WAIT@]Estoy convencida de que se transformará en un pendiente mágico.
[WAIT@]¿A quién no le gustaría tener uno?",[@]Estou levando este brinco quebrado para a fonte.[WAIT@]Aposto que ele vai se transformar num brinco mágico.[WAIT@]Quem não iria querer um brinco mágico?,"[@]Idę z tym zepsutym kolczykiem do fontanny.[WAIT@]Założę się, że zamieni się w magiczny kolczyk.[WAIT@]Kto by nie chciał mieć magicznego kolczyka?","[@]Ich bin auf dem Weg, meinen kaputten Ohrring zum Königinnenbrunnen zu bringen.[WAIT@]Ich wette, er wird dann zu einem magischen Ohrring.[WAIT@]Wer würde denn keinen magischen Ohrring haben wollen?","[@]Я отнесу эту сломанную серёжку к фонтану, и она станет волшебной.[WAIT@]Кто же не захочет волшебную серёжку!","[@]Я несу цю зламану сережку до фонтану.[WAIT@]Упевнена, вона перетвориться на чарівну.[WAIT@]Хто б не мріяв мати чарівну сережку?",[@]我正要把这只坏掉的耳环拿去喷泉那儿呢。[WAIT@]我敢肯定它会变成一只魔法耳环。[WAIT@]谁不想要魔法耳环呢？
DIALOGUE_MAGICANT_DIANE_SPEAKER_Diane,Diane,Diane,Diane,ダイアン,다이앤,Diane,Diane,Diane,Diane,Diane,Диана,Діана,黛安
DIALOGUE_MAGICANT_DONNA_0,"[@]Hey, here's some advice I bet you haven't heard of.[WAIT@]Try pulling out some Red Weed and placing it into the fountain![WAIT@]In an instant, it will turn into some Magic Herb![WAIT@]Don't forget this, now.","[@]Hé, je sais quelque chose que tu ignores peut-être.[WAIT@]Essaye de déposer une Herbe rouge dans la fontaine.[WAIT@]En un instant, elle se changera en Herbe magique ¦[WAIT@]Garde ça en tête !","[@]Ehi, ti dico una cosa che forse non sai.[WAIT@]Prova a staccare dell'Erbaccia rossa e metterla nella fontana![WAIT@]Si trasformerà in dell'Erba magica![WAIT@]Non dimenticartelo.",[@]あなたが　きいたことのないような　アドバイスを　おしえてあげるわ。[WAIT@]マジカントを　あるいているときに　あかいくさを　みかけたら　ぬいて　マリーのいずみに　もっていくといいよ。[WAIT@]あかいくさは　いずみのみずに　つけると[BR]すっごくげんきな　マジックハーブに　なるの。[WAIT@]このこと　わすれないでね。,"[@]좋은 거 하나 알려드릴까요?[WAIT@]빨간색 잡초를 뽑아서 분수에 던져보세요![WAIT@]그럼 매직 허브로 짜잔![WAIT@]잊지 말고, 지금 나가서 시도해 보세요.","[@]Oye, sé algo que te apuesto que no sabes.[WAIT@]Intenta sacar una Hierba roja y ponla en la fuente.[WAIT@]¡Se transformará en una Hierba mágica al instante![WAIT@]Que no se te olvide.","[@]Te contaré algo que seguro que no sabes.
[WAIT@]Prueba a dejar una Hierba roja en la fuente.
[WAIT@]¡En un abrir y cerrar de ojos, se convertirá en una Hierba mágica!
[WAIT@]¡No lo olvides!","[@]Ei, vou te contar uma coisa que você não sabia.[WAIT@]Colha algumas Ervas Vermelhas e coloque-as na fonte![WAIT@]Elas vão virar Ervas Mágicas num instante![WAIT@]Vê se não esquece!","[@]Hej, mam dla ciebie radę, o której na pewno nie słyszałeś.[WAIT@]Spróbuj zerwać trochę Czerwonego Chwastu i wrzucić go do fontanny![WAIT@]W jednej chwili zamieni się on w Magiczne Ziele![WAIT@]Nie zapomnij o tym.","[@]Hey, hier ein guter Rat, den du sicher noch nicht kanntest.[WAIT@]Versuch mal, Rotes Kraut in den Brunnen zu legen![WAIT@]Es wird sich sofort in Magisches Kraut umwandeln![WAIT@]Vergiss das bloß nicht.","[@][if party:plural]Вы[else]Ты[/if], наверное, не знае[if party:plural]те[else]шь[/if],[D:4] но если нарвать красного сорняка и окунуть его в фонтан —[D:4] он тут же обратится в волшебный лист![W@]Не забудь[if party:plural]те[/if]!","[@]Гей! Б'юсь об заклад, таку пораду ти ще не чув.[WAIT@]Спробуй нарвати червоного бур’яну і покласти його у фонтан![WAIT@]Бур’ян миттю перетвориться на чарівне зілля![WAIT@]Дивись, не забудь.",[@]嘿，给一个你肯定没听过的建议。[WAIT@]试着拔些红色杂草放进喷泉里！[WAIT@]一瞬间它就能变成魔法药草！[WAIT@]可别忘了哦。
DIALOGUE_MAGICANT_DONNA_SPEAKER_Donna,Donna,Donna,Donna,ドンナ,도나,Donna,Donna,Donna,Donna,Donna,Донна,Донна,唐娜
DIALOGUE_MAGICANT_DOROTHY_0,"[@]You aren't from around here, are you?[WAIT@]I think I like you for some reason though.","[@]Tu n'es pas d'ici toi, si ?[WAIT@]Je ne sais pas pourquoi, mais je t'apprécie déjà.","[@]Non sei di qui, vero?[WAIT@]Non so perché, ma mi fai simpatia.",[@]あなた　へんなかんじの　かたね。[BR]ここらへんのひと　じゃないでしょ？[WAIT@]でも　にくめないタイプかも。[BR]あなたみたいなひと　わたしはすきよ。,"[@]처음 보는 얼굴인데, 여기 근처에 사는 애는\n아닌가보네?[WAIT@]히히 귀여워.","[@]No eres de por aquí, ¿verdad?[WAIT@]Por alguna razón creo que me agradas.","[@]Tú no eres de por aquí, ¿verdad?
[WAIT@]No sé por qué, pero creo que me caes bien.","[@]Você não é daqui, não é?[WAIT@]Não sei por quê, mas acho que gostei de você.","[@]Nie jesteś stąd, prawda?[WAIT@]Ale z jakiegoś powodu chyba cię lubię.","[@][if party:plural]Ihr seid[else]Du bist[/if] nicht von hier, nicht wahr?[WAIT@]Ich glaube, irgendwie mag ich [if party:plural]euch[else]dich[/if].","[@][if party:plural]Вы[else]Ты[/if] же не местны[if party:plural]е[else]й[/if], да?[W@]А вообще, [if party:plural]вы[else]ты[/if] мне чем-то даже нрави[if party:plural]тесь[else]шься[/if].","[@]А ти, бачу, не місцевий.[WAIT@]Не знаю чому, але ти мені подобаєшся.",[@]你不是这里的人吧？[WAIT@]不过不知道为什么，我还挺喜欢你的。
DIALOGUE_MAGICANT_DOROTHY_SPEAKER_Dorothy,Dorothy,Dorothy,Dorothy,ドロシー,도로시,Dorothy,Dorothy,Dorothy,Dorothy,Dorothy,Дороти,Дороті,多萝西
DIALOGUE_MAGICANT_DRAGON_0,[@]The Dragon slumbers...[W@]It seems to be guarding something.[W@]Challenge the Dragon?,[@]Le Dragon est endormi...[W@]On dirait qu'il garde quelque chose.[W@]Défier le Dragon ?,[@]Il Drago sta dormendo...[W@]Pare che stia facendo da guardia a qualcosa.[W@]Vuoi sfidare il Drago?,[@]ドラゴンはねむっている・・・[W@]なにかを　まもっているかのようだ。[W@]ドラゴンに　しょうぶを　いどみますか？,[@]드래곤이 잠들어 있다...[W@]무언가를 지키고 있는 것 같다.[W@]드래곤에게 도전할까?,[@]El Dragón duerme...[W@]Parece estar custodiando algo.[W@]¿Deseas desafiar el dragón?,"[@]El Dragón hiberna...
[W@]Parece que custodia algo.
[W@]¿Quieres desafiar al Dragón?",[@]O Dragão está dormindo...[W@]Parece estar protegendo alguma coisa.[W@]Desafiar o Dragão?,[@]Śpi tutaj Smok...[W@]Wydaje się czegoś strzec.[W@]Chcesz się z nim zmierzyć?,[@]Der Drache schlummert ...[W@]Er scheint etwas zu bewachen.[W@]Den Drachen herausfordern?,"[@]Дракон спит крепким сном...[W@]Похоже, он что-то охраняет.[W@]Бросить ему вызов?","[@]Дракон спить міцним сном... [W@]Схоже, він щось охороняє. [W@]Кинути йому виклик?",[@]巨龙沉睡着…[W@]它似乎在守护着什么东西。[W@]要挑战巨龙吗？
DIALOGUE_MAGICANT_DRAGON_0-OPT_0,Yes,Oui,Sì,はい,네,Sí,Sí,Sim,Tak,Ja,Да,Так,是
DIALOGUE_MAGICANT_DRAGON_0-OPT_1,No,Non,No,いいえ,아니오,No,No,Não,Nie,Ich will nicht sterben,Нет,Ні,否
DIALOGUE_MAGICANT_DRAGON_1,[@][NINTEN]'s psychic power is short of waking the Dragon.,[@]Les pouvoirs psychiques de [NINTEN] sont insuffisants pour éveiller le dragon.,[@]Il potere psichico di [NINTEN] non è sufficiente per svegliare il Drago.,[@]・・・いまの　[NINTEN]の　PSIでは　まだ[BR]ドラゴンを　めざめさせることは　できない。,[@][NINTEN][particle:NINTEN:0] 드래곤을 깨울 정도의 PSI를 지니지 않았다.,[@]El poder psíquico de [NINTEN] no es suficiente para despertar al Dragón.,[@]El poder psíquico de [NINTEN] no es suficiente para despertar al Dragón.,[@]O poder psíquico de [NINTEN] não é suficiente para despertar o Dragão.,"[@]Moc psychiczna [decline:Ninten:M:1] jest za słaba, by obudzić Smoka.","[@][genitive:NINTEN] psychische Kraft reicht nicht aus, um den Drachen zu wecken.",[@][decline:Ninten:M:2] пока не хватает сил разбудить дракона.,"[@]Психокінез [decline:Ninten:M:1] ще недостатньо сильний, щоб розбудити дракона.",[@][NINTEN]现在的灵能力暂时无法唤醒沉睡的巨龙。
DIALOGUE_MAGICANT_DRAGON_2,[@]It would be unwise to challenge it now.,[@]Ce serait imprudent de le défier tout de suite.,[@]Non è una buona idea sfidarlo per ora.,[@]・・・しょうぶ　できるのは[BR]とうぶんさきに　なるだろう。,[@]지금 도전하는 건 무모하다.,[@]No sería prudente desafiarlo ahora.,[@]No sería prudente desafiarlo ahora.,[@]Não seria prudente desafiá-lo agora.,[@]Starcie z nim teraz nie byłoby mądre.,"[@]Es wäre unklug, den Drachen jetzt zu wecken.","[@]Верно, сейчас было бы не очень мудро бросать вызов дракону.","[@]Здається, зараз було б не дуже мудро кидати виклик дракону.",[@]现在挑战它可不是明智之举。
DIALOGUE_MAGICANT_DRAGON_SPEAKER_Dragon,Dragon,Dragon,Drago,ドラゴン,드래곤,Dragón,Dragón,Dragão,Smok,Drache,Дракон,Дракон,龙
DIALOGUE_MAGICANT_DRAGON_THOUGHTS_0,"[@][SL](Mother, [D:6]oh mother...)[/SL][W@][SL](If only once more, [D:6]I dream to play with you again...)[/SL]","[@](Mère, [D:6]oh mère...)[W@](Ne serait-ce qu'une fois de plus, [D:6]je rêverais de pouvoir rejouer avec toi...)","[@][SL](Madre, [D:6]oh madre...)[/SL][W@][SL](Anche se solo per una volta, [D:6]sogno di giocare di nuovo con te...)[/SL]",[@][SL](ハハヨ[D:6]　アア　イダイナル　ハハヨ・・・)[/SL][W@][SL](イチドダケデモ　イイカラ[D:6][BR]　マタトモニ　アソビタイ・・・)[/SL],"[@][SL](어머니, [D:6]오, 어머니...)[/SL][W@][SL](다시 당신과 함께 놀 수 있길 꿈꾸고 있습니다...)[/SL]","[@][SL](Madre, [D:6]oh madre...)[/SL][W@][SL](Sueño con poder, [D:6]aunque fuera una vez más, volver a jugar contigo...)[/SL]","[@][SL](Madre, [D:6]oh, madre...)[/SL]
[W@][SL](Aunque solo sea una vez más, [D:6]sueño con volver a jugar contigo...)[/SL]","[@][SL](Mãe, [D:6]oh, mãe...)[/SL][W@][SL](Mesmo que seja uma única vez, [D:6]eu sonho em brincar com você de novo...)[/SL]","[@][SL](Matko... [D:6]O, matko...)[/SL][W@][SL](Marzę o tym, by móc się z tobą pobawić [D:6]choćby jeszcze jeden raz...)[/SL]","[@][SL](Mutter, [D:6]oh Mutter ...[/SL][W@][SL](Wenn auch nur noch ein letztes Mal, [D:6]träume ich davon, nochmal mit dir zu spielen ...)[/SL]","[@][SL](Ах мама, [D:6]мама...)[/SL][W@][SL](Как бы я хотел ещё сыграть с тобою...)[/SL]","[@][SL](Ах мама, [D:6]мама...)[/SL][W@][SL](Як би я хотів ще зіграти з тобою...)[/SL]",[@][SL]（母亲，[D:6]哦，我的母亲…）[/SL][W@][SL]（只有一次也好，[BR][D:6]我好想你，我多希望您能陪我一起玩…）[/SL]
DIALOGUE_MAGICANT_EDGAR_0,[@]Huh? [DELAY]“The outside world?”[WAIT@]What are you talking about?,[@]Hein ? Le « monde extérieur » ?[WAIT@]Mais de quoi tu parles ?,[@]Che? [DELAY]“Il mondo esterno?”[WAIT@]Che stai dicendo?,[@]え？[DELAY]「そと」？[WAIT@]そとのせかいって なんのこったね？,[@]응? “바깥세상”?[WAIT@]무슨 말을 하는 거야?,[@]¿El “mundo exterior”?[WAIT@]¿De qué estás hablando?,"[@]¿El «mundo exterior»?
[WAIT@]¿De qué estás hablando?",[@]Hein? [DELAY]“O mundo lá fora”?[WAIT@]Mas do que é que você está falando?,[@]Co? [DELAY]„Świat zewnętrzny?”[WAIT@]O czym ty mówisz?,[@]Hmm? „Die Außenwelt?“[WAIT@]Wovon rede[if party:plural]t ihr[else]st du[/if] da?,[@]«Внешний мир»?[WAIT@]Какой ещё «внешний мир»?,[@]А? [DELAY]“Зовнішній світ”?[WAIT@]Про що ти?,[@]嗯？[DELAY]“外面的世界？”[WAIT@]你在说什么呀？
DIALOGUE_MAGICANT_EDGAR_SPEAKER_Edgar,Edgar,Edgar,Edgar,エドガー,에드거,Edgar,Edgar,Edgar,Edgar,Edgar,Эдгар,Едгар,埃德加
DIALOGUE_MAGICANT_EDWARD_0,"[@]I think you're looking to go further south.[WAIT@]Wait, you’re lost?[WAIT@]Oh, sorry... [DELAY:6]I was directing you to the restroom.[WAIT@]Queen Mary's Fountain is to the northwest.","[@]Oh, tu es perdu[LeadArt6] ? C'est un peu plus au sud.[WAIT@]Ah pardon... [DELAY:6]Je croyais que tu cherchais des toilettes.[WAIT@]Si tu cherches la fontaine de la reine Mary, elle est au nord-ouest d'ici.","[@]Credo che tu debba dirigerti più a sud.[WAIT@]Ah, non sai dove andare?[WAIT@]Oh, scusami... [DELAY:6]Pensavo ti servisse il bagno.[WAIT@]La fontana della Regina Mary è a nordovest.",[@]もっと　みなみ。[WAIT@]おっと　みちにまよっていたのかい。[WAIT@]ごめん　ごめん[BR][DELAY:6]いま　おしえたのは　トイレのばしょだった。[WAIT@]クイーンマリーの　いずみなら[BR]ここから　ほくせいに　いくんだよ。,"[@]여기서 남쪽으로 쭉 가시면 돼요.[WAIT@]아, 길을 잃었다고요?[WAIT@]ㅈ-죄송해요![DELAY:6]화장실을 찾고 있는 줄 알았어요...[WAIT@]메리 여왕님의 성이라면 북서쪽에 있어요.","[@]Creo que estás buscando ir más para el sur.[WAIT@]Espera, ¿estás perdido?[WAIT@]Disculpa...[DELAY:6] Estaba guiándote hacia el baño.[WAIT@]La fuente de la Reina Mary esta al noroeste del castillo.","[@]¿Te has perdido? Deberías ir al sur.
[WAIT@]Oh, perdón... [DELAY:6]Creía que buscabas el baño.
[WAIT@]La fuente de la reina Mary está al noroeste.","[@]O que você procura fica ao sul.[WAIT@]Ah, você está perdido?[WAIT@]Me desculpe... [DELAY:6]Achei que você queria ir ao banheiro.[WAIT@]A fonte da Rainha Mary fica para noroeste.","[@]Myślę, że powinieneś kierować się dalej na południe.[WAIT@]Czekaj, zgubiłeś się?[WAIT@]Och, przepraszam... [DELAY:6]Kierowałem cię do toalety.[WAIT@]Fontanna Królowej Mary znajduje się na północnym zachodzie.","[@]Ich glaube, [if party:plural]ihr solltet[else]du solltest[/if] weiter südlich schauen.[WAIT@]Moment ... [if party:plural]ihr habt euch[else]du hast dich[/if] verlaufen?[WAIT@]Entschuldige ... [DELAY:6]Ich dachte, [if party:plural]ihr sucht[else]du suchst[/if] eine Toilette.[WAIT@]Der Königinnenbrunnen liegt nordwestlich von hier.","[@][if party:plural]Вы[else]Ты[/if] заблуди[if party:plural]лись[else]лся[/if]? [D]Бери[if party:plural]те[/if] южнее.[W@]А, [if party:plural]стойте[else]погоди[/if], [D:6][if party:plural]вы[else]ты[/if] не в уборную?[W@]Прошу прощения... Фонтан Мэри на северо-западе.","[@]Думаю, тобі потрібно піти ще на південь.[WAIT@]Стій, ти заблукав?[WAIT@]Ох, вибач... [DELAY:6]Я направляв тебе в санвузол.[WAIT@]Фонтан королеви Мері — на північному заході.",[@]我觉得你应该是想往南边更远的地方去吧。[WAIT@]等等，你迷路了吗？[WAIT@]哦，抱歉…[DELAY:6]我刚才是在指洗手间的路来着。[WAIT@]玛丽女王喷泉在西北方向。
DIALOGUE_MAGICANT_EDWARD_SPEAKER_Edward,Edward,Edward,Edward,エドワード,에드워드,Edward,Edward,Edward,Edward,Edward,Эдвард,Едвард,爱德华
DIALOGUE_MAGICANT_FISH_0,[@]Thief![DELAY] That's me treasure!,[@]Gredin ![DELAY] C'est mon trésor !,[@]Ladro![DELAY] Quello è il mio tesoro!,[@]コラッ　どろぼう！[DELAY][BR]それ　もって　トンズラさせへんわ！,[@]이 도둑놈![DELAY] 그건 내 보물이다!,[@]¡Ratero![DELAY] ¡Ese e' mi tesoro!,[@]¡Ratero![DELAY] ¡Eçe êh mi teçoro!,[@]Ladrãozinho![DELAY] Esse tesouro aí é meu!,[@]Grabież![DELAY] To mój łup!,[@]Halunke![DELAY] Dit is' mien Schatz!,"[@]А ну стой, вар-р-рюга!",[@]Злодій![DELAY] Плавці геть від мого скарбу!,[@]贼！[DELAY]那可是老子的宝贝！
DIALOGUE_MAGICANT_FISH_1,"[@]I've spent ages lookin' fer it![WAIT@]Give back me booty right this instant, I say!","[@]J'ai passé une éternité à l'chercher ![WAIT@]Rends-moi mon butin tout d'suite, sinon !","[@]Ci ho messo secoli a trovarlo![WAIT@]Ridammelo subito!
",[@]みつけるまで　なんねん　かかったとおもうねん！[WAIT@]つりばりを　かえせ！,[@]그걸 찾아내기까지 몇 년을 헤맸는지 아나![WAIT@]당장 내 전리품에서 손때라!,"[@]¡Lleo' una eternia' buscándolo!
[WAIT@]¡Dame mi tesoro ahora mimo'!
","[@]¡Yebo una etênnidá bûccándolo!
[WAIT@]¡Debuérbeme er botín aora mîmmo!
",[@]Eu passei uma eternidade atrás dele![WAIT@]Trate de me devolvê-lo agora mesmo!,"[@]Tyleż tego szukałem![WAIT@]Oddajże moją zdobycz, kurde bele!","[@]Ick heb' Johre gebraucht, ihn zu finden![WAIT@]Gib ihn gliek wieder her!",[@]Я тысщу лет его искал![WAIT@]А ну отдай!,"[@]Я роками шукав цей гачок![W@]А-ну віддавай його, сухопутний щур!",[@]老子花了大把的时间才找到它！[WAIT@]立马把宝贝给老子还回来，听见没有！
DIALOGUE_MAGICANT_FISH_2,[@]Oh me barnacles![WAIT@]It'll take me days- [DELAY:6]maybe even years to find it!,"[@]Mille millions de mille sabords !
[WAIT@]J'vais prendre des jours- [DELAY:6]même des années à retrouver ça !","[@]Corpo di mille balene![WAIT@]Mi ci vorranno giorni- [DELAY:6]magari anni per trovarlo!
",[@]なにやってんねん！[WAIT@]わしの　めのうのつりばりを　おとしおって！[BR]またみつけるまで　どれぐらいかかるか　わかってへんやろ！,[@]맙소사![WAIT@]이 끝없는 곳에서 저걸 다시 찾으려면 며칠은커녕![DELAY:6] 몇 년도 더 걸릴지 모른단 말이다!,"[@]¡Santo' bacalao'!
[WAIT@]¡Voy a tardar dia'-[DELAY:6] o incluso año' en volve' a encontrarlo!","[@]¡Me cagüen la mâh çalá!
[WAIT@]¡Biá tardâh díâh-[DELAY:6] o incluço añô en encontrâl-lo!",[@]Santa barracuda![WAIT@]Eu vou levar dias... [DELAY:6]ou talvez anos para encontrá-lo!,"[@]Do stu beczek zwietrzałego prochu![WAIT@]Zajmie mi to dni- [DELAY:6]a może i lata, zanim go znajdę!","[@]So 'n Dreck![WAIT@]Dat wird mick Tage- [DELAY:6]villicht Johre kosten, üm ihn zu finden!",[@]Якорь мне в бухту![WAIT@]Это ж мне теперь несколько дней... [DELAY:6]несколько ЛЕТ его искать!,"[@]Тисяча чортів!
[WAIT@]Мені знадобляться тиждні...[DELAY:6] ні, місяці...[DELAY:6] щоб знайти його знову!",[@]噢，我嘞个波塞冬啊！[WAIT@]老子得花上好几天——[DELAY:6]说不定好几年才能找到它！
DIALOGUE_MAGICANT_FISH_3,"[@]Gyarrrg![DELAY] Yer gonna get it now, lad![WAIT@]I'm the guardian of these depths![WAIT@]I'll make ya walk the plank, ya hear?!","[@]Grahh ![DELAY] Tu paies rien pour attendre, gamin ![WAIT@]Je suis le roi des profondeurs ![WAIT@]T'vas subir le supplice de la planche, tu verras !","[@]Arrr![DELAY] Mozzo di cambusa, adesso le prendi![WAIT@]Sono il guardiano di queste acque![WAIT@]Ti scaravento in mare!
",[@]ギャギョギョ！[DELAY]　ぜったいにゆるせへんわ！[BR][WAIT@]われこそは　この　ちかたいがのぬし！[WAIT@]そして　そのいかりに　ふれたものは・・・[BR]ぜったいに　ようしゃせぬ！,"[@]그야아악![DELAY] 이젠 네 목숨은 없는 것이나 마찬가지다, 애송이![WAIT@]난 이 심층의 수호자![WAIT@]널 판자 위로 끌고 가 바다에 처박아 주마![WAIT@]모두 잠수 준비!","[@]¡Guarrrg![DELAY] ¡Ahora si te lo buscate', mi niño![WAIT@]¡Soy el guardián de esta' profundidae'![WAIT@]Te haré caminar por la tabla, ¡¿me escuchate'?!","[@]¡Aaarrrg![DELAY] ¡Te bâ a enterâh, grumete!
[WAIT@]¡Çoy er guardián de lâ profundidadê!
[WAIT@]¡Te bia açêh andâh por la tabla, ¿te enterâ?!","[@]Arrr![DELAY] Você vai ver, seu cão sarnento![WAIT@]Eu sou o guardião destas profundezas![WAIT@]Vou te botar para andar na prancha, fui claro?!","[@]Grrrrr![DELAY] No toś się doigrał, młody![WAIT@]Jestem strażnikiem tych głębin![WAIT@]Zaraz wylądujesz za burtą, słyszysz?!","[@]Gyarrrg![DELAY] Nu kriggst du dat zurück, mien Jung![WAIT@]Ick bün der König düsser Tiefen![WAIT@]Op de Planken mit dir!","[@]Н-н-ну, сорванец,[DELAY:6] я тебя сщас так пришвартую —[BR]мало не покажется!..[WAIT@]Я, чтоб ты знал, — хранитель этих вод![WAIT@]Готовься на дне раков кормить!","[@]Гяр-р-рррг![D] Ну зараз ти в мене отримаєш, юнго!
[W@]Я — охоронець цих глибин!
[W@]Відправлю тебе на дні раків годувати, чуєш?!",[@]嘎啊啊啊！[DELAY] 你小子这下要倒霉了！[WAIT@]老子可是这片深水区的守护者！[WAIT@]看老子不把你扔进海里喂鱼，听见没有？！
DIALOGUE_MAGICANT_FISH_4,"[@]Back fer another lesson, eh? [WAIT@]Gyarrg! [DELAY:6]I'll make ya pay a thousand times fer makin me lose that Onyx Hook!","[@]T'es d'retour pour une nouvelle leçon, hein? [WAIT@]Grahh ! [DELAY:6]J'vais te faire payer mille fois pour m'avoir fait perdre c'te Crochet d'onyx !","[@]Non ti è bastata la prima volta, canaglia? [WAIT@]Arr! [DELAY:6]La pagherai salata per avermi rubato quell'Amo d'onice!
",[@]ギャギョギョ！[WAIT@]こりずに　また　きたのか？[DELAY:6][BR][C]めのうのつりばり[/C]を　なくしたせきにん[BR]とらせたるわ！,[@]또 한 수 배우러 왔나? [WAIT@]그야르르! [DELAY:6]내 미노 낚싯바늘을 잃어버리게 한 대가를 천 배로 갚게 해주마!,"[@]Volviste por ma', ¿eh? [WAIT@]¡Guarrg! [DELAY:6]¡Te haré paga' mil y una vece' por hacerme perde' mi Gancho onix!","[@]¿Bienê a por mâh, eh? [WAIT@]¡Aarrrg! [DELAY:6]¡Lo bâ a pagâh mu caro por açerme perdêh el Ançuelo de ónî!
","[@]Quer repetir a dose, é? [WAIT@]Arrr! [DELAY:6]Você tem uma dívida eterna comigo por me fazer perder aquele Gancho de Ônix!","[@]Raz ci nie wystarczyło, co? [WAIT@]Grrrrr! [DELAY:6]Zapłacisz po stokroć za zgubienie mojego Onyksowego Haka!","[@]Noch nich genug geharrt?[WAIT@]Gyarrg! [DELAY:6]Dat werd' ick dir tusend Mal heimzahlen, dat du mir den Onyx-Haken gestohlen hast!","[@]Что, мало тебе было? [WAIT@]Ничего! [DELAY:6]Ты мне за агатовый крюк ещё тысщу раз заплатишь!","[@]Знову прийшов спробувати удачі, га?[WAIT@]Гярррг! [DELAY:6]Я помщу тобі тисячу разів та те, що ти відібрав у мене Агатовий гачок!",[@]又来讨揍了是吧，嗯？[WAIT@]嘎嘎！[DELAY:6]害老子弄丢了那个缟玛瑙钩，我要让你千倍偿还！
DIALOGUE_MAGICANT_FISH_5,[@]AIIIE!!![D:3]I CAN'T SWIIIIIII-,[@]NOOOON !!![D:3] J'SAIS PAS NAGE-,"[@]AIUTOOO!!![D:3] NON SO NUOT-
",[@]ま　まってくれ！[D:3][BR]わしは　およげへん！！！,[@]끄아아악!!![D:3] 수영은 할 줄 모르으으으-,[@]¡¡¡ME LLEVA LA QUE ME LLEVA!!![D:3] ¡¡¡NO SÉ CÓMO NADÁA-!,[@]¡¡¡AAAAH!!![D:3] ¡QUE NO ÇÉ NADÂÂÂH-!,[@]AAAH!!![D:3] EU NÃO SEI NADAAAR...,[@]AIIIE!!![D:3] NIE POTRAFIĘ PŁYWAAAAA-,[@]AIIIEE!!![D:3] ICK KANN NICH SCHWIIII-,[@]A-А-ААА!!! [D:3]Я НЕ УМЕЮ ПЛА-А-А...,[@]A-А-ААА!!![D:3] Я НЕ ВМІЮ ПЛАВАААА—,[@]啊啊啊！！！[D:3]我飞——[D:10][BR@]不———
DIALOGUE_MAGICANT_FISH_6,"[@](Blub, blub...)[WAIT@]Next time we cross paths,[DELAY:3] I'll make chum outta ya!!","[@](glou, glou...)[WAIT@]La prochaine fois,[DELAY:3] j'te transformerai en sashimi !!","[@](Glu, glu...)[WAIT@]La prossima volta che ti rivedo,[DELAY:3] ti trasformo in un fritto misto!!
",[@](ゴボボボ・・・)[WAIT@]ギャギョギョ！[DELAY:3]おぼえておけ！！,"[@](보글, 보글...)[WAIT@]다음에 또 마주치면, [DELAY:3]네놈을 물고기 밥으로 만들어 주겠다!","[@](Glub, glub...)[WAIT@]Pa' la próxima que te vea,[DELAY:3] ¡¡te voa' hacer cebo pa' lo pece'!!","[@](Glup, glup...)
[WAIT@]¡La próççima bêh que te bea,[DELAY:3] te biá dâh la der purpo!","[@](Glub, glub...)[WAIT@]Na próxima,[DELAY:3] vou fazer picadinho de peixe de você!","[@](Gul, gul...)[WAIT@]Jeśli cię znowu spotkam,[DELAY:3] zrobię z ciebie paszę dla ryb!!","[@](Blubb, blubb ...)[WAIT@]Dat nächste Mal[DELAY:3] mack ick dir de Hintern heiß!","[@](Буль-буль...)[WAIT@]Ну держись,[DELAY:3] мы с тобой ещё поквитаемся!","[@](Буль, буль...)[WAIT@]Ну, тримайся![D:5] Наступного разу я тебе на наживку пущу!!",[@]（咕嘟，咕嘟…）[WAIT@]下次要是再让老子碰到你，[BR][DELAY:3]老子非把你剁碎了喂鱼不可！！
DIALOGUE_MAGICANT_FISH_SPEAKER,The Fish,Roi des profondeurs,Il Pesce,ちかたいがのぬし,심층 해안의 주인,La Piraña,Er Piraña,O Bacalhau,Ta Ryba,Der Tiefenkönig,Рыба!,Риба!,渊流之主
DIALOGUE_MAGICANT_FLYINGMAN_1,[@]I am Flying Man. My destiny is to help you.[WAIT@]Is it time for me to fulfill my duty?,[@]JE SUIS FLYING MAN. JE SERAI VOTRE FORCE.[WAIT@]C'EST LA RAISON POUR LAQUELLE JE SUIS NÉ.[WAIT@]EST-IL TEMPS POUR MOI D'ACCOMPLIR MON DEVOIR ?,[@]Sono Flying Man. Il mio destino è aiutarti.[WAIT@]È giunta l'ora di compiere il mio dovere?,[@]ワタシハ ふらいんぐまん。[BR]アナタノ チカラニナル　タメニ　ウマレテキタ。[WAIT@]ワタシヲ　ツレテイッテ　クレマスカ？,[@]나는 플라잉 맨. 내 운명은 너를 돕는 것이다.[WAIT@]이제 사명을 다할 때가 되었나?,[@]Yo soy Flying Man. Mi destino es protegerte.[WAIT@]¿Es hora de que cumpla con mi deber?,"[@]Soy el Hombre Volador. Mi destino es protegeros.
[WAIT@]¿Ha llegado el momento de cumplir con mi deber?",[@]Eu sou o Homem Voador. É meu destino é te ajudar.[WAIT@]Chegou a hora de cumprir o meu dever?,"[@]Jestem Latający Pan. Moim przeznaczeniem jest ci pomóc.[WAIT@]Czy nadszedł czas, abym wypełnił swój obowiązek?","[@]Ich bin der Fliegende Mann! Ich werde Eure Stärke sein![WAIT@]Dies ist der Grund, warum ich geboren wurde![WAIT@]Ist es Zeit für mich, mein Schicksal zu erfüllen?",[@]Я Полётчик. Моё предназначение — помогать вам.[WAIT@]Позволите ли вы мне исполнить свой долг?,[@]Я Льотчик. Мета мого існування — допомогти тобі.[WAIT@]Чи настав час виконати мій обов’язок?,[@]我是飞人，我的使命就是帮助你。[WAIT@]准备好让我履行职责了吗？
DIALOGUE_MAGICANT_FLYINGMAN_1-OPT_0,Yes,Oui,Sì,はい,네,Sí,Sí,Sim,Tak,Ja,Да,Так,是
DIALOGUE_MAGICANT_FLYINGMAN_1-OPT_1,No,Non,No,いいえ,아니오,No,No,Não,Nie,Nein,Нет,Ні,否
DIALOGUE_MAGICANT_FLYINGMAN_2,"[@]I heard that my brother died honorably in combat.[WAIT@]With all the love in our hearts, he was given a proper burial in our cemetery.[WAIT@]Would you give me the pride to take his place and stand by you now?",[@]J'AI APPRIS QUE MON FRÈRE ÉTAIT TOMBÉ AU COMBAT DE MANIÈRE HONORABLE.[WAIT@]IL A ÉTÉ ENTERRÉ DIGNEMENT.[WAIT@]C'EST MAINTENANT MON TOUR.[WAIT@]M'ACCORDEREZ-VOUS L'HONNEUR DE ME BATTRE À VOS CÔTÉS ?,"[@]Ho sentito che mio fratello è morto con onore in battaglia.[WAIT@]Con tutto l'amore nei nostri cuori, lo abbiamo seppellito nel nostro cimitero.[WAIT@]Mi daresti l'onore di prendere il suo posto e stare al tuo fianco?",[@]アニハ　タタカイニオイテ[BR]ウツクシク　タオレタト　キキマス。[WAIT@]ハカヲ　タテテ　テアツク　トムライマシタ。[WAIT@]ツギハ　ワタシガ　チカラニナルトキ　デショウカ？,"[@]내 아우가 전장에서 명예롭게 전사했다는 소식은 들었다.[WAIT@]이제 그는 많은 이들의 애도 속에서 안식을 취할 거다.[WAIT@]하지만 내가 그 자리를 대신하여 자네를 보좌한다면, 아우 역시 자랑스러워하겠지.","[@]Escuché de que mi hermano ha muerto honorablemente en batalla.[WAIT@]Con todo el amor de nuestro corazón, le dimos sepultura digna en nuestro cementerio.[WAIT@]¿Me darías el orgullo de tomar su lugar y estar a tu lado?","[@]Me he enterado de que mi hermano cayó con honor en combate.
[WAIT@]Le rendimos homenaje con un funeral digno y todo nuestro cariño.
[WAIT@]¿Me haríais el honor de ocupar su lugar y permanecer[BR]a vuestro lado?","[@]Ouvi dizer que meu irmão morreu honradamente em combate.[WAIT@]Com todo o amor em nossos corações, demos um sepultamento digno a ele em nosso cemitério.[WAIT@]Você me daria o orgulho de tomar o lugar dele e lutar ao seu lado agora?","[@]Doszły mnie słuchy, że mój brat poległ w walce.[WAIT@]Daliśmy mu należyty pogrzeb na naszym cmentarzu, z miłością w naszych sercach.[WAIT@]Czy dałbyś mi zaszczyt zastąpienia go w jego służbie?","[@]Ich erhörte, mein Bruder sei ehrenvoll in der Schlacht gefallen![WAIT@]Er wurde auf unserem Friedhof begraben und hat eine herzergreifende Bestattung erhalten![WAIT@]Würdet Ihr mir die Ehre erweisen, seinen Platz bei Euch einzunehmen?",[@]Мой брат пал в честном бою.[WAIT@]Он был достойно похоронен возле нашего дома.[WAIT@]Пришёл мой час служить.[WAIT@]Разрешите мне занять его место и стать вашим спутником?,"[@]Я чув, що мій брат загинув у хороброму бою.[WAIT@]З усією любов’ю, що була у наших серцях, ми захоронили його на нашому цвинтарі.[WAIT@]Чи даси ти мені честь зайняти його місце, поруч з тобою?",[@]听说我的兄弟在战斗中光荣牺牲了。[WAIT@]带着我们心中的所有爱，他被妥善安葬在我们的墓园。[WAIT@]你愿意给我这份荣耀，让我代替他站在你身边吗？
DIALOGUE_MAGICANT_FLYINGMAN_2-OPT_0,Yes,Oui,Sì,はい,네,Sí,Sí,Sim,Tak,Ja,Да,Так,是
DIALOGUE_MAGICANT_FLYINGMAN_2-OPT_1,No,Non,No,いいえ,아니오,No,No,Não,Nie,Nein,Нет,Ні,否
DIALOGUE_MAGICANT_FLYINGMAN_3,[@]I cannot wait to serve you.,[@]IL ME TARDE DE VOUS SERVIR.,[@]Non vedo l'ora di servirti.,[@]ワタシモ　ハヤク[BR]アナタノ　オテツダイガ　シタイ。,[@]따르고 싶지만...,[@]No puedo esperar para servirte.,[@]Deseo serviros con toda mi alma.,[@]Mal posso esperar para servi-lo.,"[@]Nie mogę się doczekać, by ci służyć.","[@]Ich kann es nicht erwarten, Euch zu dienen!",[@]Рад служить.,[@]Завжди готовий.,[@]我已经迫不及待了。
DIALOGUE_MAGICANT_FLYINGMAN_4,[@]Flying Man joined your party!,[@]Flying Man rejoint l'équipe !,[@]Flying Man si unisce al tuo gruppo!,[@]フライングマンと　いっしょに　いくことになった！,[@]플라잉 맨이 파티에 합류했다!,[@]¡Flying Man se unió a tu equipo!,[@]¡El Hombre Volador se ha unido al grupo!,[@]Homem Voador juntou-se à equipe!,[@]Latający Pan dołączył do twojej drużyny!,[@]Der Fliegende Mann trat deinem Team bei.,[@]Полётчик присоединился к команде!,[@]Льотчик приєднався до команди!,[@]飞人加入了队伍！
DIALOGUE_MAGICANT_FLYINGMAN_SPEAKER_FlyingMan,Flying Man,Flying Man,Flying Man,フライングマン,플라잉 맨,Flying Man,Hombre Volador,Homem Voador,Latający Pan,Fliegender Mann,Полётчик,Льотчик,飞人
DIALOGUE_MAGICANT_FORGOTTENMAN_SPEAKER_ForgottenMan,          ,          ,          ,　　　　,          ,          ,          ,          ,          ,          ,                    ,                    ,　　
DIALOGUE_MAGICANT_FORGOTTENMAN1,[@]I am a forgotten man. [DELAY]I'm not really here.[WAIT@]You didn't have to notice me...[WAIT@]Please ignore me.,"[@]Je suis un homme oublié. [DELAY]Je pourrais aussi bien ne pas exister.[WAIT@]Tu n'avais pas besoin de me remarquer, tu sais...[WAIT@]Allez, passe ton chemin[DELAY:6] et ignore-moi s'il te plaît.","[@]Sono un uomo dimenticato. [DELAY]Non sono davvero qui.[WAIT@]Non avresti dovuto accorgerti di me...[WAIT@]Ignorami, per favore.",[@]おれは　わすれられたおとこ[Delay]　いないも　どうぜん。[WAIT@]きづいてくれなくても　よかったのに・・・[WAIT@]おれのことなんか　むしして　いいんだ。,[@]나는 잊힌 남자. [DELAY]사실 여기 없는 거나 마찬가지지.[WAIT@]나를 알아채지 않아도 됐을 텐데...[WAIT@]나 같은 건 그냥 무시해도 좋아. ,"[@]Yo soy un hombre olvidado. [DELAY]En realidad no estoy aquí.[WAIT@]No tenías por qué notarme...[WAIT@]Por favor, ignórame.","[@]Soy un hombre relegado al olvido. [D]En realidad, ni siquiera estoy aquí.
[W@]No hacía falta que te percataras de mi presencia...
[W@]Por favor, haz como si no estuviera.","[@]Eu sou um homem esquecido.[DELAY] Eu não estou aqui.[WAIT@]Você não devia ter me notado...[WAIT@]Por favor, me ignore.","[@]Jestem zapomnianym człowiekiem. [DELAY]Tak naprawdę mnie tu nie ma.[WAIT@]Nie musiałeś mnie zauważać...[WAIT@]Proszę, zignoruj mnie.
",[@]Ich bin der Vergessene. [DELAY]Ich bin gar nicht hier.[WAIT@]Du kannst mich getrost ignorieren ...[WAIT@]Bitte geh einfach weiter.,[@]Меня все забыли. [D]Меня давно не существует.[W@]Зачем ты обращаешь на меня внимание?[W@]Лучше нам не пересекаться.,"[@]Я — забутий чоловік. [DELAY]Мене насправді тут немає.[WAIT@]Тобі не обов'язково було мене помічати...[WAIT@]Будь ласка, ігноруй мене.",[@]我是一个被遗忘的男人，[DELAY]我其实并不在这里。[WAIT@]你本不必注意到我…[WAIT@]请当作没看见我吧。
DIALOGUE_MAGICANT_FORGOTTENMAN2,"[@]I am a man who does not exist.[WAIT@]You talk so kindly. [DELAY]I don't know what to do.[WAIT@]If I miss people, [DELAY:6]I cannot live alone anymore.","[@]Je suis un homme de nulle part.[WAIT@]Garde ta gentillesse pour quelqu'un d'autre, [DELAY]cela vaut mieux.[WAIT@]Je ne peux pas continuer à vivre ainsi si des gens commencent [DELAY:6]à me manquer...","[@]Sono un uomo che non esiste.[WAIT@]Sei molto gentile. [DELAY]Non so più cosa fare.[WAIT@]Se iniziano a mancarmi le persone, [DELAY:6]non potrò più vivere da solo.",[@]おれは　どこにもいないおとこ[BR]やさしいことばなんて[BR]かけてくれたら　こまっちゃうぜ。[WAIT@]ひとこいしく　なったら[BR]いきていけない。,"[@]나는 어디에도 존재하지 않는 남자.[WAIT@]그렇게 다정한 말을 건네주면 곤란해.[DELAY] 어찌할 바를 모르겠군.[WAIT@]사람이 그리워지면,[DELAY:6] 더 이상 혼자 살아갈 수 없게 되니까.","[@]Soy un hombre que no existe.[WAIT@]Hablas con tanta amabilidad. [DELAY]No sé qué hacer.[WAIT@]Si yo llego a extrañar a la gente, [DELAY:6]ya no podré vivir solo.","[@]Soy un hombre inexistente.
[WAIT@]Noto la bondad en tu voz. [DELAY]No sé qué tendría que hacer.
[WAIT@]Si empiezo a sentir nostalgia...[DELAY:6] ya no podré vivir en soledad.","[@]Eu sou um homem que não existe.[WAIT@]Você fala com tanta gentileza. [DELAY]Não sei o que fazer.[WAIT@]Se eu sentir saudades, [DELAY:6]não poderei mais viver só.","[@]Jestem człowiekiem, którego nie ma.[WAIT@]Jesteś dla mnie taki miły. [DELAY]Nie wiem co z tym zrobić.[WAIT@]Nie mogę żyć samemu, [DELAY:6]jeśli będę za kimś tęsknił.","[@]Ich bin ein Mann im Nirgendwo.[WAIT@]Du bist so freundlich. [DELAY]Ich weiß gar nicht, was ich tun soll.[WAIT@]Wenn ich anfange, Menschen zu vermissen ... [DELAY]kann ich dann noch alleine leben?","[@]Я тот, кого нет на свете.[WAIT@]Не утешай меня.[WAIT@]Если я начну тосковать по общению, станет только сложнее.","[@]Я — чоловік, якого не існує.[WAIT@]Ти такий люб’язний. [DELAY]Не знаю, що мені робити.[WAIT@]Якщо я почну сумувати за людьми, [DELAY:6]то більше не зможу жити на самоті.",[@]我是一个不存在的人。[WAIT@]你说话这么温柔，[DELAY]我都不知道该怎么办了。[WAIT@]如果我想念大家的话，[DELAY:6]就再也无法独自生活了。
DIALOGUE_MAGICANT_FORGOTTENMAN3,[@]My conversation is always a monologue.[WAIT@]I've been alone from the moment I was born...,"[@]Mes conversations sont toujours des monologues.[WAIT@]J'ai toujours été seul, et ce depuis que je suis né.","[@]Le mie conversazioni sono sempre dei monologhi.[WAIT@]Sono sempre stato solo, fin da quando sono nato...",[@]おれのことばは　いつも　ひとりごと。[WAIT@]うまれたときから　きょうまで[BR]ずっと　ひとりでいたおとこ。,[@]내가 하는 말은 언제나 혼잣말.[WAIT@]태어났을 때부터 지금까지 계속 혼자 있던 남자.,[@]Mi conversación es siempre un monólogo.[WAIT@]He estado solo desde el momento en que nací...,"[@]Mis conversaciones son siempre monólogos.
[WAIT@]La soledad me ha acompañado desde el momento en el que nací...",[@]As minhas conversas são sempre um monólogo.[WAIT@]Estive sozinho desde o momento em que nasci...,"[@]Potrafię się wypowiadać jedynie w monologach.[WAIT@]Od kiedy się tylko urodziłem, byłem samotny...
","[@]Meine Konversationen bestehen immer nur aus Selbstgesprächen.[WAIT@]Seitdem ich geboren wurde, lebe ich schon alleine.",[@]Из раза в раз я лишь разговариваю сам с собой.[WAIT@]Я был одинок с самого моего рождения...,[@]Моя розмова — нескінченний монолог.[WAIT@]Я був наодинці з самого народження...,[@]我的对话永远都是独角戏。[WAIT@]从出生那一刻起我就一直孤身一人…
DIALOGUE_MAGICANT_FORGOTTENMAN4,"[@]Lucky, [DELAY]unlucky... [DELAY]It makes no difference to me.[WAIT@]Sometimes, even breathing becomes too much.","[@]Le bonheur, [DELAY]le malheur... [DELAY]L'un ou l'autre m'indiffèrent complètement.[WAIT@]Parfois, rien que respirer, c'est trop pour moi.","[@]Fortunato, [DELAY]sfortunato... [DELAY]Non cambia nulla per me.[WAIT@]A volte, perfino respirare è troppo per me.",[@]うんがいいとか　わるいとか。[BR]そんなことは　おれには　かんけいないね。[WAIT@]いきをするのに　せいいっぱいさ。,"[@]운이 좋다든가, [DELAY]나쁘다든가... [DELAY]그런 건 나에게 아무 의미 없어.[WAIT@]때로는 숨 쉬는 것조차 버거울 때가 있으니까.","[@]Afortunado, [DELAY]desafortunado... [DELAY]No hay diferencia para mí.[WAIT@]A veces, incluso me cuesta respirar.","[@]La suerte, [DELAY]la desgracia... [DELAY]Para mí, todo es lo mismo.
[WAIT@]A veces, hasta respirar se me hace un mundo.","[@]Sortudo, [DELAY]azarado... [DELAY]Não faz diferença para mim.[WAIT@]Às vezes, até respirar já é demais.","[@]Szczęście, [DELAY]czy pech... [DELAY]Mi to bez różnicy.[WAIT@]Czasami ciężko mi nawet oddychać.","[@]Glück, [DELAY]Pech ... [DELAY]Es macht keinen Unterschied für mich.[WAIT@]Manchmal wird mir selbst das Atmen schon zu viel.","[@]Удача, [DELAY]неудача... [DELAY]Какая разница.[WAIT@]Мне едва хватает сил, чтобы дышать.","[@]Щастя, [DELAY]нещастя... [DELAY]Для мене немає різниці.[WAIT@]Іноді, навіть дихати — непосильна праця.",[@]幸运也好，[DELAY]不幸也罢…[DELAY]对我来说都没有区别。[WAIT@]有时候，我连呼吸都觉得多余。
DIALOGUE_MAGICANT_FORGOTTENMAN5_0,"[@]Why do you insist on talking to me?[WAIT@]Are you a forgotten man, too?","[@]Pourquoi est-ce que tu persistes à vouloir me parler ?[WAIT@]Tu es un homme oublié, toi aussi ?",[@]Perché continui a parlarmi?[WAIT@]Anche tu sei un uomo dimenticato?,"[@]なぜ　そんなにしつこく[BR]おれに　はなしかけるんだ。[WAIT@]おまえも　わすれられたおとこなのか？
",[@]왜 그렇게 끈질기게 나에게 말을 거는 거지?[WAIT@]너도 잊혔나?,[@]¿Por qué insistes en hablar conmigo?[WAIT@]¿Acaso también eres un hombre olvidado?,"[@]¿Por qué insistes tanto en conversar conmigo?
[WAIT@]¿Tú también eres un hombre olvidado?",[@]Por que insiste tanto em falar comigo?[WAIT@]Você também é um homem esquecido?,"[@]Czemu się tak upierasz, by ze mną rozmawiać?[WAIT@]Czy też jesteś zapomniany?",[@]Warum bedrängst du mich noch?[WAIT@]Bist du auch ein Vergessener?,[@]Почему ты так хочешь поговорить со мной?[WAIT@]Неужели тебя тоже все забыли?,[@]Чому ти так рвешся зі мною поговорити?[WAIT@]Невже тебе теж позабули?,[@]你为什么非要跟我说话呢？[WAIT@]难道你也是个被遗忘的人吗？
DIALOGUE_MAGICANT_FORGOTTENMAN5_0-OPT1,Yes,Oui,Sì,はい,네,Sí,Sí,Sim,Tak,Ja,Да,Так,是
DIALOGUE_MAGICANT_FORGOTTENMAN5_0-OPT2,No,Non,No,いいえ,아니오,No,No,Não,Nie,Nein,Нет,Ні,否
DIALOGUE_MAGICANT_FORGOTTENMAN5_1,"[@]Don't give me that garbage.
[WAIT@]I know there's a girl waiting for you.
[WAIT@]Just leave me alone.",[@]Menteur ! Je sais qu'il y a une fille qui t'attend ![WAIT@]Laisse-moi seul et va la retrouver !,[@]Non dire sciocchezze.[WAIT@]So che c'è una ragazza che ti aspetta.[WAIT@]Lasciami in pace.,[@]うそを　つけ。[WAIT@]おまえを　まってる　おんなのこの[BR]ところへ　かえれ！！,[@]그런 헛소리는 집어치워.[WAIT@]널 기다려주는 여자에게나 돌아가.[WAIT@]난 혼자 있고 싶으니까.,[@]No me vengas con idioteces.[WAIT@]Sé que hay una chica esperando por ti.[WAIT@]Solo déjame solo.,"[@]No me vengas con sandeces.
[WAIT@]Sé que ahí fuera hay una chica esperándote.
[WAIT@]Déjame en paz.",[@]Não me venha com calúnias.[WAIT@]Eu sei que tem uma garota esperando você.[WAIT@]Só me deixe em paz.,"[@]Nie wciskaj mi kitu.[WAIT@]Wiem, że czeka na ciebie dziewczyna.[WAIT@]Zostaw mnie już.","[@]Erzähl keinen Müll.[WAIT@]Ich weiß, dass eine junge Braut auf dich wartet.[WAIT@]Lass mich einfach in Ruhe.","[@]Не ври, я знаю.[W@]Тебя дожидается девочка.[W@]Иди к ней, а меня оставь в покое.","[@]Не розповідай казок.[WAIT@]Я знаю, що на тебе чекає одна дівчинка.[WAIT@]Просто залиш мене на самоті.",[@]那就别跟我说这些没用的。[WAIT@]我知道有个女孩在等你。[WAIT@]让我一个人待着吧。
DIALOGUE_MAGICANT_FORGOTTENMAN5_2,"[@]That's right. [DELAY]That is right, right?[WAIT@]Go ahead, ignore me, [DELAY]like everyone else.","[@]Ouais. [DELAY]C'est bien ce que je pensais. [DELAY:6]Tss.[WAIT@]Maintenant, vas-y et ne fais plus attention à moi, [DELAY]comme tout le monde.","[@]Giusto. [DELAY]È giusto così, giusto?[WAIT@]Ora ignorami.[WAIT@]Ignorami come fanno tutti gli altri.",[@]そうさ。　そうだよな。[BR]そうなんだ。[WAIT@]おまえも　はやく　おれのことを　むししろよ。,[@]그래. [DELAY]그렇지? 그런 거야.[WAIT@]너도 어서 나를 무시해 버려. [DELAY]다른 사람들처럼 말이야.,"[@]Sí. [DELAY]Es así, ¿no?[WAIT@]Adelante, ignórame, [DELAY]como todos los demás.","[@]Así es. [DELAY]Es así, ¿verdad?
[WAIT@]Venga, ignórame, [DELAY]haz como todos los demás.","[@]Isso mesmo. [DELAY]É isso mesmo, não é mesmo?[WAIT@]Vá em frente, me ignore, [DELAY]assim como todo mundo.","[@]To prawda. [DELAY]Taka prawda, prawda?[WAIT@]No dalej, zignoruj mnie, [DELAY]jak wszyscy inni.
","[@]Ich hab recht. [DELAY]Ich hab doch recht, oder?[WAIT@]Jetzt geh und ignoriere mich, [DELAY]so wie alle anderen auch.",[@]Именно так. [D]Всё именно так. Не так ли.[W@]Плюнь на меня и иди куда шёл.[W@]Так поступили все до тебя.,"[@]Саме так. [@]Саме так, так?[WAIT@]Ну давай, ігноруй мене, [DELAY]як і всі інші.",[@]没错，[DELAY]就是这样，对吧？[WAIT@]走吧，别管我了，[DELAY]就像其他人一样。
DIALOGUE_MAGICANT_FORGOTTENMAN5_2-OPT1,Yes,Oui,Sì,はい,네,Sí,Sí,Sim,Tak,Ja,Да,Так,是
DIALOGUE_MAGICANT_FORGOTTENMAN5_2-OPT2,No,Non,No,いいえ,아니오,No,No,Não,Nie,Nein,Нет,Ні,否
DIALOGUE_MAGICANT_FORGOTTENMAN5_3,[@]That's right. [DELAY]Thank you.,[@]Bien. [DELAY]Je te remercie.,[@]È giusto così. [DELAY]Ti ringrazio.,[@]そうだ。　ありがとうよ。,"[@]그래, 고마워.",[@]Así es. [DELAY]Gracias.,[@]Así es. [DELAY]Gracias.,[@]Isso mesmo. [DELAY]Obrigado.,[@]Doprawdy. [DELAY]Dziękuję.,[@]So ist richtig. [DELAY]Vielen Dank.,[@]Да. [DELAY]Благодарю.,[@]Саме так. [DELAY]Дякую.,[@]那就对了，[DELAY]谢谢。
DIALOGUE_MAGICANT_GOODSKEEPER_0,[@]I am the Mysterious Goods-Keeper.[WAIT@]You need anything?,[@]Je suis la mystérieuse gardienne des objets.[WAIT@]Je peux t'aider ?,[@]Sono la Misteriosa Custode di Oggetti.[WAIT@]Ti serve qualcosa?,[@]わたしは　ふしぎな　にもつあずかりにん。[WAIT@]ごようですか？,[@]저로 말씀드리면 신비로운 아이템의 수호자입니다.[WAIT@]맡겨드릴까요?,[@]Soy la misteriosa Guarda-Objetos.[WAIT@]¿Necesitas algo?,"[@]Soy la misteriosa guardatrastos.
[WAIT@]¿Necesitas algo?",[@]Eu sou a Misteriosa Guarda-Objetos.[WAIT@]Precisa de alguma coisa?,"[@]Jestem Tajemniczą Strażniczką Dóbr.[WAIT@]Czegoś ci trzeba?
",[@]Ich bin die geheimnisvolle Kuriositätenhüterin. Brauchst du was?,[@]Я волшебная хранительница.[WAIT@]Тебе что-нибудь нужно?,[@]Я — загадкова хранителька майна.[WAIT@]Тобі щось потрібно?,[@]我是神秘的货物管理员。[WAIT@]你需要什么吗？
DIALOGUE_MAGICANT_GOODSKEEPER_0-OPT_0,Storage,Stockage,Deposito,あずける,응,Almacenar,Almacenar,Armazenar,Przechowuj,Lagern,На хранение,Склад,寄存
DIALOGUE_MAGICANT_GOODSKEEPER_0-OPT_1,"Nothing, really","En fait, rien","Niente, grazie",なんでもない,괜찮아,Nada realmente,Nada,Nada não,W sumie to nic,Eigentlich nicht,"Да нет, ничего","Взагалі, ні",没什么，真的
DIALOGUE_MAGICANT_GOODSKEEPER_2,[@]Goodbye! Be careful.,[@]Au revoir ! Sois prudent[LeadArt6].,[@]Arrivederci! Fa' attenzione.,[@]きをつけて　いってらっしゃい。,[@]안녕히 가세요!,[@]¡Adiós! Ten cuidado.,[@]¡Adiós! Ve con cuidado.,[@]Tchau! Tome cuidado.,"[@]Do zobaczenia! Uważaj na siebie.
",[@]Auf Wiedersehen! Sei[if party:plural]d[/if] vorsichtig!,[@]Увидимся!,[@]До побачення! Будь обережний.,[@]再见！路上小心。
DIALOGUE_MAGICANT_GOODSKEEPER_3,[@]Those bags must weigh heavy on your shoulders...[WAIT@]I will be here if you need me.,"[@]Ça doit peser lourd, toutes ces affaires...[WAIT@]Je serai là si tu as besoin de moi.",[@]Tutti quegli oggetti devono essere pesanti...[WAIT@]Sarò qui quando avrai bisogno.,[@]にもつを　もって　くろうしてるんでしょ。[WAIT@]いつでも　こえを　かけてね。,[@]가방은 점점 무거워질거예요...[WAIT@]언제든 여기 있으니 필요하시다면 들러주세요.,[@]Debe dolerte mucho la espalda con tanto peso...[WAIT@]Estaré aquí si me necesitas.,"[@]Tu espalda debe estar molida de cargar con tanto trasto...
[WAIT@]Estaré por aquí si me necesitas.",[@]Essas bolsas devem ser muito pesadas...[WAIT@]Estarei aqui se precisar de mim.,"[@]Nosisz tyle ciężaru na swoich barkach...[WAIT@]Wróć tu, jeżeli będziesz mnie potrzebował.
",[@][if party:plural]Eure Taschen müssen[else]Deine Tasche muss[/if] ja Gold wert sein ...[WAIT@]Ich bin hier falls [if party:plural]ihr[else]du[/if] mich brauch[if party:singular]s[/if]t.,"[@]Тебе так нравится таскать тяжести?..[WAIT@]Ну, если что, я всегда буду здесь!","[@]Усі ці речі, здається, ледве сидять на твоїх плечах...[WAIT@]Я буду тут, якщо знадоблюсь.",[@]你肩上的包一定压得你很难受吧…[WAIT@]需要我的话，我会一直在这里。
DIALOGUE_MAGICANT_GOODSKEEPER_SPEAKER_Jasper,Jasper,Jasper,Jasper,ジャスパー,재스퍼,Jasper,Jasper,Jasper,Jasper,Jasper,Яспер,Яспер,贾斯珀
DIALOGUE_MAGICANT_GUARD_LEFT_SPEAKER_Ricky,Ricky,Ricky,Ricky,リッキー,리키,Ricky,Ricky,Ricky,Ricky,Ricky,Рики,Рікі,瑞奇
DIALOGUE_MAGICANT_GUARD_LEFT2_0,"[@]You may be an outsider, but for some reason I have a feeling that we can trust you.","[@]Tu as beau être [if party:female_lead]une étrangère[else]un étranger,[/if] je ne sais pas pourquoi mais j'ai l'impression qu'on peut te faire confiance.","[@]Anche se non sei di qui, ho il sentore che possiamo fidarci di te.",[@]きみは　ここらへんのひとじゃないな。[WAIT@][BR]でも　きみのことなら　なんとなく[BR]しんらいできる　きがするよ。,"[@]외지인일 수도 있겠지만, 어째선지 신뢰할 수 있을 것 같군요.","[@]Puede que seas un forastero, pero por alguna razón siento que podemos confiar en ti.","[@]Puede que seas [LeadArt3]foraster[LeadArt6], pero por alguna razón, siento que podemos confiar en ti.","[@]Você pode até ser um forasteiro, mas sinto que podemos confiar em você.","[@]Może i jesteś mi obcy, ale z jakiegoś powodu czuję, że możemy ci zaufać.
","[@][if party:plural]Ihr mögt[else]Du magst ein[/if] Außenseiter sein, aber aus irgendeinem Grund hab ich das Gefühl, dass wir [if party:plural]euch[else]dir[/if] trauen können.","[@]Ты, может, и пришелец, но мне кажется, что мы можем тебе доверять.","[@]Ти, може, й чужинець, але чомусь я відчуваю, що тобі можна довіряти.",[@]也许你是从外面来的，不过不知道为什么我感觉我们可以信任你。
DIALOGUE_MAGICANT_GUARD_LEFTRIGHT_0,[@]......,[@]......,[@]......,[@]・・・・・・,[@]......,[@]......,[@]......,[@]......,[@]......,[@]......,[@]......,[@]......,[@]…
DIALOGUE_MAGICANT_GUARD_MIDDLE_SPEAKER_Dimitri,Dimitri,Dimitri,Dimitri,ディミトリ,디미트리,Dimitri,Dimitri,Dimitri,Dimitri,Dimitri,Димитрий,Дімітрій,德米特里
DIALOGUE_MAGICANT_GUARD_MIDDLE_THOUGHTS_0,[@]That's right. [WAIT]The answer is “two alligators”.[WAIT@]Although I haven't come up with the riddle yet.,"[@]C'est exact. La réponse est : « deux alligators ».[WAIT@]Je n'ai pas encore inventé l'énigme, par contre.",[@]Esatto. [WAIT]La risposta è “due alligatori”.[WAIT@]Anche se non ho ancora pensato all'indovinello.,[@]そうでした。[WAIT]こたえは　わに　にひき。[WAIT@]もんだいは　まだかんがえて　なかったんだよ[BR]ヘヘヘ。,[@]맞습니다.[WAIT@]정답은 “두 마리의 악어”였습니다.[WAIT@]답만 정했을 뿐 문제는 생각해 두지 않았습니다.,[@]Así es. [WAIT]La respuesta es “dos caimanes”.[WAIT@]Aunque no se me ha ocurrido el acertijo aún.,"[@]Así es. [WAIT]La respuesta es: «dos cocodrilos».
[WAIT@]Lo que pasa es que todavía no se me ha ocurrido el acertijo.",[@]Isso mesmo. [WAIT]A resposta é “dois jacarés”.[WAIT@]E olha que eu ainda nem havia pensado numa charada.,"[@]Tak jest. [WAIT]Odpowiedzią były „dwa aligatory”.[WAIT@]Chociaż jeszcze nie wymyśliłem samej zagadki.
","[@]Das stimmt. [WAIT]Die Antwort lautet „zwei Alligatoren“.[WAIT@]Allerdings, hab ich mir noch keine Frage ausgedacht.","[@]Ну да. [WAIT]Ответ — «два крокодила».[WAIT@]А загадку я ещё не придумал, [DELAY:3]хе-хе.",[@]Правильно. [WAIT]Відповідь — “два алігатори”.[WAIT@]Хоча саму загадку я ще не придумав.,[@]答对了，[WAIT]答案是“两只短吻鳄”。[WAIT@]不过谜题我还没想好呢。
DIALOGUE_MAGICANT_GUARD_MIDDLE1_0,"[@]You look suspicious.[WAIT@]The queen has a lot on her mind right now,[DELAY:6][BR]so I can't let you pass unless you solve my riddle...","[@]Tu as l'air suspect[LeadArt6].[WAIT@]La reine a déjà beaucoup de soucis en ce moment,[WAITBR]donc je ne te laisserai pas passer[DELAY:6] à moins que tu ne\nsaches résoudre ma petite énigme...","[@]Hai un'aria sospetta.[WAIT@]La regina è molto impegnata per ora,[DELAY:6][BR]quindi se vuoi passare devi risolvere il mio indovinello...",[@]あやしい　かおだな。[WAIT@]クイーンマリーのしろに　いれるわけにはいかない。[DELAY:6][BR]わしのナゾナゾが　わかったら[BR]ここをとおして　やってもいいけどな・・・,[@]수상쩍군요.[WAIT@]여왕님께선 신경 쓰실 것이 너무 많아요.[DELAY:6][BR]제 수수께끼를 풀지 않으면 지나갈 자격도 없는 것이겠죠.,"[@]Tú pareces sospechoso.[WAIT@]La reina tiene muchas preocupaciones ahora mismo,[DELAY:6][BR]así que no te puedo dejar pasar a menos que resuelvas mi acertijo...","[@]Pareces sospechos[LeadArt6].
[WAIT@]La reina está muy ocupada ahora mismo.[DELAY:6]
[BR]Si quieres pasar, tendrás que resolver mi acertijo...","[@]Você parece suspeito.[WAIT@]A rainha já tem muitas preocupações, [DELAY:6]não posso te deixar passar, a menos que resolva minha charada.","[@]Wyglądasz podejrzanie.[WAIT@]Królowa ma teraz wiele na głowie,[DELAY:6][BR]więc nie przejdziesz bez rozwiązania mojej zagadki...
","[@][if party:plural]Ihr seht[else]Du siehst[/if] verdächtig aus.[WAIT@]Die Königin ist zurzeit sehr beschäftigt,[DELAY:6][BR]ich kann [if party:plural]euch[else]dich[/if] also nicht durchlassen, solange [if party:plural]ihr[else]du[/if] mein Rätsel nicht löst ...","[@]Ишь какой странный.[WAIT@]У королевы и так очень много забот. [DELAY:6]Пропущу,[BR]только если ты отгадаешь мою загадку...","[@]Ти якійсь підозрілий.[WAIT@]Зараз у королеви повно турбот,[DELAY:6][BR]тому я не пропущу тебе, доки ти не вирішиш мою загадку...",[@]你看起来很可疑。[WAIT@]女王陛下现在有很多心事，[DELAY:6][BR]除非你解开我的谜题，否则我不能放你过去…
DIALOGUE_MAGICANT_GUARD_MIDDLE2_0,[@]Don't bother me. [WAIT]I'm still working on my riddle.,[@]Laisse-moi tranquille. [WAIT]Je suis toujours en train de travailler sur mon énigme.,[@]Non disturbarmi. [WAIT]Sto ancora pensando all'indovinello.,[@]じゃましないでくれ。[WAIT@][BR]まだ　ナゾナゾのしつもんを　かんがえてる　とちゅうなんだ。,[@]방해하지는 마시죠.[WAIT@]아직 수수께끼를 풀고 있거든요.,[@]No me molestes. [WAIT]Aún sigo pensando en mi acertijo.,[@]No me molestes. [WAIT]Todavía estoy pensando en el acertijo.,[@]Não me incomode. [WAIT]Ainda estou pensando numa charada.,"[@]Nie przeszkadzaj. [WAIT]Nadal pracuję nad swoją zagadką.
",[@]Stör[if party:plural]t[else]e[/if] mich nicht. [WAIT]Ich arbeite immer noch an meinem Rätsel.,[@]Не мешай. [WAIT]Я ещё думаю над загадкой.,[@]Не турбуй мене. [WAIT]Я ще працюю над своєю загадкою.,[@]别打扰我，[WAIT]我的谜题还没编好呢。
DIALOGUE_MAGICANT_GUARD_RIGHT_SPEAKER_Moosh,Moosh,Moosh,Moosh,ムーシュ,무쉬,Moosh,Moosh,Moosh,Moosh,Moosh,Муш,Муш,穆什
DIALOGUE_MAGICANT_GUARD_RIGHT2_0,[@]Queen Mary has isolated herself in the castle for years.[WAIT@]I can't remember the last time since I've seen her outside.,[@]Ça fait des années que la reine Mary s'isole dans son château.[WAIT@]Je ne crois même pas me souvenir de la dernière fois que je l'ai vue dehors.,[@]Sono anni che la Regina Mary si è chiusa nel suo castello.[WAIT@]Non ricordo nemmeno l'ultima volta che l'ho vista uscire.,[@]クイーンマリーが　しろのもんを　とざしてから　どんくらいたったかな。[WAIT@]しろのそとで　さいごに　みかけたのが　いつだったか　もうおぼえていないや。,[@]메리 여왕께선 수년 동안 성 너머에 고립돼 있었습니다.[WAIT@]성 밖에서 마지막으로 그녀를 본 것도 기억나지 않는군요.,[@]La reina Mary se ha aislado en el castillo por años.[WAIT@]No puedo recordar la última vez que la he visto afuera.,"[@]La reina Mary lleva años recluida en el castillo.
[WAIT@]No recuerdo cuándo fue la última vez que la vi fuera.",[@]A Rainha Mary se isolou no palácio por anos.[WAIT@]Não me lembro da última vez que a vi do lado de fora.,"[@]Królowa Mary nie wychodzi ze swojego zamku od lat.[WAIT@]Nie pamiętam, kiedy ostatni raz widziałem ją na zewnątrz.","[@]Königin Mary lebt schon seit Jahren isoliert im Palast.[WAIT@]Ich weiß gar nicht mehr, wann sie zuletzt draußen war.","[@]Королева Мэри уже много лет сидит в своём замке и не показывается.[WAIT@]Уж и не помню, когда она последний раз[BR]выходила из него.","[@]Королева Мері не виходить із замку вже багато років.[WAIT@]Не пам’ятаю останній раз, коли бачив її назовні.",[@]玛丽女王已经在城堡里与世隔绝好多年了。[WAIT@]我都不记得上次在外面见到她是什么时候了。
DIALOGUE_MAGICANT_HARISSON_SPEAKER_Harisson,Harisson,Harisson,Harisson,ハリソン,해리슨,Harisson,Harisson,Harrisson,Harisson,Harrisson,Гаррисон,Гарісон,哈里森
DIALOGUE_MAGICANT_HARISSON1_0,[@]Happiness can't just walk into your life on its own.[WAIT@]But neither can misfortune.[WAIT@]Do you agree?,"[@]Le bonheur ne mettra jamais les pieds dans notre vie par lui-même.[WAIT@]Mais le malheur, c'est pareil.[WAIT@]T'es pas d'accord ?","[@]La felicità non può mettere piede nella tua vita così, dal niente.[WAIT@]Neanche la disgrazia, però.[WAIT@]Non sei d'accordo?",[@]しあわせは　あるいてこない。[BR]だども　ふしあわせも　あるいちゃこねぇよなぁ。[WAIT@]きみも　そうおもわないかい？,[@]행복은 스스로 찾아오지 않습니다.[WAIT@]불행 역시도 마찬가지죠.[WAIT@]동의하시나요?,[@]La felicidad no puede simplemente golpear a tu puerta por sí misma.[WAIT@]Pero tampoco puede hacerlo la desgracia.[WAIT@]¿Estás de acuerdo?,"[@]La felicidad no puede entrar a tu vida por su propio pie.
[WAIT@]Pero tampoco puede la desgracia.
[WAIT@]¿No crees?","[@]A felicidade não vem andando e entra na sua vida.[WAIT@]Porém, a desgraça também não.[WAIT@]Você não concorda?","[@]Szczęście nie może po prostu samo wejść do twojego życia.[WAIT@]Tak samo jest jednak z niedolą.[WAIT@]Zgodzisz się ze mną?
",[@]Glück fällt nicht einfach so vom Himmel.[WAIT@]Aber das gilt auch für Unglück.[@]Stimm[if party:plural]t ihr[else]st du[/if] mir zu?,[@]Счастье не может взять и прийти само по себе.[WAIT@]Но и несчастье тоже не может.[WAIT@]Ты согласен?,[@]Щастя саме по собі у життя не ввійде.[WAIT@]Але таким чином не ввійде й нещастя.[WAIT@]Згоден?,[@]幸福不会自己走进你的生活。[WAIT@]但不幸也不会。[WAIT@]你认同这个观点吗？
DIALOGUE_MAGICANT_HARISSON1_0-OPT_0,Yes,Si,Sì,はい,네,Sí,Sí,Sim,Tak,Ja,Да,Так,是
DIALOGUE_MAGICANT_HARISSON1_0-OPT_1,No,Non,No,いいえ,아니오,No,No,Não,Nie,Nein,Нет,Ні,否
DIALOGUE_MAGICANT_HARISSON1_1,"[@]If you never want to find trouble, then you better stay as still as a statue...","[@]Alors si tu ne veux vraiment pas de problèmes dans ta vie, il ne te reste plus qu'à rester figé comme une statue...","[@]Allora, se non vuoi problemi nella vita, sarà meglio che resti immobile come una statua...",[@]さいなんに　であいたくなかったら[BR]いっぽも　あるかねぇこった。,"[@]문제에 휘말리기 싫다면, 동상처럼 가만히 있는 것이 좋겠죠.","[@]Si nunca quieres encontrar problemas, será mejor que te quedes quieto como una estatua...","[@]Si no quieres meterte nunca en problemas, deberías quedarte quietecit[LeadArt6] como una estatua...","[@]Se você não quiser ter problemas na vida, é melhor ficar parado feito uma estátua...","[@]Jeżeli chcesz wiecznie żyć bez kłopotów, najlepiej zamrzeć w bezruchu niczym posąg...
","[@]Wenn [if party:plural]ihr[else]du[/if] keine Probleme [if party:plural]wollt, bleibt[else]willst, bleib[/if] besser so starr wie eine Salzsäule ...","[@]И если хочешь избежать всех неприятностей,[BR]просто встань как вкопанный...","[@]Якщо не хочеш зустріти лихо, краще замри, як статуя, і не ворушись...",[@]如果你从来不想遇到麻烦，那么你最好像雕像那样一动不动…
DIALOGUE_MAGICANT_HARISSON1_2,"[@]Really? [DELAY]So misfortune CAN walk?[WAIT@]Well, I hope it doesn't catch you then.","[@]Vraiment ? Le malheur a des pieds ?[WAIT@]Dans ce cas, j'espère qu'il ne va pas venir t'attraper.","[@]Davvero? [DELAY]La disgrazia ha i piedi?[WAIT@]Speriamo che non ti prenda, allora.",[@]そうか　ふしあわせは　あるくか・・・[DELAY]しらなんだ。[WAIT@]そんじゃ　つかまらないような　こったな。,[@]그런가요?[DELAY]그럼 불행에 발이라도 달려 있다는 걸까요?[WAIT@]잡히질 않길 바라죠.,"[@]¿De veras? [DELAY]¿Entonces la desgracia SÍ puede golpear?
[WAIT@]Bueno, espero que no te la encuentres.","[@]¿En serio? [DELAY]Entonces, ¿la desgracia puede caminar?
[WAIT@]Bueno, espero que no te pille.","[@]Jura? [DELAY]Então a desgraça sabe andar?[WAIT@]Bem, então espero que ela não te alcance.","[@]Doprawdy? [DELAY]Więc niedola POTRAFI chodzić?[WAIT@]No cóż, mam nadzieję, że cię w takim razie nie dogoni.
","[@]Wirklich? [DELAY]Unglück KANN vom Himmel fallen?[WAIT@]Tja, dann hoffe ich mal, dass es nicht [if party:plural]euren[else]deinen[/if] Kopf trifft.","[@]Хочешь сказать, у несчастья есть ноги?[D:4][BR]Интересно...[W@]Тогда, надеюсь, оно тебя не догонит.","[@]Правда? [DELAY]Виходить, нещастя може рухатись?[WAIT@]У такому разі, сподіваюсь, що воно тебе не зловить.",[@]真的吗？[DELAY]这么说来不幸还真会走路啦？[WAIT@]好吧，我希望它别追上你。
DIALOGUE_MAGICANT_HARISSON2_0,"[@]I've got some pretty good tastes, you know?[WAIT@]Hey, I got an idea![WAIT@]How's about I give you a cool nickname?","[@]Je ne sais pas si tu as remarqué, mais je suis une personne de bon goût.[WAIT@]Tiens, j'ai une idée ![WAIT@]Ça te dirait que je te donne un surnom super classe ?","[@]Ho proprio buon gusto io, sai?[WAIT@]Ehi, ho un'idea![WAIT@]Ti va se ti do un bel soprannome?",[@]おらの　センスを　みとめただか。[WAIT@]いいかんがえが　あるだ！[WAIT@]おめぇも　カッコイイあだなが　ほしいだな？,"[@]제 취향이 꽤 나쁘지 않은 편이에요, 알죠?[WAIT@]제가 별명 하나 지어드리죠.[WAIT@]괜찮나요?","[@]Tengo gustos bastante buenos, ¿sabes?[WAIT@]Oye, ¡tengo una idea![WAIT@]¿Qué tal si te doy un apodo genial?","[@]No sé si te habrás dado cuenta, pero soy una persona con un gusto exquisito.
[WAIT@]¡Oye, se me ha ocurrido una idea!
[WAIT@]¿Te gustaría que te pusiera un mote superguay?","[@]Eu tenho ótimos gostos, sabia?[WAIT@]Ei, eu tive uma ideia![WAIT@]E se eu te desse um apelido bem legal?","[@]Wiesz, mam całkiem dobry gust.[WAIT@]Hej, mam pomysł![WAIT@]Może wymyślę ci jaką fajną ksywę?","[@]Weißt du was, ich hab einen ziemlich guten Geschmack.[WAIT@]Hey, ich hab eine Idee![WAIT@]Wie wäre es, wenn ich dir einen coolen Spitznamen gebe?","[@]Вообще, у меня довольно хороший вкус.[W@]О, идея! [W]Хочешь, я дам тебе стильное прозвище?","[@]Знаєш, у мене досить витончений смак.[WAIT@]Гей, є ідея![WAIT@]Хочеш, дам тобі круте назвисько?",[@]我的品味可是相当不错的，你知道吗？[WAIT@]嘿，我有个主意！[WAIT@]我给你起个帅气的绰号怎么样？
DIALOGUE_MAGICANT_HARISSON2_0-OPT_0,Yes,Oui,Sì,はい,네,Sí,Sí,Sim,Tak,Ja,Да,Так,是
DIALOGUE_MAGICANT_HARISSON2_0-OPT_1,No,Non,No,いいえ,아니오,No,No,Não,Nie,Nein,Нет,Ні,否
DIALOGUE_MAGICANT_HARISSON2_1,"[@]OK, I've got it![WAIT@]From now on, you'll be known as[DELAY:4:3]... [DELAY:15]Noodlenoggin![WAIT@]Sounds classy, doesn't it?","[@]Allez, c'est décidé ![WAIT@]À partir de maintenant, tu seras[DELAY:4:3]... [DELAY:15]Tête-de-Nouilles ¦[WAIT@]La classe, non ?","[@]Ok, ce l'ho![WAIT@]D'ora in poi, sarai[DELAY:4:3]... [DELAY:15]Zuccone![WAIT@]Raffinato, vero?",[@]できた！[DELAY]いまから　おめぇは[DELAY:4:3]・・・[DELAY:15][BR]うすのろぶた　[Ninten]だ![BR][WAIT@]おしゃれな　ムードになっただろ？,[@]좋습니다![WAIT@]이제부터 당신은[DELAY:4:3]...[DELAY:15]뾰족 머리![WAIT@]괜찮지 않나요?,"[@]¡Ok, lo tengo![WAIT@]Desde ahora en adelante serás conocido como[DELAY:4:3]... [DELAY:15]¡Cabezahueca![WAIT@]Suena elegante, ¿no?","[@]¡Vale, ya lo tengo![WAIT@]A partir de ahora, te vas a llamar[DELAY:4:3]... [DELAY:15]¡Caracartón!
[WAIT@]Tiene clase, ¿a que sí?","[@]Beleza, já sei![WAIT@]De agora em diante, você será conhecido como[DELAY:4:3]...[DELAY:15] Cabeça de Ovo![WAIT@]Bem chique, não?","[@]Dobra, wiem![WAIT@]Od teraz, będą cię zwać[DELAY:4:3]... [DELAY:15]Kluskogłowym![WAIT@]Brzmi elegancko, czyż nie?","[@]Gut, ich habs![WAIT@]Von nun an bist du bekannt als [DELAY:4:3]... [DELAY:15]Nudelduddel![WAIT@]Klingt gehoben, nicht wahr?","[@]Чудесно! [DELAY]Итак...[WAIT@]С этого момента тебя будут звать[DELAY:4:3]... [DELAY:15]Дуболом![WAIT@]Очень элегантно, скажи?","[@]Ось, придумав![WAIT@]Відтепер, ти будеш відомий, як[DELAY:4:3]...[DELAY:15]Локшиноголовий![WAIT@]Звучить стильно, чи не так?",[@]好，我想好了！[WAIT@]从现在开始，你就叫做…[DELAY:15]“面条脑袋”！[WAIT@]听上去挺有格调的吧？
DIALOGUE_MAGICANT_HARISSON2_2,"[@]That's too bad, I was thinking of something really classy.","[@]Oh, c'est dommage, j'avais une très bonne idée de surnom pour toi.","[@]Che peccato, avevo in mente un soprannome davvero raffinato.",[@]そうか　ざんねんだな。[BR]おしゃれなの　かんがえていたんだけどな。,"[@]안타깝네요, 기가 막힌 것이 떠올랐던 참이었는데 말이죠.","[@]Qué mal, justo estaba pensando en algo muy elegante.",[@]Qué pena. Justo cuando estaba pensando en un nombre la mar de molón...,"[@]Que pena, eu estava pensando em algo bem chique.","[@]A szkoda, miałem w głowie taką dość elegancką.","[@]Zu schade aber auch, ich hatte etwas Gehobenes im Sinn.",[@]Эх... [DELAY]а я думал дать что-то очень элегантное.,[@]А шкода. Я вже надумав щось неймовірно стильне.,[@]那太可惜了，我刚才可是想到了个特别有格调的绰号。
DIALOGUE_MAGICANT_HARISSON3_0,"[@]Hey there, Noodlenoggin [Ninten]![WAIT@]I hope you like your new nickname!","[@]Tiens, salut [Ninten] Tête-de-Nouilles ![WAIT@]J'espère que ton nouveau surnom te plaît !","[@]Ehilà, [Ninten] lo Zuccone![WAIT@]Spero ti piaccia il tuo nuovo soprannome!",[@]やぁ　うすのろぶた　[Ninten]。[WAIT@]あたらしいあだな　きにいってくれてっと　うれしいな！,"[@]안녕하신가요, 뾰족 머리 [Ninten]![WAIT@]별명이 마음에 들었으면 좋겠군요.","[@]¡Cómo va todo, [Ninten] Cabezahueca![WAIT@]¡Ojalá te guste tu nuevo apodo!","[@]¡Buenas, [Ninten] caracartón!
[WAIT@]¡Espero que te guste tu nuevo apodo!","[@]E aí, [Ninten] Cabeça de Ovo![WAIT@]Espero que tenha gostado do seu novo apelido!","[@]Kluskogłowy [Ninten], witam![WAIT@]Mam nadzieję, że podoba ci się nowa ksywa!","[@]Hallöchen, Nudelduddel [Ninten]![WAIT@]Hoffentlich magst du deinen neuen Spitznamen!","[@]Ну привет, Дуболом [Ninten]![WAIT@]Надеюсь, тебе нравится твоё новое прозвище!","[@]Гей, Локшиноголовий [Ninten]![WAIT@]Сподіваюся, тобі сподобалося твоє нове прізвисько!",[@]嘿，面条脑袋[Ninten]！[WAIT@]希望你喜欢你的新绰号！
DIALOGUE_MAGICANT_HELEN_0,"[@]There's a mysterious guitar player who lives deep in the woods.[WAIT@]Even though he lives all alone, he's an amazing poet!","[@]Il y a un mystérieux guitariste qui habite au cœur de la forêt.[WAIT@]Il est très solitaire, mais c'est malgré tout un grand poète !","[@]C'è un chitarrista misterioso nei boschi.[WAIT@]Vivrà anche da solo, ma è un poeta fantastico!",[@]もりのおくに　こどくをあいする[BR]ギターひきが　いるの。[WAIT@]ひとりぐらしだというのに・・・[BR]すっごく　しじんなの！,"[@]숲 속 깊은 어딘가, 신비한 기타리스트가 있어.[WAIT@]모두와 척을 지내며 살고 있지만, 정말 대단한 시인이지.","[@]Hay un misterioso guitarrista que vive en las profundidades del bosque.[WAIT@]Aunque vive solo, ¡es un poeta increíble!","[@]Hay un misterioso guitarrista que vive en lo más profundo del bosque.
[WAIT@]¡Y aunque vive solo, es un poeta increíble!","[@]Tem um homem misterioso que toca violão morando dentro do bosque.[WAIT@]Mesmo vivendo sozinho, ele é um poeta incrível!","[@]Głęboko w lesie żyje sobie tajemniczy gitarzysta.[WAIT@]Żyje całkiem sam, ale jest z niego wspaniały poeta!","[@]Es gibt da diesen geheimnisvollen Gitarrenspieler, der tief im Wald lebt.[WAIT@]Obwohl er völlig alleine lebt, ist er ein erstaunlich guter Dichter!","[@]В глуши леса проживает таинственный гитарист.[WAIT@]Он живёт совсем один, но его поэтический дар просто поражает!","[@]У лісі неподалік мешкає таємничий музикант-гітарист.[WAIT@]Хоч він і самітник, у нього неймовірний талант до поезії!",[@]有一位神秘的吉他手住在森林的深处。[WAIT@]虽然他独自一人生活，但他可是位了不起的诗人！
DIALOGUE_MAGICANT_HELEN_2,(And quite the hunk.),(Et un sacré beau garçon.),(Ed è anche un bel fusto.),(しかも　ちょっといいおとこ。),(그리고 꽤 아름다워.),(Y muy apuesto.),(Y todo un pibonazo.),(Ele também é bem gatinho.),(A do tego niezłe ciacho.),(... Und ein ziemlich gut aussehender Hecht.),(А ещё он симпатичный...),(А ще він такий красень...),（而且身材相当魁梧。）
DIALOGUE_MAGICANT_HELEN_SPEAKER_Helen,Helen,Helen,Helen,ヘレン,헬렌,Helen,Helen,Helen,Helen,Helen,Хелен,Хелен,海伦
DIALOGUE_MAGICANT_HOSPITAL_0,[@]Do you need any treatment?,[@]Salutations ![WAIT@]Besoin d'un traitement ?,[@]Salve! [if party:plural]Avete[else]Hai[/if] bisogno di cure?[WAIT@]Ci vorrà un attimo.,"[@]はいはい　どこかぐあいが　わるいわけね。[WAITBR]いっぱつで　なおしてあげるからね。
",[@]치료가 필요하신가요?,[@]¿Necesitas algún tratamiento?,[@]¿[if party:plural]Necesitáis[else]Necesitas[/if] algún tratamiento?,[@]Você[if party:plural]s[/if] precisa[if party:plural]m[/if] de algum tratamento?,[@]Potrzebujesz opieki?,[@]Soll ich dich behandeln?,[@]Здравствуйте! Как ваше самочувствие?[BR][W@]Я могу быть чем-то полезна?,[@]Вам потрібна медична допомога?,[@]你需要治疗吗？
DIALOGUE_MAGICANT_HOSPITAL_1,"[@]You really don't need treatment? [DELAY]Oh, well...","[@][if party:plural]Vous êtes sûrs[else]Tu es sûr[/if] de ne pas avoir besoin de soins ?[WAIT@]Bon, très bien...",[@]Davvero non [if party:plural]vi[else]ti[/if] servono? [DELAY]Va bene...,[@]ほんとに　ちりょうは　いらない？[DELAY][BR]あっそ。,[@]정말 필요 없으신가요? [DELAY]음...,[@]¿De verdad no necesitas el tratamiento? [DELAY]Bueno...,[@]¿De verdad que no [if party:plural]necesitáis[else]necesitas[/if] tratamiento? [DELAY]Bueno...,[@]Não precisa[if party:plural]m[/if] mesmo de tratamento? [DELAY]Tudo bem...,[@]Naprawdę ci nic nie potrzeba? [DELAY]Skoro tak...,"[@]Du brauchst wirklich keine Behandlung? [DELAY]Gut, also ...","[@]Ничем? [D]Ну, ладно...","[@]Не потрібна? [DELAY]Ну, що ж...",[@]你真的不需要治疗吗？[DELAY]哦，这样啊…
DIALOGUE_MAGICANT_HOSPITAL_7,[@]Good to see you doing well once again.,"[@]Eh bien, ravie de [if party:plural]vous[else]te[/if] voir à nouveau en forme !",[@]Sono contenta di [if party:plural]vedervi[else]vederti[/if] di nuovo in salute.,[@]はい　すっかりよくなったよ。,[@]건강해지시니 보기 좋네요.,[@]Me alegra verte bien otra vez.,[@]¡Me alegro de [if party:plural]veros[else]verte[/if] bien de nuevo!,[@]Fico feliz que você[if party:plural]s[/if] esteja[if party:plural]m[/if] se sentindo bem.,[@]Miło mi widzieć cię znowu w dobrym stanie.,"[@]Schön zu sehen, dass es dir wieder besser geht.",[@]Рада видеть вас в добром здравии!,"[@]Рада бачити, що вам вже краще.",[@]真高兴看到你恢复健康了。
DIALOGUE_MAGICANT_HOSPITAL_SPEAKER,Sam,Sam,Sam,サマンサ,삼,Sam,Sam,Sam,Sam,Sammy,Сэм,Сем,山姆
DIALOGUE_MAGICANT_INN_0,"[@]Oh, traveller[if party:plural]s[/if] from afar![WAIT@]Why don't you enjoy a delicious meal at our house?[WAIT@]For today's special, [DELAY:6]could you possibly guess what it is?","[@]Oh, [if party:plural]des voyageurs[else][if party:female_lead]une voyageuse[else]un voyageur[/if][/if] ¦[WAIT@]Reste[if party:plural]z[/if] donc manger à la maison ![WAIT@]Tiens, est-ce que [if party:plural]vous sauriez[else]tu saurais[/if] deviner ce qui est au menu aujourd'hui ?","[@]Oh, viandant[if party:plural]i[else]e[/if]![WAIT@]Che ne pens[if party:plural]ate[else]i[/if] di un pasto delizioso a casa nostra?[WAIT@]Lo speciale di oggi è... [DELAY:6][if party:plural]Volete[else]Vuoi[/if] indovinare?",[@]あら　たびのかた[if party:plural]がた[/if][BR]うちで　おしょくじしていったら？[WAIT@]さぁ　きょうのメニューは　なんでしょう？[BR][DELAY:6]わかるかしら？,"[@]오, 멀리서 온 여행자분[if party:plural]들[/if]! 어서 오세요![WAIT@]저희 집에서 식사 어떠신가요?[WAIT@]오늘의 특별 메뉴... [DELAY:6]가 뭔지 짐작 가시나요?","[@]¡Oh, viajero[if party:plural]s[/if] de tierras lejanas![WAIT@]¿Por qué no disfruta[if party:plural]n[else]s[/if] de una deliciosa comida en nuestra casa?[WAIT@]El especial de hoy... ¿Podría[if party:plural]n[else]s[/if] adivinar cuál es?","[@]¡Oh, [if party:plural]viajeros[else]viajer[LeadArt6][/if]!
[WAIT@]¿Qué [if party:plural]os[else]te[/if] parece si [if party:plural]os[else]te[/if] invito a una deliciosa comida en nuestra casa?
[WAIT@]El plato especial de hoy es... [DELAY:6]¿[if party:plural]Queréis[else]Quieres[/if] adivinarlo?","[@]Ó, viajante[if party:plural]s[/if] de tão distante![WAIT@]Por que não desfruta[if party:plural]m[/if] uma deliciosa refeição?[WAIT@]O especial de hoje... [DELAY:6]consegue[if party:plural]m[/if] adivinhar o que é?","[@]O, podróż[if party:plural]nicy[else]niku[/if] z daleka![WAIT@]Czy nie chci[if party:plural]elibyście[else]ałbyś[/if] posilić się wybornym posiłkiem w naszym domu?[WAIT@]A dziś na obiad... [DELAY:6]Czy by[if party:plural]libyście[else]łbyś[/if] w stanie zgadnąć co?","[@]Oh, Pilger von weit fern![WAIT@]Warum [if party:plural]gesellt ihr euch[else]gesellst du dich[/if] nicht zu einem köstlichen Mahl unseres Hauses dazu?[WAIT@][if party:plural]Könnt ihr[else]Kannst du[/if] schon erahnen, was es heute gibt?","[@]Я смотрю, [if party:plural]в[else]т[/if]ы к нам издалека![WAIT@]Хо[if party:plural]тите[else]чешь[/if] остаться у нас на ужин?[WAIT@]У нас как раз осталось наше главное блюдо. А знае[if party:plural]те[else]шь[/if] какое?","[@]О, мандрівник[if party:plural]и[/if] здалеку![WAIT@]Не бажає[if party:plural]те[else]ш[/if] насолодитися смаковитою вечерею у нас вдома?[WAIT@]Сьогоднішня страва це... [DELAY:6]А, можливо, [if party:plural]хочете спробувати[else]хочеш спробувати[/if] вгадати?",[@]噢，远道而来的旅行者[if party:plural]们[/if]！[WAIT@]要不要来我们家吃顿可口的饭菜？[WAIT@]今天的特色菜嘛，[DELAY:6]你能猜到是什么吗？
DIALOGUE_MAGICANT_INN_0-OPT_0,Yes,Oui,Sì,はい,네,Sí,Sí,Sim,Tak,Ja,Да,Так,是
DIALOGUE_MAGICANT_INN_0-OPT_1,No,Non,No,いいえ,아니오,No,No,Não,Nie,Nein,Нет,Ні,否
DIALOGUE_MAGICANT_INN_1,[@]Why not? [DELAY]That’s suspicious...,"[@]Allons bon ! [if party:plural]Vous n'arrivez[else]Tu n'arrives[/if] pas à trouver ?[WAIT@]C'est louche, ça...",[@]Perché no? [DELAY]Preoccupante...,[@]まぁ　どうしてわからないのかしら。[BR]あやしいひと！,[@]왜 그러시나요?,[@]¿Por qué no? [DELAY]Eso es sospechoso...,"[@]¿Por qué no? [DELAY]Vamos, que no cuesta nada...",[@]Por que não? [DELAY]Isso é suspeito...,"[@]A to niby dlaczego? [DELAY]Podejrzane...
",[@]Wirklich nicht? [DELAY]Sehr verdächtig ...,[@]Не знае[if party:plural]те[else]шь[/if]? [DELAY]Как же так...,[@]Чому ж ні? [DELAY]Як підозріло...,[@]为什么不呢？[DELAY]这也太奇怪了…
DIALOGUE_MAGICANT_INN_2,"[@]Yes, it's [FavFood].[WAIT@]I knew you liked [FavFood]. [DELAY]Do you want some?","[@]C'est bien ça, un plat d[elision][FavFood].[WAIT@]Je savais que [if party:plural]vous étiez de grands amateurs[else]tu étais [if party:female_lead]une grande amatrice[else]un grand amateur[/if][/if] d[elision][FavFood].[WAIT@]Alors, ça [if party:plural]vous[else]te[/if] dit ?","[@]Esatto, [FavFood].[WAIT@]So che [if party:plural]vi[else]ti[/if] piace. [DELAY][if party:plural]Volete[else]Vuoi[/if] favorire?","[@]そう　[FavFood]。[WAIT@]あなたのこころを　よんで[BR][FavFood]にしたのよ。[WAIT@]おいしい？
","[@]네, [FavFood].[WAIT@]제가 알기론, [FavFood]를 좋아하시는 것으로 알고 있는데...[DELAY] 드시겠어요?","[@]Sí, es [FavFood].[WAIT@]Yo sabia que [if party:plural]les[else]te[/if] gustaría [FavFood]. ¿Quier[if party:plural]e[else]es[/if] un poco?","[@]Exacto, es [FavFood].[WAIT@]Sabía que [if party:plural]os[else]te[/if] gustaba. ¿[if party:plural]Queréis[else]Quieres[/if] un poco?","[@]Isso mesmo, é [FavFood].[WAIT@]Eu sabia que você[if party:plural]s[/if] gostava[if party:plural]m[/if] de [FavFood]. [DELAY][BR]Est[if party:singular]á[else]ão[/if] servido[if party:plural]s[/if]?","[@][FavFood], w rzeczy samej.[WAIT@]Wiedziałam, że [FavFood] to coś dla [if party:plural]was[else]ciebie[/if]. [DELAY]Chci[if party:plural]elibyście[else]ałbyś[/if] trochę?
","[@]Exakt, [FavFood].[WAIT@]Ich hab in [if party:plural]euren[else]deinen[/if] Augen gelesen, dass [if party:plural]ihr[else]du[/if] [FavFood] [if party:plural]mögt[else]magst[/if]. [DELAY][if party:plural]Wollt ihr[else]Willst du[/if] etwas abhaben?","[@]Разумеется. [DELAY][FavFood]![WAIT@]Я знала, что [if party:plural]вам[else]тебе[/if] понравится. [DELAY]Буде[if party:plural]те[else]шь[/if]?","[@]Так, це [FavFood].[WAIT@]Я знала, що тобі подобається [FavFood]. [DELAY]Спробуєш?",[@]没错，就是[FavFood]。[WAIT@]我就知道你喜欢[FavFood]，[DELAY]你想来些吗？
DIALOGUE_MAGICANT_INN_2-OPT_0,Yes,Oui,Sì,はい,네,Sí,Sí,Sim,Tak,Ja,Да,Так,是
DIALOGUE_MAGICANT_INN_2-OPT_1,No,Non,No,いいえ,아니오,No,No,Não,Nie,Nein,Нет,Ні,否
DIALOGUE_MAGICANT_INN_3,[@]Is that so? [DELAY]Shame.,[@]Oh. Je vois. [DELAY]Dommage.,[@]Ah no? [DELAY]Peccato.,[@]あら　そう。[DELAY]ざんねん。,[@]왜 그러시나요? [DELAY]부끄럽네요...,[@]¿De verdad? [DELAY]Una pena.,[@]¿De verdad? [DELAY]Una pena.,[@]É mesmo? [DELAY]Mas que pena.,[@]Naprawdę? [DELAY]Szkoda.,[@]Ist das so? [DELAY]Schade.,[@]Не буде[if party:plural]те[else]шь[/if]? [DELAY]Очень жаль.,[@]Невже? [DELAY]Як жаль.,[@]这样啊？[DELAY]真遗憾。
DIALOGUE_MAGICANT_INN_4,"[@]Great! [DELAY]I prepared a bed for you, [DELAY:6]so rest up after you’re done eating.",[@]Parfait ! [DELAY]Je [if party:plural]vous ai préparé des lits[else]t'ai préparé un lit[/if].[WAIT@][if party:plural]Restez donc vous[else]Reste donc te[/if] reposer après manger !,"[@]Ottimo! [DELAY][if party:plural]Vi[else]Ti[/if] ho preparato [if party:plural]dei letti [else]un letto [/if]un letto, [DELAY:6]così [if party:plural]vi potete[else]ti puoi[/if] riposare dopo aver mangiato.","[@]ありがとう。[DELAY][BR]ベッドのよういも　できてるわ。[DELAY:6][BR]ゆっくりおやすみ。
","[@]좋습니다! [DELAY]침대는 준비되어 있으니, 식사를 마친 후에 자유롭게 쉬어주세요.","[@]¡Genial! [DELAY]Yo [if party:plural]les[else]te[/if] preparé una cama, [DELAY:6]así que descans[if party:plural]en[else]a[/if] después de que termine[if party:plural]n[else]s[/if] de comer.","[@]¡Perfecto! [DELAY][if party:plural]Os he preparado camas[else]Te he preparado una cama[/if].
[WAIT@]¡[if party:plural]Quedaos[else]Quédate[/if] a dormir después de comer!","[@]Ótimo! [DELAY]Eu preparei [if party:singular]uma[/if][if party:plural]algumas[/if] cama[if party:plural]s[/if] para você[if party:plural]s[/if], [DELAY:6]então descanse[if party:plural]m[/if] bem depois de comer.","[@]Świetnie! [DELAY]Posłałam też dla [if party:plural]was łóżka[else]ciebie łóżko[/if], [DELAY:6]więc odpocznij[if party:plural]cie[/if] sobie jak już skończy[if party:plural]cie[else]sz[/if] jeść.","[@]Großartig! [DELAY]Ich werde mal [if party:plural]eure Betten[else]dein Bett[/if] fertig machen, [DELAY:6]dann [if party:plural]könnt ihr euch[else]kannst du dich[/if] nach dem Essen ausruhen.",[@]Чудно! [DELAY]Я приготовила для [if party:plural]вас[else]тебя[/if] постель. [WAIT@]Пое[if party:plural]дите[else]шь[/if] — и може[if party:plural]те[else]шь[/if] пойти отдыхать.,"[@]Чудово! [DELAY]Я приготувала для [if party:plural]вас[else]тебе[/if] ліжко, тому відпочинь[if party:plural]те[/if] коли пої[if party:plural]сте[else]си[/if].",[@]太棒了！[DELAY]这里给你准备了床，[DELAY:6]吃完就好好休息吧。
DIALOGUE_MAGICANT_INN_7,"[@]Had a good sleep? [DELAY]Then, have a nice trip!","[@]Bien dormi ?[WAIT@]Où est-ce que [if party:plural]vous comptez[else]tu comptes[/if] aller aujourd'hui ?[WAIT@]Bon, [if party:plural]faites attention à vous[else]fais attention à toi[/if] !",[@]Dormito bene? [DELAY][if party:plural]Fate[else]Fai[/if] buon viaggio!,[@]よく　ねてたようね。[BR]きょうは　どちらにおでかけかしら。[DELAY][BR]いってらっしゃーい。,[@]숙면하셨나요?[DELAY]즐거운 여행 되세요!,[@]¿D[if party:plural]urmieron[else]ormiste[/if] bien? ¡Ten[if party:plural]gan[/if] un buen viaje!,[@]¿[if party:plural]Habéis[else]Has[/if] dormido bien? ¡Que [if party:plural]tengáis[else]tengas[/if] un buen viaje!,[@]Você[if party:plural]s[/if] [if party:singular]dormiu[else]dormiram[/if] bem? Tenha[if party:plural]m[/if] uma boa viagem!,[@]Dobrze [if party:plural]wam[else]ci[/if] się spało? [DELAY]No to miłej podróży!,[@]Gut geschlafen? Ich wünsche [if party:plural]euch[else]dir[/if] eine gute Reise!,"[@]Как [if party:plural]вам [/if]спалось? [DELAY]Ну, счастливого пути!","[@]Добре відпочи[if party:plural]ли[else]в[/if]? [DELAY]Що ж, приємних мандрівок!",[@]睡得好吗？[DELAY]那祝你旅途一路顺风！
DIALOGUE_MAGICANT_INN_SPEAKER,Tori,Tori,Tori,トリィ,토리,Tori,Tori,Tori,Tori,Tori,Тори,Торі,托丽
DIALOGUE_MAGICANT_JET_0,"[@]The mysterious sound of the fountain has a soothing quality.[WAIT@]If you decide to spend some time there, you'll be in good company.","[@]Le son mystérieux que produit la fontaine est vraiment relaxant.[WAIT@]Si un jour tu prends le temps de t'y reposer, tu seras en bonne compagnie.","[@]Il rumore misterioso della fontana è davvero rilassante.[WAIT@]Se mai [if party:plural]voleste[else]volessi[/if] trascorrere un po' di tempo lì, [if party:plural]sarete[else]sarai[/if] in buona compagnia.",[@]いずみのふしぎなおとを　きくと[BR]それだけで　おちつくよなぁ。[WAIT@]いってみたら　いいじかんが　すごせるとおもうよ。,[@]분수에서 울리는 신비한 소리에는 진정 효과가 있단다.[WAIT@]시간 죽이는 데에는 안성맞춤인 곳이지.,"[@]El sonido misterioso de la fuente es relajante.[WAIT@]Si alguna vez pasas por allí, estarás en buena compañía.","[@]El misterioso sonido de la fuente es muy relajante.
[WAIT@]Si alguna vez te pasas por allí, verás que estás en buena compañía.","[@]A fonte faz um barulho tão relaxante.[WAIT@]Se você quiser passar um tempo ali, estará em boa companhia.","[@]Tajemniczy dźwięk z fontanny ma właściwości uspokajające.[WAIT@]Jeżeli spędzisz tam trochę czasu, czeka cię dobre towarzystwo.","[@]Der mystische Klang des Brunnens ist sehr beruhigend.[WAIT@]Falls [if party:plural]ihr euch entscheidet[else]du dich entscheidest[/if] wieder hierherzukommen, [if party:plural]seid ihr[else]bist du[/if] in guter Gesellschaft.","[@]Таинственный шум фонтана очень успокаивает.[WAIT@]Если остановиться у него подольше, можно оказаться в приятной компании.","[@]Таємничий шум фонтану має заспокійливу властивість.[WAIT@]Якщо вирішиш посидіти біля нього, будеш у гарній компанії.",[@]神秘的喷泉声有一种抚慰人心的特质。[WAIT@]要是你打算在那儿待上一阵子，肯定会有美好的事物与你相伴。
DIALOGUE_MAGICANT_JET_SPEAKER_Jet,Jet,Jet,Jet,ジェット,제트,Jet,Jet,Jet,Jet,Jett,Джет,Джет,杰特
DIALOGUE_MAGICANT_LEON_0,[@]Exit? [DELAY]There's no exit from Magicant.[WAIT@]No one has ever left this place before.[DELAY:4] [DELAY:1:9]Hehehe...,"[@]Quitter Magicant ? [DELAY]Elle est bonne, celle-là ![WAIT@]Personne n'a jamais quitté cet endroit.[DELAY:4] [DELAY:1:9]Héhéhé...",[@]Uscita? [DELAY]Non esiste un'uscita da Magicant.[WAIT@]Nessuno è mai uscito da qui.[DELAY:4] [DELAY:1:9]Hehehe...,[@]でぐち　だって？[DELAY][BR]マジカントのくにに　でぐちなんてものが　あるものかね。[WAIT@]だれも　このばしょから　でれたことはないんだ。[DELAY:4][DELAY:1:9]アハハハ。,[@]출구? [DELAY]매지컨트에 출구는 없어.[WAIT@]아무도 이곳을 떠나려 시도한 적 없으니까...,[@]¿Salida? [DELAY]No hay salida de Magicant.[WAIT@]Nadie ha dejado este lugar antes.[DELAY:4] [DELAY:1:9]Jejeje...,"[@]¿La salida? [DELAY]No se puede salir de Magicant.
[WAIT@]Nadie ha salido jamás de aquí.[DELAY:4] [DELAY:1:9]Je, je, je...",[@]Saída? [DELAY]Não existe saída de Magicant.[WAIT@]Ninguém jamais saiu daqui.[DELAY:4] [DELAY:1:9]Hehehe...,[@]Wyjście? [DELAY]Z Magicantu nie ma wyjścia.[WAIT@]Nikt nigdy nie opuścił tego miejsca.[DELAY:4] [DELAY:1:9]Hihihi...,[@]Ausgang? [DELAY]Es gibt keinen Ausgang in Magicant.[WAIT@]Niemand hat diesen Ort jemals verlassen.[DELAY:4][DELAY:1:9] Hehe ...,[@]«Уйти из Грезии?» [DELAY]Ну [if party:plural]вы[else]ты[/if] даё[if party:plural]те[else]шь[/if]![WAIT@]Это ещё ни у кого не получалось![DELAY:4] [DELAY:1:9]Хи-хи-хи...,[@]Вихід? [DELAY]З Магіянту немає виходу.[WAIT@]Звідси ще ніхто не втікав.[DELAY:4] [DELAY:1:9]Хі-хі-хі...,[@]出口？[DELAY]魔法之地是没有出口的。[WAIT@]从来没有人离开过这个地方，[DELAY:4]呵呵呵…
DIALOGUE_MAGICANT_LEON_SPEAKER_Leon,Leon,Leon,Leon,レオン,레온,Leon,Leon,Leon,Leon,Leon,Леон,Леон,莱昂
DIALOGUE_MAGICANT_LLOYD_FIRSTVISIT_0,[@]What the? [D]Where are we?,[@]Hein ? [D]Où est-ce qu’on est ?,[@]Ma che...? [D]Dove siamo?,[@]ここは・・・[D]どこなんだ？,[@]뭐야? [D]여긴 대체?,[@]¿Pero qué? [D]¿Dónde estamos?,[@]¿Pero qué? [D]¿Dónde nos hemos metido?,"[@]Mas, hein? [D]Onde estamos?",[@]Co do? [D]Gdzie my jesteśmy?,[@]Was zur ... [D]Wo sind wir?,[@]Э-э... [D]Куда мы попали?,"[@]Що це? [D]Де ми опинилися?
",[@]什么情况？[D]我们这是在哪？
DIALOGUE_MAGICANT_LLOYD_FIRSTVISIT_1,"[@]For some reason, this place feels [D:6]nostalgic.[W@]Have I been here before...?","[@]Je ne sais pas pourquoi, mais cet endroit me fait ressentir de la [D:6]nostalgie.[W@]Est-ce que j'ai déjà été ici...?",[@]Questo posto mi dà un senso di... [D:6]nostalgia.[W@]Sono già stato qui...?,[@]なぜか　わからないけど・・・[BR][D:6]なつかしいような　きがする。[W@]まえに　きたことが　あるような・・・？,"[@]이유는 알 수 없지만, [D:6]그리운 느낌이 들어.[W@]내가 전에 와본 적이 있나?","[@]Por alguna razón, este lugar se siente [D:6]nostálgico.[W@]¿He estado aquí antes...?","[@]No sé por qué, pero este lugar me transmite [D:6]nostalgia.
[W@]¿He estado aquí antes...?","[@]Por algum motivo, esse lugar me parece [D:6]nostálgico.[W@]Eu já estive aqui antes...?",[@]To miejsce ogarnia mnie dziwnym uczuciem [D:6]nostalgi.[W@]Tak jakbym już tu kiedyś był...?,[@]Irgendwie ist dieser Ort sehr [D:6]nostalgisch.[W@]War ich hier schon einmal ...?,[@]От этого места веет чем-то [D:6]знакомым...[W@]Я здесь раньше был?,"[@]Чомусь це місце здається мені [D:6]знайомим.[W@]Невже я тут раніше був?
",[@]不知为什么，这个地方有种…[D:6]让人怀念的感觉。[W@]我以前来过这里吗…？
DIALOGUE_MAGICANT_LLOYD_FIRSTVISIT_2,[@]No...[D] that's impossible. [D]Just forget it.,[@]Non...[D] Ce n'est pas possible. [D]Oublie ce que je viens de dire.,[@]No...[D] è impossibile. [D]Lascia stare.,[@]・・・[D]きのせいか。[D]わすれてくれ。,[@]아니... [D]그럴리가.[D]그냥 잊어버려.,[@]No...[D] es imposible. [D]Mejor olvídalo.,[@]Qué va...[D] eso es imposible. [D]Olvídalo.,[@]Não...[D] isso é impossível. [D]Deixa pra lá.,[@]Nie...[D] to niemożliwe. [D]Już nie ważne.,[@]Nein ...[D] das ist unmöglich. [D]Vergiss es.,"[@]Да нет...[D:6] не могло быть такого. [D]Ладно, неважно.","[@]Ні... [D]Нісенітниця якась. [D]Забудь, що я сказав.
",[@]不…[D]那是不可能的。[W@]算了，还是别想了。
DIALOGUE_MAGICANT_MABEL_0,"[@]I wish I could go inside the castle and see Queen Mary.[WAIT@]Nobody around here knows what she looks like, but I bet she's so pretty that anyone would be starstruck.","[@]Rien qu'une fois, j'aimerais pénétrer dans le château et voir la reine Mary.[WAIT@]Personne ici ne sait à quoi elle ressemble. Mais je suis sûre qu'elle est tellement belle que n'importe qui serait frappé d'admiration.","[@]Vorrei tanto entrare nel castello per vedere la Regina Mary.[WAIT@]Nessuno sa che aspetto abbia, ma scommetto che è così bella che chiunque ne rimarrebbe incantato.",[@]わたし　いっしょうに　いちどでいいから[BR]おしろに　はいって　マリーさまの[BR]おかおを　はいけんしたいわ。,[@]언젠가 성안에 들어가 메리 여왕을 알현하면 좋겠어요.[WAIT@]이곳 주민들은 아무도 그녀가 어떻게 생겼는지 몰라요. 하지만 소문으론 너무 아름다워 기절할 정도라 하던데...,"[@]Ojalá pudiera entrar al castillo y ver a la reina Mary.[WAIT@]Nadie sabe cómo es, pero apuesto a que es tan hermosa que cualquiera se quedaría pasmado con su belleza.","[@]Ojalá pudiera entrar al castillo y ver a la reina Mary.
[WAIT@]Nadie sabe cómo es, pero seguro que su belleza dejaría de piedra a cualquiera.","[@]Eu queria entrar no palácio e ver a Rainha Mary.[WAIT@]Ninguém sabe como ela é, mas aposto que é tão bonita que deixaria qualquer um deslumbrado.","[@]Marzę o tym, aby wejść do zamku i zobaczyć Królową Mary.[WAIT@]Nikt tutaj nie wie jak wygląda, ale założę się, że jej uroda onieśmieliłaby każdego.","[@]Ich wünschte, ich könnte in den Palast gehen, um Königin Mary zu sehen.[WAIT@]Niemand hier weiß, wie sie aussieht. Aber ich wette, sie ist so schön, dass alle sprachlos wären.","[@]Вот бы хоть раз в жизни увидеть лицо королевы Мэри![WAIT@]Никто из нас не был в замке, но я точно знаю, что перед её красотой невозможно устоять.","[@]Я мрію дістатися замку та побачити королеву Мері.[WAIT@]Ніхто тут не знає, як вона виглядає, але я впевнена, що вона настільки вродлива — закрутить голову будь-кому.",[@]我真希望能进到城堡里去亲眼看看玛丽女王。[WAIT@]这附近没人知道她长什么样子，但我敢肯定她的美丽足以让所有人为之倾倒。
DIALOGUE_MAGICANT_MABEL_SPEAKER_Mabel,Mabel,Mabel,Mabel,マーベル,메이블,Mabel,Mabel,Mabel,Mabel,Mabel,Мейбл,Мейбл,梅布尔
DIALOGUE_MAGICANT_MEG_0,[@]I'm so embarrassed...[WAIT@]I wish I could just crawl into a hole.,[@]Je suis tellement gênée...[WAIT@]J'aimerais pouvoir me terrer dans un trou.,"[@]Che imbarazzo...[WAIT@]Se potessi, mi seppellirei seduta stante.",[@]はずかしすぎて・・・[BR]あなが　あったら　はいりたいですわ。[WAIT@]もし　あったら　だけどね。,[@]으으... 창피해라.[WAIT@]당장 어디 쥐구멍에라도 숨고 싶어...,[@]Estoy tan avergonzada...[WAIT@]Desearía poder esconderme en un agujero.,"[@]¡Qué vergüenza!
[WAIT@]¡Tierra, trágame!",[@]Estou tão envergonhada...[WAIT@]Eu queria me enfiar num buraco.,[@]Tak mi wstyd...[WAIT@]Aż chciałabym zapaść się pod ziemię.,"[@]Ich bin so peinlich ...[WAIT@]Ich wünschte, ich könnte mich in einem Loch im Erdboden verkriechen.","[@]Ах, как стыдно...[WAIT@]Будь земля мягкой, я бы с радостью в неё провалилась...",[@]Мені так ніяково...[WAIT@]Хочу залізти у якусь нору та не виходити...,[@]太难为情了…[WAIT@]我想找个地洞钻进去。
DIALOGUE_MAGICANT_MEG_SPEAKER_Meg,Meg,Meg,Meg,メグ,메그,Meg,Meg,Meg,Meg,Meg,Мэг,Мег,梅格
DIALOGUE_MAGICANT_MIMICKER_0,[@]I am the Mysterious Mimicker.[WAIT@]Do you want to hear my impression?,[@]Je suis le mystérieux imitateur.[WAIT@]Tu veux une petite démonstration ?,[@]Sono l'Imitatore Misterioso.[WAIT@]Vuoi vedermi all'opera?,[@]ぼくは　しんぴの　ものまねたつじん。[WAIT@]ものまね　きいてみる？,[@]난 신비로운 모방자란다.[WAIT@]내 모방 실력 한번 볼래? 너무 똑같아서 깜짝 놀랄 거다.,[@]Soy el Imitá-Fono.[WAIT@]¿Quieres escuchar mi imitación?,"[@]Soy el mimo misterioso.
[WAIT@]¿Quieres escuchar mi imitación?",[@]Eu sou o Mímico Misterioso.[WAIT@]Gostaria de ouvir uma imitação?,"[@]Jestem Tajemniczym Naśladowcą.[WAIT@]Czy chcesz usłyszeć, jak kogoś przedrzeźniam?",[@]Ich bin der Mysteriöse Nachahmer.[WAIT@]Willst du eine Kostprobe meiner Darbietung?,[@]Я мастер подражания.[WAIT@]Хочешь убедиться?,[@]Я — Загадковий імітатор.[WAIT@]Хочеш побачити демонстрацію мого таланту?,[@]我是神秘的模仿者。[WAIT@]你想听听我的模仿秀吗？
DIALOGUE_MAGICANT_MIMICKER_0-OPT_0,Yes,Oui,Sì,はい,네,Sí,Sí,Sim,Tak,Ja,Да,Так,是
DIALOGUE_MAGICANT_MIMICKER_0-OPT_1,No,Non,No,いいえ,아니오,No,No,Não,Nie,Nein,Нет,Ні,否
DIALOGUE_MAGICANT_MIMICKER_SPEAKER_Jackie,Jackie,Jackie,Jackie,ジャッキー,재키,Jackie,Jackie,Jackie,Jackie,Jackie,Джеки,Джекі,杰基
DIALOGUE_MAGICANT_MONKEY_0,"[@]You query if I am a non-singing monkey.[WAIT@]Of course I am.[WAIT@]Normal monkeys don't sing.[WAIT@]So, any questions?","[@]Tout à fait, je suis un singe non chantant.[WAIT@]Enfin, normalement les singes ne chantent pas, de toute façon.[WAIT@]Tu as une question ?",[@]Mi chiedi se sono una scimmia che non canta?[WAIT@]Ovvio che lo sono.[WAIT@]Le scimmie non cantano.[WAIT@]Hai altre domande?,[@]おれは　うたわないサルだ。[WAIT@]そりゃあそうさ。[WAIT@]ふつうサルってのは　うたわないもんだ。[WAIT@]しつもんは　あるか？,"[@]내가 노래하지 않는 원숭이인지 묻는 거니, 끼?[WAIT@]물론 맞아, 끼.[WAIT@]보통 원숭이는 노래하지 않거든, 끼.[WAIT@]그래서, 질문이라도 있니, 끼?","[@]¿Que si soy un mono que no canta?...[WAIT@]Por supuesto que lo soy.[WAIT@]Los monos normales no cantan.[WAIT@]Bueno, ¿tienes alguna pregunta?","[@]¿Que si soy un mono que no canta...?
[WAIT@]¡Pues claro!
[WAIT@]Los monos no cantan.
[WAIT@]En fin, ¿tienes alguna pregunta?","[@]Se eu sou um macaco não-cantor?[WAIT@]Ora, é claro que sou.[WAIT@]Macacos normais não cantam.[WAIT@]Mais alguma pergunta?","[@]Zastanawiasz się, czy jestem małpą nieśpiewającą.[WAIT@]Oczywiście, że tak.[WAIT@]Zwykłe małpy nie śpiewają.[WAIT@]Jakieś pytania?","[@]Ich frag mich, ob ich ein nicht-singender Affe bin.[WAIT@]Natürlich bin ich das.[WAIT@]Normale Affen singen nicht.[WAIT@]So, weitere Fragen?","[@]Ты хочешь узнать, не пою ли я?[WAIT@]Конечно, не пою.[WAIT] Ведь обезьяны, как известно, не поют.[WAIT@]Ещё какие-то вопросы?","[@]Цікавишся, чи вмію я співати?[WAIT@]Звісно, не вмію.[WAIT@]Всім відомо, що звичайні мавпочки не співають.[WAIT@]Ще є питання?",[@]你问我是不是一只不会唱歌的猴子？[WAIT@]那当然了。[WAIT@]正常的猴子都不会唱歌。[WAIT@]所以，还有什么问题吗？
DIALOGUE_MAGICANT_MONKEY_0-OPT_0,Yes,Oui,Sì,はい,응,Sí,Sí,Sim,Tak,Ja,Да,Так,是
DIALOGUE_MAGICANT_MONKEY_0-OPT_1,No,Non,No,いいえ,아니,No,No,Não,Nie,Nein,Нет,Ні,否
DIALOGUE_MAGICANT_MONKEY_1,[@]Anyhow... questions are so ridiculous.,[@]Je suis sûr que c'est une question stupide.,"[@]Vabbè... le domande sono così stupide, tanto.",[@]ぐもんだね・・・どうせ。,"[@]아무튼...그것 참 우스운 질문이네, 끼.",[@]En cualquier caso... las preguntas son ridículas.,[@]En cualquier caso... las preguntas son estúpidas.,[@]De qualquer forma... perguntas são ridículas.,[@]Tak czy siak... pytania są takie absurdalne.,[@]Jedenfalls ... sind Fragen so lächerlich.,[@]Вообще... что за дурацкие вопросы.,"[@]Яке це, все-таки, безглузде питання...",[@]不管怎样…这些问题实在是有点招笑。
DIALOGUE_MAGICANT_MONKEY_2,"[@]Good, I worried that you would ask a difficult one.[WAIT@]You look very much like Queen Mary.[WAIT@]I wonder why?","[@]Pfiou, je suis soulagé.[WAIT@]Je craignais que tu me demandes un truc compliqué.[WAIT@]Dis, tu ressembles pas mal à la reine Mary.[WAIT@]Je me demande pourquoi.","[@]Meno male, temevo mi avresti fatto una domanda difficile.[WAIT@]Somigli parecchio alla Regina Mary.[WAIT@]Chissà perché.",[@]よかった。[WAITBR]つっこんだ　しつもんをされたら[BR]どうしようと　おもってたんだ。[BR][WAIT@]それにしても　おまえ　クイーンマリーに[BR]かおが　にてるなぁ。[BR][WAIT@]どうしてだろ。,"[@]다행이야, 어려운 걸 물어볼까 봐 걱정했거든, 끼.[WAIT@]넌 메리 여왕님을 아주 많이 닮았어, 끼.[WAIT@]어째서일까, 끼?","[@]Bien, temía que me hicieras una difícil.[WAIT@]Te pareces mucho a la reina Mary.[WAIT@]¿Por qué será?","[@]Menos mal, pensaba que me ibas a hacer una pregunta difícil.
[WAIT@]Te das un aire a la reina Mary.
[WAIT@]¿Por qué será?","[@]Ufa, achei que você ia fazer uma pergunta difícil.[WAIT@]Você se parece bastante com a Rainha Mary.[WAIT@]Por que será?","[@]To dobrze, bo jeszcze zadałbyś mi jakieś trudne.[WAIT@]Wyglądasz bardzo podobnie do Królowej Mary.[WAIT@]Ciekawe dlaczego?","[@]Gut, ich hab schon befüchtet, dass du was Schwieriges stellen wirst.[WAIT@]Du siehst Königin Mary sehr ähnlich.[WAIT@]Ich frag mich warum.","[@]Фух, а то я боялась, что ты мне какой-то сложный задашь.[WAIT@]Кстати, ты сильно похож на королеву Мэри.[WAIT@]Интересно почему...","[@]Чудово. Я вже злякалась, що ти запитаєш щось важке.[WAIT@]Ти, до речі, дуже схожий на королеву Мері.[DELAY] Чому ж це?",[@]太好了，我还生怕你问出什么刁钻难题。[WAIT@]不过你长得非常像玛丽女王。[WAIT@]真奇怪，这到底是为什么？
DIALOGUE_MAGICANT_MONKEY_SPEAKER,Monkey,Singe,Scimmia,サル,원숭이,Mono,Mono,Macaco,Małpa,Nicht-singender Affe,Обезьянка,Мавпочка,小猴子
DIALOGUE_MAGICANT_OCARINAGUY_1,"[@]Great news![D] The Ocarina of Hope is finally completed! 
[W@]I would give it to you,[D:4] but I already had it delivered to Queen Mary by one of the Flying Men.
[W@]I heard she wants to give it to a special someone...[D][BR]I wonder who?
","[@]Bonne nouvelle ![D] L'Ocarina de l'Espoir est enfin fini! [W@]Je vous le donnerais bien, [D:4]mais je l'ai déjà fait livrer à la reine Mary par un Flying Man. [W@]Apparement, elle veut le donner à quelqu'un de spécial...[D][BR]Je me demande qui? ","[@]Appena in tempo. 
[WAIT@]L'Ocarina della speranza è completa![WAIT@]Te la darei,[D:4] ma l'ho già fatta consegnare alla Regina Mary da uno dei Flying Man.[W@]Ho saputo che vuole consegnarla a una persona speciale...[D][BR]Chi sarà?",[@]いい　しらせだぞ！[D][BR]きぼうのオカリナが　やっとできたんだ！[WAIT@]きみに　あげたいところだが・・・[BR]ちょうど　フライングマンが[BR]クイーンマリーに　とどけに　いったところだ。[W@]たいせつな　だれかへの[BR]プレゼント　だそうだけど・・・[D][BR]いったい　だれなんだろう？,"[@]적절하게 와줬군, 소년.[WAIT@]희망의 오카리나가 드디어 완성되었다![WAIT@]네게 주고 싶지만,[D:4] 진작 플라잉맨 중 하나가 메리 여왕님께 전달하러 갔거든.[W@]풍문으로는 특별한 누군가에게 주고 싶어 하신다는데...[D][BR]과연 오카리나의 주인공은 누구려나?","[@]¡Buenas noticias![D] La Ocarina de la esperanza está terminada! 
[WAIT@]Te la daría[D:4] pero ya se la envié a la reina Mary a través de un Flying Man.
[WAIT@]Escuché que quería dársela a alguien especial...[D][BR]¿pero a quién?
","[@]¡Buenas noticias![D] ¡La Ocarina de la esperanza está terminada!
[WAIT@]Te la daría,[D:4] pero ya he mandado a uno de los Hombres Voladores a que se la entregue a la reina Mary.
[WAIT@]He oído que quiere dársela a alguien especial...[D][BR]¿Quién será?","[@]Boas notícias![WAIT@]A Ocarina da Esperança finalmente está completa![WAIT@]Eu até daria ela para você,[DELAY:4] mas acabei de entregá-la à Rainha Mary por meio de um dos Homens Voadores.[W@]Eu ouvi que ela quer entregá-la para alguém especial...[D][BR]Quem será que é?","[@]Świetne wieści![D] Okaryna Nadziei jest wreszcie gotowa!
[W@]Chciałbym ci ją dać,[D:4] ale jeden z Latających Panów już ją dostarczył Królowej Mary.
[W@]Słyszałem, że chce ją podarować komuś wyjątkowemu...[D][BR]Ciekawe komu?
","[@]Wunderbare Nachrichten![D] Die Okarina der Hoffnung ist endlich fertig![WAIT@]Ich würde sie dir ja geben,[D:4] aber ich hab sie bereits von einem Fliegenden Mann an Königin Mary liefern lassen.
[W@]Angeblich will sie die jemand ganz besonderen schenken ...[D][BR]Ich frag mich nur, wer das ist?","[@]Можешь меня поздравить! [D]Я наконец-то доделал окарину Надежды.[W@]Так бы я тебе отдал, но я уже попросил полётчика отнести окарину к королеве.[W@]Я слышал, она подарит её кому-то особому.[D][BR]Интересно кому?","[@]Чудові новини![D] Окаріна надії нарешті готова!
[W@]Я віддав би її тобі,[D:4] але я вже попросив одного з Льотчиків доставити її королеві Мері.
[W@]Я чув, що вона хоче подарувати цю окарину комусь особливому...[D] цікаво, кому ж?",[@]好消息！[D]希望之笛终于完成了！[W@]我本来是打算送给你的，[BR][D:4]不过我已经让飞人送去给玛丽女王了。[W@]听说她要送给某个特别的人…[D][BR]会是谁呢？
DIALOGUE_MAGICANT_OCARINAGUY_2,"[@]I see Queen Mary has given you the Ocarina of Hope.
[W@]It's one of a kind, so cherish it well.
","[@]Je vois que la reine Mary vous a confié L'Ocarina de l'Espoir. [W@]Il est unique, prenez-en soin.","[@]Quindi, la regina Mary ti ha donato l'Ocarina della speranza.
[W@]Conservala con cura, perché è unica al mondo.",[@]クイーンマリーから　きぼうのオカリナを[BR]もらったそうだな。[W@]このせかいで　たったひとつしか　ないものだ。[D][BR]たいせつに[D:3]　な。,"[@]메리 여왕님께서 네게 희망의 오카리나를 하사하셨군.[W@]세상에 단 하나뿐인 물건이니, 소중히 간직해라!","[@]Veo que la reina Mary te ha dado la Ocarina de la esperanza.
[W@]Es invaluable, así que cuídala bien.
","[@]Veo que la reina Mary te ha entregado la Ocarina de la esperanza.
[W@]Es única en el mundo, así que cuídala bien.","[@]Estou vendo que a Rainha Mary te deu a Ocarina da Esperança.
[W@]Ela é única, então cuide bem dela.
","[@]Widzę, że królowa Mary podarowała ci Okarynę Nadziei.
[W@]To jedyny w swoim rodzaju unikat, więc dobrze o nią zadbaj.
","[@]Ich sehe Königin Mary hat die Okarina der Hoffnung dir überlassen.[W@]Sie ist die einzige ihrer Art, also schätze sie gut.","[@]Королева подарила тебе окарину Надежды?
[W@]Ты её береги, таких на свете больше нет.","[@]Бачу, королева Мері подарувала тобі Окарину надії.
[W@]Бережи її як зіницю ока.[D:3] Вона єдина у своєму роді.",[@]看来玛丽女王已经把希望之笛交给你了。[W@]它举世无双且独一无二，所以请好好珍惜吧。
DIALOGUE_MAGICANT_OCARINAGUY_SPEAKER_Stan,Stan,Stan,Stan,スタン,스탠,Stan,Stan,Stan,Stan,Stan,Стэн,Стен,斯坦
DIALOGUE_MAGICANT_OLDMAN_0,[@]I heard your cries and came here.[WAIT@]I can assist you with your financial issues.[WAIT@]Do you need help with money?,[@]J'ai entendu ton cri du cœur.[WAIT@]Je suis là pour te porter assistance en cas de problème financier.[WAIT@]As-tu besoin d'aide pour gérer ton budget ?,[@]Ho sentito che avevi bisogno di aiuto.[WAIT@]Posso risolvere i tuoi problemi finanziari.[WAIT@]Ti serve aiuto per gestire i soldi?,[@]わしをよんだな？[WAIT@]さては　おかねをひきだせずに　こまっているな。[WAIT@]たすけが　ひつようか？,"[@]당신의 울음소리를 따라왔습니다. \n당신의 재정 문제를 도와드릴 수도 있는데,[WAIT@]도움이 필요하신가요?",[@]He oído tus súplicas y he venido aquí.[WAIT@]Puedo ayudarte con tus problemas financieros.[WAIT@]¿Necesitas ayuda para gestionar tu dinero?,"[@]He escuchado tus súplicas y he venido hasta aquí.
[WAIT@]Puedo ayudarte con tus asuntos financieros.
[WAIT@]¿Necesitas ayuda para gestionar tu dinero?",[@]Eu ouvi as suas preces e vim até aqui.[WAIT@]Posso te auxiliar com seus problemas financeiros.[WAIT@]Precisa de ajuda com dinheiro?,[@]Usłyszałem twoje prośby i przybyłem tu.[WAIT@]Mogę cię wspomóc w problemach finansowych.[WAIT@]Potrzebujesz pomocy z pieniędzmi?,[@]Ich erhörte deinen Ruf und bin hergekommen.[WAIT@]Ich kann dir bei finanziellen Problemen helfen.[WAIT@]Brauchst du finanzielle Unterstützung?,"[@]Я услышал твою мольбу.[W@]Я помогу тебе решить твои денежные трудности.[W@]Желаешь ли ты, чтобы я тебе помог?",[@]Я почув твої благання і з’явився.[WAIT@]Я можу виручити тебе з фінансовими проблемами.[WAIT@]Тобі потрібна допомога з грошима?,[@]我听到了你的呼唤，于是赶了过来。[WAIT@]我可以帮你解决财务上的问题。[WAIT@]你需要金钱方面的帮助吗？
DIALOGUE_MAGICANT_OLDMAN_NOCARD,"[@]Ah, sorry. [D]It seems I cannot help you without your Cash Card. [W@]Did you perhaps leave it with someone?","[@]Ah, désolé. [D]Je ne peux rien faire si tu n'as pas ta Carte bancaire. [W@]Peut-être que tu l'as laissée à quelqu'un ?","[@]Mi dispiace. [D]Non posso aiutarti senza la tua Carta di debito. [W@]Per caso l'hai lasciata a qualcuno?
",[@]キャッシュカードを　もっていないようじゃの。[W@]だれかに　あずけでもしたか？,"[@]오, 죄송합니다만. [D]현금 카드가 없으면 도와드릴 수 없습니다. [W@]혹시 누군가에게 맡기셨습니까?","[@]Ah, lo siento. [D]Parece que no te puedo ayudar si no traes tu Tarjeta de crédito.
[W@]¿Quizá se la dejaste a alguien?","[@]Lo siento. [D]Parece que sin tu Tarjeta de crédito, no te puedo ayudar.
[W@]¿Es que se la has dejado a alguien?","[@]Oh, sinto muito. [D]Eu não posso ajudá-lo sem o seu Cartão. [W@]Por acaso, você não deixou ele com alguém?","[@]Ach, przepraszam. [D]Wygląda na to, że nie będę w stanie pomóc bez twojej Karty Kredytowej. [W@]Być może zostawiłeś ją u kogoś?","[@]Ach, entschuldige. [D]Offenkundig kann ich dir ohne deine Bankkarte nicht weiterhelfen. [W@]Hast du sie vielleicht bei jemandem vergessen?","[@]Ах, прости, но без твоей кредитной карты я не смогу тебе помочь.[W@]Ты её, видно, где-то оставил.","[@]Ох, вибач. [D]Якщо в тебе немає платіжної картки, то я не зможу тобі допомогти. [W@]Ти випадково не залишив її в когось?",[@]真抱歉，[D]看来没有你的金融卡，我可能帮不上你了。[W@]你是不是把它交给某个人了？
DIALOGUE_MAGICANT_OLDMAN_0-OPT_0,Yes,Oui,Sì,はい,네,Sí,Sí,Sim,Tak,Ja,Да,Так,是
DIALOGUE_MAGICANT_OLDMAN_0-OPT_1,No,Non,No,いいえ,아니오,No,No,Não,Nie,Nein,Нет,Ні,否
DIALOGUE_MAGICANT_OLDMAN_2,[@]Goodbye!,[@]Au revoir ! Sois prudent[LeadArt6].,[@]Alla prossima!,[@]もし　おかねに　こまることがあれば[BR]またわたしを　よぶがいい。,[@]그럼!,[@]¡Adiós!,[@]¡Adiós!,[@]Adeus!,[@]Do widzenia!,[@]Bis dann!,[@]Будь здоров!,[@]До побачення!,[@]再见咯！
DIALOGUE_MAGICANT_OLDMAN_SPEAKER_OldMan,Benevolent Old Man,Vieil homme serviable,Vecchio benevolo,おたすけじいさん,자혜로운 노인,Anciano Bondadoso,Anciano bondadoso,Velho Benevolente,Dobrotliwy Starzec,Gütiger alter Mann,Великодушный старец,Доброзичливий старець,善心老者
DIALOGUE_MAGICANT_PETER_0,"[@]Oh! What strange clothing you have![WAIT@]Surely monsters will come after you while you’re dressed up like that.[WAIT@]The other day, my daughter went out wearing something very flashy...[WAIT@]When she came home, she was covered in Magic Snail slime!","[@]Waouh, tu portes vraiment des habits étranges.[WAIT@]Tu vas attirer les monstres en étant habillé[LeadArt6] de manière si colorée ![WAIT@]L'autre jour, ma fille est sortie alors qu'elle portait des vêtements trop criards...[WAIT@]Quand elle est revenue, elle m'a raconté que des Magiscargots n'arrêtaient pas de la poursuivre !","[@]Oh! Che abiti curiosi che indossi![WAIT@]Di sicuro ti verranno incontro i mostri così.[WAIT@]L'altro giorno, mia figlia è uscita con dei vestiti molto vistosi...[WAIT@]È rientrata ricoperta di bava di Lumagica!",[@]ありゃりゃ。かわったふくを　きているな　おめぇ。[BR][WAIT@]そんなにめだつふくを　きてると[BR]まものが　よってくるだよ。[WAIT@]それはそうと　せんじつむすめが　キラキラのふくをきて　でかけていったとき・・・[WAIT@]マジカスネイルの　ねんえきにつつまれて[BR]べとべとになって　かえってきただよ！,"[@]오, 특이한 옷을 입고 있군요.[WAIT@]그렇게 입고 다니면 몬스터들이 쫓아올 텐데요.[WAIT@]얼마 전, 제 딸이 지금 당신이 입은 옷처럼 화려하게 꾸미고 집을 나섰죠.[WAIT@]집에 돌아왔을 때, 옷은 이미 매지컬 달팽이의 점액질과 하나가 되어 있었죠.","[@]¡Oh! ¡Que ropas tan raras tienes![WAIT@]Si es que estás vestido así, seguramente serás perseguido por los monstruos.[WAIT@]El otro día, mi hija salió con algo muy llamativo puesto...[WAIT@]Cuando volvió a la casa, ¡estaba cubierta en baba de Magicaracol!","[@]¡Oh! ¡Qué ropa tan curiosa!
[WAIT@]¡Vas a atraer a los monstruos si vas así vestid[LeadArt6]!
[WAIT@]El otro día, mi hija salió con un vestido muy llamativo...
[WAIT@]Cuando volvió a casa, ¡estaba perdida de baba de Magicaracol!","[@]Oh! Mas que roupas estranhas![WAIT@]Desse jeito, os monstros ficarão indo atrás de você.[WAIT@]Outro dia, a minha filha saiu vestindo roupas bem espalhafatosas...[WAIT@]Quando voltou para casa, ela estava toda coberta de gosma de Caramujo Mágico!","[@]Och! Jakie masz dziwne ubranie![WAIT@]Taki ubiór z pewnością przyciągnie do ciebie potwory.[WAIT@]Pewnego dnia, moja córka wyszła z domu ubrana w coś krzykliwego...[WAIT@]Kiedy wróciła, była cała w ślimaczym śluzie!",[@]Oje! Welch seltsame Kleidung [if party:plural]ihr tragt[else]du trägst[/if]![WAIT@]Sicherlich werden dadurch nur Monster aufmerksam auf [if party:plural]euch[else]dich[/if].[WAIT@]Letztens erst ging meine Tochter raus mit etwas sehr Auffälligem ...[WAIT@]Als sie nach Hause kam war sie voller Magischneck-Schleim!,[@]Ну и чудной на тебе наряд![WAIT@]В таком виде ты точно будешь приманивать всяких чудищ.[WAIT@]Пару дней тому назад моя дочка вышла погулять в ярком платье...[WAIT@]И что бы ты думал?[WAIT@]Домой она пришла вся в слизи от волшебной улитки!,"[@]Ох! Ну і дивний у тебе одяг![WAIT@]За тобою напевно поженуться монстри, якщо ти так вирядився.[WAIT@]Нещодавно моя донька вийшла на вулицю, пістряво одягнувшись...[WAIT@]Коли вона повернулася, вона була вкрита слизом чарівних равликів!",[@]哦天！你的穿着看上去好奇怪！[WAIT@]衣服穿成这样出门，怪物肯定会找上你的。[WAIT@]前几天，我女儿穿了一身特别花哨的衣服出门…[WAIT@]结果回到家时，浑身沾满了魔法蜗牛的黏液！
DIALOGUE_MAGICANT_PETER_SPEAKER_Peter,Peter,Peter,Peter,ピーター,페터,Peter,Peter,Peter,Peter,Piet,Питер,Пітер,彼得
DIALOGUE_MAGICANT_RUTH_0,"[@]This was gonna be a store for musical instruments.[WAIT@]But the ocarina we ordered never came, [DELAY:6]so now what?","[@]C'était censé être une boutique d'instruments de musique, ici.[WAIT@]Mais l'ocarina qu'on a commandé n'est jamais arrivé, [DELAY:6]alors qu'est-ce qu'on fait maintenant ?",[@]Questo sarebbe dovuto essere un negozio di strumenti musicali.[WAIT@]Però non è mai arrivata l'ocarina che abbiamo ordinato... [DELAY:6]Come facciamo adesso?,[@]ここは　がっきやに　なるはず　だったんだ。[WAIT@]でも　ちゅうもんした　オカリナが[BR]ぜんぜん　こないから[DELAY:6][BR]もう　あきらめたーっと。,"[@]여기는 악기 가게가 될 예정이었어요.[WAIT@]그런데 주문한 오카리나가 아직 하나도 오지 않았는데, [DELAY:6]왜 그럴까요?","[@]Esto iba a ser una tienda de instrumentos musicales.[WAIT@]Pero la ocarina que pedimos nunca llegó, [DELAY:6]¿y ahora qué?","[@]Esto iba a ser una tienda de instrumentos musicales.
[WAIT@]Pero la ocarina que pedimos nunca llegó, [DELAY:6]¿y ahora qué hacemos?",[@]Aqui seria uma loja de instrumentos musicais.[WAIT@]Mas a ocarina que encomendamos nunca chegou... [DELAY:6][BR]o que faremos agora?,"[@]To miał być sklep z instrumentami muzycznymi.[WAIT@]Zamówiona przeze mnie okaryna nigdy jednak nie dotarła, [DELAY:6]więc co teraz pocznę?","[@]Das hier sollte ein Fachgeschäft für Musikinstrumente werden.[WAIT@]Aber die Okarina, die wir bestellt haben, ist nie angekommen, [DELAY:6]also was nun?","[@]Здесь планировался музыкальный магазин.[WAIT@]Только вот мы заказали окарину, а её так и не доставили, [DELAY:6]так что какой смысл...",[@]Цей магазин мав продавати музичні інструменти. Але замовлена нами окарина так і не прийшла... [DELAY:6]Що ж тепер?,[@]这里本来要开一家乐器店的。[WAIT@]可我们订购的那批陶笛一直没到货，[DELAY:6]这下可怎么办？
DIALOGUE_MAGICANT_RUTH_SPEAKER_Ruth,Ruth,Ruth,Ruth,ルース,룻,Ruth,Ruth,Ruth,Ruth,Ruth,Рут,Рут,露丝
DIALOGUE_MAGICANT_SCOUT_SPEAKER_Scout,Scout,Sentinelle,Esploratore,ていさつへい,정찰병,Centinela,Centinela,Sentinela,Zwiadowca,Kundschafter,Разведчик,Розвідник,侦察员
DIALOGUE_MAGICANT_SCOUT1,[@]Queen Mary's fountain is amazing![WAIT@]One touch of its water and I regained my entire strength!,[@]La fontaine de la reine Mary est vraiment incroyable ![WAIT@]Il m'a suffi de toucher l'eau pour regagner toutes mes forces !,[@]La fontana della Regina Mary è davvero incredibile![WAIT@]Mi è bastato toccare l'acqua per recuperare tutte le mie forze!,[@]クイーンマリーのいずみは　すごい！[WAIT@]みずをすこし　さわるだけで　たいりょくが　もとにもどるんだ。,"[@]여왕님의 분수는 정말 대단하군![WAIT@]겉보기엔 조금 특별해 보이는 물일 뿐인데, 손 한번 씻으면 온몸에 활력이 돋다니!","[@]¡La fuente de la reina Mary es increíble![WAIT@]¡Con solo un toque de su agua, recuperé todas mis fuerzas!","[@]¡La fuente de la reina Mary es increíble!
[WAIT@]¡Con solo tocar el agua, he recuperado todas mis fuerzas!",[@]A fonte da Rainha Mary é incrível![WAIT@]Só encostei na água e recuperei toda a minha força!,"[@]Fontanna Królowej Mary jest niesamowita![WAIT@]Wystarczył jeden dotyk jej wody, abym natychmiast odzyskał swoje siły!",[@]Der Königinnenbrunnen ist unglaublich![WAIT@]Eine Berührung mit dem Wasser und ich bin wieder voller Energie!,[@]Фонтан Мэри — диво дивное![WAIT@]Лишь разок коснулся воды — и я снова полон сил!,"[@]Фонтан королеви Мері — справжнє чудо![WAIT@]Я відновив усі сили, лише доторкнувшись до його води!",[@]玛丽女王喷泉真是太神奇了！[WAIT@]只要沾上一点点泉水，我就立刻恢复了全部的力气！
DIALOGUE_MAGICANT_SCOUT2_0,"[@]You look lost.[WAIT@]I'd advise you to seek help from the Queen, but she has too much to worry about right now.","[@]Tu as l'air perdu[LeadArt6].[WAIT@]Je t'aurais bien conseillé[LeadArt6] de demander l'aide de la reine, mais elle est beaucoup trop préoccupée en ce moment.","[@]Ti sei perso?[WAIT@]Ti direi di chiedere aiuto alla Regina, ma ha molto a cui pensare al momento.",[@]どこへいけばいいのか　まよっているかおですね。[WAIT@]クイーンに　きいてみれば　わかるとおもうよ[BR]いろいろと　さいきん　なやんでるみたいだけど。　,"[@]길을 잃으셨나요?[WAIT@]여왕님께 도움을 청하는 게 좋겠지만, 지금 여왕님께선 신경 써야 할 것이 한두 개가 아니라서 말이죠.","[@]Pareces perdido.[WAIT@]Te aconsejaría que pidieras ayuda a la reina, pero ahora mismo tiene demasiadas preocupaciones.","[@]Pareces perdid[LeadArt6].
[WAIT@]Te diría que le pidieras ayuda a la reina, pero ahora mismo está muy ocupada.","[@]Você parece perdido.[WAIT@]Eu até falaria para buscar ajuda da Rainha, mas ela já tem muita coisa para se preocupar.","[@]Wyglądasz na zagubionego.[WAIT@]Poradziłbym ci spytać o pomoc Królową, ale ma teraz tyle na głowie.","[@]Du siehst verloren aus.[WAIT@]Ich würde dir den Rat geben, die Königin um Hilfe zu bitten. Doch sie trägt zur Zeit viele eigene Sorgen.","[@]Выглядишь растерянно.[WAIT@]Я бы посоветовал обратиться за помощью к королеве, только у неё сейчас забот немерено.","[@]Здається, ти заблукав.[WAIT@]Я б порадив тобі піти за допомогою до королеви, але у неї зараз повно турбот.",[@]你看起来迷路了。[WAIT@]我本来想建议你去向女王求助的，但是她眼下已是忧心忡忡、分身乏术。
DIALOGUE_MAGICANT_SCOUT2_1,"[@]You wish to return to your world?[WAIT@]I don't know where you're from, but there are a great many holes east of town.[WAIT@]If you [color]stay as still as possible[/color], an otherworldly sound can be heard from one of them.[WAIT@]Just [color]follow the source of the sound[/color] and you'll find it.[WAIT@]Then toss $10 in there, and the path forward shall be revealed.[WAIT@]If you need [color]money[/color], you can seek the Benevolent Old Man for help.[WAIT@]Simply give a [color]thoughtful[/color] prayer to the [color]fountain[/color], and he will offer you his aid.
","[@]Tu veux retourner dans ton monde ?[WAIT@]Je ne sais pas d'où tu viens, mais à l'est du village se trouve l'Île aux puits.[WAIT@]Si tu restes [color]complètement immobile[/color], tu entendras le [color]son d'un autre monde[/color] s'élever de l'un des puits.[WAIT@][color]Suis la source du son[/color] et tu le trouveras.[WAIT@]Ensuite, jette 10 $ dedans, et le chemin se révèlera à toi.[WAIT@]Si tu as besoin [color]d'argent[/color], va demander de l'aide au Vieil homme serviable. [WAIT@]Assures toi juste de prier [color]sincèrement[/color] à la [color]fontaine[/color], et il t'offrira son aide.","[@]Vuoi tornare nel tuo mondo?[WAIT@]Non so da dove tu provenga, ma ci sono molte buche a est della città.[WAIT@]Se stai [color]il più immobile possibile[/color], dovresti sentire da una di loro un suono da un altro mondo.[WAIT@][color]Segui la fonte del suono[/color] e troverai la buca giusta.[WAIT@]Poi gettaci dentro $10 e la strada si rivelerà davanti a te.[WAIT@]Se hai bisogno di [color]soldi[/color], chiedi al Vecchio benevolo.[WAIT@]Ti basterà pregare alla [color]fontana[/color] [color]dal profondo del cuore[/color] e ti aiuterà.",[@]もとのせかいに　もどりたいのかい？[WAIT@]まちのひがしには　えらいかずのいどが　あるから　いってみるといい。[WAIT@]いどのまえで　[color]たちどまってみれば[/color][DELAY]　そのうちひとつから　このよのものとはおもえない　なぞのおとがきこえるはずだ。[WAIT@]そのおとをたどれば　でぐちもみつかるさ。[WAIT@]もちろんそのまえに　１０ドルを　なげいれるひつようは　あるがね。[WAIT@][color]おかね[/color]が　ひつようならば　おたすけじいさんを　よんでみるといい。[WAIT@]いずみのまえで　[color]こころから　いのれば[/color]　たすけてくれるはずさ・・・,"[@]원래 세계로 돌아가고 싶으신가요?[WAIT@]원래 세계라는 것이 어딘지 모르겠지만, 동쪽으로 가면 수많은 우물이 있습니다.[WAIT@]그중 하나는 가만히 있으면 다른 세계의 소리가 흘려들어 옵니다.[WAIT@]만약 [color]돈[/color]이 필요하다면, 자혜로운 노인에게 도움을 요청해 보세요. [WAIT@][color]분수[/color]에게 [color]진정성있는[/color] 기도를 하면, 분명 도와주실 거예요.","[@]¿Deseas volver a tu mundo?[WAIT@]No sé de dónde vienes, pero hay muchos pozos al este de la ciudad.[WAIT@]Si te quedas [color]lo más quieto posible[/color], podrás oír el sonido del otro mundo desde uno de ellos.[WAIT@]Sólo [color]sigue el sonido[/color] y encontrarás la salida.[WAIT@]Después, arroja $10 y podrás ver el camino.[WAIT@]Si necesitas [color]dinero[/color], busca al Anciano Bondadoso.[WAIT@]Dirígete a la [color]fuente[/color], y rézale [color]desde el fondo de tu corazón[/color]. Solo así te ayudará.","[@]¿Deseas volver a tu mundo?
[WAIT@]No sé de dónde vienes, pero hay muchos pozos al este de la ciudad.
[WAIT@]Si te quedas [color]completamente inmóvil[/color], podrás oír el sonido del otro mundo desde uno de ellos.
[WAIT@][color]Guíate por ese sonido[/color], y encontrarás la salida.
[WAIT@]Después, arroja 10 $ y se te mostrará el camino.
[WAIT@]Si necesitas [color]dinero[/color], busca al anciano bondadoso.
[WAIT@]Dirígete a la [color]fuente[/color], y rézale [color]desde tus adentros[/color]. Solo así te ayudará. ","[@]Você deseja voltar para o seu mundo?[WAIT@]Eu não sei de onde você é, mas existe uma porção de poços à leste da cidade.[WAIT@]Se você [color]ficar bem paradinho[/color], dá pra ouvir um som de outro mundo vindo de um deles.[WAIT@]Basta [color]seguir a origem do som[/color] e você irá encontrá-lo.[WAIT@]Então, jogue $10 dentro dele, e o caminho surgirá.[WAIT@]Se precisar de [color]dinheiro[/color], peça ao Velho Benevolente. [WAIT@]É só fazer uma súplica [color]do fundo do coração[/color] perto da [color]fonte[/color] que ele aparecerá para te auxiliar.","[@]Chcesz wrócić do swojego świata?[WAIT@]Nie wiem skąd jesteś, ale na wschód od miasta jest od groma dziur.[WAIT@]Jeżeli [color]staniesz w zupełnym bezruchu[/color], usłyszysz jak jedna z nich wydaje odgłos nie z tego świata.[WAIT@]Po prostu [color]podążaj za tym dźwiękiem[/color], a ją znajdziesz.[WAIT@]Wrzuć tam $10, a droga naprzód zostanie ujawniona.[WAIT@]Jeśli potrzebujesz [color]pieniędzy[/color], możesz poprosić o pomoc Dobrotliwego Starca.[WAIT@]Wystarczy, że zwrócisz się do [color]fontanny[/color] z [color]głęboką[/color] modlitwą, a on zaoferuje ci swoją pomoc.
","[@]Du willst in deine eigene Welt zurück?[WAIT@]Ich weiß nicht woher du kommst, aber östlich von der Stadt gibt es viele große Löcher.[WAIT@]Wenn du so [color]still wie möglich stehst[/color], kannst du den Klang einer anderen Welt hören.[WAIT@][color]Folge der Quelle des Klangs[/color] bis du sie gefunden hast.[WAIT@]Werfe dann einfach 10 $ hinein und der Pfad wird sich dir offenbaren.[WAIT@]Falls du [color]Geld[/color] brauchst, kannst du natürlich einen Gütigen alten Mann um Hilfe bitten. [WAIT@]Bete in [color]Gedanken[/color] einach zu dem großen [color]Brunnen[/color], und er wird dir helfen.","[@]Хо[if party:plural]тите[else]чешь[/if] вернуться в свой мир?[W@]Не знаю, откуда [if party:plural]вы[else]ты[/if], но на востоке от города несчитанное множество колодцев.[W@]Если буде[if party:plural]те[else]шь[/if] [c]стоять неподвижно[/c], то услыши[if party:plural]те[else]шь[/if] потусторонний гул из одного колодца.[W@]Хорошенько [color]прислушай[if party:plural]тесь[else]ся[/if] и следуй[if party:plural]те[/if] за ним[/color] — он [if party:plural]вас[else]тебя[/if] и приведёт к нужному колодцу.[W@]Затем брось[if party:plural]те[/if] в него 10 $, и тогда откроется новый путь.[W@]Если вдруг нужны [c]деньги[/c], обрати[if party:plural]те[/if]сь к Великодушному старцу.[WAIT@]Просто встань[if party:plural]те[/if] возле фонтана, [c]собери[if party:plural]те[/if]сь с мыслями[/c] и помоли[if party:plural]те[/if]сь — и тогда он придёт на помощь.","[@]Бажаєш повернутися до свого світу?[WAIT@]Я не знаю звідки ти, але на сході від міста є купа дір.[WAIT@]Якщо [color]станеш зовсім нерухомо[/color], почуєш з однієї з них надприродній звук.[WAIT@]Всього лиш [color]слідуй за звуком[/color] і знайдеш її.[WAIT@]Потім кинь туди 10 $ і шлях вперед проявить себе.[WAIT@]Якщо тобі потрібні [color]гроші[/color], можеш звернутися до доброзичливого старця за допомогою.[WAIT@]Прочитай [color]вдумливу[/color] молитву перед [color]фонтаном[/color], та він надасть тобі свою підтримку.",[@]你想回到自己的世界？[WAIT@]我不知道你从哪儿来，但镇子东边有很多奇异洞口。[WAIT@]如果你[color]尽可能保持静止不动[/color]，就能从其中一个洞里听到异世界的声音。[WAIT@]只需[color]循着声音的源头[/color]找过去，你就能找到那个洞口。[WAIT@]然后往里面扔10美元，前方的路就会显现出来。[WAIT@]如果你需要[color]钱[/color]的话，可以去找善心老者帮忙。[WAIT@]只要向[color]喷泉[/color]献上[color]满怀诚意[/color]的祈祷，他就会伸出援手。
DIALOGUE_MAGICANT_SHELLPHONE,[@][PartyLead] picked up the shell phone.,[@][PartyLead] décroche le coquillophone.,[@][PartyLead] prende il conchigliafono.,[@][PartyLead]は　かいがらのでんわを　ひろった。,[@][PartyLead][LeadArt0] 소라고동을 집어 들었다.,[@][PartyLead] tomo el caracolófono.,[@][PartyLead] cogió el concháfono.,[@][PartyLead] pegou o conchafone.,"[@][PartyLead] odebrał muszlę.
",[@][PartyLead] nahm buchstäblich die Hörmuschel.,[@][PartyLead] взял трубку-ракушку.,[@][PartyLead] підняв мушлю-слухавку.,[@][PartyLead]拿起了海螺电话。
DIALOGUE_MAGICANT_SHOPKEEPER_0,"[@]What are you staring at?[WAIT@]I’m just like you![DELAY:6] I’m from the outside world![WAIT@]Just leave me some cash, then with the goods you can dash.[DELAY:6] Hee hee hee.","[@]Hé, psst ! Je suis comme toi ![DELAY:6] Je viens de l'autre monde ![WAIT@]En échange d'argent, je peux te procurer quelques reliques de Magicant.[DELAY:6] Hé hé hé !","[@]Che hai da guardare?[WAIT@]Sono come te![DELAY:6] Vengo dal mondo esterno![WAIT@]Lascia qui i contanti, non mi offendo se abbondanti.[DELAY:6] Hehehe.",[@]しーっ！[WAIT@]わたくしどもも　あなた[if party:plural]がた[/if]と　おなじように[BR]あっちの　せかいの　にんげんです。[BR][WAIT@]おかねさえ　いただければ[BR]マジカントの　すばらしいおみやげを[BR]わけて　さしあげますよ。[BR][WAIT@]ヒッヒッヒ。,[@]왜 그렇게 보시나요?[WAIT@]저도 당신처럼 똑같이 [DELAY:6]밖에서 왔어요![WAIT@]현찰 조금만 주시면 좋은 품질의 상품을 드리죠.,[@]¿Qué estás mirando?[WAIT@]¡Yo soy igualito a ti![DELAY:6] ¡Soy del mundo exterior![WAIT@]Sólo déjame dinero y con objetos te coopero.[DELAY:6] Ji ji ji.,"[@]¿Y tú qué miras?
[WAIT@]¡Soy como tú![DELAY:6] ¡Vengo del mundo exterior!
[WAIT@]Suelta la pasta, y te daré objetos hasta decir basta.[DELAY:6] Ji, ji, ji.","[@]Tá olhando o quê?[WAIT@]Eu sou como você![DELAY:6] Eu sou do mundo lá fora![WAIT@]Em troca de dinheiro, eu vou te oferecer algumas lembranças de Magicant.[DELAY:6] He he he.","[@]Co się tak gapisz?[WAIT@]Jestem jak ty![DELAY:6] Ze świata zewnętrznego![WAIT@]Sypnij ciut siana, a znajdzie się towar dla pana.[BR][DELAY:6]Che, che, che.","[@]Hey, pssst!?[WAIT@]Ich bin so wie du! [DELAY:6]Ich komme aus der Außenwelt![WAIT@]Lass mir gerne etwas Geld da und ich verkaufe dir ein paar Souvenire. [DELAY:6]Hehehe.","[@]Эй, пс-с-с![WAIT@]Я тоже из внешнего мира. [DELAY:6]Прямо как [if party:plural]вы[else]ты[/if]![WAIT@]В обмен на баблишко — покажу барахлишко.[DELAY:6] Хи-хи-хи.","[@]Ну, чого дивишся?[WAIT@]Я — такий же, як і ти![DELAY:6] Із зовнішнього світу![WAIT@]Залиш мені кишеню, і товарів отримаєш жменю.[DELAY:6] Хі-хі-хі.",[@]你盯着我看什么呢？[WAIT@]我跟你一样！[DELAY:6]我也是从外面的世界来的！[WAIT@]给我留点钱，你就能拿着东西跑路了，[DELAY:6]嘻嘻嘻。
DIALOGUE_MAGICANT_SHOPKEEPER_2,[@]Thank you very much.[WAIT@]Please visit us again.,[@]Merci. Bonne journée !,[@]Grazie mille.[WAIT@]Torna a trovarci.,[@]ありがとうございました。[WAIT@]また　ごりようください。[D][BR]ヒッヒッヒ。,[@]감사합니다.[WAIT@]또 방문해 주세요.,"[@]Por favor, visítanos de nuevo.","[@]¡Muchas gracias!
[WAIT@]¡Que tengas un buen día!","[@]Muito obrigado.[WAIT@]Por favor, volte sempre.",[@]Bardzo dziękujemy.[WAIT@]Zapraszamy ponownie.,[@]Vielen herzlichen Dank. Bitte komm bald wieder.,[@]Спасибо![WAIT@]Заглядывай[if party:plural]те[/if] ещё!,"[@]Дуже дякую.[WAIT@]Будь ласка, заходь ще.",[@]非常感谢你。[WAIT@]欢迎下次光临。
DIALOGUE_MAGICANT_SHOPKEEPER_COIN_SPEAKER,Moe,Moe,Moe,モー,모,Moe,Moe,Moe,Moe,Justus,Мо,Мо,莫伊
DIALOGUE_MAGICANT_SHOPKEEPER_PENDANT_SPEAKER,Larry,Larry,Larry,ラリー,래리,Larry,Larry,Larry,Larry,Peter,Ларри,Ларрі,拉里
DIALOGUE_MAGICANT_SHOPKEEPER_RING_SPEAKER,Curly,Curly,Curly,カーリー,컬리,Curly,Curly,Curly,Curly,Bob,Кёрли,Керлі,柯利
DIALOGUE_MAGICANT_SPOONGUY_SPEAKER_Dolph,Dolph,Dolph,Dolph,デルフィ,돌프,Dolph,Dolph,Dolph,Dolph,Dolph,Дольф,Дольф,多尔夫
DIALOGUE_MAGICANT_SPOONGUY1_0,"[@]I bent my spoon, and it's hard to use like this.[WAIT@]Boy, do you think you could somehow fix it for me?","[@]J'ai tordu ma cuillère et maintenant j'ai du mal à manger avec.[WAIT@]Dis, tu pourrais la redresser pour moi ?","[@]Ho piegato il mio cucchiaio, ed è difficile da usare così.[WAIT@]Pensi di potermelo aggiustare?",[@]スプーンを　まげちゃったら[BR]ごはんが　たべにくいや。[WAIT@]おにいちゃんもとに　もどせる？,[@]숟가락을 구부렸는데 사용하기가 어려워요.[WAIT@]혹시 고쳐줄 수 있나요?,"[@]Doblé mi cuchara, y es bastante difícil usarla así.[WAIT@]¿Te parece que podrías arreglarla de alguna manera?","[@]Se me ha doblado la cuchara, y ahora es un rollo comer con[BR]ella.
[WAIT@]Oye, ¿podrías arreglarla de alguna manera?",[@]Acabei entortando a minha colher e agora ficou difícil usá-la assim.[WAIT@]Será que você consegue consertá-la para mim?,"[@]Wygiąłem swoją łyżkę i teraz trudno mi jej używać.[WAIT@]Czy mógłbyś mi ją jakoś naprawić, chłopcze?","[@]Ich habe meinen Löffel verbogen und kann ihn nicht mehr nutzen.[WAIT@]Mein Junge, denkst du, du kannst ihn für mich irgendwie wieder zurechtbiegen?","[@]Я погнул ложку, и теперь я не смогу ей поесть...[WAIT@]Мальчик, ты можешь её разогнуть?","[@]Я погнув ложку, і тепер не можу користуватися нею.[WAIT@]Хлопчику, ти не міг би її полагодити?",[@]我的勺子弯了，这样真的很难用。[WAIT@]孩子，你觉得你能帮我想想办法把它修好吗？
DIALOGUE_MAGICANT_SPOONGUY1_0-OPT_0,Yes,Oui,Sì,はい,응,Sí,Sí,Sim,Tak,Ja,Да,Так,是
DIALOGUE_MAGICANT_SPOONGUY1_0-OPT_1,No,Non,No,いいえ,아니,No,No,Não,Nie,Nein,Нет,Ні,否
DIALOGUE_MAGICANT_SPOONGUY1_1,[@]Why not? [DELAY]You can fix it without using any physical effort! [DELAY]...Probably.,"[@]Hein, mais pourquoi ? [DELAY]Ça ne te demande aucun effort physique ¦ [DELAY]... Enfin, je crois.",[@]Perché no? [DELAY]Potresti sistemarlo senza muovere un dito! [DELAY]...Forse.,[@]どうしてぇ！？[BR][DELAY]きみなら　ちからを　つかわなくたって　スプーンまげできるよ！[DELAY]・・・たぶん。,[@]왜요? [DELAY]육체적인 노력 없이 충분히 할 수 있어요![DELAY] ...아마?,[@]¿Por qué no? [DELAY]¡La puedes arreglar sin esfuerzo físico! [DELAY]Probablemente...,[@]¿Por qué no? [DELAY]¡Si no te va a costar ningún esfuerzo físico! [DELAY]... Probablemente.,[@]Por que não? [DELAY]Você pode consertá-la sem nenhum esforço físico! [DELAY]...Eu acho.,[@]Dlaczego nie? [DELAY]Możnaby ją naprawić bez żadnego wysiłku fizycznego! [DELAY]...Najpewniej.,[@]Warum nicht? [DELAY]Du schaffst das doch ohne großen Aufwand! [DELAY]... Wahrscheinlich.,[@]Но почему? [DELAY]Ты ведь для этого даже пальцем можешь не шевелить![DELAY].. Наверное.,"[@]Чому ні? [DELAY]Ти ж можеш виправити її, не ворухнувши й пальцем! [DELAY]...Напевно.",[@]为什么不行呢？[DELAY]我看你根本不用费什么力气就能把它修好！[DELAY]…大概吧。
DIALOGUE_MAGICANT_SPOONGUY1_2,"[@]Please, fix it then.","[@]Allez, je t'en prie, vas-y.","[@]Aggiustalo allora, per favore.",[@]はやく　もどして。,[@]제발 고쳐주세요.,"[@]Arréglala entonces, por favor.","[@]Arréglala, entonces.","[@]Por favor, conserte-a então.","[@]Zatem proszę, napraw ją.",[@]Dann biege ihn bitte zurecht.,"[@]Тогда разогни, пожалуйста.","[@]Будь ласка, полагодь її.",[@]那就拜托你把它修好了。
DIALOGUE_MAGICANT_SPOONGUY1_3,[@]([Ninten] fixed the spoon with PSI-Power.),[@]([Ninten] utilise le pouvoir de la PSI pour réparer la cuillère.),[@]([Ninten] sistema il cucchiaio con il potere PSI.),[@]([Ninten]は　PSIのちからで[BR]スプーンを　もとに　もどしてやった。),[@]([Ninten][particle:Ninten:0] PSI-파워로 숟가락을 폈다.),[@]([Ninten] arregló la cuchara con poder-PSI.),[@]([Ninten] ha arreglado la cuchara con poder PSI.),[@]([Ninten] consertou a colher com poderes PSI.),[@]([Ninten] naprawił łyżkę używając Mocy PSI.),[@]([Ninten] bog den Löffel mit seiner PSI-Kraft zurecht.),[@](С помощью психокинеза [Ninten] выпрямил ложку.),"[@](Використавши психокінез, Нінтен полагодив ложку.)",[@]（[Ninten]使用了PSI力量把勺子复原了。）
DIALOGUE_MAGICANT_SPOONGUY1_4,"[@]Thanks a million![BR](Munch, munch...)[WAIT@]Hey, how would you like to spend the night here?","[@]Merci infiniment ![BR](Scronch scronch miam miam...)[WAIT@]Hé, ça te dirait de passer la nuit ici ?","[@]Grazie infinite![BR](Gnam, gnam...)[WAIT@]Ehi, ti va di trascorrere qui la notte?",[@]あんがと。(パクパク　モシャモシャ。)[WAIT@]うちにこんやは　とまっていきなよ？,[@]정말 고맙습니다![BR](우적우적...)[WAIT@]여기서 하룻밤 묵으실래요?,"[@]¡Mil gracias![BR]*Mastica, mastica...*[WAIT@]¿Oye, te gustaría pasar la noche acá?","[@]¡Mil gracias![BR]*mastica* *mastica*...
[WAIT@]Oye, ¿quieres quedarte a dormir?","[@]Muitíssimo obrigada![BR](Chomp, chomp...)[WAIT@]Ei, você quer passar a noite aqui?","[@]Wielkie dzięki![BR](Mlask, mlask...)[WAIT@]Hej, może chciałbyś tu przenocować?","[@]Tausend Dank![BR](Mampf, mampf ...)[WAIT@]Hey, wie fändest du es, die Nacht hier zu verbringen?","[@]Большущее тебе спасибо![BR](Хрум-хрум...)[WAIT@]Кстати, ты можешь у нас переночевать. Хочешь?","[@]Красненько дякую![BR](Хрум, хрум...)[WAIT@]Гей, до речі, не хочеш тут переночувати?",[@]万分感谢！[BR]（嚼啊嚼…）[WAIT@]嘿，你今晚想在这里过夜吗？
DIALOGUE_MAGICANT_SPOONGUY1_4-OPT_0,Yes,Oui,Sì,はい,응,Sí,Sí,Sim,Tak,Ja,Да,Так,是
DIALOGUE_MAGICANT_SPOONGUY1_4-OPT_1,No,Non,No,いいえ,아니,No,No,Não,Nie,Nein,Нет,Ні,否
DIALOGUE_MAGICANT_SPOONGUY1_5,"[@]You've got a tired look in your eyes, and yet you refuse a gracious offer of rest...",[@]Tu as une mine fatiguée et tu refuses quand même que je t'offre gracieusement l'hospitalité...,"[@]Si vede che sei stanco, eppure rifiuti un'invito a riposarti...",[@]うぇーん。　[BR]ひとのしんせつは　うけるものだよ。,[@]엄청 피곤해 보이는데...거절하면 어쩔 수 없죠...,"[@]Tienes la mirada cansada, y aun así rechazas una oferta para descansar...","[@]Se te nota el cansancio en los ojos, y aun así rechazas mi generosa hospitalidad...",[@]Não acredito que você vai recusar uma oferta tão generosa mesmo com essa cara de cansado...,"[@]Masz taki zmęczony wzrok, a mimo to odmawiasz uprzejmej propozycji odpoczynku...",[@]Deine Augen haben einen müden Blick und trotzdem lehnst du ein freundliches Angebot zum Rasten ab ...,[@]Неужели ты не устал?.. [WAIT@]Я бы на твоём месте подумал ещё раз!,"[@]У тебе такий стомлений вигляд, а ти відмовляєшся відпочити...",[@]你眼里明明透着疲惫，却还是不肯接受这番好意…
DIALOGUE_MAGICANT_SPOONGUY1_6,[@]That's good.,[@]Super !,[@]Benissimo.,[@]よかった。,[@]좋네요.,[@]Eso es bueno.,[@]¡Qué bien!,[@]Que ótimo.,[@]To dobrze.,[@]Sehr gut.,[@]Одну минуту!,[@]Чудово. Одну хвилинку.,[@]太好了。
DIALOGUE_MAGICANT_SPOONGUY1_9,[@]Please come again.[WAIT@]Promise me you'll come again!,"[@]N'hésite pas à revenir, d'accord ?[WAIT@]Tu me le promets ?",[@]Torna presto.[WAIT@]Promettimelo!,[@]おはよう　おにいちゃん。よくねむれたみたいね。[WAIT@]またきてね。きっとだよ！　,"[@]또 와주세요.[WAIT@]꼭 다시 와 주세요, 약속했어요!",[@]Por favor vuelve pronto.[WAIT@]¡Prométeme que lo harás!,"[@]¡Vuelve pronto!
[WAIT@]¡Prométemelo!",[@]Espero te ver de novo.[WAIT@]Me promete que vai voltar?,"[@]Wróć tu kiedyś.[WAIT@]Obiecaj, że jeszcze tu wrócisz!","[@]Bitte komm wieder.[WAIT@]Versprich mir, dass du wiederkommst!","[@]Ещё увидимся![WAIT@]Только пообещай, что увидимся!","[@]Будь ласка, заходь ще.[WAIT@]Пообіцяй, що зайдеш!",[@]欢迎再来哦。[WAIT@]答应我！一定要再来哦！
DIALOGUE_MAGICANT_SPOONGUY2_0,[@]You come to stay the night again?,"[@]Oh, tu reviens passer la nuit ici ?",[@]Sei venuto per passare un'altra notte qui?,[@]あ　また　とまりにきたんだね？,[@]또 하룻밤 묵으실래요?,[@]¿Volviste a descansar aquí de nuevo?,[@]¿Quieres pasar otra noche aquí?,[@]Veio passar a noite aqui de novo?,[@]Przybyłeś tu znowu przenocować?,"[@]Bist du gekommen, um die Nacht wieder hier zu verbringen?",[@]Остане[if party:plural]тесь[else]шься[/if] сегодня ночевать?,[@]Залишишся ще на одну ніч?,[@]你想要来这里过夜吗？
DIALOGUE_MAGICANT_SPOONGUY2_0-OPT_0,Yes,Oui,Sì,はい,응,Sí,Sí,Sim,Tak,Ja,Да,Так,是
DIALOGUE_MAGICANT_SPOONGUY2_0-OPT_1,No,Non,No,いいえ,아니,No,No,Não,Nie,Nein,Нет,Ні,否
DIALOGUE_MAGICANT_SPOONGUY2_1,[@]Please feel free to use our bed anytime.,[@]Reviens quand tu veux !,[@]Usa pure il nostro letto quando vuoi.,[@]えんりょしないで　また　とまっていきなよ。,"[@]저희 침대는 언제든지 준비되어 있으니, 편하실 때 와 주세요.",[@]Siéntete libre de usar nuestra cama cuando quieras.,[@]Siéntete libre de usar nuestra cama siempre que quieras.,"[@]Por favor, sinta-se à vontade para usar a cama sempre que quiser.","[@]Możesz użyć naszego łóżka, kiedy tylko zechcesz.",[@]Du kannst ruhig jeder unser Bett erneut benutzen.,[@]Наша кровать в [if party:plural]вашем[else]твоём[/if] распоряжении!,"[@]Повертайся, коли забажаєш!",[@]欢迎随时来用我们的床。
DIALOGUE_MAGICANT_SPOONGUY2_4,[@]Good morning!,[@]Bonjour !,[@]Buongiorno!,[@]おはよう！,[@]좋은 아침!,[@]¡Buenos días!,[@]¡Buenos días!,[@]Bom dia!,[@]Dzień dobry!,[@]Guten Morgen!,[@]Доброе утро!,[@]Доброго ранку!,[@]早上好！
DIALOGUE_MAGICANT_STEFAN_0,[@]Have you met the man who talks about how you can't part if you haven't met?,[@]Il y a un homme ici qui dit qu'on ne peut pas se séparer sans s'être rencontrés.[WAIT@]Tu l'as déjà rencontré ?,[@]Hai incontrato l'uomo che parla di come non ci si può separare prima di essersi incontrati?,[@]あわなきゃ　わかれもないっていう[BR]かんがえのおとこに　あったか？,[@]만나지 않았다면 헤어질 수 없다고 말하는 남자를 본 적 있니?,[@]¿Has conocido al hombre que dice que no puedes irte de la vida de alguien que no conoces?,[@]¿Conoces al hombre que dice que no puedes despedirte de alguien si no lo has conocido?,[@]Você já encontrou o homem que fala que as pessoas não podem se separar[DELAY:6] de quem ainda não conheceram?,"[@]Czy spotkałeś człowieka, który mówi, iż nie da się rozstać z kimś, kogo się nigdy nie spotkało?","[@][if party:plural]Habt ihr[else]Hast du[/if] den Mann getroffen, der darüber spricht, dass man sich nicht trennen kann,[W@]wenn man sich nie kennengelernt hat?","[@]А ты знаком с человеком, который говорит, что без встречи не бывает и разлуки?","[@]Ти бачив чоловіка, який каже, що не можна розлучитися з кимось, якщо ви не зустрічалися?",[@]你有见过那个总是大谈“人若未曾相遇，又谈何离别”的男人吗？
DIALOGUE_MAGICANT_STEFAN_0-OPT_0,Yes,Oui,Sì,はい,네,Sí,Sí,Sim,Tak,Ja,Да,Так,是
DIALOGUE_MAGICANT_STEFAN_0-OPT_1,No,Non,No,いいえ,아니오,No,No,Não,Nie,Nein,Нет,Ні,否
DIALOGUE_MAGICANT_STEFAN_1,"[@]I agree with him, actually.","[@]Je suis d'accord avec lui, pour tout te dire.",[@]Sono d'accordo con lui.,[@]おれも　そんなかんがえかた　してるんだ。,[@]난 그 말에 동의해.,"[@]De hecho, estoy de acuerdo con él.","[@]De hecho, creo que estoy de acuerdo con él.","[@]Pois é, eu concordo com ele.","[@]Szczerze mówiąc, zgadzam się z nim.",[@]Tatsächlich stimme ich ihm zu.,"[@]Вообще, я его поддерживаю.","[@]Насправді, я з ним погоджуюсь.",[@]其实我也认同他的看法。
DIALOGUE_MAGICANT_STEFAN_2,[@]You should really meet him![WAIT@]You'll become a better person for it. ,[@]Tu devrais vraiment le rencontrer ![WAIT@]Tu deviendrais une meilleure personne.,[@]Dovresti proprio andare a trovarlo![WAIT@]Ti renderà una persona migliore.,[@]あってみたほうが　いい。[WAIT@]ためになるぞ。,[@]꼭 한번 만나 봐![WAIT@]분명 가치가 있을 거야.,[@]¡Deberías conocerlo![WAIT@]Te volverás una mejor persona después.,"[@]¡Deberías conocerlo!
[WAIT@]Te hará mejor persona.",[@]Você deveria conhecê-lo![WAIT@]Vai te fazer uma pessoa melhor.,[@]Naprawdę powinieneś go spotkać![WAIT@]Zmieniłoby cię to na lepsze.,[@][if party:plural]Ihr solltet[else]Du solltest[/if] ihn wirklich treffen![WAIT@]Man wird dadurch ein besserer Mensch.,[@]Вам стоит познакомиться![WAIT@]Он дельные вещи говорит.,[@]Тобі варто його побачити![WAIT@]Життєвий досвід зайвим не буває.,[@]你真该去见一下他！[WAIT@]那样你会成为一个更好的人。
DIALOGUE_MAGICANT_STEFAN_SPEAKER_Stefan,Stefan,Stefan,Stefan,ステファン,스테판,Stefan,Stefan,Stefan,Stefan,Stefan,Стефан,Стефан,斯特凡
DIALOGUE_MAGICANT_TOM_SPEAKER_Tom,Tom,Tom,Tom,トム,톰,Tom,Tom,Tom,Tom,Tom,Том,Том,汤姆
DIALOGUE_MAGICANT_TOM1_0,"[@]Hmmm... [DELAY]I can tell you're not from around here.[WAIT@]If you want to see Queen Mary, then I have some bad news for you.[WAIT@]They don't let anyone in unless you're able to solve the palace guards' riddle.[WAIT@]And no one has ever been able to solve it![WAIT@]So good luck getting the answer out of their heads.","[@]Hmmm... [DELAY]T'es pas d'ici toi, si ?[WAIT@]Si tu veux voir la reine Mary, j'ai une mauvaise nouvelle pour toi.[WAIT@]On ne peut pas entrer à moins d'avoir résolu l'énigme des gardes du palais.[WAITBR]... Et jusqu'à présent, personne n'a jamais réussi à la résoudre ![WAIT@]Alors bonne chance pour leur tirer la réponse de la tête !","[@]Hmmm... [DELAY]Si vede che non sei di qui.[WAIT@]Se vuoi incontrare la Regina Mary, ho cattive notizie.[WAIT@]Fanno entrare solo chi riesce a risolvere l'indovinello delle guardie del castello.[WAIT@]Nessuno ci è mai riuscito finora![WAIT@]Buona fortuna a tirargli fuori la risposta dalla testa, allora!",[@]うーむ・・・。[DELAY][@]おまえ　なんかこのくにに[BR]なじまない　かおしてるなぁ？[WAIT@]クイーンマリーに　あいたいのなら[BR]うんが　つきたようだな。[WAIT@]しろをまもる　えいへいのナゾナゾを[BR]こたえないと　いれてくれないんだ。[WAIT@]だが　いままで　だれも[BR]とくことができた　ためしがない！[WAIT@]こたえが　しりたいならば　せいぜい[BR][C]あたまのなかでも[/C]　のぞいてみることだな。,"[@]음...[WAIT@]여기 출신은 아니신가 보네요, 그렇죠?[WAIT@]메리 여왕님을 뵈시고 싶으시다면 조금 나쁜 소식이 있는데요...[WAIT@]성 근위대가 수수께끼를 풀지 못하면 그 누구라도 못 들어가게 막고 있어요.[WAIT@]근데 문제는 그 수수께끼가 영... 뭔지 모르겠다는 거예요![WAIT@]생각이라도 들여볼 수 있으면 좋을 텐데 말이죠...","[@]Mhmm...[WAIT@]No eres de por aquí, ¿verdad?[WAIT@]Si quieres ver a la reina Mary, te tengo malas noticias.[WAIT@]No dejan que nadie entre, amenos que resuelvas el acertijo de los guardias del palacio.[WAIT@]¡Y nunca nadie ha podido resolverlo![WAIT@]Así que buena suerte sacándoles la respuesta de la cabeza.","[@]Mmmm...
[WAIT@]No eres de por aquí, ¿verdad?
[WAIT@]Si quieres ver a la reina Mary, te tengo malas noticias.
[WAIT@]No dejan entrar a nadie, a menos que resuelvas el acertijo de los guardias del palacio.
[WAIT@]¡Y nadie ha sido capaz de solucionarlo!
[WAIT@]Así que buena suerte intentando sacarles la respuesta de la cabeza.","[@]Hmmm... [DELAY]Dá pra ver que você não é daqui.[WAIT@]Se você quer ver a Rainha Mary, então tenho más notícias.[WAIT@]Não estão deixando ninguém entrar, a menos que consiga resolver a charada dos guardas do palácio.[WAIT@]Mas ninguém jamais conseguiu![WAIT@]Então boa sorte tentando descobrir a resposta que está na cabeça deles.","[@]Hmmm... [DELAY]Wiem, że nie jesteś stąd.[WAIT@]Jeżeli chcesz zobaczyć Królową Mary, mam dla ciebie złe wieści.[WAIT@]Nie wpuszczają nikogo, kto nie jest w stanie rozwiązać zagadki strażników pałacu.[WAIT@]I nikt do tej pory tego nie zrobił![WAIT@]Więc powodzenia w wyciąganiu odpowiedzi z ich głów.
","[@]Hmmm ... [DELAY]Ich kann sehen, dass [if party:plural]ihr[else]du[/if] nicht von hier [if party:plural]seid[else]bist[/if].[WAIT@]Wenn [if party:plural]ihr[else]du[/if] Königin Mary sehen [if party:plural]wollt[else]willst[/if], habe ich schlechte Nachrichten.[WAIT@]Die Palastwachen lassen niemanden rein, außer [if party:plural]ihr[else]du[/if] löst ihr geheimes Rätsel.[WAIT@]Und niemand war bislang in der Lage, es zu lösen![WAIT@]Also viel Glück, die Antwort aus ihren Köpfen zu bekommen.","[@]Хм-м-м... [DELAY]Видно, ты не местный.[WAIT@]Если хотел встретиться с королевой Мэри, то спешу тебя огорчить.[WAIT@]Королевские стражники не пропустят тебя, если ты не отгадаешь их загадку.[WAIT@]А это никому ещё не удавалось![WAIT@]Удачи в вытаскивании ответа из их головы...","[@]Гм-м-м... [DELAY]Бачу, ти не місцевий.[WAIT@]Якщо хочеш зустріти королеву Мері, доведеться тебе засмутити.[WAIT@]Вартові замку не впустять нікого, хто не вирішить їхньої загадки.[WAIT@]І ніхто її ще не розкумекав![WAIT@]Ну, хай щастить; відповідь, як кажуть, із голови не вихопиш.",[@]嗯…[DELAY]看得出来你不来自这里。[WAIT@]如果你想见玛丽女王，那我得告诉你一个坏消息。[WAIT@]除非你能解开宫殿守卫的谜题，否则他们不会让任何人进去。[WAIT@]而且从来没有人能解开过！[WAIT@]所以祝你好运，希望你能从他们嘴里撬出答案。
DIALOGUE_MAGICANT_TOM2_0,[@]What's that? [DELAY]You managed to solve the guards' riddle?![WAIT@]Wait... [DELAY:5]Don't give me the answer yet![WAIT@]I want to try and solve it myself first.,"[@]Comment ? [DELAY]Tu as réussi à résoudre l'énigme des gardes ?![WAIT@]Non, attends... [DELAY:5]Ne me donne pas tout de suite la réponse.[WAIT@]Je veux essayer de la trouver tout seul d'abord.",[@]Che cosa? [DELAY]Hai risolto l'indovinello delle guardie?![WAIT@]Aspetta... [DELAY:5]Non dirmi la risposta![WAIT@]Voglio provare prima a risolverlo io.,[@]なんだって？[DELAY][BR]えいへいのナゾナゾを　とくことができたって？！[WAIT@]まった・・・[DELAY:5]まだこたえは　おしえるな！[WAIT@]じりきで　といてみたいんだ。,"[@]무슨 일이세요?[DELAY]그 수수께끼를 풀었다고요?![WAIT@]잠시만요, 잠시만요.[DELAY:5]답 말해주지 마세요![WAIT@]제가 직접 풀어보고 싶단 말이에요.",[@]¿Cómo? [DELAY]¿¡Pudiste resolver el acertijo de los guardias?![WAIT@]Espera... [DELAY:5]¡No me digas la respuesta aún![WAIT@]Quiero intentar resolverlo por mi propia cuenta.,"[@]¿Cómo? [DELAY]¡¿Has resuelto el acertijo de los guardias?!
[WAIT@]Espera... [DELAY:5]¡No me digas la respuesta todavía!
[WAIT@]Quiero intentar resolverlo por mi propia cuenta.",[@]Como é? [DELAY]Você conseguiu resolver a charada?![WAIT@]Espera... [DELAY:5]Não me fala a resposta ainda![WAIT@]Eu quero tentar descobrir sozinho.,[@]Że jak? [DELAY]Udało ci się rozwiązać zagadkę strażników?![WAIT@]Chwila... [DELAY:5]Nie zdradzaj mi odpowiedzi![WAIT@]Chciałbym jeszcze spróbować rozwiązać ją samemu.,"[@]Wie war das? [DELAY]Du hast es geschafft, das Rätsel der Wachen zu lösen?![WAIT@]Warte ... [DELAY:5]Verrate mir noch nicht die Antwort![WAIT@]Ich will zuerst versuchen, das Rätsel selbst zu lösen.",[@]Что-о-о? [DELAY]Ты отгадал загадку стражей?![WAIT@]Так... [DELAY:5]не подсказывай!..[WAIT@]Я сам её отгадаю.,[@]Що-що? [DELAY]Ти умудрився вирішити загадку вартових?![WAIT@]Стій...[DELAY:5] Не кажи мені відповідь![WAIT@]Я хочу вирішити її самостійно.,[@]什么？[DELAY]你居然解开了守卫的谜题？！[WAIT@]等等…[DELAY:5]先别告诉我答案！[WAIT@]我想先自己试试。
DIALOGUE_MAGICANT_TRISTAN_0,"[@]I have recently realized something amazing:[WAITBR]people cannot part if they have not met.[WAIT@]For example, have you met the man who philosophizes about happiness?","[@]Dernièrement, je me suis rendu compte de quelque chose d'incroyable :[WAITBR]les gens ne peuvent pas se séparer sans s'être rencontrés.[WAIT@]Tiens, par exemple, tu as déjà rencontré ce type qui philosophe sur le bonheur ?","[@]Mi sono reso conto di una cosa incredibile:[WAITBR]le persone non possono separarsi se non si sono incontrate.[WAIT@]Per esempio, hai incontrato l'uomo che filosofa sulla felicità?",[@]ひとは　あわなきゃ　わかれもないわけだ。[WAIT@]たとえば　しあわせについて[BR]てつがくしてるやつに　あったか？,"[@]최근에 놀라운 걸 깨달았어.[WAITBR]사람은 만나지 않으면 이별도 없는 법이더라.[WAIT@]
예를 들어, 행복에 대해 탐구하는 녀석, 본 적 있어?","[@]Me acabo de dar cuenta de algo increíble recientemente: [WAIT]No puedes irte de la vida de alguien que no conoces.[WAIT@]Por ejemplo, ¿has conocido al hombre que suele filosofar sobre la felicidad?","[@]Hace poco me di cuenta de algo sorprendente:
[WAITBR]no puedes despedirte de alguien si no lo has conocido.
[WAIT@]Por ejemplo, ¿conoces al tipo que se pasa el día filosofando sobre la felicidad?","[@]Eu percebi uma coisa incrível recentemente:[WAITBR]as pessoas não podem se separar de quem ainda não conheceram.[WAIT@]Por exemplo, você já conheceu o homem que filosofa sobre a felicidade?","[@]Niedawno zdałem sobie sprawę z czegoś cudownego:[WAITBR]ludzie nie mogą się ze sobą rozstać, jeżeli nigdy się nie spotkali.[WAIT@]Przykładowo, czy spotkałeś człowieka, który filozofuje na temat szczęścia?
","[@]Ich hab kürzlich eine wahnsinnige Entdeckung gemacht:[WAITBR]Man kann sich nicht trennen, wenn man sich nie kennengelernt hat.[WAIT@]Ha[if party:plural]bt ihr[else]st du[/if] beispielsweise den Mann kennengelernt, der über das Glück philosophiert?","[@]Недавно я пришёл к удивительному осознанию:[WAITBR]люди не могут разлучиться, если не встретились друг с другом.[WAIT@]Например, ты встречал человека, который философствует о счастье?","[@]Нещодавно я зрозумів дещо неймовірне:[WAITBR]люди не можуть розлучитися, якщо вони не зустрічалися.[WAIT@]Наприклад, ти зустрічав чоловіка, який розмірковує про щастя?",[@]我最近想明白了一件很了不起的事：[WAITBR]人若未曾相遇，又谈何离别。[WAIT@]比如说，你见过那个爱讲幸福哲学的人吗？
DIALOGUE_MAGICANT_TRISTAN_0-OPT_0,Yes,Oui,Sì,はい,네,Sí,Sí,Sim,Tak,Ja,Да,Так,是
DIALOGUE_MAGICANT_TRISTAN_0-OPT_1,No,Non,No,いいえ,아니오,No,No,Não,Nie,Nein,Нет,Ні,否
DIALOGUE_MAGICANT_TRISTAN_2,[@]I know you're lying. [WAIT]I can see right through you.,[@]Je sais que tu mens. [WAIT]Je vois clair dans ton esprit.,"[@]Stai mentendo, lo so. [WAIT]Te lo si legge in faccia.",[@]うそ　ついてるだろう。[WAIT]おれには　おみとおしさ。,[@]거짓말하는 거 알아.[WAIT]이마에 떡하니 적혀있잖아.,[@]Sé que estás mintiendo. [WAIT]Lo puedo ver en tus ojos.,[@]Sé que mientes. [WAIT]La mirada te delata.,[@]Eu sei que está mentindo. [WAIT]Você é tão previsível...,"[@]Wiem, że kłamiesz. [WAIT]Przejrzałem cię.","[@]Ich weiß, [if party:plural]ihr lügt[else]du lügst[/if]. [WAIT]Ich kann [if party:plural]euch[else]dich[/if] direkt durchschauen.",[@]Да врёшь! [WAIT]Я тебя насквозь вижу.,"[@]Я знаю, що ти брешеш. [WAIT]Бачу тебе наскрізь!",[@]我知道你在说谎，[WAIT]我看穿你了哦。
DIALOGUE_MAGICANT_TRISTAN_3,"[@]Woah, really? [WAIT]I'm a big fan of his![WAIT@]He's the master at giving nicknames![WAIT@]He gives it so much... [DELAY][DELAY:1.5:8]class...","[@]Waouh, vraiment ? [WAIT]Je suis son plus grand fan ![WAIT@]C'est un pro pour donner des surnoms ![WAIT@]Il le fait avec tellement de [DELAY:2:8]classe...","[@]Wow, davvero? [WAIT]Sono un suo grande fan![WAIT@]È bravissimo a dare soprannomi![WAIT@]Sono così... [DELAY][DELAY:1.5:8]raffinati...",[@]おお　ほんとうにあったというのかい？[WAIT@]やつは　あだなをつける　めいじんなんだ。[WAIT@]さいこうに・・・[DELAY][DELAY:1:5:8]センスが　いいんだぜ。,[@][WAIT]제가 열렬한 팬이거든요![WAIT@]별명을 붙여주는 데에는 일가견이 있더라고![WAIT@]게다가 꽤나...[DELAY][DELAY:1.5:8]품격 있더라...,"[@]Guau, ¿en serio? [WAIT]¡Soy un gran fan de él![WAIT@]¡Es un maestro en dar apodos![WAIT@]Él les da tanta... [DELAY][DELAY:1.5:8]clase...","[@]Hala, ¿en serio? [WAIT]¡Soy un gran fan!
[WAIT@]¡Es un auténtico maestro de los apodos!
[WAIT@]Es que les da tanta... [DELAY][DELAY:1.5:8]clase...","[@]Uau, é sério? [WAIT]Eu sou um grande fã dele![WAIT@]Ele é o mestre dos apelidos![WAIT@]Ele é tão... [DELAY][DELAY:1:5:8]chique...","[@]Łał, naprawdę? [WAIT]Jestem jego wielkim fanem![WAIT@]Jest mistrzem w wymyślaniu ksywek![WAIT@]Daje im tyle... [DELAY][DELAY:1.5:8]elegancji...
","[@]Oho, echt? [WAIT]Ich bin ein großer Fan von ihm![WAIT@]Er ist meisterhaft darin, Spitznamen zu vergeben![WAIT@]Er hat so eine gewisse ... [DELAY][DELAY:1.5:8]Klasse ...","[@]Что, правда? [WAIT]А я его большой поклонник![WAIT@]Он мастер по выдумыванию прозвищ.[WAIT@]Они у него все... [DELAY:4] [DELAY:1.5:11]с изюминкой.","[@]Ого, та невже? [WAIT]Я його прихильник![WAIT@]Він — справжній майстер назвиськ! Кожне його назвисько таке неймовірно... [DELAY][DELAY:1.5:8]стильне...",[@]哇哦，真的吗？[WAIT]我可是他的超级粉丝！[WAIT@]他起绰号的水平简直一绝！[WAIT@]他起得总是那么…[DELAY][DELAY:1.5:8]有格调…
DIALOGUE_MAGICANT_TRISTAN_4,"[@]You see? [WAIT]If you haven't met him, then you cannot part with him in the first place!","[@]Tu vois ? [WAIT]Puisque tu ne l'as pas rencontré, vous ne pouvez pas vous séparer !","[@]Visto? [WAIT]Se non l'hai incontrato, non puoi separartene in primis!",[@]ほらみろ？[WAIT]あわなきゃ　わかれもないわけだ！,[@]지금도.[WAIT]만난 적 없기에 애초에 헤어질 수 없는 거지!,"[@]¿Ya ves? [WAIT]¡Si no lo has conocido, entonces no puedes irte de su vida en primer lugar!","[@]¿Lo ves? [WAIT]¡Como no lo has conocido, no puedes despedirte!","[@]Sacou? [WAIT]Se você não o conheceu, então não pode se separar dele!","[@]Widzisz? [WAIT]Skoro go nigdy nie spotkałeś, to nie możesz się z nim rozstać!","[@][if party:plural]Versteht ihr? [WAIT]Wenn ihr ihn noch gar nicht kennengelernt habt, könnt ihr euch auch nicht von ihm trennen![else]Verstehst du? [WAIT]Wenn du ihn noch gar nicht kennengelernt hast, kannst du dich auch nicht trennen![/if]","[@]Ну вот, видишь? [WAIT]Если вы никогда не встречались, то и разлучиться не сможете!","[@]Ось, бачиш? [WAIT]Якщо ти не зустрічав його, ти не можеш з ним розлучитися!",[@]你看吧？[WAIT]如果你压根没见过他，那从一开始就不会有离别这回事了！
DIALOGUE_MAGICANT_TRISTAN_SPEAKER_Tristan,Tristan,Tristan,Tristan,トリスタン,트리스탄,Tristan,Tristan,Tristan,Tristan,Tristan,Тристан,Трістан,特里斯坦