key,en,fr,it,ja,ko,es,es_ES,pt_BR,pl,de,ru,uk,zh_CN
DIALOGUE_MERRYSVILLE_DESCRIPTIONS_DUNCANSBATHROOM_0,[@]Woah! [DELAY]It's a girl's bathroom!,[@]Ouah ! [DELAY]C'est les toilettes des filles !,[@]Wow! [DELAY]È il bagno delle femmine!,[@]おんなマークの　ついた　トイレだ！,[@]워우! [DELAY]여자 화장실이다!,[@]¡Vaya! [DELAY]¡Es un baño de chicas!,[@]¡Hala! [DELAY]¡Es un baño de chicas!,[@]Uau! [DELAY]É um banheiro feminino!,[@]Łał! [DELAY]To damska łazienka!,[@]Whoa! [D]Es ist eine Frauen-Toilette!,[@]Ух ты![D] Туалет для девочек!,[@]Ого! [DELAY]Це туалет для дівчат!,[@]哇噢！[DELAY]这边是女士洗手间！
DIALOGUE_MERRYSVILLE_DESCRIPTIONS_DUNCANSBATHROOM_1,[@]Woah! [DELAY]It's a boy's bathroom!,[@]Ouah ! [DELAY]C'est les toilettes des garçons !,[@]Wow! [DELAY]È il bagno dei maschi!,[@]おとこマークの　ついた　トイレだ！[DELAY][BR]なにかが　とびだしてくることは　ないようだ。,[@]워우! [DELAY]남자 화장실이다!,[@]¡Vaya! [DELAY]¡Es un baño de chicos!,[@]¡Hala! [DELAY]¡Es un baño de chicos!,[@]Uau! [DELAY]É um banheiro masculino!,[@]Łał! [DELAY]To męska łazienka!,[@]Whoa! [D]Es ist eine Männer-Toilette!,[@]Ух ты![D] Туалет для мальчиков!,[@]Ого! [DELAY]Це туалет для хлопчиків!,[@]哇噢！[DELAY]这边是男士洗手间！
DIALOGUE_MERRYSVILLE_DESCRIPTIONS_DUNCANSFACTORY_COOLER_0,[@]It hasn't been refilled in a while...[DELAY] or cleaned.,[@]On dirait bien qu'il n'a pas été rempli depuis un bon bout de temps...[DELAY] ou même nettoyé.,"[@]È da un po' che non viene riempito...[DELAY] né pulito.
",[@]なかの　みずは　カビている。[BR][DELAY]ながいあいだ　こうかんされてないようだ。,[@]한동안 물탱크를 채우지 않은 모양이다.[W@]청소도 안 한 것 같다.,[@]Lleva tiempo sin rellenarse...[DELAY] o sin limpiarse.,[@]Lleva tiempo sin rellenarse...[DELAY] y sin limpiarse.,[@]Não foi reabastecido faz tempo...[DELAY] e nem limpo.,[@]Nikt jej od dawna nie napełniał...[DELAY] ani nie czyścił.,[@]Es wurde schon lange nicht mehr wieder aufgefüllt ...[DELAY] oder sauber gemacht.,[@]Он давно пуст...[D] и весь запылился.,[@]Він вже давним-давно порожній...[DELAY] та й страшенно пильний.,[@]已经有一段时间没有被补充了…[DELAY]而且还落满了灰。
DIALOGUE_MERRYSVILLE_DESCRIPTIONS_DUNCANSFACTORY_DONUT_0,[@]Seems like someone left a donut here.[DELAY:5] Take it?,[@]On dirait que quelqu'un a laissé son donut ici.[DELAY:5] \nLe prendre ?,"[@]Qualcuno ha lasciato qui una ciambella.[DELAY:5] Vuoi prenderla?
",[@]だれかが　ドーナツを　おいていったようだ。[DELAY:5][BR]とる？,[@]누가 도넛을 놓고 간 모양이다.[DELAY:5] 가져갈까?,[@]Parece que alguien se ha dejado una dona aquí.[DELAY:5] ¿Quieres llevártela?,[@]Parece que alguien se ha dejado un dónut aquí.[DELAY:5][BR]¿Quieres llevártelo?,[@]Parece que deixaram uma rosquinha aqui.[DELAY:5] Pegá-la?,[@]Ktoś tu chyba zostawił donuta.[DELAY:5] Wziąć go?,[@]Jemand scheint einen Donut hier vergessen zu haben.[DELAY:5] Ihn mitnehmen?,"[@]Похоже, кто-то здесь оставил пончик.[D:5] Взять его?","[@]Схоже, хтось залишив тут пончик.[DELAY:5] Взяти його?",[@]好像有人在这里落下了个甜甜圈，[DELAY:5]要拿走吗？
DIALOGUE_MERRYSVILLE_DESCRIPTIONS_DUNCANSFACTORY_DONUT_0-1,Yes,Oui,Sì,はい,네,Sí,Sí,Sim,Tak,Ja,Да,Так,是
DIALOGUE_MERRYSVILLE_DESCRIPTIONS_DUNCANSFACTORY_DONUT_0-2,No,Non,No,いいえ,아니오,No,No,Não,Nie,Nein,Нет,Ні,否
DIALOGUE_MERRYSVILLE_DESCRIPTIONS_DUNCANSFACTORY_DONUT_1,"[@]For some reason, the donut is stuck to the plate.","[@]Pour une raison assez étrange, le donut reste collé à l'assiette.
","[@]A quanto pare, la ciambella è incollata al piatto.
",[@]なぜか　おさらにはりついてて　とれない。,[@]어째선지 도넛이 접시에 들러붙어 있다.,"[@]Por alguna razón, la dona está pegada al plato.","[@]Por alguna razón, el dónut está pegado al plato.","[@]Por algum motivo, a rosquinha está grudada no prato.","[@]Z jakiegoś powodu, donut jest przyczepiony do talerza.",[@]Irgendwie klebt der Donut am Teller fest.,[@]По неведомой причине пончик намертво прилип к тарелке.,"[@]Пончик, з якоїсь причини, намертво прилип до тарілки.",[@]不知为何，甜甜圈黏在盘子上了。
DIALOGUE_MERRYSVILLE_DESCRIPTIONS_DUNCANSFACTORY_DONUT_2,[@]The pink mold growing on the donut thanks you.,"[@]La moisissure rose qui pousse sur le donut vous remercie.
","[@]La muffa rosa sulla ciambella ti ringrazia.
",[@]ドーナツにはえる　ピンクのカビに[BR]かんしゃされた。,[@]도넛 위에 자라있는 분홍색 곰팡이가 당신에게 감사를 전했다.,[@]El moho rosa de la dona te lo agradece.,[@]El moho rosa del dónut te lo agradece.,[@]O mofo rosado em cima da rosquinha te agradece.,[@]Różowa pleśń rosnąca na donucie ci dziękuje.,"[@]Der pinke Schimmel, der auf dem Donut wächst, dankt dir.",[@]Розовая плесень на пончике благодарит тебя.,"[@]Рожева пліснява,[DELAY:2] що росте на пончику,[DELAY:2] дякує тобі.",[@]甜甜圈上滋生的粉色霉菌在向你致谢。
DIALOGUE_MERRYSVILLE_DESCRIPTIONS_DUNCANSFACTORY_PHOTO_0,[@]An old photo of a red-headed man next to a portly one.[WAIT@]They're both smiling.,[@]Une vieille photo d'un homme roux aux côtés d'un homme corpulent.[WAIT@]Les deux sont en train de sourire.,[@]È una foto di un uomo con i capelli rossi e un uomo corpulento.[WAIT@]Stanno sorridendo.,[@]あかがみの　ゆがんだかおの　おとこの　となりに[BR]かっぷくのいい　おとこが　たっている。[WAIT@]ふたりとも　えがおで　わらっている。,"[@]빨간 머리 남자와 통통한 남자가 함께 찍힌, 오래된 사진이다.[WAIT@]두 사람 모두 웃고 있다.","[@]Una foto vieja de un señor pelirrojo junto a uno corpulento.
[WAIT@]Ambos están sonriendo.","[@]Una foto vieja de un señor pelirrojo junto a uno orondo.
[WAIT@]Ambos están sonriendo.","[@]Uma foto antiga de dois homens lado a lado, um ruivo e um corpulento.[WAIT@]Eles estão sorrindo.","[@]Stare zdjęcie przedstawiające rudego mężczyznę stojącego obok drugiego, tęgiego.[WAIT@]Obydwaj są uśmiechnięci.",[@]Ein altes Foto eines rothaarigen Mannes neben einem sehr beleibten.[WAIT@]Sie lächeln beide.,"[@]На старой фотографии два улыбающихся мужчины.[W@]Один крупный, другой рыжеволосый.","[@]Старе, вицвіле фото.[WAIT] На ньому показан рудоволосий чоловік, а поруч з ним — вгодований.[WAIT@]Вони сяють усмішками.",[@]一张旧照片，一位红发男人和一位胖男人站在一起。[WAIT@]他们两人都在微笑着。
DIALOGUE_MERRYSVILLE_DESCRIPTIONS_DUNCANSFACTORY_WILL_0,[@]A giant mass of papers prevents the drawer from closing.[WAIT] Read one?,"[@]Un gigantesque amas de papiers empêche le tiroir de se fermer.[WAIT] En lire un ?
",[@]Un'enorme pila di fogli impedisce al cassetto di chiudersi.[WAIT] Ne vuoi leggere uno?,[@]しょるいが　はさまって　とだなが　とじない。[WAIT@]なかみを　よみますか？,[@]엄청난 양의 서류로 서랍이 닫히지 않는다.[WAIT] 하나 읽어 볼까?,"[@]Un montón de papeles impide que el cajón se cierre.
[WAIT@]¿Quieres leer uno?","[@]Un montón de papeles impide cerrar el cajón.
[WAIT@]¿Quieres leer uno?",[@]Um amontoado de papéis impede a gaveta de fechar.[WAIT] Ler um deles?,[@]Wielka sterta dokumentów uniemożliwia zamknięcie szuflady.[WAIT] Przeczytać jakiś?,[@]Eine gigantische Menge Papier hindert die Schublade am Schließen.[WAIT] Eines von den Papieren lesen?,[@]Ящик не закрывается из-за огромного количества документов.[W] Прочитать один документ?,[@]Ящик не зачиняється через величезну кількість документів.[WAIT] Прочитати один із них?,[@]一大摞文件塞得抽屉合不上，[WAIT]要读一读吗？
DIALOGUE_MERRYSVILLE_DESCRIPTIONS_DUNCANSFACTORY_WILL_1,"[@]In event of death, the rights to my factory and wealth will go to...[WAIT@]The rest is too complex to make out.","[@]En cas de décès, les droits sur mon usine et mes richesses iront à... [WAIT@]Le reste est trop compliqué à lire.
","[@]Alla mia morte, la mia fabbrica e i miei averi andranno a...[WAIT@]Il resto è troppo complicato da leggere.
",[@]「わしが　なくなった　ばあい[BR]　のこされた　いさん　および[BR]　こうじょうの　かんりけんげんは・・・」[WAIT@]つづきは　かんじで　かかれていて　よめない。,"[@]사망 시, 내 공장과 재산에 대한 권리는...[WAIT@]이후 내용은 너무 복잡해서 읽을 수 없다.","[@]En caso de fallecimiento, los derechos de mi fábrica y mis bienes pasarán a...
[WAIT@]El resto es demasiado complejo para entenderlo.","[@]En caso de fallecimiento, el derecho a mi fábrica y mi riqueza irán a...
[WAIT@]El resto es demasiado complejo para descifrarlo.","[@]Em caso de falecimento, os direitos de minha fábrica e riqueza passarão para...[WAIT@]O restante é complicado demais para entender.","[@]W przypadku śmierci, prawa do mego majątku i fabryki przejdą na...[WAIT@]Reszta jest zbyt skomplikowana, by ją odczytać.","[@]Im Todesfall gehen die Rechte an meiner Fabrik und Vermögen an ...[WAIT@]Der Rest ist zu komplex, um es zu verstehen.",[@]В случае моей смерти всё имущество и права на фабрику переходят к...[W@]Дальше написано неразборчиво.,"[@]У разі моєї смерті, все майно та права на фабрику переходять до...[WAIT@]Далі написано нерозбірливо.",[@]一旦我去世，我的工厂及全部财产的继承权将归于…[WAIT@]剩余的部分太复杂了，看不清楚。
DIALOGUE_MERRYSVILLE_DESCRIPTIONS_DUNCANSTERMINAL_0,"[@]WELCOME BACK, GOLDRICH DUNCAN.[DELAY:3][BR]BLUE GATE ACCESS IS CURRENTLY DENIED.[DELAY:3][BR]AWAITING FURTHER COMMANDS.","[@]BIENVENUE, GOLDRICH DUNCAN. [DELAY:3][BR]L'ACCÈS AU PORTAIL BLEU EST ACTUELLEMENT INTERDIT. [DELAY:3][BR]EN ATTENTE DES PROCHAINES COMMANDES.","[@]BEN TORNATO, GOLDRICH DUNCAN.[DELAY:3][BR]ACCESSO NEGATO ALLA PORTA BLU.[DELAY:3][BR]IN ATTESA DI ULTERIORI ISTRUZIONI.",[@]オカエリナサイマセ　ダンカン　サマ[DELAY][BR]ブルーゲート　ゲンザイ　アクセスフカ[DELAY][BR]プログラムヲ　ニュウリョクシテ　クダサイ,"[@]돌아오신 것을 환영합니다, 골드리치 던컨.[DELAY:3][BR]현재 청색 게이트 출입 거부됨.[DELAY:3][BR]추가 명령 대기 중.","[@]BIENVENIDO DE NUEVO, GOLDRICH DUNCAN.[DELAY:3][BR]EL ACCESO A LA PUERTA AZUL ESTÁ ACTUALMENTE DENEGADO.[DELAY:3] ESPERANDO NUEVAS ÓRDENES.","[@]BIENVENIDO DE NUEVO, GOLDRICH DUNCAN.[DELAY:3][BR]EL ACCESO A LA PUERTA AZUL ESTÁ ACTUALMENTE DENEGADO.[DELAY:3] A LA ESPERA DE NUEVAS ÓRDENES.","[@]BEM-VINDO DE VOLTA, ENRICO DUNCAN.[DELAY:3][BR]O ACESSO AO PORTÃO AZUL ESTÁ ATUALMENTE NEGADO.[DELAY:3][BR]AGUARDANDO INSTRUÇÕES.","[@]WITAJ Z POWROTEM, GOLDRICHU DUNCAN.[DELAY:3][BR]DOSTĘP DO NIEBIESKIEJ BRAMY JEST OBECNIE WSTRZYMANY.[DELAY:3][BR]OCZEKUJĘ DALSZYCH POLECEŃ.","[@]WILLKOMMEN ZURÜCK, GOLDRICH DUNCAN.[D:3][BR]DAS BLAUE TOR IST DERZEIT GESPERRT.[D:3][BR]ERWARTE WEITERE BEFEHLE.","[@]С ВОЗВРАЩЕНИЕМ, ГОЛДРИЧ ДУНКАН.[DELAY:3][BR]СИНЯЯ ГЕРМОДВЕРЬ:[DELAY:3] [ОТКАЗАНО В ДОСТУПЕ].[DELAY:3][BR]ОЖИДАНИЕ КОМАНДЫ...","[@]З ПОВЕРНЕННЯМ, ГОЛДРИЧ ДУНКАН.[DELAY:3][BR]ДОСТУП ДО [СИНЯ ГЕРМОДВЕРЬ] ЗАБОРОНЕНО.[DELAY:3][BR]ОЧІКУЮТЬСЯ ПОДАЛЬШІ КОМАНДИ.",[@]欢迎回来，戈德里奇 邓肯。[DELAY:3][BR]当前蓝色大门的访问权限已被拒绝。[DELAY:3][BR]等待进一步指令。
DIALOGUE_MERRYSVILLE_DESCRIPTIONS_DUNCANSTERMINAL_1,"[@]WELCOME BACK, GOLDRICH DUNCAN. [DELAY:3][BR]RED GATE ACCESS IS CURRENTLY DENIED. [DELAY:3][BR]AWAITING FURTHER COMMANDS.","[@]BIENVENUE, GOLDRICH DUNCAN. [DELAY:3][BR]L'ACCÈS AU PORTAIL ROUGE EST ACTUELLEMENT INTERDIT. [DELAY:3][BR]EN ATTENTE DES PROCHAINES COMMANDES.","[@]BEN TORNATO, GOLDRICH DUNCAN.[DELAY:3][BR]ACCESSO NEGATO ALLA PORTA ROSSA.[DELAY:3][BR]IN ATTESA DI ULTERIORI ISTRUZIONI.",[@]オカエリナサイマセ　ダンカン　サマ[DELAY][BR]レッドゲート　ゲンザイ　アクセスフカ[DELAY][BR]プログラムヲ　ニュウリョクシテ　クダサイ,"[@]돌아오신 것을 환영합니다, 골드리치 던컨.[DELAY:3][BR]현재 적색 게이트 출입 거부됨.[DELAY:3][BR]추가 명령 대기 중.","[@]BIENVENIDO DE NUEVO, GOLDRICH DUNCAN.[DELAY:3][BR]EL ACCESO A LA PUERTA ROJA ESTÁ ACTUALMENTE DENEGADO.[DELAY:3] ESPERANDO NUEVAS ÓRDENES.","[@]BIENVENIDO DE NUEVO, GOLDRICH DUNCAN.[DELAY:3][BR]EL ACCESO A LA PUERTA ROJA ESTÁ ACTUALMENTE DENEGADO.[DELAY:3] A LA ESPERA DE NUEVAS ÓRDENES.","[@]BEM-VINDO DE VOLTA, ENRICO DUNCAN.[DELAY:3][BR]O ACESSO AO PORTÃO VERMELHO ESTÁ ATUALMENTE NEGADO.[DELAY:3][BR]AGUARDANDO INSTRUÇÕES.","[@]WITAJ Z POWROTEM, GOLDRICHU DUNCAN.[DELAY:3][BR]DOSTĘP DO CZERWONEJ BRAMY JEST OBECNIE WSTRZYMANY.[DELAY:3][BR]OCZEKUJĘ DALSZYCH POLECEŃ.","[@]WILLKOMMEN ZURÜCK, GOLDRICH DUNCAN.[D:3][BR]DAS ROTE TOR IST DERZEIT GESPERRT.[D:3][BR]ERWARTE WEITERE BEFEHLE.","[@]С ВОЗВРАЩЕНИЕМ, ГОЛДРИЧ ДУНКАН.[DELAY:3][BR]КРАСНАЯ ГЕРМОДВЕРЬ:[DELAY:3] [ОТКАЗАНО В ДОСТУПЕ].[DELAY:3][BR]ОЖИДАНИЕ КОМАНДЫ...","[@]З ПОВЕРНЕННЯМ, ГОЛДРИЧ ДУНКАН.[DELAY:3][BR]ДОСТУП ДО [ЧЕРВОНА ГЕРМОДВЕРЬ] ЗАБОРОНЕНО.[DELAY:3][BR]ОЧІКУЮТЬСЯ ПОДАЛЬШІ КОМАНДИ.",[@]欢迎回来，戈德里奇 邓肯。[DELAY:3][BR]当前红色大门的访问权限已被拒绝。[DELAY:3][BR]等待进一步指令。
DIALOGUE_MERRYSVILLE_DESCRIPTIONS_DUNCANSTERMINAL_2,[@]Could you let me inspect that for a moment?,[@]Tu me permets de regarder ça un instant ?,[@]Mi fai vedere un attimo?,[@]その　コンピューター　ぼくに　みせてくれるか？,"[@]잠시만, 내가 확인해 봐도 될까?",[@]¿Me dejas inspeccionar eso un momento?,[@]¿Me permites inspeccionar eso un momento?,[@]Eu posso dar uma olhada?,[@]Mógłbym się temu na chwilę przyjrzeć?,[@]Könnte ich mir das einen Moment mal anschauen?,"[@]Можно, я посмотрю?",[@]Чи можу я його перевірити?,[@]能让我来检查一下吗？
DIALOGUE_MERRYSVILLE_DESCRIPTIONS_DUNCANSTERMINAL_3,[@][LLOYD] started typing on the terminal.,[@][LLOYD] commence à écrire sur le terminal.,[@][LLOYD] iniza a scrivere al PC.,[@][LLOYD]は　コンピューターに[BR]もじれつを　たたきこんだ！,[@][LLOYD][particle:LLOYD] 터미널에 타이핑하기 시작했다.,[@][LLOYD] ha empezado a escribir en la terminal.,[@][LLOYD] ha empezado a escribir en la terminal.,[@][LLOYD] começou a digitar no terminal.,[@][LLOYD] zaczął wpisywać coś w terminal.,"[@][LLOYD] begann, auf dem Terminal herumzutippen.",[@][LLOYD] начал печатать в терминале компьютера.,[@][LLOYD] почав друкувати на терміналі.,[@][LLOYD]开始在终端上敲打起来。
DIALOGUE_MERRYSVILLE_DESCRIPTIONS_DUNCANSTERMINAL_4,[@]This computer has already been hacked.,[@]Cet ordinateur a déjà été piraté.,[@]Questo computer è stato manomesso.,[@]コンピューターは　みごとなまでに[BR]ハッキングされた。,[@]이 컴퓨터는 이미 해킹됐다.,[@]Esta computadora ya fue hackeada.,[@]Este ordenador ya ha sido hackeado.,[@]Este computador já foi hackeado.,[@]Ten komputer już został zhakowany.,[@]Dieser Computer wurde schon gehackt.,[@]Этот компьютер уже взломан.,[@]Цей комп'ютер вже зламаний.,[@]这台电脑已经被破解过了。
DIALOGUE_MERRYSVILLE_DESCRIPTIONS_HOSPITAL_SIGN_0,"[@]Cheap, fast and handsome![DELAY:5] The finest in Merrysville!
[WAITBR]Need a doctor?[DELAY:5] Sawbones Benny is the only way to go!
[WAITBR]Whether dead or alive, protect your life.","[@]Bon marché, rapide et charmant ![DELAY:5] Le meilleur de Merrysville !
[WAITBR]Besoin d'un docteur?[DELAY:5] Benny Scietout est votre homme !
[WAITBR]Mort ou vif, protège ta vie.","[@]Rapido, conveniente e affascinante![DELAY:5] Il migliore di Merrysville!
[WAITBR]Hai bisogno di un dottore?[DELAY:5] Il Dr. Aldino Truff è il migliore!
[WAITBR]Salvaguarda la tua salute, in vita o morte.
",[@]<やすくて　はやくて　いいおとこ。[BR][DELAY:5]サンクスギビング　さいこうの　びょういん[WAITBR]いしゃがひつようかい？[BR][DELAY:5]それなら　ビッグベン・ケーシーに　かぎる！[WAITBR]いのちは　しんでもまもりたいもの>,"[@]싸고, 빠르고, 잘생기기까지![DELAY:5] 땡스기빙 최고의 병원![WAITBR]의사가 필요하다고요?[DELAY:5]외과의 베니가 최고다![WAITBR]죽었든 살았든,[DELAY] 당신의 생명을 지켜드립니다.","[@]¡Barato, rápido y encima guapo![DELAY:5] ¡El más fino de Merrysville!
[WAITBR]¿Necesitas un doctor?[DELAY:5] ¡Benito Serruchas es tu mejor opción!
[WAITBR]Cuida de tu vida, estés vivo o muerto.
","[@]¡Barato, rápido y apuesto![DELAY:5] ¡El mejor de todo Merrysville!
[WAITBR]¿Necesitas un doctor?[DELAY:5] ¡Benito Matasanos es tu mejor opción!
[WAITBR]Cuida de tu vida, estés vivo o muerto.","[@]Bom, barato e bonitão![DELAY:5] O melhor de Gratidão!
[WAITBR]Precisa de um médico?[DELAY:5] Dr. Rancatripa é a escolha certa!
[WAITBR]Cuide bem da sua vida, mesmo que não a tenha mais.","[@]Tani, szybki i przystojny![DELAY:5] Najlepszy w Merrysville!
[WAITBR]Potrzebny ci lekarz?[DELAY:5] Benek Łapiduch nie ma sobie równych!
[WAITBR]Martwych chroni Bóg, a żywi mają Benka.","[@]Pragmatisch, praktisch, gut![DELAY:5] Der beste in Merrysville!
[WAITBR]Sie brauchen einen Arzt?[DELAY:5] Dr. Sommer wird Sie von Ihren Leiden erlösen!
[WAITBR]Egal ob tot oder lebendig.","[@]Лучший доктор в Меррисвиле![WBR]Быстро, дёшево, в компании очаровательного мужчины.[D:4] Бенни Скальпель — это ваш выбор![WBR]Мёртвым — самая большая скидка!","[@]Дешевий, швидкий, симпатичний![BR][DELAY:5]Найкращий у Меррісвілі!
[WAITBR]Потрібен доктор?[DELAY:5] Костоправ Бенні — ваш вибір! 
[WAITBR]Береженого Бог береже, а хворого Бенні стереже!",[@]便宜、快捷、风度翩翩！[DELAY:5]梅里斯维尔之绝选！[WAITBR]需要医生吗？[DELAY:5]锯骨本尼医生是你的不二之选！[WAITBR]无论死活，都能拯救你的生命。
DIALOGUE_MERRYSVILLE_DESCRIPTIONS_INSTANTREVITALIZINGDEVICE_0,"[@]In only a few seconds, this machine can fully revitalize you, just like a good night's sleep.[WAIT@]Step into the capsule?","[@]En seulement quelques secondes, cette machine peut complètement vous revitaliser, comme après une bonne nuit de sommeil.[WAIT@]Entrer dans la capsule ?","[@]In pochi secondi, questa macchina può ridarti le forze, proprio come se avessi dormito tutta la notte.[WAIT@]Vuoi entrare nella capsula?
",[@]（これは　しゅんかんにして　いっぱく　しゅくはくしたくらいの　エナジーを　かいふくできる　マシーンである）[WAIT@]マシンに　はいりますか？,[@]이 기계에 들어가면 단 몇 초 사이에 푹 자고 일어난 것처럼 완전히 기운을 회복할 수 있다.[WAIT@]캡슐 안으로 들어갈까?,"[@]En tan solo unos segundos, esta máquina te revitaliza por completo, igual que una buena noche de sueño.
[WAIT@]¿Quieres entrar en la cápsula?","[@]En solo unos segundos, esta máquina te revitaliza por completo, como una buena noche de sueño.
[WAIT@]¿Quieres entrar en la cápsula?","[@]Em poucos segundos, esta máquina te revitaliza como uma boa noite de sono.[WAIT@]Entrar na cápsula?","[@]W zaledwie kilka sekund, ta maszyna może cię kompletnie ożywić, zupełnie jak dobry sen.[WAIT@]Wejść do kapsuły?",[@]Dieses wundersame Gerät ist eine Sofortrevitalisierungsmaschine.[WAIT@]In nur wenigen Sekunden revitalisiert sie dich wie ein schön langer Schlaf.[WAIT@]In die Kapsel eintreten?,"[@]Этот аппарат всего за несколько секунд[BR]восстановит твои силы, подобно крепкому[BR]ночному сну.[WAIT@]Войти в капсулу?","[@]Лише за кілька секунд цей апарат повністю відновить ваші сили, нічим не гірше міцного сна.
[WAIT@]Зайти в капсулу?",[@]只需几秒钟，[BR]这台机器就能让你精神焕发，并且完全恢复活力！[BR]效果堪比睡了一晚好觉。[WAIT@]要进入密封舱吗？
DIALOGUE_MERRYSVILLE_DESCRIPTIONS_INSTANTREVITALIZINGDEVICE_1,[@]You feel like a brand new baby!,[@]Vous vous sentez frais et remis à neuf !,[@]Ti senti una persona nuova!,[@]すっかり　げんきに　なった。,[@]방금 태어난 아기처럼 개운해졌다!,[@]¡Te sientes como si hubieses vuelto a nacer!,[@]¡Te sientes como si hubieses vuelto a nacer!,[@]Você se sente novinho em folha!,[@]Czujesz się jak nowo narodzony!,[@]Du fühlst dich wie ein neugeborenes Baby!,[@]Ты словно заново родился!,[@]Ти ніби заново народився!,[@]你感觉就像只刚刚破壳而出的小鸡！[BR]活力满满且充满希望！
DIALOGUE_MERRYSVILLE_DESCRIPTIONS_INSTANTREVITALIZINGDEVICE_SPEAKER,Instant Revitalizing Device,Appareil de revitalisation,Dispositivo Revitalizzante Istantaneo,[@]インスタント　エナジーマシン,즉각적 활력 회복 장치,Dispositivo de revitalización,Dispositivo de revitalización,Máquina Revitalizadora Instantânea,Maszyna Natychmiastowego Ożywienia,Sofortrevitalisierungsmaschine,Аппарат мгновенного восстановления,Пристрій миттєвого відновлення,神奇焕发舱
DIALOGUE_MERRYSVILLE_DESCRIPTIONS_LIBRARY_ADRENALINERUSH,"[@]Battling for Pros: Adrenaline Rushes[WAIT@]If you receive [color]mortal damage[/color], you will enter an [color]adrenaline rush[/color].[WAIT@]During an adrenaline rush, you will deal [color]more damage[/color] than usual.[WAIT@]The [color]SP[/color] you gain from dealing damage will even be increased!","[@]Les combats pour les pros : les poussées d'adrénaline.[WAIT@]Si vous recevez des [color]dégâts mortels[/color], vous allez ressentir une [color]poussée d'adrénaline[/color].[WAIT@]Pendant une poussée d'adrénaline, vous allez infliger [color]plus de dégâts[/color] que d'habitude.[WAIT@]Les [color]PC[/color] gagnés sous adrénaline sont aussi augmentés !","[@]Combattimento per esperti: Scariche di adrenalina[WAIT@]Se ricevi [color]danni fatali[/color], entrerai in una [color]scarica di adrenalina[/color].[WAIT@]In questo stato, infliggerai [color]più danno[/color] del solito.[WAIT@]Aumenteranno anche i [color]PT[/color] che ottieni infliggendo danni!
",[@]プロひっけん　バトルのじゅつ：ききてきじょうたい[W@][color]ちめいてきなダメージ[/color]を　うけたままだと　HPは0になって　たおされてしまう。[BR]それが　[C]ききてきじょうたい[/C]　である。[W@]だが　そのじょうたいで　あれば　てきに　あたえるダメージが　おおきくなる　だろう。[W@]こうげきするときに　えられる[BR][C]SPゲージ[/C]も　アップだ。[BR]うまく　つかってみよう。,[@]전문가를 위한 전투: 아드레날린 러시에 대하여[WAIT@][color]치명적인 피해[/color]를 받으면 [color]아드레날린 러시[/color] 상태에 돌입한다.[WAIT@]이 상태에서는 평소보다 [color]더 강력한 피해[/color]를 줄 수 있다.[WAIT@]또한 공격으로 얻는 [color]SP[/color] 역시 증가한다!,"[@]Combate para campeones: Subidones de adrenalina
[WAIT@]Si recibes [color]daños mortales[/color], entrarás en un [color]subidón de adrenalina[/color].
[WAIT@]Durante un subidón de adrenalina, infligirás [color]más daño[/color] de lo habitual.
[WAIT@]¡Incluso aumenta los [color]PH[/color] que obtienes al infligir daño!","[@]Combate para campeones: Subidones de adrenalina
[WAIT@]Si recibes [color]daños mortales[/color], entrarás en un [color]subidón de adrenalina[/color].
[WAIT@]Durante un subidón de adrenalina, infligirás [color]más daño[/color] de lo habitual.
[WAIT@]¡Incluso aumenta los [color]PT[/color] que obtienes al infligir daño!","[@]Dica dos Campeões: Picos de Adrenalina[WAIT@]Se você receber [color]dano mortal[/color], entrará em um [color]pico de adrenalina[/color].[WAIT@]Durante um pico de adrenalina, você causará [color]mais dano[/color] que o normal.[WAIT@]A quantidade de [color]SP[/color] que você ganha ao causar dano também será aumentado!","[@]Walka dla Profesjonalistów: Przypływ Adrenaliny[WAIT@]Jeśli otrzymasz [color]śmiertelne obrażenia [/color], nastąpi [color]przypływ adrenaliny[/color].[WAIT@]Podczas przypływu adrenaliny będziesz zadawać [color]większe obrażenia[/color] niż zwykle. Ponadto zyskujesz więcej [color]SP[/color] za zadawanie obrażeń!","[@]Kämpfe für Profis: Adrenalinschub[WAIT@]Wenn du [color]tödlichen Schaden[/color] erleidest, gerätst du in einen [color]Adrenalinschub[/color].[WAIT@]Während eines Adrenalinschubs verursachst du [color]mehr Schaden[/color] als gewöhnlich.[WAIT@]Die [color]SP[/color], die du durch das Verursachen von Schaden erhältst, werden sogar erhöht!","[@]«Бои для продвинутых. Выброс адреналина».[W@]Если получить [c]фатальный урон[/c], то у вас случится [c]выброс адреналина[/c].[W@]В этот промежуток времени вы будете наносить [c]гораздо больше урона[/c].[W@]Также, нанося удары, вы будете получать больше [c]очков навыков (ОН)[/c]!","[@]«Битви для профі: Сплеск адреналіну»
[WAIT@]Якщо ви отримаєте [color]фатальну шкоду[/color], у вас відбудеться [color]сплеск адреналіну[/color].
[WAIT@]Під час сплеску адреналіну ваші атаки будуть [color]сильнішими[/color], ніж зазвичай.
[WAIT@]А ще ви отримуватиме більше [color]очків таланту (ОТ)[/color] від завданої ворогам шкоди!",[@]专业战斗指南：肾上腺素激增[WAIT@]当你受到[color]致命伤害[/color]时，会进入[color]肾上腺素激增[/color]状态。[WAIT@]肾上腺素激增期间，你造成的[color]伤害[/color]会比平时更高。[WAIT@]通过造成伤害获得的[color]SP值[/color]也会增加！
DIALOGUE_MERRYSVILLE_DESCRIPTIONS_LIBRARY_BOOK_0,"[@]You've found a magazine![DELAY] And it's a fresh one, too![WAIT@]Read it?","[@]Vous avez trouvé un magazine ![DELAY] Et il vient de sortir, en plus ![WAIT@]Voulez vous le lire ?","[@]Hai trovato una rivista![DELAY] Ed è pure nuova di zecca![WAIT@]La leggi?
",[@]ピカピカの　あたらしい　ざっしをみつけた！[WAIT@]よんでみますか？,[@]잡지를 발견했다![DELAY] 게다가 최신호다![WAIT@]읽어볼까?,"[@]¡Has encontrado una revista![DELAY] ¡Y además es el último número!
[WAIT@]¿Quieres leerla?","[@]¡Has encontrado una revista![DELAY] ¡Y además es el último número!
[WAIT@]¿Quieres leerla?",[@]Você achou uma revista![DELAY] E é a edição deste mês![WAIT@]Quer ler?,[@]Znalazłeś czasopismo![DELAY] I to całkiem nowe![WAIT@]Przeczytać je?,[@]Du hast ein Magazin gefunden![DELAY] Und es ist auch noch ganz frisch![WAIT@]Es lesen?,[@]Ты нашёл журнал![DELAY] Да ещё и свежий номер![WAIT@]Прочитать его?,[@]Це журнал![DELAY] Та ще й свіженький![WAIT@]Прочитати його?,[@]你找到了一本杂志！[DELAY]而且还是新刊呢！[WAIT@]要读一读吗？
DIALOGUE_MERRYSVILLE_DESCRIPTIONS_LIBRARY_BOOK_1,"[@]""My Secret Life"",[DELAY:4] chapter three.[WAIT@](Story from the previous chapter.)[WAIT@]I was neither а murder suspect,[DELAY:4] nor а target for аn international spy organization.[WAIT] But I drove а саг down the Jersey Turnpike at 80 miles per hour.[WAIT@]...A police officer pulled me over and asked for my driver's license.[WAIT] He said I was going 20 miles over the speed limit.[WAIT@]I instantly pointed to my wife and said,[DELAY:4] ""I'm in а hurry,[DELAY:4] my wife is in labor!""[WAIT@]Fortunately,[DELAY:4] my wife actually had а big stomach. [WAIT@]I hoped he'd let me go with this excuse.[WAIT@]""Oh,[DELAY:4] since it's аn emergency...[DELAY:4] I'll lead you to the hospital with my police car,""[DELAY:4] he said.[WAIT@]""No,[DELAY:4] it's not necessary.""[WAIT@]""Why not?""[DELAY:4] asked the officer.[WAIT@]""Uh...[DELAY:4] well...""[WAIT@]""Let's get going,""[DELAY:4] said the officer...[WAIT@]""No,[DELAY:4] no![DELAY:4] We can't![DELAY:4] This baby is a demon child!""","[@]« Ma double vie »,[DELAY:4] chapitre trois.[WAIT@](Histoire du chapitre précédent.)[WAIT@]Je n'étais ni suspecté de meurtre,[DELAY:4] ni ciblé par une organisation internationale d'espionnage.[WAIT] Mais je conduisais ma voiture le long de l'autoroute du New Jersey à 120km/h.[WAIT@]...Jusqu'à ce qu'un policier m'arrête et me demande mon permis.[WAIT] Il disait que j'étais 30 kilomètres au-dessus de la limite de vitesse.[WAIT@]Immédiatement, je pointe ma femme du doigt, en disant,[DELAY:4] « Je suis pressé,[DELAY:4] ma femme va accoucher ! »[WAIT@]Heureusement,[DELAY:4] ma femme ne se prive pas quand on mange. [WAIT@]J'espérais qu'il me laisse repartir avec cette excuse.[WAIT@]« Oh,[DELAY:4] puisque c'est une urgence... [DELAY:4]Je peux vous emmener à l'hôpital avec ma voiture de fonction.»[DELAY:4] dit-il.[WAIT@]« Non,[DELAY:4] ce n'est pas nécessaire.»[WAIT@]« Pourquoi ? »[DELAY:4] demande t-il.[WAIT@]""Euh... Et bien...""[WAIT@]« Allons-y.»[DELAY:4] dit le policier...[WAIT@]« Non,[DELAY:4] ça alors non ![DELAY:4] On ne peut pas ![DELAY:4] Ce bébé est un démon !»","[@]""La mia vita segreta"",[DELAY:4] capitolo terzo.[WAIT@](Continua dal capitolo precedente.)[WAIT@]Non ero né sospettato di omicidio,[DELAY:4] né il bersaglio di spie internazionali.[WAIT] Eppure, ho oltrepassato il casello di Jersey a 130 all'ora.[WAIT@]...Un agente mi ha fermato e mi ha chiesto la patente.[WAIT] Ha detto che stavo andando 30 km/h oltre il limite.[WAIT@]Ho indicato mia moglie e risposto,[DELAY:4] ""Sono di fretta,[DELAY:4] mia moglie sta per partorire!""[WAIT@]Per fortuna,[DELAY:4] mia moglie ha effettivamente un pancione. [WAIT@]Speravo che mi avrebbe lasciato andare.[WAIT@]""Oh,[DELAY:4] visto che è un'emergenza...[DELAY:4] vi porterò all'ospedale con la mia auto della polizia,""[DELAY:4] ha detto.[WAIT@]""No,[DELAY:4] non c'è bisogno.""[WAIT@]""Perché no?""[DELAY:4] ha chiesto l'agente.[WAIT@]""Ehm...[DELAY:4] beh...""[WAIT@]""Forza, andiamo,""[DELAY:4] ha esortato...[WAIT@]""No,[DELAY:4] no![DELAY:4] Non possiamo![DELAY:4] Questo bambino è figlio del diavolo!""
",[@]「わが　ひみつの　しょうがい」[DELAY:4]　だい３しょう。[WAIT@]（ぜんごうまでの　あらすじ）[WAIT@]さつじんじけんの　ようぎしゃ[WAIT]　でもなく[WAIT@]こくさいスパイそしきに　いのちを[BR]ねらわれている[WAIT]　わけでもない　わたしは[WAIT@]こうしゅうかいどうを[BR]じそく　８０キロで　はしっていた。[WAIT@]・・・パトカーから　おりてきた　けいかんは[BR]めんきょしょうの　ていじを　もとめ[WAIT@]わたしの　はしっていた　そくどが　２０キロの[BR]スピードいはんで　あることを　つげた。[WAIT@]わたしは　とっさに　じょしゅせきの[BR]つまをさして　いった。[WAIT@]「か　かないが　きゅうに　さんけづきまして・・・[BR]いそいでいるんです」[WAIT][@]たしかに　つまのはらは　でていた。[WAIT@]これで　みのがしてくれるかも　しれない。[WAIT@]「そうですか。[D:4]・・・それは　おこまりでしょう。[WAIT@]パトカーで　せんどうします」[WAIT@]「いえ　けっこうです。いけません」[WAIT@]「どうして？」 けいかんは　いう。[WAIT@]「・・・そ　それは・・・」[WAIT@]「じゃ　いきましょう」[@]「だめです！[D:4]うまれてくる　こどもは[D:3:3]・・・[WAIT][BR]オニのこ　なんです！」,"[@]""나의 비밀스러운 삶"", [DELAY:4]3장[WAIT@](이전 이야기에서 이어짐.)[WAIT@]나는 살인 사건의 용의자도,[DELAY:4] 국제 스파이 조직의 표적도 아니었다.[WAIT] 하지만 나는 시속 130킬로로 뉴저지 턴파이크를 운전하고 있었다.[WAIT@]... 경찰이 나를 세웠다. 운전면허를 요구했다. [WAIT] 내가 30킬로를 초과했다는 것이었다.[WAIT@]나는 다급히 아내를 가리키며 말했다.[DELAY:4] ""급한 일입니다,[DELAY:4] 지금 제 아내가 진통 중입니다!""[WAIT@]다행히 아내는 배가 불룩했다.[WAIT@]나는 이 변명이 통하길 내심 기도했다.[WAIT@]""그렇다면,[DELAY:4] 응급상황이시니...[DELAY:4] 제가 경찰차로 병원까지 안내해 드리죠.""[WAIT@]""아니요,[DELAY:4] 그럴 필요 없습니다.""[WAIT@]""왜죠?""[DELAY:4] 경찰이 물었다.[WAIT@]""그게...[DELAY:4] 음...""[WAIT@]""출발합시다."" 경찰이 시동을 다시 걸었다...[WAIT@]""안 돼요,[DELAY:4] 안 됩니다![DELAY:4] 이 아이는 악마의 자식이란 말입니다!""","[@]""Mi vida secreta"",[DELAY:4] capítulo 3.[WAIT@](Resumen del capítulo anterior.)[WAIT@]No era yo sospechoso de asesinato,[DELAY:4] ni tampoco el blanco de alguna organización de espionaje internacional.[WAIT] Sin embargo, conducía un coche por la autopista de Nueva Jersey a 80 millas por hora.[WAIT@]...Un policía me detuvo y me pidió los documentos.[WAIT] \nDijo que me había sobrepasado las 20 millas por encima del límite de velocidad.[WAIT@]Al instante señalé a mi esposa y exclamé: [DELAY:4]""¡Tengo prisa!,[DELAY:4] ¡mi mujer está en labor de parto!""[WAIT@]Por fortuna,[DELAY:4] mi esposa realmente tenía una barriga grande. [WAIT@]Confiaba en que me dejara marcharme con esa excusa.[WAIT@]""Oh,[DELAY:4] ya que es una emergencia...[DELAY:4] los llevaré hasta el hospital en mi patrulla"",[DELAY:4] dijo él.[WAIT@]""No,[DELAY:4] no hace falta.""[WAIT@]""¿Por qué no?""[DELAY:4] inquirió el oficial.[WAIT@]""Eh...[DELAY:4] bueno...""[WAIT@]""En marcha"",[DELAY:4] sentenció él...[WAIT@]""¡No,[DELAY:4] no![DELAY:4] ¡No podemos![DELAY:4] ¡Este bebé es el hijo del Diablo!""","[@]«Mi vida secreta,[DELAY:4] capítulo 3.»
[WAIT@](Resumen de lo ocurrido.)
[WAIT@]No era sospechoso de asesinato,[DELAY:4] ni tampoco objetivo de espías internacionales.[WAIT] Pero iba a 130 km/h por la autopista de Nueva Jersey.
[WAIT@]...Un agente de policía me detuvo y me pidió los papeles.[WAIT] Había superado el límite de velocidad en 10 km/h.
[WAIT@]Instintivamente, señalé a mi mujer y dije,[DELAY:4] «¡Es urgente,[DELAY:4] mi mujer va a dar a luz!»
[WAIT@]Por suerte,[DELAY:4] mi mujer tenía una barriga prominente por aquel entonces.
[WAIT@]Pensaba que nos dejaría ir con esa excusa.
[WAIT@]«Oh,[DELAY:4] ya que es una urgencia...[DELAY:4] les llevaré al hospital en mi coche»,[DELAY:4] me dijo amablemente.
[WAIT@]«No,[DELAY:4] no hace falta.»
[WAIT@]«¿Por qué no?»,[DELAY:4] me preguntó.
[WAIT@]«Bueno...,[DELAY:4] verá...»
[WAIT@]«Vamos»,[DELAY:4] insistió el agente...
[WAIT@]«¡No,[DELAY:4] no![DELAY:4] ¡No podemos![DELAY:4] Este bebé... ¡es el Anticristo!»","[@]""Minha Vida Secreta"",[DELAY:4] Capítulo 3.[WAIT@](Resumo do capítulo anterior.)[WAIT@]Eu não era suspeito de nenhum assassinato,[DELAY:4] e nem alvo de uma organização internacional de espionagem.[WAIT] Mas mesmo assim dirigia a 130 km/h pela rodovia de Nova Jersey.[WAIT@]...Um policial me mandou encostar e me pediu a carteira de motorista.[WAIT] Ele disse que eu estava 30 km/h acima do limite de velocidade.[WAIT@]Na mesma hora, apontei para minha esposa e disse:[DELAY:4] ""Eu estou com pressa,[DELAY:4] minha mulher está em trabalho de parto!""[WAIT@]Por sorte,[DELAY:4] ela tinha mesmo uma barriga saliente. [WAIT@]Esperava que fosse liberado com essa desculpa.[WAIT@]""Oh,[DELAY:4] como é uma emergência...[DELAY:4] vou escoltá-los até o hospital com minha viatura"",[DELAY:4] ofereceu.[WAIT@]""Não,[DELAY:4] não precisa.""[WAIT@]""Por que não?"",[DELAY:4] perguntou o policial.[WAIT@]""Er...[DELAY:4] bem...""[WAIT@]""Vamos logo"",[DELAY:4] insistiu...[WAIT@]""Não,[DELAY:4] não![DELAY:4] Não podemos![DELAY:4] Este bebê é filho do demônio!""","[@]„Moje Sekretne Życie”,[DELAY:4] rozdział trzeci.[WAIT@](Kontynuacja z poprzedniego rozdziału.)[WAIT@]Nie byłem podejrzany o morderstwo[DELAY:4] ani celem międzynarodowej organizacji szpiegowskiej.[WAIT] Ale jechałem samochodem autostradą Jersey Turnpike z prędkością 80 mil na godzinę.[WAIT@]... Zatrzymał mnie policjant i poprosił o prawo jazdy.[WAIT] Powiedział, że przekroczyłem prędkość o 20 mil.[WAIT@]Natychmiast wskazałem palcem na żonę i powiedziałem:[DELAY:4] „Spieszy mi się,[DELAY:4] moja żona za chwilę urodzi!”[WAIT@]Miałem szczęście,[DELAY:4] bo brzuch mojej żony faktycznie był spory. [WAIT@]Miałem nadzieję, że dzięki tej wymówce mnie puści.[WAIT@]„Och,[DELAY:4] skoro to nagły wypadek...[DELAY:4] zaprowadzę cię do szpitala moim radiowozem”,[DELAY:4] powiedział.[WAIT@]„Nie,[DELAY:4] to nie jest konieczne”. [WAIT@]„Dlaczego nie?”[DELAY:4] – zapytał policjant.[WAIT@]„Eee...[DELAY:4] cóż...”[WAIT@]„Ruszajmy”[DELAY:4] – powiedział policjant... [WAIT@]„Nie,[DELAY:4] nie![DELAY:4] Nie możemy![DELAY:4] To dziecko spłodził demon!”","[@]„Mein geheimes Leben“, [DELAY:4]Kapitel 3.[WAIT@](Zusammenfassung des vorigen Kapitels)[WAIT@]Ich war weder ein Mordverdächtiger[DELAY:4] noch das Ziel einer internationalen Spionageorganisation.[WAIT] Aber ich bin mit einem Auto mit 130 Sachen Richtung Jersey Turnpike gefahren.[WAIT@]... Ein Polizist zog mich raus und nach meinem Führerschein gefragt.[WAIT] Er sagte, ich sei 30 km/h über der Geschwindigkeitsbegrenzung gewesen.[WAIT@]Ich zeigte sofort auf meine Frau und sagte:[DELAY:4] „Ich habe es eilig,[DELAY:4] meine Frau hat die Wehen!“[WAIT@]Zum Glück[DELAY:4] hatte meine Frau tatsächlich einen großen Bauch.[WAIT@]Ich hoffte, der Polizist würde mich mit dieser Ausrede ziehenlassen.[WAIT@]„Oh,[DELAY:4] da das ein Notfall ist ...[DELAY:4] bringe ich Sie im Polizeiwagen zum Krankenhaus“,[DELAY:4] sagte er.[WAIT@]„Ach nein,[DELAY:4] ist nicht nötig.“[WAIT@]„Warum nicht?“,[DELAY:4] fragte der Polizist.[WAIT@]„Ähm ...[DELAY:4] nun ...“[WAIT@]„Brechen wir auf“,[DELAY:4] bestand der Polizist ...[WAIT@]„Nein,[DELAY:4] nein![DELAY:4] Das geht nicht![DELAY:4] Das Baby ist ein Dämonenkind!“","[@]«Моя тайная жизнь».[D:4] Часть третья.[W@](Продолжение истории из предыдущей части.)[W@]Я не был ни подозреваемым в убийстве,[D:4] ни объектом преследования в шпионской международной организации.[W@]Но я ехал по магистрали Нью-Джерси со скоростью 130 километров в час.[W@]...Тут меня остановил полицейский и попросил предъявить права.[W] Сказал, что я превысил скорость на 30 километров.[W@]Но я тут же показал на свою жену:[D:4][BR]— Я спешу,[D:4] у моей жены роды![W@]К счастью,[D:4] у неё и вправду был большой живот.[W@]Я был полностью уверен, что план сработал и офицер сейчас меня отпустит.[W@]Но не тут-то было.[D:4][BR]— Экстренный случай?..[D:4] Позвольте, я довезу вас на своей машине.[W@] — Нет,[D:4] это не нужно.[W@] — Почему же?[D:4] — удивился полицейский.[W@]— Э-э-э...[D:4] Ну...[W@]— Да поехали, чем быстрее, тем лучше,[D:4] — продолжил он...[W@]— Нет-нет![D:4] Мы не можем![D:4] Наш ребёнок — дьявольское отродье!","[@]«Моє таємне життя»,[DELAY:4] розділ третій.[WAIT@](Історія з попереднього розділу.) [WAIT@]Я не був ні підозрюваним у вбивстві,[DELAY:4] ні мішенню для міжнародної шпигунської організації.[WAIT@]Незважаючи на це, я їхав по автомагістралі Нью-Джерсі з шаленою швидкістю. [WAIT@]...Мене зупинив поліцейський і попросив показати водійські права. [WAIT@]Він сказав, що я перевищив швидкість на 20 миль. [WAIT@]Я миттєво показав на свою дружину та сказав:[DELAY:4][BR]«Я поспішаю,[DELAY:4] моя дружина народжує!» [WAIT@]На щастя,[DELAY:4] вона завжди дуже любила поїсти. [WAIT@]Я сподівався, що він повірить мені та відпустить. [WAIT@]«Ох,[DELAY:4] оскільки це надзвичайна ситуація...[DELAY:4] я довезу вас до лікарні на своїй машині.»[WAIT@]«Ні, не варто.» [WAIT@]«Чому це?»[DELAY:4] запитав поліцейський. [WAIT@]«Е-е-е...[DELAY:4] ну...» [WAIT@]«Годі гаяти час![DELAY:4] Поїхали!» [WAIT@]«Ні, ні! Ми не можемо![DELAY:4] Наша дитина – виродок демона!»",[@]《我的秘密生活》，[DELAY:4]第三章。[WAIT@]（接上章故事。）[WAIT@]我既不是谋杀嫌疑犯，[DELAY:4]也不是国际间谍组织的目标。[WAIT@]但我却在泽西收费高速公路上以每小时80英里的速度开着车。[WAIT@]……很快一名警察把我拦了下来，要我出示驾照。[WAIT@]他说我超速了20英里。[WAIT@]我立刻指着我的妻子说，[BR][DELAY:4]“我赶时间，[DELAY:4]我的妻子要生了！”[WAIT@]幸运的是，[DELAY:4]我妻子当时肚子确实很大。[WAIT@]我指望用这个借口能让他放我一马。[WAIT@]“哦，[DELAY:4]既然是紧急情况…[DELAY:4]那我用警车给你们开路。”[DELAY:4][BR]他说。[WAIT@]“不，[DELAY:4]不用了，没这个必要。”[WAIT@]“为什么？”[DELAY:4][BR]警察问道。[WAIT@]“呃…[DELAY:4]好吧我……”[WAIT@]警察说：[DELAY:4]“那我们出发吧。”[WAIT@]“等一下，[DELAY:4]不行！[DELAY:4]我们不能去！”[BR]我回答道……[WAIT@][DELAY:4]“因为这孩子是恶魔之子！”
DIALOGUE_MERRYSVILLE_DESCRIPTIONS_LIBRARY_ENCORE,"[@]Battling for Pros: Using Encores[WAIT@][color]Encores[/color] can be performed using any kind of move.[WAIT@]For example, you can start by using an item, then use an encore to use another skill.[WAIT@]If you have enough [color]SP[/color], you can even perform two encores in a row!","[@]Les combats pour les pros : faire un Encore.[WAIT@]Un [color]Encore[/color] peut être utilisé pour faire une action supplémentaire.[WAIT@]Par exemple, vous pouvez utiliser en premier lieu un objet, et ensuite effectuer un Encore pour utiliser une compétence.[WAIT@]Avec assez de [color]PC[/color], vous pouvez même faire deux Encore à la suite !","[@]Combattimento per esperti: Usare gli Encore[WAIT@]Gli [color]Encore[/color] si possono effettuare con qualunque mossa.[WAIT@]Per esempio, puoi prima usare un oggetto e poi usare un'altra abilità.[WAIT@]Se ti bastano i [color]PT[/color], puoi anche effettuare due Encore di fila!",[@]プロひっけん　バトルのじゅつ：アンコール[W@][color]アンコール[/color]は　あらゆる　こうどうを　とおして　おこなうことが　できる。[W@]アイテムを　つかってから　スキルを　つかうことも　できるのだ。[W@][color]SPメーター[/color]が　たまれば　２かいれんぞくで　アンコールを　することも　できるぞ。,"[@]전문가를 위한 전투: 앙코르에 대하여[WAIT@][color]앙코르[/color]는 어떤 종류의 행동에서도 사용할 수 있다.[WAIT@]예를 들어, 아이템을 사용한 뒤 앙코르로 다른 스킬을 바로 연계할 수 있다.[WAIT@][color]SP[/color]만 충분하다면 앙코르를 두 번 연속 사용할 수도 있다!","[@]Combate para campeones: Uso de Encores
[WAIT@]Los [color]Encores[/color] pueden realizarse con cualquier tipo de movimiento.
[WAIT@]Por ejemplo, puedes usar un objeto y luego un Encore para ejecutar otra técnica.
[WAIT@]Si tienes los suficientes [color]PH[/color], ¡incluso podrás realizar dos Encores seguidos!","[@]Combate para campeones: Uso de Bises
[WAIT@]Los [color]Bises[/color] pueden realizarse con cualquier tipo de movimiento.
[WAIT@]Por ejemplo, puedes usar un objeto y luego un Bis para ejecutar otra técnica.
[WAIT@]Si tienes los suficientes [color]PT[/color], ¡incluso podrás realizar dos Bises seguidos!","[@]Dica dos Campeões: Usando o Bis[WAIT@]O [color]Bis[/color] pode ser executado usando qualquer tipo de ação.[WAIT@]Por exemplo, você pode começar usando um item, e então executar o Bis para usar outra habilidade.[WAIT@]Se você tiver bastante [color]SP[/color], dá até para executar dois Bis em sequência!","[@]Walka dla profesjonalistów: Używanie Bisu[WAIT@][color]Bis[/color] można wykonać po dowolnym ruchu.[WAIT@]Możesz na przykład zacząć od użycia przedmiotu, a następnie użyć bisu, aby dodatkowo użyć umiejętności.[WAIT@]Jeśli masz wystarczającą ilość [color]SP[/color], możesz nawet wykonać dwa bisy pod rząd!","[@]Kämpfe für Profis: Encores einsetzen[WAIT@][color]Encores[/color] können mit jeder Art von Aktion ausgeführt werden.[WAIT@]Du kannst zum Beispiel zunächst einen Gegenstand einsetzen und dann mit einem Encore eine weitere Fertigkeit anwenden.[WAIT@]Wenn du genug [color]FP[/color] hast, kannst du sogar zwei Encores hintereinander ausführen!","[@]«Бои для продвинутых. Бис».[WAIT@]Во время любого действия вы можете исполнить [c]бис[/c].[W@]Например, вы можете начать использовать предмет, а затем применить бис для другого навыка.[W@]Если у вас достаточно [c]ОН[/c], то можно исполнить два биса подряд!","[@]«Битви для профі: Хід на біс»
[WAIT@]Ви можете виконати [color]хід на біс[/color] під час будь-якої дії.
[WAIT@]Наприклад, ви можете почати використовувати предмет, а потім застосувати біс для іншої навички.
[WAIT@]Якщо у вас достатньо [color]ОТ[/color], то ви зможете виконати два біси поспіль!",[@]专业战斗指南：加演技巧[WAIT@][color]加演[/color]可以配合任意类型的招式来发动。[WAIT@]例如：你可以先使用一个道具，然后通过加演再发动另一个技能。[WAIT@]如果你有足够的[color]SP值[/color]，甚至可以连续使用两次加演！
DIALOGUE_MERRYSVILLE_DESCRIPTIONS_LIBRARY_EQUIPMENTSKILLS,"[@]Battling for Beginners: Adventurer Skills[WAIT@][color]Adventurous types[/color] can use different skills depending on the weapon they're holding.[WAIT@]If they [color]level up[/color] while wielding a certain weapon type, they might learn a [color]new skill[/color] for that weapon.[WAIT@]So don't be afraid to try out different weapons.","[@]Les combats pour les pros : les capacités d'aventure.[WAIT@]Les [color]aventuriers[/color] peuvent utiliser différentes compétences selon l'arme qu'ils portent.[WAIT@]S'ils [color]montent de niveau[/color] en ayant certaines armes d'équipées, ils peuvent apprendre une [color]nouvelle compétence[/color] pour celles-ci.[WAIT@]Donc n'ayez pas peur de tester de nouvelles armes de temps en temps !","[@]Combattimento per principianti: Abilità da Avventurosi[WAIT@][color]I tipi Avventurosi[/color] possono usare abilità diverse in base all'arma equipaggiata.[WAIT@]Se [color]salgono di livello[/color] mentre usano un tipo di arma, potrebbero imparare [color]nuove abilità[/color] per quell'arma.[WAIT@]Quindi, provate tante armi diverse!",[@]シロートひっけん　バトルのじゅつ：とくぎ[W@][Ninten]の　つかう　[C]とくぎ[/C]は[BR]そうびする　ぶきの　しゅるいによって[BR]かわることが　ある。[W@]ぶきを　もった　じょうたいで[BR][C]レベルアップ[/C]　すると　[C]あたらしい　とくぎ[/C]を[BR]おぼえることも　ある。[W@]おそれず　ゆうきを　だして[BR]いろいろな　ぶきを　ためしてみよう。,[@]초보자를 위한 전투: 모험가 스킬에 대하여[WAIT@][color]모험가 유형[/color]은 장비한 무기에 따라 다양한 스킬을 사용할 수 있다.[WAIT@]특정 무기를 든 상태로 [color]레벨 업[/color]하면 해당 무기의 [color]새로운 전용 스킬[/color]을 배우기도 한다.[WAIT@]그러니 다양한 무기를 써 보는 것을 두려워하지 말자.,"[@]Combate para principiantes: Habilidades de aventureros[WAIT@]Los que [color]son más aventurosos[/color] pueden usar diferentes habilidades dependiendo en el arma que estén sosteniendo.[WAIT@]Si [color]suben de nivel[/color] mientras tienen equipada una cierta arma puede que [color]aprendan una nueva habilidad[/color] correspondiente a la misma.[WAIT@]Por lo tanto, no tengas miedo de probar diferentes armas.","[@]Combate para principiantes: Técnicas de aventurero
[WAIT@]Los [color]aventureros[/color] pueden usar diferentes técnicas según el arma que lleven equipada.
[WAIT@]Si [color]suben de nivel[/color] mientras empuñan un tipo de arma específico, puede que aprendan una [color]nueva técnica[/color] para esa arma.
[WAIT@]Así que no tengas miedo de probar armas diferentes.","[@]Luta para Leigos: Habilidades de Aventureiro[WAIT@]Aqueles mais [color]aventureiros[/color] podem usar habilidades diferentes de acordo com a arma que estão segurando.[WAIT@]Caso [color]subam de nível[/color] enquanto seguram determinado tipo de arma, podem aprender uma [color]habilidade nova[/color] para aquela arma.[WAIT@]Então, não tenha medo de experimentar todas as armas que puder.","[@]Walka dla Początkujących: Umiejętności Podróżnika[WAIT@][color]Podróżnicy[/color] mogą korzystać z różnych umiejętności w zależności od broni, z której korzystają.[WAIT@]Jeśli [color]awansują na wyższy poziom[/color] podczas korzystania z określonego rodzaju broni, mogą nauczyć się [color]nowej umiejętności[/color] związanej z tą bronią.[WAIT@]Nie bój się więc wypróbowywać różnych rodzajów broni.","[@]Kämpfe für Anfänger: Abenteuer-Fertigkeiten[WAIT@][color]Abenteurer[/color] können verschiedene Fertigkeiten abhängig von ihrer gerade getragenen Waffe einsetzen.[WAIT@]Wenn sie [color]aufleveln[/color], während sie einen bestimmten Waffentyp tragen, lernen sie vielleicht sogar eine neue [color]Fertigkeit[/color] für diese Waffe.[WAIT@]Also probiere ruhig verschiedene Waffen aus.",[@]«Бои для начинающих. Навыки искателей приключений».[W@]У [c]искателей приключений[/c] многие навыки связаны с определённым видом оружия.[W@]И при [c]повышении уровня[/c] в зависимости от оружия в руках можно освоить [c]разные навыки[/c].[W@]Не бойтесь менять вооружение. Экспериментируйте!,"[@]«Битви для початківців: Таланти шукача пригод»
[WAIT@][color]Шукачі пригод[/color] можуть застосовувати різні навички та таланти в залежності від використовуваної ними зброї.
[WAIT@]Якщо вони [color]підвищать свій рівень[/color], тримаючи у руках певний вид зброї, вони зможуть освоїти відповідний [color]новий талант[/color].
[WAIT@]Не соромтеся використовувати різні види зброї!",[@]新手战斗指南：冒险者技能[WAIT@][color]冒险者[/color]会根据所持武器的不同而使用不同的技能。[WAIT@]如果在手持某类武器的状态下[color]升级[/color]，就有可能学会该武器对应的[color]专属特技[/color]。[WAIT@]所以不要害怕，踊跃去尝试不同类型的武器吧！
DIALOGUE_MERRYSVILLE_DESCRIPTIONS_LIBRARY_SP,[@]Battling for Pros: Skill Points[WAIT@][color]SP[/color] can be gained in a few different ways.[WAIT@]You can gain SP by using [color]regular attacks[/color] or by [color]receiving damage[/color].[WAIT@]You can also [color]defend[/color] to gain a lot of SP at once.[WAIT@]That's why they say that a good defense is the best offense.,"[@]Les combats pour les pros : les Points de Compétence.[WAIT@]Les [color]Points de Compétence[/color], ou [color]PC[/color], peuvent être obtenus par plusieurs moyens.[WAIT@]Par exemple, en utilisant des [color]attaques classiques[/color] ou en [color]prenant des dégâts[/color].[WAIT@]Vous pouvez aussi [color]vous mettre en garde[/color] pour en gagner beaucoup d'un coup.[WAIT@]Après tout, la meilleure attaque, c'est la défense.",[@]Combattimento per esperti: Punti Tecnica[WAIT@]Puoi ottenere [color]PT[/color] in vari modi.[WAIT@]Ottieni PT con gli [color]attacchi normali[/color] o [color]subendo danno[/color].[WAIT@]Puoi anche [color]difenderti[/color] per ottenere tanti PT insieme.[WAIT@]Per questo si dice che il miglior attacco è la difesa.,[@]プロひっけん　バトルのじゅつ：SPゲージ[W@][color]SPゲージ[/color]とは　たたかいのさいちゅう[BR]がめんしたに　ひょうじされる[BR]ながいぼうのような　ものだ。[WAIT@]SPゲージは　こうげきしたり　ダメージを　うけることで　ためることが　できる。[W@]また　[C]ぼうぎょ[/C]を　することで　いっきに　ためることも　できるだろう。[WAIT@]ぼうぎょは　さいだいの　こうげき[BR]とは　よく　いったものだ。,[@]전문가를 위한 전투: 스킬 포인트에 대하여[WAIT@][color]SP[/color]는 여러 방법을 통해 얻을 수 있다.[WAIT@]일반 공격을 하거나 [color]피해를 받는 것[/color]만으로도 SP를 얻을 수 있다.[WAIT@]또한 [color]방어[/color] 시에는 한 번에 많은 양의 SP를 수급할 수 있다.[WAIT@]그래서 최고의 방어는 최고의 공격이라는 말도 있는 것이다.,"[@]Combate para campeones: Puntos de Habilidad
[WAIT@]Los [color]PH[/color] se pueden obtener de varias formas distintas.
[WAIT@]Puedes ganar PH mediante [color]ataques normales[/color] o al [color]recibir daño[/color].
[WAIT@]También puedes [color]defenderte[/color] para ganar muchos PH de golpe.
[WAIT@]Por eso se dice que una buena defensa es el mejor ataque.","[@]Combate para campeones: Puntos de Técnica
[WAIT@]Los [color]PT[/color] se pueden obtener de varias formas distintas.
[WAIT@]Puedes ganar PT mediante [color]ataques normales[/color] o al [color]recibir daño[/color].
[WAIT@]También puedes [color]defenderte[/color] para ganar muchos PT de golpe.
[WAIT@]Por eso se dice que el mejor ataque es una buena defensa.","[@]Dica dos Campeões: Pontos de Habilidade[WAIT@][color]SP (Skill Points, em inglês)[/color] podem ser obtidos de diferentes maneiras.[WAIT@]É possível ganhar SP usando [color]ataques normais[/color] ou [color]recebendo dano[/color].[WAIT@]Você também pode [color]defender[/color] para ganhar um montão de SP de uma vez só.[WAIT@]É por isso que dizem que uma boa defesa é o melhor ataque.","[@]Walka dla Profesjonalistów: Punkty Umiejętności[WAIT@][color]SP[/color] można zdobywać na kilka różnych sposobów.[WAIT@]SP można zdobywać wykonując [color]zwykłe ataki[/color] lub [color]otrzymując obrażenia[/color].[WAIT@]Można również [color]bronić się[/color], co generuje sporą ilość SP. [WAIT@]Dlatego mówi się, że z obrony jest najlepszy atak.","[@]Kämpfe für Profis: Fähigkeitspunkte[WAIT@][color]FP[/color] können auf verschiedene Arten gesammelt werden.[WAIT@]Du kannst FP durch [color]normale Angriffe[/color] oder durch [color]erlittenen Schaden[/color] erhalten.[WAIT@]Du kannst dich auch [color]Verteidigen[/color], um mit einem Mal viele FP zu erhalten. [WAIT@]Deshalb sagt man ja, dass eine gute Verteidigung der beste Angriff ist.","[@]«Бои для продвинутых. Очки навыков».[W@]Есть несколько способов получить [c]очки навыков (ОН)[/c].[W@]Например, при использовании [c]обычных атак[/c], а также при [c]получении урона[/c].[W@]А если будете [color]защищаться[/color], то вы сразу получите большое количество ОН.[WAIT@]Как говорят в народе, защита — лучшее нападение.","[@]«Битви для профі: Очки таланту»
[WAIT@]Є кілька способів отримати [color]очки таланту[/color].
[WAIT@]Можна отримати ОТ, використовуючи [color]звичайні атаки[/color] або [color]отримуючи шкоду[/color].
[WAIT@]Якщо [color]захищатися[/color] від ворогів, а не атакувати, можна отримати набагато більше ОТ.
[WAIT@]Саме тому кажуть, що найкращий напад — це захист.",[@]专业战斗指南：技能点数[WAIT@][color]SP值[/color]可以通过几种不同方式获得。[WAIT@]使用[color]普通攻击[/color]或[color]承受伤害[/color]都可以获得SP值。[WAIT@]此外也可以通过[color]防御[/color]来一次性获得大量SP值。[WAIT@]常言道：“防守就是最好的进攻”。
DIALOGUE_MERRYSVILLE_DESCRIPTIONS_LIBRARY_SPEEDUPMETER,"[@]Battling for Pros: Meter Acceleration[WAIT@]If you're [color]waiting for your HP to go up[/color] during your turn, you can [color]speed it up[/color] by holding [color][ui_toggle][/color].[WAIT@]Be careful though, as this also works if your HP is going down.","[@]Les combats pour les pros : l'accélération du compteur.[WAIT@]Si vous [color]attendez que vos PV montent[/color] pendant votre tour, vous pouvez [color]accélérer[/color] le processus en restant appuyé sur [color][ui_toggle][/color].[WAIT@]Attention, cette technique marche aussi quand vos PV baissent !","[@]Combattimento per esperti: Accelerazione indicatore[WAIT@]Se stai [color]aspettando che i tuoi PS salgano[/color] nel tuo turno, puoi [color]velocizzare l'indicatore[/color] tenendo premuto [color][ui_toggle][/color].[WAIT@]Fa' attenzione, funziona anche quando i tuoi PS scendono.
",[@]プロひっけん　バトルのじゅつ：[BR]HPメーターかそく[W@]じぶんのターン　[C][ui_toggle][/C]を　おすことで　[BR][C]HPが　かいふくする　そくどを[BR]はやくする[/C]　ことが　できる。[W@]ただし　HPが　へるそくども[BR]はやくなるので　ちゅういだ。,"[@]전문가를 위한 전투: 게이지 가속에 대하여[WAIT@]자신의 턴에 [color]HP가 회복되는 중[/color]이라면, [color][ui_toggle][/color]키를 눌러 가속할 수 있다.[WAIT@]단, HP가 줄어드는 상황에서도 똑같이 가속하니 주의하도록 하자.","[@]Combate para campeones: Aceleración del medidor
[WAIT@]Si estás [color]esperando a que tus PV suban[/color] durante tu turno, puedes [color]acelerar el proceso[/color] manteniendo pulsado [color][ui_toggle][/color].
[WAIT@]Pero ten cuidado, porque también funciona si tus PV están bajando.","[@]Combate para campeones: Aceleración del medidor
[WAIT@]Si estás [color]esperando a que tus PV suban[/color] durante tu turno, puedes [color]acelerar el proceso[/color] manteniendo pulsado [color][ui_toggle][/color].
[WAIT@]Pero ten cuidado, porque también funciona si tus PV están bajando.","[@]Dica dos Campeões: Acelerar Contador[WAIT@]Se você não quer [color]esperar seu HP subir[/color] durante o seu turno, dá para [color]acelerar o contador[/color] segurando [color][ui_toggle][/color].[WAIT@]Só tome cuidado, pois isso também acelera o contador quando está diminuindo.","[@]Walka dla Profesjonalistów: Przyspieszenie Paska[WAIT@]Jeśli w swojej turze [color]czekasz do końca wzrostu HP[/color], możesz [color]przyspieszyć ten proces[/color], przytrzymując klawisz [color][ui_toggle][/color].[WAIT@]Uważaj jednak, ponieważ działa to również w przypadku spadku HP.","[@]Kämpfe für Profis: Anzeigenbeschleunigung[WAIT@]Wenn du in einer Runde darauf wartest, dass [color]deine KP steigen[/color], kannst du den Vorgang [color]beschleunigen[/color], indem du [color][ui_toggle][/color] gedrückt hältst.[WAIT@]Sei jedoch vorsichtig, denn dies funktioniert auch, wenn deine KP sinken.","[@]«Бои для продвинутых. Ускорение счётчика».[W@]Если во время хода у вас [c]растёт здоровье[/c], то вы можете [c]ускорить счётчик ОЗ[/c], зажав [c][ui_toggle][/c].[W@]Только осторожно — ускорение работает и в обратную сторону!","[@]«Битви для профі: Прискорення лічильника»
[WAIT@][color]Чекаєте, поки ваші ОЗ піднімуться[/color] під час вашого ходу?[DELAY] Ви можете [color]пришвидшити лічильник[/color], утримуючи [color][ui_toggle][/color].
[WAIT@]Але обережніше: прискорення працює і тоді, коли ваші ОЗ знижуються.",[@]专业战斗指南：轮表加速[WAIT@]如果在你的回合中需要[color]等待HP回复[/color]，可以按住[color][ui_toggle]键[/color]来[color]加快速度[/color]。[WAIT@]不过要注意，这个操作在HP减少时也同样有效。
DIALOGUE_MERRYSVILLE_DESCRIPTIONS_LIBRARY_WEAKLINGS,"[@]Battling for Beginners: Weaklings[WAIT@][color]Weaklings[/color] don't have the best offense, [DELAY:6]but there are other ways to make them useful.[WAIT@]They can hold your heavy items, [DELAY:6]or even serve as a meat shield as they accumulate SP.[WAIT@]If you do some proper exploration, you might even find [color]gadgets[/color] for them to use.[WAIT@]So keep that in mind if you ever want to bring one along with you.","[@]Les combats pour les pros : les mauviettes.[WAIT@][color]Les mauviettes[/color] ne sont pas très fortes en combat,[DELAY:6] mais elles peuvent avoir d'autres utilités.[WAIT@]Par exemple, elles peuvent porter vos objets,[DELAY:6] ou même servir de boucliers humains pour accumuler des PC.[WAIT@]Si vous explorez bien, vous pouvez même trouver des [color]gadgets[/color] pour elles.[WAIT@]N'oubliez pas ces conseils si vous songez à en ramener une avec vous !","[@]Combattimento per principianti: Rammolliti[WAIT@]I [color]Rammolliti[/color] non hanno molto attacco, [DELAY:6]ma si rendono utili in altri modi.[WAIT@]Possono tenerti gli oggetti pesanti, [DELAY:6]o anche subire gli attacchi al posto tuo per accumulare PT.[WAIT@]Se esplori bene, potresti anche trovare [color]congegni[/color] che sanno usare.[WAIT@]Tienilo a mente se te ne porti uno appresso.
",[@]シロートひっけん　バトルのじゅつ：よわむし[W@][C]よわむし[/C]は　こうげきも　よわく[BR]あつかうのが　むずかしいが[D:6][BR]やくにたつ　ほうほうは　いくつかある。[WAIT@]もちものを　かわりに　もってくれるだろうし[D:6][BR]ぼうぎょして　SPゲージを　ためてくれる。[W@]たんさくを　すすめて[BR][C]せんようの　グッズ[/C]を　てにいれれば[BR]つかうことも　できるだろう。[W@]よわけれど　がんばるときは　やくにたつ[D:6][BR]それこそが　よわむしなりのつよさ　だろう。,"[@]초보자를 위한 전투: 약골에 대하여[WAIT@][color]약골[/color]인 동료는 공격력이 낮지만, 다른 활용 방법이 있다.[WAIT@]무거운 아이템을 들게 하거나, [DELAY:6]SP를 쌓는 방패 역할로도 쓸 수 있다.[WAIT@]탐험하다 보면 이들에게 사용할 수 있는 [color]도구[/color]도 찾을 수 있다..[WAIT@]그러니 함께 데리고 다는 것도 나쁘지 않은 선택이 될 것이다.","[@]Combate para principiantes: Debiluchos[WAIT@]Los [color]debiluchos[/color] no tienen la mejor ofensa, [DELAY:6]pero hay otras maneras de que puedan tener un uso.[WAIT@]Pueden sostener objetos pesados, [DELAY:6]o también ser un escudo humano mientras acumulan PH.[WAIT@]Si exploras lo suficiente, puede que incluso encuentres [color]dispositivos[/color] que sólo ellos pueden usar.[WAIT@]Estas son cosas que debes tener en cuenta si quieres llevar a uno contigo.","[@]Combate para principiantes: Blandengues
[WAIT@]Los [color]blandengues[/color] no son precisamente máquinas de matar, [DELAY:6]pero hay otras formas de sacarles provecho.
[WAIT@]Pueden cargar con los objetos pesados, [DELAY:6]o incluso servir de escudo humano mientras acumulan PT.
[WAIT@]Si exploras a fondo, puede que hasta encuentres [color]artilugios[/color] para ellos.
[WAIT@]Tenlo en cuenta si alguna vez decides llevar a uno contigo.","[@]Luta para Leigos: Moloides[WAIT@]Os [color]moloides[/color] não são bons de briga, [DELAY:6]mas há outras formas de torná-los úteis.[WAIT@]Eles podem carregar seus itens pesados, [DELAY:6]ou até servir de escudo humano enquanto acumulam SP.[WAIT@]Se você explorar direitinho por onde passa, poderá encontrar [color]dispositivos[/color] que eles podem usar.[WAIT@]Então, lembre-se dessas dicas se quiser levar um moloide com você.","[@]Walka dla Początkujących: Słabeusze[WAIT@][color]Słabeusze[/color] nie posiadają najlepszej ofensywy, [DELAY:6]ale są inne sposoby, by ich wykorzystać.[WAIT@]Mogą za ciebie nosić ciężkie przedmioty, [DELAY:6]a nawet służyć jako żywa tarcza, gromadząc punkty SP. [WAIT@]Jeśli dobrze się rozejrzysz, możesz nawet znaleźć [color]gadżety[/color], z których będą mogli korzystać.[WAIT@]Pamiętaj o tym, jeśli kiedykolwiek zechcesz jakiegoś ze sobą zabrać.","[@]Kämpfe für Anfänger: Schwächlinge[WAIT@][color]Schwächlinge[/color] haben nicht die beste Offensive, [DELAY:6]aber es gibt andere Wege, um nützlich zu sein.[WAIT@]Sie können deine schweren Items tragen, [DELAY:6]oder als lebendigen Schild fungieren, um FP zu sammeln.[WAIT@]Wenn du dich gründlich umschaust, findest du vielleicht sogar [color]Apparaturen[/color], die sie verwenden können.[WAIT@]Denk daran, wenn du jemals einen mitnimmst.","[@]«Бои для начинающих. Хлюпики».[WAIT@]Хоть [color]хлюпики[/color] и не самые сильные, [DELAY:6]но назвать их беспомощными уж точно нельзя![WAIT@]Они могут носить ваши тяжести или даже накапливать [color]очки навыков (ОН)[/color], будучи живым щитом.[WAIT@]А лучше — поищите для них разбросанные по миру [color]приспособления[/color], с ними-то хлюпики точно разберутся.[WAIT@]Учтите это, если будете звать какого-нибудь ботаника с собой в путешествие!","[@]«Битви для початківців: Хиряки»
[WAIT@]Хоча у [color]хиряків[/color] мало фізичної сили, це не означає, що вони повністю безпорадні.
[WAIT@]Вони можуть тягати ваші речі, або бути живим щитом і набирати [color]очки таланту[/color] в битві.
[WAIT@]А якщо дослідити своє оточення, можна знайти різні [color]гаджети[/color], які перетворять хиряка на грізного бійця.
[WAIT@]Тримайте це на увазі, якщо хочете покликати якогось ботаніка на свою пригоду.",[@]新手战斗指南：软蛋队友[WAIT@][color]软蛋队友[/color]的进攻能力起初并不出色，[DELAY:6]但仍有其他方法让他们派上用场。[WAIT@]他们可以帮你携带沉重的道具，[DELAY:6]甚至在积攒SP的时候为你抵挡伤害。[WAIT@]如果你好好探索一番，[BR]甚至可以为他们找到一些趁手的[color]小工具[/color]。[WAIT@]所以，如果你想带一个小软蛋上路，不妨记住这一点。
DIALOGUE_MERRYSVILLE_DESCRIPTIONS_LLOYDAPARTMENT_APT201_0,"[@]What's with the scarf?[DELAY:6] You a girl scout or somethin'?[WAIT@]Alright,[DELAY:6] I’ll take a box of thin mints.","[@]C'est quoi, cette écharpe ?[DELAY:6] T'es une scout ou un truc comme ça ?[WAIT@]Dans ce cas,[DELAY:6] je vais prendre des biscuits à la menthe.","[@]Cos'è quella sciarpa?[DELAY:6] Sei con le ragazze scout?[WAIT@]OK,[DELAY:6] per me una scatola di biscotti alla menta.",[@]しましまのシャツに　あかいスカーフ　[DELAY:6][BR]なかなか　イケてる　かっこうじゃないか。[WAIT@]ぼきんでも　してるなら　おかねを　いれてやるよ。,"[@]그 스카프는 뭐야?[DELAY:6] 걸스카우트라도 하는 거냐?[WAIT@]좋아,[DELAY:6] 씬 민트 한 상자 주지.","[@]¿A qué viene ese pañuelo?[DELAY:6] ¿Eres una chica exploradora o algo así?[WAIT@]Está bien,[DELAY:6] dame una caja de esas galletitas de menta.","[@]¿A qué viene ese pañuelo?[DELAY:6] ¿Es que vienes a venderme galletas?
[WAIT@]En ese caso,[DELAY:6] ponme una caja de galletas de esas de menta.","[@]Esse lencinho...[DELAY:6] Você é um escoteiro, é?[WAIT@]Tá bom,[DELAY:6] eu vou querer uma caixa de biscoitos de menta.","[@]O co chodzi z tym szalikiem?[DELAY:6] Jesteś harcerką czy co?[WAIT@]No dobra,[DELAY:6] wezmę pudełko miętowych ciastek.",[@]Was soll der Schal?[DELAY:6] Bist du Pfadfinderin oder so?[WAIT@]Na gut ...[DELAY:6] ich nehme eine Schachtel Minzkekse.,"[@]Это у тебя косынка, что ли?[D:6] Ты девочка-скаут?[WAIT@]Ну хорошо,[D:6] коробку с печеньем я возьму.","[@]Яка кумедна краватка![DELAY:6] Ти герлскаут, чи що?[WAIT@]Гаразд,[DELAY:6] я візьму коробку м'ятного печива.",[@]那件围巾是怎么回事？[DELAY:6]你是个女童军还是怎么的啊？[WAIT@]行啦，[DELAY:6]我要一盒淡薄荷饼干。
DIALOGUE_MERRYSVILLE_DESCRIPTIONS_LLOYDAPARTMENT_APT202_0,[@]No solicitors![DELAY:6] We’re not interested!,[@]Démarchage interdit ![DELAY:6] Nous ne sommes pas intéressés !,"[@]Niente venditori porta a porta![DELAY:6] Non ci interessa!
",[@]セールス　かんゆう　おことわりよ！,[@]안 사요!,[@]¡No molesten![DELAY:6] ¡No estamos interesados!,[@]¡Nada de vendedores![DELAY:6] ¡No nos interesa!,[@]Não quero comprar nada![DELAY:6] Vá amolar outro!,[@]Żadnych akwizytorów![DELAY:6] Nie jesteśmy zainteresowani!,[@]Bitte keine Werbung![DELAY:6] Wir sind nicht interessiert!,"[@]Нет, спасибо![DELAY:6] Нам неинтересно!",[@]Жодних торговців![DELAY:6] Не потрібні нам ваші товари!,[@]别来推销！[DELAY:6]我们没兴趣！
DIALOGUE_MERRYSVILLE_DESCRIPTIONS_LLOYDAPARTMENT_APT301_0,"[@]You again, [LLOYD]?![WAIT@]If you don’t stop that racket with your experiments,[DELAY:6] I’ll file a noise complaint!","[@]Encore toi, [LLOYD] ?![WAIT@]Si tu continues ce boucan avec tes expériences,[DELAY:6] je déposerai une plainte pour tapage !","[@]Ancora tu, [LLOYD]?![WAIT@]Se non la smetti con quel chiasso durante i tuoi esperimenti,[DELAY:6] sporgerò denuncia!
",[@][LLOYD]　また　おまえか？[WAIT@]ただでさえ　おまえの　じっけんの　おとで[BR]よるは　ねれないと　いうのに・・・[D:6][BR]ノックは　かんべんしてくれよ。,"[@]또 너냐, [LLOYD]?![WAIT@]그 실험인지 뭔지 좀 멈춰라,[DELAY:6] 소음공해로 신고하려니까!","[@]¡¿Otra vez tú, [LLOYD]?![WAIT@]Si no paras de hacer escándalo con tus experimentos,[DELAY:6] ¡te voy a reportar por ruidoso!","[@]¡¿Otra vez tú, [LLOYD]?!
[WAIT@]¡O dejas de armar tanto escándalo con tus experimentos,[DELAY:6] o te pongo una denuncia!","[@]Você de novo, [LLOYD]?![WAIT@]Se não parar com esses experimentos barulhentos,[DELAY:6] eu vou registrar uma queixa!","[@][LLOYD], czy to znowu ty?![WAIT@]Jeśli nie przestaniesz hałasować podczas swoich eksperymentów,[DELAY:6] złożę na ciebie skargę!","[@]Du schon wieder, [LLOYD]?![WAIT@]Wenn du nicht aufhörst, mit deinen Experimenten so einen Krach zu machen,[DELAY:6] werde ich eine Lärmbeschwerde einreichen!","[@][LLOYD], опять ты?![WAIT@]Если я ещё раз услышу грохот от твоих «научных опытов»,[DELAY:6] я пойду жаловаться!","[@]Знову ти, [LLOYD]?![WAIT@]Якщо не припиниш свої гучні експерименти,[DELAY:6] я напишу скаргу!",[@]又是你，[LLOYD]？！[WAIT@]要是你再不停止你那些喧闹的实验，[DELAY:6]我就去投诉你噪音扰民了！
DIALOGUE_MERRYSVILLE_DESCRIPTIONS_LLOYDAPARTMENT_BATHTUB_0,[@]A large bathtub.,[@]Une grande baignoire.,[@]Una vasca grande.,[@]でっかい　バスタブだ。,[@]커다란 욕조다.,[@]Una tina grande.,[@]Una bañera grande.,[@]Uma banheira grande.,[@]Wielka wanna.,[@]Eine große Badewanne.,[@]Просторная ванна.,[@]Величезна ванна.,[@]一个大型浴缸。
DIALOGUE_MERRYSVILLE_DESCRIPTIONS_LLOYDAPARTMENT_BATHTUB_1,"[@]Ever since I watched that scary movie, I don’t like to draw the curtain while I’m there.","[@]Depuis que j'ai vu ce film d'horreur, je n'aime pas tirer les rideaux tant que je suis là.","[@]Da quando ho visto quel film spaventoso, non mi piace tirare la tendina quando sono lì.
",[@]あの　えいがを　みてから[BR]おふろの　カーテンをしめるのが　こわくなった。,"[@]그 공포 영화를 본 뒤로는, 여기 있을 때 커튼 치는 게 왠지 싫어졌어.","[@]Desde que vi esa película de terror, no me gusta cerrar las cortinas cuando me baño.","[@]Desde que vi esa película de terror, no me gusta cerrar las cortinas cuando me baño.","[@]Desde que assisti aquele filme de terror, eu não gosto mais de fechar a cortina quando tomo banho.","[@]Odkąd obejrzałem ten straszny film, nie lubię zasłaniać zasłon, kiedy tam siedzę.","[@]Seit ich diesen gruseligen Film geschaut habe, traue ich mich nicht mehr am Vorhang zu ziehen.",[@]Я после того ужастика больше не люблю задёргивать шторку.,"[@]Після того, як я подивився той страшний фільм, я не люблю засмикати шторку.",[@]自从看了那部恐怖片之后我就再也不想把窗帘拉开了。
DIALOGUE_MERRYSVILLE_DESCRIPTIONS_LLOYDAPARTMENT_BOOKCASE_0,[@]Each shelf is stacked with neat rows of scientific literature.,"[@]Chaque étagère est garnie de rangées bien ordonnées de livres scientifiques. 
","[@]Tutti gli scaffali sono pieni di libri di ambito scientifico.
",[@]どのたなにも　がくじゅつてきな　ほんが　ならんでいる。,[@]각 책장마다 과학 서적이 가지런히 꽂혀 있다.,[@]Cada repisa está repleta de hileras ordenadas de literatura científica.,[@]Cada estante está repleto de hileras ordenadas de literatura científica.,"[@]A estante está cheia de livros científicos, todos bem organizadinhos.",[@]Na każdej półce stoją równo ułożone rzędy publikacji naukowych.,[@]Jedes Regalfach ist voller wissenschaftlicher Literatur.,[@]На каждой полке аккуратными рядами разложена научная литература.,[@]На кожній полиці акуратними рядами лежить наукова література.,[@]每个书架上都整齐地摆放着一排排科学文献。
DIALOGUE_MERRYSVILLE_DESCRIPTIONS_LLOYDAPARTMENT_BOOKCASE_1,"[@]This is my father's, but he lets me borrow as many books as I want.[WAIT@]My mother is more hesitant, though...[DELAY:6] I once got so engulfed by Theory of Relativity, I didn’t sleep for three nights.","[@]Ça appartient à mon père, mais il me laisse emprunter autant de livres que je veux.[WAIT@]Ma mère, par contre, elle hésite un peu plus...[DELAY:6] Une fois, j'étais tellement absorbé par la théorie de la relativité que je n'ai pas fermé l'œil pendant trois nuits.","[@]Sono di mio padre, ma mi fa prendere in prestito tutti i libri che voglio.[WAIT@]Mia madre esita un po' di più, però...[DELAY:6] una volta non ho dormito per tre notti perché ero troppo preso dalla Teoria della Relatività.",[@]とうさんは　いくらでも　かしてくれるんだ。[WAIT@]かあさんには　ないしょだけどね。　[D:6][BR]まえに　そうたいせいりろんの　ほんを　よんでたら　よふかし　しちゃって　おこられたよ。,"[@]이건 아버지 책장이지만, 읽고 싶은 책은 언제든지 빌려 보게 해 주셔.[WAIT@]반면 어머니는 좀 걱정을 많이 하시더라고...[DELAY:6] 예전에 내가 상대성 이론에 한창 빠져서 사흘 밤낮으로 책만 읽어댔거든.","[@]Estos libros son de mi padre, pero me deja tomar todos los que quiera.[WAIT@]Aunque, mi madre es más precavida con esto...[DELAY:6] Una vez me enganché tanto con la teoría de la relatividad que no dormí por tres noches.","[@]Estos libros pertenecen a mi padre, pero me deja consultarlos cuando quiera.
[WAIT@]Sin embargo, mi madre es más precavida con esas cosas...[DELAY:6] En una ocasión, me sumergí tanto en la teoría de la relatividad que pasé tres noches sin pegar ojo. ","[@]Esses são do meu pai, mas ele me deixa pegar o que eu quiser.[WAIT@]Só que a minha mãe não gosta muito que eu pegue...[DELAY:6] Uma vez, fiquei tão obcecado com a Teoria da Relatividade que passei três dias sem dormir.","[@]To książki mojego ojca, ale pozwala mi pożyczać ich tyle, ile tylko chcę.[WAIT@]Niestety moja mama jest jednak bardziej powściągliwa... [DELAY:6] Kiedyś tak bardzo pochłonęła mnie Teoria Względności, że nie spałem przez trzy noce.","[@]Die gehören meinem Vater, aber er lässt mich so viele Bücher ausleihen, wie ich will.[WAIT@]Meine Mutter ist da allerdings etwas zurückhaltender ...[DELAY:6] Einmal hab ich mich so in die Relativitätstheorie vertieft, dass ich drei Nächte lang kein Auge zugetan habe.","[@]Это книги моего отца.[D:6] Я могу брать отсюда любые.[W@]Только вот мама за меня иногда беспокоится...[D:6] Однажды я настолько увлёкся теорией относительности, что не спал три ночи подряд.","[@]Все це — мого батька, але він дозволяє мені брати стільки книг, скільки я захочу.
[WAIT@]А ось моя мама з цим дещо обережна... [DELAY: 6]Одного разу я так захопився теорією відносності, що не спав три ночі поспіль.",[@]这些是我爸爸的书，不过我想借多少本他都让我拿。[WAIT@]相反我妈妈就有些担心…[DELAY:6][BR]有次我看《相对论》太入迷了，一连三个晚上没睡觉。
DIALOGUE_MERRYSVILLE_DESCRIPTIONS_LLOYDAPARTMENT_CLOSET_0,[@]A closet holding a great mystery.,[@]Une armoire qui cache un grand mystère.,[@]Un armadio che nasconde un gran mistero.,[@]あかずの　とびら[BR]クローゼットの　とびら。,[@]놀라운 비밀을 품고 있는 옷장이다.,[@]Un armario que guarda un gran misterio.,[@]Un armario que esconde un gran misterio.,[@]Um armário contendo um grande mistério.,[@]Szafa skrywająca wielką tajemnicę.,"[@]Ein Schrank, der ein großes Geheimnis hält.",[@]В шкафу таится великий секрет.,"[@]Шафа, що приховує велику таємницю.",[@]一个藏着巨大谜团的壁橱。
DIALOGUE_MERRYSVILLE_DESCRIPTIONS_LLOYDAPARTMENT_CLOSET_1,"[@]H-hey, that belongs to my parents![DELAY:6] Don’t open it!","[@]H-hé, c'est à mes parents ![DELAY:6] N'ouvre pas ça !","[@]A-aspetta, quello è dei miei genitori![DELAY:6] Non si apre!
",[@]ぼくの　おやの　クローゼットだ。[DELAY:6]あけないでくれ。,[@]ㅈ-잠깐! 그건 부모님 거야![DELAY:6] 열어보지 마!,"[@]O-oye, ¡Ese es el armario de mis padres![DELAY:6] ¡No lo abras!",[@]¡E-eh! ¡Ese es el armario de mis padres![DELAY:6] ¡No lo abras!,"[@]E-ei, isso é dos meus pais![DELAY:6] Não pode abrir!","[@]H-hej, to moich rodziców![DELAY:6] Nie otwieraj!","[@]H-hey, der gehört meinen Eltern![DELAY:6] Nicht öffnen!","[@]Эй, это шкаф моих родителей![D:6] Н-не открывай!","[@]Е-ей, він моїх батьків![DELAY:6] Не відчиняй його!",[@]嘿-嘿，那是我爸妈的东西！[DELAY:6]我们还是看别的地方吧！
DIALOGUE_MERRYSVILLE_DESCRIPTIONS_LLOYDAPARTMENT_CLOSET_2,[@]Open the closet?,[@]Ouvrir l'armoire ?,[@]Apri l'armadio?,[@]クローゼットを　あけますか？,[@]옷장을 열어볼까?,[@]¿Abrir el armario?,[@]¿Quieres abrir el armario?,[@]Abrir o armário?,[@]Otworzyć szafę?,[@]Den Schrank öffnen?,[@]Открыть шкаф?,[@]Відкрити шафу?,[@]要打开壁橱吗？
DIALOGUE_MERRYSVILLE_DESCRIPTIONS_LLOYDAPARTMENT_CLOSET_YES,[@]Inside there was an anatomical model of a skeleton.,"[@]À l'intérieur, il y a une réplique de squelette humain.",[@]Dentro c'è il modello anatomico di uno scheletro.,[@]なかには　ガイコツが[D:6:3]！！！[D][W@]ただの　もけいだった。,[@]안에는 놀랍게도 해골이 들어 있었다![W@]물론 모형이었다.,[@]Adentro había un modelo anatómico de un esqueleto.,[@]Dentro había un modelo anatómico de un esqueleto.,[@]Tem uma réplica anatômica de um esqueleto dentro.,[@]W środku był anatomiczny model szkieletu.,[@]Da drin war ein anatomisches Modell eines Skeletts.,[@]Внутри анатомическая модель скелета.,[@]Усередині була анатомічна модель скелета.,[@]里面有一具人体骨骼模型。
DIALOGUE_MERRYSVILLE_DESCRIPTIONS_LLOYDAPARTMENT_CLOSET-OPT_0,Yes,Oui,Sì,はい,네,Sí,Sí,Sim,Tak,Ja,Да,Так,是
DIALOGUE_MERRYSVILLE_DESCRIPTIONS_LLOYDAPARTMENT_CLOSET-OPT_1,No,Non,No,いいえ,아니오,No,No,Não,Nie,Nein,Нет,Ні,否
DIALOGUE_MERRYSVILLE_DESCRIPTIONS_LLOYDAPARTMENT_COMPUTER_0,[@]It looks like an expensive computer.,[@]Cet ordinateur a l'air de valoir une petit fortune.,[@]Un computer costoso.,[@]たかそうな　コンピューターだ。,[@]비싸 보이는 컴퓨터다.,[@]Parece ser una computadora costosa.,[@]Parece un ordenador bastante caro.,[@]Parece ser um computador bem caro.,[@]Wygląda na drogi komputer.,[@]Sieht wie ein teurer Computer aus.,"[@]Компьютер, должно быть, дорогой.",[@]Схоже на дорогий комп'ютер.,[@]看起来像是一台昂贵的电脑。
DIALOGUE_MERRYSVILLE_DESCRIPTIONS_LLOYDAPARTMENT_COMPUTER_1,"[@]That’s my Macintosh.[W@]My parents got it for my birthday.[W@]It's got a Motorola 68000 CPU, a 400KB floppy disk drive...[W@]O-oh, um, I hope I'm not boring you.","[@]C'est mon Macintosh ![WAIT@]Un processeur Motorola 68000, un lecteur de disquettes de 400 Ko...[WAITBR]D-Désolé, je m'emporte.","[@]Quello è il mio Macintosh![WAIT@]Una CPU Motorola 68000, un drive per floppy disk da 400KB...[WAITBR] Un sogno che si avvera.[WAIT@]O-Oh, ehm... spero di non annoiarti.
",[@]アップルしゃの　さいしんがた　パソコンさ。[WAIT@]CPUと　ディスクドライブが　なかなかに　すごくて・・・[W@]つ　つまらなかったら　ごめんよ。,"[@]이건 내 매킨토시야.[W@]부모님이 생일 선물로 사 주셨어.[W@]모토로라 68000 CPU에 400KB 플로피 디스크 드라이버가 달려 있고...[W@]ㅇ-어, 음, 혹시 나만 너무 떠들고 있던 건 아니지?","[@]Esa es mi Macintosh.[WAIT@]Mis padres me la dieron para mi cumpleaños. [WAIT@]Con un Motorola 68000 de CPU, un disco duro de 400 kilobytes...[WAITBR]O-oh, disculpa, espero no estar aburriéndote.","[@]¡[if party_lead:lloyd]Esto[else]Eso[/if] es mi Macintosh!
[W@]Mis padres me lo regalaron por mi cumpleaños.
[W@]Tiene un Motorola 68000 como CPU, un disco duro de 400 kilobytes...
[W@]P-perdona, espero no estar aburriéndote...","[@]Esse é o meu Macintosh![WAIT@]Com uma CPU Motorola 68000, drive de disquete de 400KB...[WAIT@]D-desculpa, eu devo estar te chateando.","[@]To mój Macintosh.[W@]Rodzice kupili mi go na urodziny.[W@]Ma procesor Motorola 68000, stację na 400KB dyskietki...[W@]O-och, ym, mam nadzieję, że cię nie zanudzam.","[@]Das ist mein Macintosh![WAIT@]Den habe ich von meinen Eltern zum Geburtstag bekommen.[W@]Er hat eine Motorola-68000-CPU, ein 400-KB-Diskettenlaufwerk ...[WAIT@]O-oh, ich hoffe, ich langweile dich nicht.","[@]Это мой макинтош![W@]Родители подарили мне на день рождения.[W@]У него процессор Motorola 68000, а ещё дисковод для дискет на 400 килобайт...[W@]Ой... надеюсь, тебе не надоело.","[@]Це мій комп'ютер Macintosh![WAIT@]З ​​процесором Motorola 68000, дисководом для 400 кілобайтних дискет...[WAIT@]В-вибач...[DELAY:4] Сподіваюся, тобі не нудно.",[@]那是我的麦金塔电脑！[WAIT@]我爸妈送我的生日礼物。[WAIT@]带有一个摩托罗拉68000处理器，[WAIT]还有一个400KB的软盘驱动器…[WAIT@]抱、抱歉，希望没让你感觉无聊。
DIALOGUE_MERRYSVILLE_DESCRIPTIONS_LLOYDAPARTMENT_COMPUTER_2,[@][NINTEN] was amazed to discover the various games exclusive to it.,[@][NINTEN] est impressionné par la grande variété de jeux qui lui sont exclusifs.,[@][NINTEN] era stupefatto davanti a tutti i videogiochi che aveva.,[@][NINTEN]は　パソコンであそべる[BR]ゲームのかずかずに　かんしんした。,[@][NINTEN][particle:NINTEN:0] 컴퓨터에서 플레이할 수 있는 게임이 이렇게 다양하다는 사실에 감탄했다.,[@][NINTEN] se asombró al descubrir varios juegos exclusivos de la plataforma.,[@][NINTEN] quedó maravillado al descubrir la variedad de juegos exclusivos que incluía.,[@][NINTEN] está impressionado com a variedade de jogos exclusivos do sistema.,[@][NINTEN] zachwycił się ilością różnych gier dostępnych wyłącznie na tym systemie.,[@][NINTEN] war erstaunt über die ganzen Exklusiv-Spiele.,[@][NINTEN] впечатлён разнообразием выпущенных на него игр.,[@][NINTEN] вражений випущеними на нього іграми.,[@][Ninten]惊讶地发现上面有各种各样的独占游戏。
DIALOGUE_MERRYSVILLE_DESCRIPTIONS_LLOYDAPARTMENT_FACTORYPASS_0,[@]There’s a small laminated card under the pillow! ,[@]Il y a une petite carte plastifiée sous l'oreiller !,"[@]Sotto il cuscino c'è una piccola carta laminata! 
",[@]まくらのしたに　ちいさな　なにかが　あった。,[@]베개 밑에는 코딩된 작은 카드가 있었다!,[@]¡Hay una pequeña tarjeta plastificada bajo la almohada!,[@]¡Hay una pequeña tarjeta plastificada bajo la almohada!,[@]Tem um cartão plastificado debaixo do travesseiro! ,"[@]Pod poduszką znajduje się mała, laminowana karta!",[@]Da ist eine kleine laminierte Karte unter dem Kissen.,[@]Под подушкой лежит маленькая ламинированная карточка!,[@]Під подушкою лежить маленька заламінована картка!,[@]枕头底下压着一张小小的塑封卡片！
DIALOGUE_MERRYSVILLE_DESCRIPTIONS_LLOYDAPARTMENT_FACTORYPASS_1,[@][NINTEN] obtained the Factory Pass.,[@][NINTEN] a obtenu le Passe d'usine.,"[@][NINTEN] ottiene la Tessera Fabbrica.
",[@][NINTEN]は　つうこうきょかしょうを[BR]てにいれた。,[@][NINTEN][particle:NINTEN:0] 공장 출입증을 얻었다.,[@][NINTEN] obtuvo el Pase para la fábrica.,[@][NINTEN] ha conseguido el Pase de la fábrica.,[@][NINTEN] conseguiu o Crachá da Fábrica.,[@][NINTEN] otrzymał Przepustkę Służbową!,[@][NINTEN] erhält den Fabrik-Ausweis.,[@][NINTEN] получил пропуск на завод.,[@][NINTEN] отримав пропуск до фабрики.,[@][NINTEN]获得了工厂通行证。
DIALOGUE_MERRYSVILLE_DESCRIPTIONS_LLOYDAPARTMENT_FACTORYPASS_2,[@]This pillow hasn't been fluffed up in a while.,[@]Cet oreiller n'a pas été rembourré depuis un moment.,"[@]Questo cuscino non viene sprimacciato da un po'.
",[@]ヨレヨレの　まくら。[D][BR]あらったのは　とうぶん　まえのようだ。,[@]베개는 세탁한 지 꽤 된 것 같다.,[@]Esta almohada no ha sido sacudida en un buen rato.,[@]Esta almohada lleva sin sacudirse un buen tiempo.,[@]Parece que ninguém sacode esse travesseiro há tempos.,[@]Ta poduszka od dawna nie była wytrzepywana.,[@]Das Kissen wurde schon eine ganze Weile nicht mehr ausgeschüttelt.,[@]Давненько не взбивали эту подушку.,[@]Давно ніхто не збивав цю подушку.,[@]这个枕头已经好长时间没打理过了。
DIALOGUE_MERRYSVILLE_DESCRIPTIONS_LLOYDAPARTMENT_FRIDGE_0,"[@]It's empty,[D:6] aside for...?","[@]C'est vide,[D:6] mis à part... ?","[@]È vuoto,[D:6] eccetto per...?",[@]からっぽ。[D:6][BR]おくにある　かびたミルク　いがいは。,"[@]비어 있다,[D:6] 근데 이건...?","[@]La nevera está vacía, [DELAY:6] excepto por...","[@]La nevera está vacía,[D:6] excepto por...","[@]Está vazio,[D:6] exceto por... ?","[@]Jest pusta,[D:6] z wyjątkiem...?","[@]Es ist leer,[D:6] abgesehen von ...?",[@]В нём ничего нет...[D:6] кроме...,"[@]Він зовсім порожній,[D:6] окрім...?",[@]是空的，[DELAY:6]除了…？
DIALOGUE_MERRYSVILLE_DESCRIPTIONS_LLOYDAPARTMENT_FRIDGE_1,"[@]N-no, I didn’t forget to throw the spoiled milk out![WAIT@]I was just,[DELAY:6] uh...[DELAY] studying the effects of psychrotrophic bacteria on lactic acid.","[@]N-non, Je n'ai pas oublié de jeter le lait qui a tourné ![WAIT@]Je,[DELAY:6] euh...[DELAY] je faisais juste des recherches sur l'effet des bactéries psychrotropes sur l'acide lactique.","[@]N-No, non mi sono dimenticato di buttare il latte scaduto![WAIT@]L'ho tenuto per,[DELAY:6] ehm...[DELAY] studiare gli effetti dei batteri psicrofili sull'acido lattico.
",[@]い　いや　すてわすれた　わけでは　ないんだ。[W@]えっと・・・[D]ていおん　たいせいきんが[BR]にゅうさんに　あたえる　えいきょうを[BR]じっけんしてた　だけさ。,"[@]아-아냐, 상한 우유 버리는 걸 깜빡한 게 아니라고![WAIT@]그-그냥...[DELAY:6] 젖산에 대한 저온 내성세균의 영향을 연구하고 있었을 뿐이야.","[@]N-no, ¡no es que haya olvidado tirar la leche vencida a la basura![WAIT@]Solo estaba,[DELAY:6] eh...[DELAY] estudiando los efectos de las bacterias psicrotróficas en el ácido láctico.",[@]¡N-no! ¡No es que se me haya olvidado tirar la leche caducada![WAIT@]Es que estaba...[DELAY:6] esto...[DELAY] estudiando los efectos de las bacterias psicrotróficas en el ácido láctico.,"[@]N-não, eu não esqueci de jogar o leite estragado fora![WAIT@]Eu só estava,[DELAY:6] er...[DELAY] estudando os efeitos das bactérias psicrotróficas no ácido lático.","[@]N-nie, nie zapomniałem wyrzucić zsiadłego mleka![WAIT@]Ja po prostu,[DELAY:6] ym...[DELAY] badałem wpływ bakterii psychotrofowych na kwas mlekowy.","[@]N-nein, ich hab nicht vergessen, die schlechte Milch wegzuschütten![WAIT@]Ich hab nur,[DELAY:6] äh ...[DELAY] die Auswirkungen psychrotropher Bakterien auf Milchsäure untersucht.","[@]Нет-нет, я не забыл выкинуть испорченное молоко![W@]Я просто,[D:6] э-э-э...[D] изучал воздействие психротрофных бактерий на молочную кислоту.","[@]Ні-і, я не забув викинути зіпсоване молоко![WAIT@]Це я,[DELAY:6] е-е-е...[DELAY] вивчаю вплив психротропних бактерій на молочну кислоту.",[@]诶、诶呀，[DELAY:3]我才没有忘记把那盒过期牛奶扔掉！[WAIT@]我只是在，[DELAY:6]嗯…[DELAY]研究嗜神经细菌对乳酸的影响而已。
DIALOGUE_MERRYSVILLE_DESCRIPTIONS_LLOYDAPARTMENT_GAMES_0,[@]There’s a bunch of floppy disks and computer RPG’s in the drawer.,[@]Il y a un tas de disquettes et de jeux RPG pour ordinateur dans le tiroir.,"[@]Nel cassetto ci sono un sacco di floppy disk e RPG per computer.
",[@]フロッピーディスクと　コンピューターRPGが　ぎっしりと　つまっている。,[@]서랍 안에는 플로피 디스크와 컴퓨터 RPG들이 잔뜩 들어있다.,[@]Hay un montón de discos duros y RPGs para computadora en el cajón.,[@]En el cajón hay un buen puñado de disquetes y juegos de rol para ordenador.,[@]Tem um monte de disquetes e jogos de RPG de computador na gaveta.,[@]W szufladzie leży mnóstwo dyskietek i gier RPG na komputer.,[@]In der Schublade liegen ein paar Disketten und Computer-Rollenspiele.,[@]В выдвижном ящике куча дискет и ролевых компьютерных игр.,[@]У шухляді лежить купа дискет та рольових комп'ютерних ігор.,[@]抽屉里塞满了一堆软盘和电脑类RPG游戏。
DIALOGUE_MERRYSVILLE_DESCRIPTIONS_LLOYDAPARTMENT_GAMES_1,[@]Do not buy into the hype.[DELAY:6] Ultima V is nowhere near as good as Ultima IV.,[@]Ne te fais pas avoir par le buzz.[DELAY:6] Ultima V n'arrive pas à la cheville d'Ultima IV.,"[@]Non farti prendere dall'entusiasmo.[DELAY:6] Ultima V non è minimamente bello quanto Ultima IV.
",[@]ウルティマVは　ウルティマIVほどの　けっさくではないぞ。[DELAY:6][BR]まわりに　ながされるな。,[@]광고만 믿고 지갑을 열지 마라.[DELAY:6] 울티마 V는 울티마 IV만큼의 높은 완성도를 계승하지 못했다.,[@]No te dejes llevar por la publicidad.[DELAY:6] Ultima V no está ni cerca de ser tan bueno como Ultima IV.,[@]No te dejes llevar por la publicidad.[DELAY:6] Ultima V no le llega ni a la suela de los zapatos a Ultima IV.,[@]Não caia nessa onda.[DELAY:6] Ultima V não chega nem aos pés de Ultima IV.,[@]Nie daj się zwieść reklamom.[DELAY:6] Ultima V nawet w najmniejszym stopniu nie dorównuje Ultimie IV.,[@]Lass dich von dem Trend nicht täuschen.[DELAY:6] Ultima V ist bei weitem nicht so gut wie Ultima IV.,"[@]Не ведись на рекламу.[DELAY:6] Ultima V не так хороша, как Ultima IV.","[@]Не ведися на рекламу.[DELAY:6] Ultima V не така гарна, як Ultima IV.",[@]不要信那些炒作。[DELAY:6][BR]《创世纪5》明显远不如《创世纪4》好玩。
DIALOGUE_MERRYSVILLE_DESCRIPTIONS_LLOYDAPARTMENT_LOCKER_0,[@]The sheer amount of overdue bills dented it out of shape.,[@]La quantité phénoménale de factures en retard l'a déformée.,"[@]Si è deformata per colpa di tutte le bollette scadute al suo interno.
",[@]やちんたいのうの　つうちしょが　あふれでて[BR]はこの　かたちが　ゆがんでいる・・・,[@]밀린 청구서가 너무 많아서 다 찌그러져 버렸다.,[@]La absurda cantidad de cuentas atrasadas deformó el buzón.,[@]La ingente cantidad de recibos pendientes deforma el buzón.,[@]A quantidade absurda de contas atrasadas até envergou a caixa de correio.,[@]Ogromna liczba zaległych rachunków całkowicie ją wygięła.,[@]Die schiere Menge an überfälligen Rechnungen hat ihn völlig aus der Form gebracht.,[@]Ящик погнулся от огромного количества просроченных счетов.,"[@]Тут стільки прострочених рахунків, що він розпух, як консерва.",[@]堆积如山的逾期账单把箱子都压变形了。
DIALOGUE_MERRYSVILLE_DESCRIPTIONS_LLOYDAPARTMENT_MIRROR_0,[@]A mirror hangs high at an angle.,"[@]Un miroir pendouille d'une grande hauteur.
",[@]C'è uno specchio inclinato appeso in alto.,[@]かがみが　たかいばしょに　とりつけられている。,[@]거울이 높은 곳에 비스듬히 붙어있다.,"[@]Un espejo cuelga en lo alto, inclinado.","[@]Un espejo cuelga en lo alto, inclinado.","[@]Um espelho está instalado no alto, inclinado.","[@]Lustro wisi wysoko, trochę na ukos.",[@]Da oben hängt ein angewinkelter Spiegel.,[@]Высоко висящее наклонённое зеркало.,"[@]Нахилене дзеркало, що висить високо.",[@]一面镜子高高地挂着。
DIALOGUE_MERRYSVILLE_DESCRIPTIONS_LLOYDAPARTMENT_MIRROR_1,"[@]Ah, one of my earliest engineering marvels.[WAIT@]Through the use of four mirrors...[DELAY:6] and lot of duct tape...[DELAY:6] I can get a perfect view of the TV while soaking in the tub.","[@]Ah, voici l'une de mes toutes premières prouesses d'ingénierie.[WAIT@]Grâce à ces quatre miroirs...[DELAY:6] et une tonne de scotch...[DELAY:6] J'ai accès à une vue parfaite sur la télé tout en profitant d'un bon bain.","[@]Ah, una delle mie prime creazioni ingegnerisiche.[WAIT@]Con un complicato sistema di specchi e leve...[DELAY:6] e tanto nastro adesivo...[DELAY:6] riesco a guardare la TV dalla vasca da bagno.
",[@]ぼくが　はじめてつくった　はつめいの　ひとつだ。[WAIT@]４つのかがみと　テープのちからを　かりて[BR]おふろで　テレビをみることが　できるんだ。,"[@]아, 내가 초창기 공학 걸작 중 하나야.[W@]거울 네 개와...[DELAY:6] 엄청난 양의 덕트 테이프를 감아서...[DELAY:6] 욕조에 몸을 담근 상태에서도 TV를 완벽하게 볼 수 있지.","[@]Ah, uno de mis primeras maravillas de la ingeniería.[WAIT@]A través del uso de cuatro espejos...[DELAY:6] y mucha cinta adhesiva...[DELAY:6] Puedo tener la vista perfecta de la televisión mientras me remojo en la tina.","[@]Ah, una de mis primeras maravillas de la ingeniería.
[WAIT@]Mediante el uso de cuatro espejos...[DELAY:6] y montones de cinta americana...[DELAY:6] tengo una vista perfecta del televisor desde la comodidad de mi bañera.","[@]Ah, uma das minhas primeiras maravilhas da engenharia.[WAIT@]Através do uso de quatro espelhos...[DELAY:6] e muita fita adesiva...[DELAY:6] Posso ter a vista perfeita da televisão enquanto estou na banheira.","[@]Ach, jeden z mych wczesnych cudów inżynieryjnych.[WAIT@]Używając czterech luster...[DELAY:6] jak i sporej ilości taśmy...[DELAY:6] Mam idealny widok na telewizor podczas kąpieli w wannie.","[@]Ah, eine meiner allerersten Wundererfindungen.[WAIT@]Durch diese vier Spiegel ...[DELAY:6] und jede Menge Klebeband ...[DELAY:6] habe ich einen perfekten Blick auf den Fernseher, wenn ich in der Badewanne liege.","[@]А это — одно из моих ранних чудес инженерной мысли.[WAIT@]Благодаря четырём зеркалам...[DELAY:6] и большому количеству клейкой ленты...[DELAY:6] я могу спокойно смотреть телевизор, сидя в ванне.","[@]Ах, одне з моїх давніх чудес інженерії.[WAIT@]Завдяки використанню чотирьох дзеркал...[DELAY:6] і цілого рулону скотчу...[DELAY:6] я можу дивитися телевізор, сидячи у ванній.",[@]啊，这是我早期的工程杰作之一。[WAIT@]通过四枚镜子的巧妙组合…[DELAY:6]再加上大量的胶布……[DELAY:6][BR]我就能一边泡澡一边舒舒服服地看电视了。
DIALOGUE_MERRYSVILLE_DESCRIPTIONS_LLOYDAPARTMENT_PHOTO_0,[@]A younger picture of [LLOYD].,[@]Une photo de [LLOYD] plus jeune.,[@]Una foto di [LLOYD] da piccolo.,[@]むかしの　ロイドの　すがた。,[@]어린 시절의 [LLOYD][particle:LLOYD] 찍힌 사진이다.,[@]Una foto de [LLOYD] de pequeño.,[@]Una foto de [LLOYD] de pequeño.,[@]Uma foto do [LLOYD] quando pequeno.,"[@][LLOYD] z czasów, kiedy był młodszy.",[@]Ein älteres Bild von [LLOYD].,[@]Фотография маленького [decline:Lloyd:M:1].,[@]Фотографія маленького [decline:Lloyd:M:1].,[@]一张[LLOYD]小时候的照片。
DIALOGUE_MERRYSVILLE_DESCRIPTIONS_LLOYDAPARTMENT_PHOTO_1,"[@]The glasses stay on,[DELAY:6] even for picture day at school.[WAIT@]There's only one person on Earth who knows how I look without them,[DELAY] and that's me.","[@]Je garde mes lunettes,[DELAY:6] même pour la photo de classe.[WAIT@]Il n'y a qu'une seule personne qui sait à quoi je ressemble sans elles,[DELAY] et c'est moi.","[@]Gli occhiali si indossano sempre,[DELAY:6] anche per la foto di classe.[WAIT@]Solo una persona al mondo sa che aspetto ho senza,[DELAY] ovvero io.
",[@]ようちえんのときの　しゃしんなんだ。[WAIT@]メガネは　しょうめいしゃしんでも　はずさないさ。,"[@]안경은 항상 쓰고 있어,[DELAY:6] 학교 사진 찍는 날에도...[WAIT@]내 안경 벗은 모습을 아는 사람은 이 지구상에 단 한 명뿐이야.[DELAY] 오직 나.","[@]Siempre me dejo puestos los lentes,[DELAY:6] incluso en el día de fotos en la escuela.[WAIT@]Solo hay una persona en la tierra que conoce cómo me veo sin ellos,[DELAY] y ese soy yo.","[@]Siempre me dejo las gafas puestas,[DELAY:6] incluso para la foto del colegio.
[WAIT@]Solo existe una persona en este mundo que sabe qué cara tengo sin ellas,[DELAY] y ese soy yo.","[@]Eu nunca fico sem óculos,[DELAY:6] nem mesmo para tirar a foto da escola.[WAIT@]Só existe uma pessoa no mundo que já me viu sem óculos,[DELAY] que sou eu mesmo.","[@]Okulary zostają na nosie,[DELAY:6] nawet w dniu robienia pamiątkowych zdjęć w szkole.[WAIT@]Na całym świecie jest tylko jedna osoba, która wie, jak wyglądam bez nich,[DELAY] i to właśnie ja.","[@]Die Brille bleibt auf,[DELAY:6] selbst am Fototag der Schule.[WAIT@]Es gibt nur eine einzige Person auf der Welt, die weiß, wie ich ohne aussehe,[DELAY] und das bin ich.","[@]Я ношу очки, даже когда нас фотографируют в школе.[W@]Лишь один человек на земле знает, как я выгляжу без них,[DELAY] — и это я сам.","[@]Я не знімаю окуляри,[DELAY:4] навіть під час шкільної фотосесії.[WAIT@]Лише одна людина в усьому світі знає, як я без них виглядаю...[DELAY] і це я сам.",[@]我的眼镜是永远不会摘的，[DELAY:6]在学校合影的时候也一样。[WAIT@]世界上只有一个人知道我摘下眼镜的样子，[DELAY][BR]那就是我自己。
DIALOGUE_MERRYSVILLE_DESCRIPTIONS_LLOYDAPARTMENT_PLATES_0,[@]There are three empty plates.,[@]Il y a trois assiettes vides.,"[@]Ci sono tre piatti vuoti.
",[@]３まいの　おさら。[BR]なかみは　からっぽだ。,[@]빈 접시 세 개가 놓여 있다.,[@]Hay tres platos vacíos.,[@]Hay tres platos vacíos.,"[@](Oh, como pude esquecer?[DELAY:6] [NINTEN] é meu convidado, e um bom anfitrião deve oferecer comida aos seus convidados!)",[@]Trzy puste talerze.,[@]Da liegen drei leere Teller.,[@]Здесь лежат три пустые тарелки.,[@]Тут лежать три порожні тарілки.,[@]有三个空盘子。
DIALOGUE_MERRYSVILLE_DESCRIPTIONS_LLOYDAPARTMENT_PLATES_1,"[@]Um...[DELAY] I don’t have much food here,[DELAY:6] but we could visit the bakery downtown.[DELAY] If you want to.","[@]Euh...[DELAY] Je n'ai pas grand-chose à manger ici,[DELAY:6] mais on pourrait aller à la boulangerie en ville.[DELAY] Si tu veux.","[@]Ehm...[DELAY] non ho molto cibo qui,[DELAY:6] ma potremmo andare al panificio in città.[DELAY] Se ne hai voglia.
",[@]うちに　たべれるものは　あまりないから[D:6][BR]ちかくの　パンやさんへ　よく　かいにいく。[W@]あそこの　クロワッサンは　ぜっぴんなんだ。,"[@]음...[DELAY] 집에는 먹을 게 별로 있어서...[DELAY:6] 시내에 빵집이 하나 있는데, 가봐도 좋을 거 같아.[WAIT@]물론 네가 원한다면.","[@]Emm...[DELAY] No tengo mucha comida aquí,[DELAY:6] pero podríamos visitar la panadería que está en el centro del pueblo.[DELAY] Si quieres, claro.","[@]Esto...[DELAY] aquí no queda mucha comida,[DELAY:6] pero podríamos hacer una visita a la panadería en el centro.[DELAY][BR]Si te apetece, claro está.","[@]Hum...[DELAY] eu não tenho muita coisa para comer aqui,[DELAY:6] mas a gente pode passar na padaria no centro.[DELAY] Se você quiser.","[@]Hm...[DELAY] Nie mam tu zbyt wiele jedzenia,[DELAY:6] ale moglibyśmy pójść do piekarni na śródmieściu. [DELAY]Jeśli chcesz.","[@]Ähm ...[D] Ich hab hier leider nicht viel zu essen,[D:6] aber wir könnten zur Backstube in der Innenstadt gehen.[D] Wenn du Lust hast.","[@]Гм...[DELAY] Знаешь, у меня особо есть нечего,[DELAY:6] но мы можем сходить в пекарню в центре города.[BR]Ну, если хочешь.","[@]Гм...[DELAY] Знаєш, тут не так багато їжі,[DELAY:6] але ми можемо зайти до пекарні в центрі міста.[WAIT@]Ну, якщо бажаєш.",[@]唔…[DELAY]我这儿好像没什么吃的……[DELAY:6]但是我们可以去镇中心的面包店看看，[DELAY]如果你想去的话。
DIALOGUE_MERRYSVILLE_DESCRIPTIONS_LLOYDAPARTMENT_TV_0,[@]A worn CRT.,[@]Une vieille télé cathodique.,[@]Un televisore a tubo catodico con i suoi anni.,[@]ふるびた　ブラウンかん　テレビだ。,[@]낡은 CRT TV다.,[@]Un televisor de tubo desgastado.,[@]Una tele de tubo dada de sí.,[@]Uma TV de tubo velha.,[@]Stary telewizor kineskopowy.,[@]Ein abgenutzter Röhrenfernseher.,[@]Старый телевизор с кинескопом.,[@]Старий кінескопний телевізор.,[@]一台老旧的CRT电视。
DIALOGUE_MERRYSVILLE_DESCRIPTIONS_LLOYDAPARTMENT_TV_1,"[@]The first time I picked it apart and put it back together,[DELAY:6] I was three.[WAIT@]Sure,[DELAY:6] the picture came out upside down,[DELAY:6] but I said it was due to a geomagnetic storm.","[@]La première fois que je l'ai démontée et remontée,[DELAY:6] j'avais trois ans.[WAIT@]Alors oui,[DELAY:6] les images s'affichaient à l'envers,[DELAY:6] mais j'ai dit que c'était à cause d'une tempête géomagnétique.","[@]La prima volta che l'ho smontato e rimontato,[DELAY:6] avevo tre anni.[WAIT@]OK,[DELAY:6] si vedeva tutto al contrario,[DELAY:6] ma dissi che era per colpa di una tempesta geomagnetica.
",[@]３さいの　ときに　はじめて　かいたいして[BR]ひっしに　もとに　なおしたんだ。[W@]がめんが　さかさまに　うつったときは[BR]あらしの　せいだって　ごまかしたっけ。,"[@]처음 이걸 분해했다가 다시 조립한 건,[DELAY:6] 내가 세 살 때 일이지.[WAIT@]물론,[DELAY:6] 화면이 거꾸로 나오기야 했지만,[DELAY:6] 난 그때 지자기 폭풍 때문이라고 우겼어.","[@]La primera vez que desarmé y volví a armar este televisor,[DELAY:6] tenía solo tres años.[WAIT@]Claro,[DELAY:6] puede que la pantalla proyectara las cosas al revés,[DELAY:6] pero dije que era debido a una tormenta geomagnética.","[@]La primera vez que desmonté y volví a montar este televisor,[DELAY:6] tenía tres años.
[WAIT@]Bueno,[DELAY:6] la imagen estaba invertida,[DELAY:6] pero dije que se debía a una tormenta geomagnética.","[@]A primeira vez que a desmontei e remontei,[DELAY:6] eu tinha três anos.[WAIT@]Bem,[DELAY:6] a imagem ficou de ponta-cabeça,[DELAY:6] mas eu disse que foi por causa de uma tempestade geomagnética.","[@]Miałem trzy lata,[DELAY:6] gdy po raz pierwszy go rozebrałem na części i złożyłem do kupy.[WAIT@]Fakt,[DELAY:6] obraz wywróciło do góry nogami,[DELAY:6] ale zwaliłem to na burzę magnetyczną.","[@]Das erste Mal als ich ihn auseinandergenommen und wieder zusammengesetzt habe,[DELAY:6] war ich drei Jahre alt.[WAIT@]Klar,[DELAY:6] das Bild ist jetzt auf dem Kopf gestellt,[DELAY:6] aber ich hab gesagt, das läge an einem geomagnetischen Sturm.","[@]Мне было три года,[D:4] когда я разобрал и собрал его обратно. [W@]Изображение, правда, перевернулось.[W@]Но я выкрутился.[D:6] Сказал, что это из-за магнитной бури.","[@]Мені було три роки,[DELAY:6] коли я його розібрав і зібрав назад.[WAIT@]Зображення, щоправда, вийшло перевернутим...[WAIT@]Але я схитрував і сказав, що це через магнітну бурю.",[@]我第一次把它拆开再重新装好的时候才三岁。[WAIT@]当然啦，[DELAY:6]电视画面是倒过来的，[DELAY:6]不过那其实是地磁风暴造成的…[DELAY]你信吧？
DIALOGUE_MERRYSVILLE_DESCRIPTIONS_LLOYDMOM_SLEEPING_0,[@]She's unconscious.[W@]Doesn't seem like she's waking up anytime soon.,[@]Elle est inconsciente.[W@]On dirait qu'elle ne va pas se réveiller tout de suite.,"[@]È priva di sensi.[W@]Sembra che ci vorrà un po' prima che si risvegli.
",[@]いしきが　ないようだ。[W@]とうぶん　めを　さますことは　ない。,[@]의식을 잃었다.[W@]당분간 깨어날 것 같지는 않다.,[@]Está inconsciente.[W@]No parece que vaya a despertarse pronto.,"[@]Está inconsciente.
[W@]No parece que vaya a despertarse pronto.",[@]Ela está inconsciente.[W@]Não parece que vai acordar tão cedo.,"[@]Jest nieprzytomna.[W@]Nie wygląda, jakby miała się prędko obudzić.","[@]Sie ist bewusstlos.[W@]Scheint nicht so, als würde sie bald aufwachen.","[@]Она без сознания.[W@]И по-видимому, ещё не скоро придёт в себя.","[@]Вона непритомна.[W@]Здається, прокинеться вона не скоро.",[@]她昏迷了。[W@]看样子一时半会儿醒不过来。
DIALOGUE_MERRYSVILLE_DESCRIPTIONS_SWEETSFACTORY_ASSEMBLYLINE_0,[@]Welcome to Sweet's Little Assembly Line![WAIT@]Build your very own bottle rocket with our cutting edge technology![WAIT@]Please press the button to begin the bottle rocket assembly process.[WAIT@]Press the button?,[@]Bienvenue à la petite chaîne d'assemblage de Sweet ![WAIT@]Construisez votre propre Fusée bouteille avec notre technologie de pointe ![WAIT@]Appuyez sur le bouton pour commencer le processus.[WAIT@]Appuyer sur le bouton ?,[@]Benvenuto alla Piccola Dolce Linea di Assemblaggio![WAIT@]Con la nostra tecnologia avanzata puoi costruire una Bottiglia-razzo tutta tua![WAIT@]Premere il pulsante per inizare l'assemblaggio della Bottiglia-razzo.[WAIT@]Premi il pulsante?,[@]「スイートリトルこうじょうへ　ようこそ！[WAIT][BR]　コンベアーを　もちいた　さいしんぎじゅつで[BR]　きみだけの　おみやげロケットを　つくろう！[WAIT][BR]　さあ　めのまえにある　ボタンを　ポチっとな！」[W@]ボタンを　おしますか？,[@]스위트 리틀 조립 라인에 오신 것을 환영합니다![WAIT@]최첨단 기술로 나만의 펜슬 로켓을 만들어보세요![WAIT@]펜슬 로켓 조립 공정을 시작하려면 버튼을 눌러주세요.[WAIT@]버튼을 누를까?,"[@]¡Bienvenido a la linea de ensamblaje de la Fábrica Pequedulce!
[WAIT@]¡Aquí podrás construir tu propio cohete botella con nuestra tecnología de punta!
[WAIT@]Por favor, presiona el botón para iniciar el proceso de ensamblaje del cohete botella.
[WAIT@]¿Quieres presionar el botón?","[@]¡Bienvenido a la cadena de montaje de la Fábrica Pequedulce!
[WAIT@]¡Aquí podrás construir tu propio cohete botella con nuestra tecnología punta!
[WAIT@]Pulsa el botón para iniciar el proceso de montaje.
[WAIT@]¿Quieres pulsar el botón?",[@]Bem-vindo à Linha de Montagem da Docita![WAIT@]Construa o seu próprio foguete com nossa tecnologia de ponta![WAIT@]Aperte o botão para iniciar o processo de montagem.[WAIT@]Apertar o botão?,"[@]Wita cię Linia Produkcyjna Bombonierki![WAIT@]Zbuduj swoją własną butlorakietę dzięki naszej najnowocześniejszej technologii![WAIT@]Naciśnij przycisk, aby rozpocząć proces montażu butlorakiety.[WAIT@]Nacisnąć przycisk?","[@]Willkommen bei dem Süßen Kleinen Fließbauband![WAIT@]Bauen Sie Ihre ganz persönliche Flaschenrakete mit unserer modernsten Mode-Technologie![WAIT@]Bitte drücken Sie den Knopf, um mit dem Fließbau der Flaschenrakete zu beginnen.[WAIT@]Knopf drücken?","[@]Приветствуем вас у сборочной линии фабрики «Крошка»![WAIT@]С нашим передовым оборудованием вы сможете собрать свою собственную бутылочную ракету![WAIT@]Чтобы приступить к сборке ракеты, нажмите на кнопку.[WAIT@]Нажать?","[@]Ласкаво просимо до складальної лінії фабрики «Крихітка»!
[WAIT@]Створіть власну пляшкову ракету за допомогою наших передових технологій!
[WAIT@]Щоб почати будування ракети, натисніть на цю кнопку. [WAIT]Натиснути?",[@]欢迎来到甜甜小工厂的小型装配线！[WAIT@]用我们的尖端科技，亲手组装属于你自己的瓶装火箭！[WAIT@]请按下按钮，开始瓶装火箭的组装流程。[WAIT@]要按下按钮吗？
DIALOGUE_MERRYSVILLE_DESCRIPTIONS_SWEETSFACTORY_ASSEMBLYLINE_1,[@]The button looks broken.,[@]Le bouton a l'air cassé.,[@]Il pulsante sembra rotto.,[@]ボタンは　こわれたようだ。,[@]버튼이 망가진 것 같다.,[@]El botón parece roto.,[@]El botón parece estar roto.,[@]O botão parece estar quebrado.,[@]Przycisk wygląda na zepsuty.,[@]Der Knopf sieht kaputt aus.,"[@]Похоже, кнопка сломалась.","[@]Здається, кнопка зламалася.",[@]按钮看上去坏了。
DIALOGUE_MERRYSVILLE_DESCRIPTIONS_SWEETSFACTORY_ASSEMBLYLINE_2,[@]The bottle rocket is awaiting its next part.,[@]La Fusée bouteille attend sa prochaine pièce.,[@]La Bottiglia-razzo attende il prossimo pezzo.,[@]ペンシルロケットは　くみたてちゅうです,[@]펜슬 로켓은 다음 부품을 기다리고 있다.,[@]El cohete botella está esperando su siguiente pieza.,[@]El cohete botella está esperando su siguiente pieza.,[@]O rojão espera pela sua próxima peça.,[@]Butlorakieta czeka na kolejny element.,[@]Die Flaschenrakete erwartet ihr nächstes Teil.,[@]Бутылочная ракета ожидает перехода на следующую стадию.,[@]Пляшкова ракета чекає на свою наступну частину.,[@]请为瓶装火箭安装下一个部件。
DIALOGUE_MERRYSVILLE_DESCRIPTIONS_SWEETSFACTORY_ASSEMBLYLINE_3,[@]Please attach the [color]Wings[/color] to continue.,[@]Veuillez attacher les [color]Ailes[/color] pour continuer.,[@]Si prega di inserire le [color]Ali[/color] per continuare.,[@]ロケットのつばさを　とりつけてください,[@][color]날개[/color]를 붙이고 다음으로 넘어가세요.,"[@]Por favor, coloca las [color]alas[/color] para continuar.",[@]Acopla las [color]alas[/color] para continuar.,"[@]Por favor, anexe as [color]Asas[/color] para continuar.","[@]Proszę przymocować [color]Skrzydła[/color], aby kontynuuować.","[@]Bitte bringe die [color]Flügel[/color] an, um fortzufahren.","[@]Чтобы продолжить, прикрепите [color]крылья[/color] к ракете.","[@]Щоб продовжити, приєднайте [c]крила[/c] ракети.",[@]请安装[color]尾翼[/color]以继续。
DIALOGUE_MERRYSVILLE_DESCRIPTIONS_SWEETSFACTORY_ASSEMBLYLINE_4,[@]Please attach the [color]Head[/color] to continue.,[@]Veuillez attacher la [color]Tête[/color] pour continuer.,[@]Si prega di inserire la [color]Testa[/color] per continuare.,[@]ロケットのあたまを　とりつけてください,[@][color]머리[/color]를 붙이고 다음으로 넘어가세요.,"[@]Por favor, coloca la [color]cabeza[/color] para continuar.",[@]Acopla la [color]cabeza[/color] para continuar.,"Por favor, anexe a [color]Ponta[/color] para continuar.","[@]Proszę przymocować [color]Głowicę[/color], aby kontynuuować.","[@]Bitte bringe den [color]Kopf[/color] an, um fortzufahren.","[@]Чтобы продолжить, прикрепите [color]нос[/color] к ракете.","[@]Щоб продовжити, приєднайте [c]голівку[/c] ракети.",[@]请安装[color]鼻锥[/color]以继续。
DIALOGUE_MERRYSVILLE_DESCRIPTIONS_SWEETSFACTORY_ROCKET_0,[@][PartyLead] flipped some levers around until something clicked.,[@][PartyLead] pousse des leviers jusqu'à entendre un clic. ,"[@][PartyLead] ha mosso qualche leva finché non si è sentito uno scatto.
",[@][PartyLead]は　レバーを　ひいた。,[@][PartyLead][LeadArt0] 뭐라도 작동할 때까지 레버를 마구잡이로 뒤집었다.,[@][PartyLead] movió algunas palancas hasta que algo hizo clic.,[@][PartyLead] ha movido algunas palancas hasta que algo ha hecho clic.,[@][PartyLead] puxou umas alavancas até fazer um estalo.,"[@][PartyLead] pociągał za różne dźwignie, aż coś kliknęło.","[@][PartyLead] betätigte ein paar Hebel, bis etwas klickte.","[@][PartyLead] дёргал рычаги, пока не раздался щелчок.","[@][PartyLead] посмикав важелі, поки щось не клацнуло.",[@][PartyLead]来回扳动了几下控制杆，[BR]直到某处传来了咔嗒一声。
DIALOGUE_MERRYSVILLE_DESCRIPTIONS_SWEETSFACTORY_ROCKET_1,[@][PartyLead] pressed the button.,[@][PartyLead] appuie sur le bouton.,[@][PartyLead] preme il pulsante.,[@][PartyLead]は　ボタンを　おした。,[@][PartyLead][LeadArt0] 버튼을 눌렀다.,[@][PartyLead] presionó el botón.,[@][PartyLead] ha pulsado el botón.,[@][PartyLead] apertou o botão.,[@][PartyLead] nacisnął guzik.,[@][PartyLead] dückte den Knopf.,[@][PartyLead] нажал на кнопку.,[@][PartyLead] натиснув на кнопку.,[@][PartyLead]按下了按钮。
DIALOGUE_MERRYSVILLE_DESCRIPTIONS_SWEETSFACTORY_ROCKET_10,[@]Please attach the [color]Head[/color] here.,[@]Veuillez attacher la [color]Tête[/color] ici.,[@]Inserire qui la [color]Testa[/color].,[@]ロケットのあたまを　とりつけてください,[@]여기에 [color]머리[/color]를 붙여주세요.,"[@]Por favor, coloca la [color]cabeza[/color] aquí.",[@]Acopla la [color]cabeza[/color] aquí.,"[@]Por favor, anexe as [color]Ponta[/color] aqui.",[@]Proszę przymocować [color]Czubek[/color].,[@]Bitte bringe den [color]Kopf[/color] hier an.,[@]Прикрепите сюда [color]нос ракеты[/color].,"Будь ласка, приєднайте [color]голівку ракети[/color].",[@]请在这里安装[color]火箭鼻锥[/color]。
DIALOGUE_MERRYSVILLE_DESCRIPTIONS_SWEETSFACTORY_ROCKET_11,[@]Attach the Wings?,[@]Attacher les Ailes ?,[@]Inserisci le Ali?,[@]ロケットのつばさを　とりつけますか？,[@]날개를 붙일까?,[@]¿Quieres colocar las alas?,[@]¿Quieres acoplar las alas?,[@]Anexar as Asas?,[@]Przymocować Skrzydła?,[@]Die Flügel anbringen?,[@]Прикрепить крылья?,[@]Приєднати крила ракети?,[@]要安装尾翼吗？
DIALOGUE_MERRYSVILLE_DESCRIPTIONS_SWEETSFACTORY_ROCKET_12,[@][PartyLead] attached the Wings!,[@][PartyLead] a attaché les Ailes !,[@][PartyLead] ha inserito le Ali!,[@][PartyLead]は　ロケットのつばさを[BR]とりつけた！,[@][PartyLead][LeadArt0] 날개를 붙였다!,[@]¡[PartyLead] colocó las alas!,[@]¡[PartyLead] ha acoplado las alas!,[@][PartyLead] anexou as Asas!,[@][PartyLead] przymocował[LeadArt4] Skrzydła!,[@][PartyLead] brachte die Flügel an!,[@][PartyLead] прикрепил крылья к ракете!,[@][PartyLead] приєднав крила ракети!,[@][PartyLead]为火箭安装上了机翼！
DIALOGUE_MERRYSVILLE_DESCRIPTIONS_SWEETSFACTORY_ROCKET_13,[@]Please attach the [color]Wings[/color] here.,[@]Veuillez attacher les [color]Ailes[/color] ici.,[@]Inserire qui le [color]Ali[/color].,[@]ロケットのつばさを　とりつけてください,[@]여기에 [color]날개[/color]를 붙여주세요.,"[@]Por favor, coloca las [color]alas[/color] aquí.",[@]Acopla las [color]alas[/color] aquí.,"[@]Por favor, anexe as [color]Asas[/color] aqui.",[@]Proszę przymocować [color]Skrzydła[/color].,[@]Bitte bringe die [color]Flügel[/color] hier an.,[@]Прикрепите сюда [color]крылья ракеты[/color].,"Будь ласка, приєднайте [color]крила ракети[/color].",[@]请在这里安装[color]火箭尾翼[/color]。
DIALOGUE_MERRYSVILLE_DESCRIPTIONS_SWEETSFACTORY_ROCKET_14,[@][PartyLead] picked up the Bottle Rocket!,[@][PartyLead] a obtenu la Fusée bouteille !,[@][PartyLead] prende la Bottiglia-razzo!,[@][PartyLead]は　おみやげロケットを　てにいれた！,[@][PartyLead][LeadArt0] 펜슬 로켓을 얻었다!,[@]¡[PartyLead] obtuvo el Cohete botella!,[@]¡[PartyLead] ha cogido el cohete botella!,[@][PartyLead] pegou o Rojão!,[@][PartyLead] zdobył[LeadArt4] butlorakietę!,[@][PartyLead] hob die Flaschenrakete auf!,[@][PartyLead] взял бутылочную ракету!,[@][PartyLead] отримав пляшкову ракету!,[@][PartyLead]拿起了瓶装火箭！
DIALOGUE_MERRYSVILLE_DESCRIPTIONS_SWEETSFACTORY_ROCKET_15,[@]An empty station.,[@]Un poste vide.,[@]Una stazione vuota.,[@]からっぽだ。,[@]아무 것도 없다.,[@]Una estación vacía.,[@]Una estación vacía.,[@]Uma estação vazia.,[@]Pusta stacja.,[@]Eine leere Station.,[@]Пустая сборочная платформа.,[@]Порожня складальна платформа.,[@]一个空站点。
DIALOGUE_MERRYSVILLE_DESCRIPTIONS_SWEETSFACTORY_ROCKET_16,[@]The bottle rocket is ready to continue![D] Are you?,[@]La Fusée bouteille est prête à avancer ![D] L'êtes-vous ?,[@]La Bottiglia-razzo è pronta a continuare![D] E tu?,[@]ペンシルロケットは　きたいのまなざしで[BR]こちらを　みている。[D][BR]じゅんびは　できましたか？,[@]펜슬 로켓은 계속할 준비가 되었다! [D] 준비되었습니까?,[@]¡El cohete botella está listo para continuar![D] ¿Y tú?,[@]¡El cohete botella está listo para continuar![D] ¿Y tú?,[@]O rojão está pronto para continuar![D] E você?,[@]Butlorakieta jest gotowa ruszać dalej![D] A ty?,[@]Die Flaschenrakete ist bereit für den nächsten Schritt![D] Bist du es auch?,[@]Бутылочная ракета готова к следующей стадии![D:6] А вы?,[@]Пляшкова ракета готова продовжити подорож![W@]А ви готові?,[@]瓶装火箭已准备好继续组装了！[D]你准备好了吗？
DIALOGUE_MERRYSVILLE_DESCRIPTIONS_SWEETSFACTORY_ROCKET_2,[@]The bottle rocket is at the end of its journey. [WAIT@]Are you ready to apply the finishing touch?,[@]La Fusée bouteille est à la fin de son parcours. [WAIT@]Prêt pour la touche finale ?,[@]La Bottiglia-razzo è alla fine del suo viaggio. [WAIT@]Pronto ad applicare il tocco finale?,[@]ペンシルロケットの　たびの　おわりは　ちかい。[W@]みとどける　じゅんびは　できましたか？,[@]펜슬 로켓은 여정의 끝에 도착했다.[WAIT@]마무리 작업을 할 준비가 되었습니까?,[@]El cohete botella está al final de su trayecto.[WAIT@]¿Estás listo para darle el toque final?,[@]El cohete botella ha llegado al final de su viaje.[WAIT@]¿Todo a punto para dar el toque final?,[@]O rojão terminou seu caminho. [WAIT@]Gostaria de aplicar o toque final?,[@]Butlorakieta zmierza do końca swej wędrówki. [WAIT@]Czy jesteś gotowy dokończyć dzieła?,"[@]Die Flaschenrakete ist am Ende ihrer Reise. [WAIT@]Bereit, den letzten Schliff zu geben?",[@]Производство бутылочной ракеты подходит к концу. [WAIT@]Нанести последний штрих?,[@]Пляшкова ракета майже готова. [WAIT@]Готові нанести останній штрих?,[@]瓶装火箭已抵达流程终点。[WAIT@]准备好进行最后的润色了吗？
DIALOGUE_MERRYSVILLE_DESCRIPTIONS_SWEETSFACTORY_ROCKET_5,[@]A set of controls.,[@]Une panoplie de contrôles.,[@]Un insieme di controlli.,[@]コントロールパネルだ。,[@]조작 패널이다.,[@]Un panel de control.,[@]Un panel de control.,[@]Um painel de controles.,[@]Panel sterowania.,[@]Verschiedene Kontrollarmaturen.,[@]Панель управления.,[@]Брудна панель керування.,[@]一组控件。
DIALOGUE_MERRYSVILLE_DESCRIPTIONS_SWEETSFACTORY_ROCKET_6,[@]The bottle rocket is almost done![WAIT@]Use the control panel to apply the finishing touch.,[@]La Fusée bouteille est presque finie ![WAIT@]Utilisez le tableau de contrôle pour appliquer la touche finale.,[@]La Bottiglia-razzo è quasi pronta![WAIT@]Usa il pannello di controllo per applicare il tocco finale.,[@]ペンシルロケットは　かんせいするまで[BR]あと　ちょっとだ。[W@]コントロールパネルを　そうさしてみよう。,[@]펜슬 로켓은 거의 완성되었다![WAIT@]패널을 조작해 마무리 작업을 해야 한다.,[@]¡El cohete botella casi está terminado![WAIT@]Usa el panel de control para darle el toque final.,"[@]¡El cohete botella está casi terminado!
[W@]Usa el panel de control para darle el toque final.",[@]O rojão está quase pronto![WAIT@]Use o painel de controles para aplicar o toque final.,"[@]Butlorakieta jest już prawie gotowa![WAIT@]Skorzystaj z panelu sterowania, aby nadać jej ostatni szlif.","[@]Die Flaschenrakete ist fast fertig![W@]Benutze das Schaltpult, um den letzten Schritt zu tätigen.","[@]Бутылочная ракета почти готова![WAIT@]Воспользуйтесь панелью управления, чтобы нанести последний штрих.","[@]Пляшкова ракета майже готова![WAIT@]Використай панель керування, щоб додати останній штрих.",[@]瓶装火箭快要完成了！[WAIT@]使用控制面板进行最终修饰环节。
DIALOGUE_MERRYSVILLE_DESCRIPTIONS_SWEETSFACTORY_ROCKET_7,[@]The bottle rocket is ready for assembly!,[@]La Fusée bouteille est prête à être assemblée !,[@]La Bottiglia-razzo è pronta all'assemblaggio!,[@]ペンシルロケットの　パーツが　たりません,[@]펜슬 로켓은 조립할 준비가 되었다!,[@]¡El cohete botella está listo para ser armado!,[@]¡El cohete botella está listo para el montaje!,[@]O rojão está pronto para a montagem!,[@]Butlorakieta jest gotowa do montażu!,[@]Die Flaschenrakete ist bereit für den Zusammenbau!,[@]Бутылочная ракета готова к сборке!,[@]Пляшкова ракета готова до побудови!,[@]瓶装火箭已经准备好进行组装了！
DIALOGUE_MERRYSVILLE_DESCRIPTIONS_SWEETSFACTORY_ROCKET_8,[@]Attach the Head?,[@]Attacher la Tête ?,[@]Inserisci la Testa?,[@]ロケットのあたまを　とりつけますか？,[@]머리를 붙일까?,[@]¿Quieres colocar la cabeza?,[@]¿Quieres acoplar la cabeza?,[@]Anexar a Ponta?,[@]Przymocować Czubek?,[@]Den Kopf anbringen?,[@]Прикрепить нос ракеты?,[@]Приєднати голівку ракети?,[@]要安装鼻锥吗？
DIALOGUE_MERRYSVILLE_DESCRIPTIONS_SWEETSFACTORY_ROCKET_9,[@][PartyLead] attached the Head!,[@][PartyLead] a attaché la Tête !,[@][PartyLead] ha inserito la Testa!,[@][PartyLead]は　ロケットのあたまを　とりつけた！,[@][PartyLead][LeadArt0] 머리를 붙였다!,[@]¡[PartyLead] colocó la cabeza!,[@]¡[PartyLead] ha acoplado la cabeza!,[@][PartyLead] Anexou a Ponta!,[@][PartyLead] dołączył Czubek!,[@][PartyLead] brachte den Kopf an!,[@][PartyLead] прикрепил нос ракеты!,[@][PartyLead] приєднав голівку ракети!,[@][PartyLead]为火箭安装上了安装上了鼻锥！
DIALOGUE_MERRYSVILLE_DESCRIPTIONS_SWEETSFACTORY_SIGN_0,"[@]WARNING![WAIT@]Duncan Enterprises is not responsible for any injuries, including dismemberment.[WAIT@]By operating the assembly line, you agree not to press any charges against the company.","[@]ATTENTION ![WAIT@]Duncan S.A. n'est responsable d'aucune blessure, y compris de démembrement.[WAIT@]En enclenchant la chaîne d'assemblée, vous acceptez de ne pas poursuivre en justice la société.","[@]ATTENZIONE![WAIT@]La Duncan Enterprises non si assume la responsabilità per i danni a persone o cose, incluso lo smembramento.[WAIT@]Utilizzando la linea d'assemblaggio, acconsenti a non sporgere denuncia nei confronti della ditta.",[@]ちゅういじこう[WAIT@]ダンカンしゃは　けが　けっそん[BR]いっさいに　せきにんをおいません[W@]コンベアーを　きどうすることで[BR]これに　どうい　することと　します,"[@]경고![WAIT@]던컨 엔터프라이즈는 절단을 포함한 모든 부상에 대해 책임지지 않습니다.[WAIT@]조립 라인을 작동한 순간, 회사에 대해 어떠한 법적 책임도 제기하지 않는 것에 동의한 것으로 간주합니다.","[@]¡ADVERTENCIA!
[WAIT@]Duncan S.A. no se hace responsable de ninguna lesión, incluido desmembramiento.
[WAIT@]Al operar la línea de ensamblaje, usted acepta el compromiso de no presentar cargos legales contra la empresa.","[@]¡ADVERTENCIA!
[WAIT@]Duncan S.A. no se hace responsable de ninguna lesión, incluido desmembramiento.
[WAIT@]Al poner en marcha la cadena de montaje, se acepta el compromiso de no emprender acciones legales contra la empresa.","[@]AVISO![WAIT@]A Duncan S.A. não se responsabiliza por quaisquer lesões, incluindo desmembramentos.[WAIT@]Ao operar a linha de montagem, você concorda em não abrir nenhum processo contra a empresa.","[@]OSTRZEŻENIE![WAIT@]Zakłady Duncan nie są odpowiedzialne za żadne zranienia, wliczając utratę kończyn.[WAIT@]Operując tę linię produkcyjną, zrzekasz się praw do wnoszenia jakichkolwiek oskarżeń przeciw firmie.","[@]WARNUNG![WAIT@]Duncan Enterprises übernimmt keine Haftung für Verletzungen, einschließlich Verstümmelungen.[WAIT@]Mit der Bedienung dieses Fließbaubandes, erklären Sie sich damit einverstanden, keine Ansprüche gegen das Unternehmen rechtlich geltend zu machen.","[@]ВНИМАНИЕ![W@]Компания Дункана не несёт ответственности за любые травмы и несчастные случаи.[W@]Запуская конвейер, вы обязуетесь не выдвигать каких-либо обвинений против компании.","[@]УВАГА![WAIT@]Фірма Дункана не несе відповідальності за будь-які травми, включаючи каліцтва та розчленування.
[WAIT@]Запускаючи конвеєр фабрики «Крихітка», ви зобов'язуєтесь не подавати до суду.
",[@]警告！[WAIT@]邓肯企业对任何伤害（包括肢体残缺）概不负责。[WAIT@]操作该装配线即视为您同意放弃对本公司提起任何诉讼的权利。
DIALOGUE_MERRYSVILLE_DESCRIPTIONS_TWINKLEELEMENTARY_BEAKER_0,"[@]There appears to be a special kind of chemical up above,[DELAY:3] but it's out of reach.","[@]On dirait qu'il y a un produit chimique spécial en haut,[DELAY:3] mais il est hors de portée.","[@]Lì sopra c'è una qualche sostanza chimica,[DELAY:3] ma non ci arrivi.
",[@]たかいところに　あるやくひんには[BR]てが　とどかない。,"[@]위에 특별한 화학 물질이 있는 것 같지만, [DELAY:3]손에 닿지 않는다.","[@]Eso de arriba parece ser algún tipo de químico,[DELAY:3] pero está muy alto.","[@]Eso de arriba parece ser algún tipo de compuesto,[DELAY:3] pero está muy alto.","[@]Parece que tem um tipo especial de produto químico ali em cima,[DELAY:3] só que está fora do seu alcance.","[@]Wygląda na to, że tam na górze znajduje się jakiś szczególny rodzaj substancji chemicznej,[DELAY:3] ale nie można jej dosięgnąć.","[@]Da oben scheint es eine besondere Art Chemikalie zu geben,[DELAY:3] aber sie ist außer Reichweite.","[@]Наверху, по-видимому, какое-то специальное вещество.[DELAY:3] Правда, до него не дотянуться.","[@]Нагорі, здається, знаходиться якась спеціальна речовина,[DELAY:3] але до неї не дотягнутися.",[@]高处的架子上好像存放着一种特殊的化学品，[DELAY:3]可惜完全够不到。
DIALOGUE_MERRYSVILLE_DESCRIPTIONS_TWINKLEELEMENTARY_BLACKBOARD_0,[@]The formula is too complex for [Ninten] to understand.,[@]La formule est trop complexe pour que [Ninten] puisse la comprendre.,"[@]La formula è troppo complicata per [Ninten].
",[@]すうしきは　むずかしすぎて[BR][Ninten]には　りかいできなかった。,[@][Ninten][particle:Ninten:1] 이해하기에는 너무 복잡한 공식이다.,"[@]La fórmula es tan compleja
que [Ninten] no la puede entender.
",[@]La fórmula es tan compleja compleja que [Ninten] no puede entenderla.,[@]A fórmula é complicada demais para [Ninten] entender.,"[@]Wzór jest zbyt skomplikowany, by [Ninten] mógł go zrozumieć.",[@]Die Formel ist zu komplex für [Ninten] um sie zu verstehen.,[@]Слишком сложная для [decline:Ninten:M:1] формула.,[@]Ця формула занадто складна для [decline:Ninten:M:1].,[@]公式太复杂了，超出了[Ninten]的理解范畴。
DIALOGUE_MERRYSVILLE_DESCRIPTIONS_TWINKLEELEMENTARY_BULLETINBOARD_0,[@]A bunch of colorful drawings are pinned to it.,[@]Une myriade de dessins remplis de couleurs sont attachés sur le tableau.,"[@]Ci sono appesi tanti disegni colorati.
",[@]いろとりどりの　えが　ピンづけされている。,[@]여러 다채로운 그림들이 고정되어 있다.,[@]Un montón de coloridos dibujos están colgados en el pizarrón.,[@]Hay un montón de dibujos de colores en el corcho.,[@]Tem um monte de desenhos coloridos pendurados.,[@]Przypięto do niej masę kolorowych rysunków.,[@]Eine Reihe bunter Zeichnungen sind daran angeheftet.,[@]На ней закреплено множество разноцветных рисунков.,[@]Тут закріплено безліч різнокольорових малюнків.,[@]上面别满了一些五颜六色的图画。
DIALOGUE_MERRYSVILLE_DESCRIPTIONS_TWINKLEELEMENTARY_DESTROYEDBLACKBOARD_0,[@]Watch out![DELAY:5] It's hot!,[@]Attention ![DELAY:5] C'est encore chaud !,"[@]Attenzione![DELAY:5] Scotta!
",[@]あぶない！[DELAY:5]みるからに　あつそうだ。,[@]조심해![DELAY:5] 아직 뜨겁다!,[@]¡Cuidado![DELAY:5] ¡Que te quemas!,[@]¡Ojo![DELAY:5] ¡Quema!,[@]Cuidado![DELAY:5] Está queimando!,[@]Uwaga![DELAY:5] Parzy!,[@]Achtung![DELAY:5] Heiß!,[@]Осторожно![DELAY:5] Она горячая!,[@]Не чіпай її![DELAY:5] Вона гаряча!,[@]小心些！[DELAY:5]别烫着了！
DIALOGUE_MERRYSVILLE_DESCRIPTIONS_TWINKLEELEMENTARY_DESTROYEDSINK_0,"[@]Careful,[DELAY:3] the water might come out boiling!","[@]Attention,[DELAY:3] l'eau pourrait être bouillante !","[@]Maneggiare con cura,[DELAY:3] potrebbe uscire acqua bollente!
",[@]きをつけろ。[DELAY:3][BR]ふっとうした　みずが　でてくるかもしれないぞ。,"[@]조심하자,[DELAY:3] 물이 튀길지도 모른다!","[@]¡Cuidado,[DELAY:3] el agua podría salir hirviendo!","[@]¡Cuidado,[DELAY:3] el agua podría salir hirviendo!","[@]Tome cuidado,[DELAY:3] a água pode estar fervendo!","[@]Uwaga,[DELAY:3] woda może być w temperaturze wrzenia!","[@]Vorsicht,[DELAY:3] das Wasser könnte brodeln!","[@]Осторожно,[DELAY:3] из него может политься кипяток!","[@]Обережно,[DELAY:3] з нього може потекти окріп!",[@]当心些，[DELAY:3]那可是滚烫的开水！
DIALOGUE_MERRYSVILLE_DESCRIPTIONS_TWINKLEELEMENTARY_DIPLOMA_0,[@]It commends the science teacher for keeping the lab in pristine condition.,[@]Des félicitations sont adressées au professeur de sciences pour son maintien impeccable du labo.,"[@]Loda l'insegnante di scienze per aver mantenuto il laboratorio in perfetto stato.
",[@]せんせいが　りかしつを　きれいにしていることを　ほめている。,[@]늘 깨끗한 실험실을 유지하시는 과학 선생님을 칭찬합니다.,[@]Se reconoce el esfuerzo del profesor de ciencias por mantener el laboratorio siempre impecable.,[@]Se reconoce la labor del profesor de ciencias por mantener el laboratorio impecable.,[@]Elogia-se o professor de ciências por sempre manter o laboratório em condições impecáveis.,[@]Chwali nauczyciela za utrzymywanie pracowni w idealnym stanie.,"[@]Es lobt den Lehrer für angewandte Naturwissenschaften dafür, dass er das Labor in einem makellosem Zustand hält.",[@]Благодарность учителю естествознания за поддержку школьной лаборатории[BR]в отличном состоянии.,[@]Подяка вчителю науки за підтримку лабораторії у відмінному стані.,[@]上面写着表彰科学老师将实验室维护得一尘不染。
DIALOGUE_MERRYSVILLE_DESCRIPTIONS_TWINKLEELEMENTARY_FIREALARM_0,[@]Don't pull it!,[@]Ne la tirez pas !,"[@]Non attivarlo!
",[@]かさいほうちきの　レバー。[DELAY][BR]ひっぱっては　いけない。,[@]당기지 마세요!,[@]¡Ni se te ocurra!,[@]¡Ni se te ocurra pulsar la alarma!,[@]Não mexa nisso!,[@]Nie pociągać!,[@]Betätige ihn ja nicht!,[@]Не трогай!,[@]Не чіпай її!,[@]别拉它！
DIALOGUE_MERRYSVILLE_DESCRIPTIONS_TWINKLEELEMENTARY_ROOFDOOR_0,"[@]There's a giant padlock on the door!
",[@]Il y a un gigantesque cadenas sur la porte !,"[@]C'è un lucchetto enorme sulla porta!

",[@]とびらには　おおきなじょうまえが　かかっている。,[@]거대한 자물쇠로 잠겨있다!,[@]¡Hay una cerradura gigante en la puerta!,[@]¡Hay un candado gigante en la puerta!,"[@]Tem um cadeado enorme na porta!
",[@]Na drzwiach znajduje się wielka kłódka!,[@]An der Tür hängt ein riesiges Vorhängeschloss!,[@]На дверях висит огромный замок!,[@]На дверях висить величезний замок!,[@]门上挂着一把巨大的挂锁！
DIALOGUE_MERRYSVILLE_DESCRIPTIONS_TWINKLEELEMENTARY_SINK_0,[@]Drink from the faucet?,[@]Boire l'eau du robinet ?,"[@]Vuoi bere dal rubinetto?
",[@]じゃぐちから　のみますか？,[@]식수대에서 물을 마실까?,[@]¿Quieres beber agua?,[@]¿Quieres beber agua?,[@]Beber água?,[@]Napić się z kranu?,[@]Vom Wasserhahn trinken?,[@]Попить из крана?,[@]Попити з крана?,[@]要对着水龙头喝水吗？
DIALOGUE_MERRYSVILLE_DESCRIPTIONS_TWINKLEELEMENTARY_SINK_0-OPT_0,Yes,Oui,Sì,はい,네,Sí,Sí,Sim,Tak,Ja,Да,Так,是
DIALOGUE_MERRYSVILLE_DESCRIPTIONS_TWINKLEELEMENTARY_SINK_0-OPT_1,No,Non,No,いいえ,아니오,No,No,Não,Nie,Nein,Нет,Ні,否
DIALOGUE_MERRYSVILLE_DESCRIPTIONS_TWINKLEELEMENTARY_SINK_1,[@]You feel somewhat refreshed!,[@]Vous vous sentez plus ou moins désaltéré !,"[@]Ti senti un po' rinfrescato!
",[@]なんだか　すっきりしたみたい！,[@]목이 상쾌해졌다!,[@]¡Te sientes un poco refrescad[LeadArt6]!,[@]¡Te sientes un poco refrescad[LeadArt6]!,[@]Você se sente refrescado!,[@]Czujesz się nieco orzeźwiony!,[@]Du fühlst dich ein wenig erfrischt!,[@]Ты слегка освежил[LeadArt8]!,[@]Ти трохи освіжи[LeadArt6]ся!,[@]你感到精神稍微一振！
DIALOGUE_MERRYSVILLE_DESCRIPTIONS_TWINKLEELEMENTARY_SINK_2,[@]You weren't that thirsty anyway.,"[@]De toute façon, vous n'aviez pas trop soif.","[@]Non avevi tutta questa sete, tanto.
",[@]どうせ　のどはかわいていなかった。,[@]어쨌든 그렇게 목이 마르지 않다.,[@]Tampoco tenías tanta sed.,[@]Tampoco tenías tanta sed.,[@]Você nem estava com sede mesmo.,[@]I tak nie chciało ci się pić.,[@]Du warst sowieso nicht so durstig.,[@]На самом деле ты не очень-то и хотел.,[@]Не дуже й хотілося.,[@]反正你本来也没那么渴。
DIALOGUE_MERRYSVILLE_DESCRIPTIONS_TWINKLEELEMENTARY_TESTS_0,"[@]The teacher has already rated these tests.
[WAIT@]Someone's gonna be in trouble today!","[@]Le prof a déjà noté ces contrôles.
[WAIT@]Quelqu'un va avoir des problèmes !","[@]L'insegnante ha già corretto questi compiti.
[WAIT@]Oggi qualcuno passerà dei guai!
",[@]さいてんされた　テストのやま。[WAIT@]なかには　０てんのとうあんも　まざっている。,[@]이미 선생님이 다 채점해 두었다.[WAIT@]오늘 누군가는 큰일 나겠는데!,[@]El profesor ya ha puesto las notas a estos exámenes.[WAIT@]¡Parece que alguien va a estar en problemas hoy!,[@]El profesor ya ha corregido estos exámenes.[WAIT@]¡Parece que alguien va a tener problemas!,"[@]O professor já corrigiu essas provas.
[WAIT@]Alguém vai ficar encrencado hoje!","[@]Nauczyciel zdążył sprawdzić kartkówki.
[WAIT@]Uuu, ktoś tu będzie miał przekichane!","[@]Der Lehrer hat die Tests bereits benotet.
[WAIT@]Da wird heute jemand gewaltig Ärger bekommen!","[@]Учитель уже проверил работы.
[W@]У кого-то дома будут неприятности!","[@]Учитель вже перевірив ці контрольні работи.
[WAIT@]Комусь сьогодні доведеться несолодко!",[@]老师已经把这些试卷批改完了。[WAIT@]看样子今天有人要倒霉咯！
DIALOGUE_MERRYSVILLE_DESCRIPTIONS_TWINKLEELEMENTARY_TRASHCAN_0,[@]This trashcan is empty.[DELAY:6] Doesn't seem like anyone's gonna use it again.,"[@]La poubelle est vide.[DELAY:6] On dirait bien que plus personne ne va s'en servir.
","[@]Il cestino è vuoto.[DELAY:6] Probabilmente non verrà usato mai più.
",[@]からっぽだ。[DELAY:6][BR]だれかが　つかうことは　もう　なさそうだ。,[@]이 쓰레기통은 비어 있다.[DELAY:6]다시 쓰일 것 같지는 않다.,[@]El basurero está vacío. [DELAY:6]No parece que alguien vaya a usarlo de nuevo.,[@]La papelera está vacía. [DELAY:6]No parece que nadie vaya a usarla de nuevo.,[@]A lixeira está vazia.[DELAY:6] Parece que ninguém mais irá usá-la.,[@]Ten kosz na śmieci jest pusty. [DELAY:6]Raczej nikt już z niego nie skorzysta.,"[@]Dieser Mülleimer ist leer. [DELAY:6]Sieht nicht so aus, als würde ihn noch jemand benutzen.",[@]Пустая урна. [DELAY:6]Ей вряд ли кто-то ещё воспользуется.,[@]Цей смітник пустий.[DELAY:6]Навряд чи ним хтось буде ще користуватися.,[@]这个垃圾桶是空的，[DELAY:6]看样子好像也没人会来扔东西了。
DIALOGUE_MERRYSVILLE_DESCRIPTIONS_CRASHEDROCKET_0,[@]Its nozzle is still trickling bits of smoke.[W@]Better not touch anything.,[@]Sa base laisse encore sortir de la fumée.[W@]C'est mieux de ne pas y toucher.,[@]Esce ancora del fumo.[W@]Meglio non toccare niente.,[@]エンジンから　けむりが　でている。[W@]さわらない　ほうが　いいだろう。,[@]노즐에서 연기가 조금씩 새어 나오고 있다.[W@]굳이 건드리지 않는 게 좋을 것 같다.,"[@]Su tobera todavía suelta un poco de humo.
[W@]Será mejor no tocar nada.","[@]Su tobera todavía suelta un poco de humo.
[W@]Será mejor no tocar nada.",[@]A ponta ainda está soltando uma fumacinha.[W@]Melhor não tocar em nada.,[@]Wciąż wydobywa się z niej dym.[W@]Lepiej nic tu nie ruszać.,[@]Aus der Düse quillt immer noch Rauch.[W@]Fass besser nichts an.,[@]Из сопла всё ещё идёт дым.[W@]Лучше её не трогать.,[@]З сопла все ще йде дим. [W@]Краще її не чіпати.,[@]它的喷口处还在丝丝地冒着烟。[W@]现在最好什么都别碰。