key,en,fr,it,ja,ko,es,es_ES,pt_BR,pl,de,ru,uk,zh_CN
DIALOGUE_PODUNK_CUTSCENES_CANARY_REUNITE_1,[@]This canary seems sad.,[@]Ce canari a l'air triste.,[@]Questo canarino sembra triste.,[@]カナリアは　かなしそうだ・・・。,[@]카나리아가 슬픈 눈으로 나지막하게 울고 있다.,[@]Este canario parece triste.,[@]Este canario parece triste.,[@]Este canário parece estar bem triste.,[@]Ten kanarek wygląda na smutnego.,[@]Der Kanarienvogel scheint traurig zu sein.,[@]Эта канарейка выглядит очень грустной.,"[@]Здається, ця канарка сумує.",[@]这只金丝雀看上去很伤心。
DIALOGUE_PODUNK_CUTSCENES_CANARY_REUNITE_2,[@]Show her the Canary chick?,[@]Lui montrer le Bébé canari ?,[@]Le mostri il Pulcino di canarino?,[@]カナリアのヒナを　みせる？,[@]아기 카나리아를 보여줄까?,[@]¿Mostrarle el Canario bebé?,[@]¿Quieres mostrarle la Cría de canario?,[@]Mostrar a ela o Canarinho Bebê?,[@]Pokazać jej małego Kanarka?,[@]Zeigst du ihm das Kanarienküken?,[@]Показать ей птенца?,[@]Показати їй пташеня?,[@]要给她看金丝雀雏鸟吗？
DIALOGUE_PODUNK_CUTSCENES_CANARY_REUNITE_2-OPT_0,Yes,Oui,Sì,はい,네,Sí,Sí,Sim,Tak,Ja,Да,Так,是
DIALOGUE_PODUNK_CUTSCENES_CANARY_REUNITE_2-OPT_1,No,Non,No,いいえ,아니오,No,No,Não,Nie,Nein,Нет,Ні,否
DIALOGUE_PODUNK_CUTSCENES_CANARY_REUNITE_10,"[@]Overjoyed with her reunion, Laura started to sing.","[@]Folle de joie d'avoir retrouvé son petit, Laura commence à chanter.","[@]Laura, felicissima per aver ritrovato il suo piccolo, inizia a cantare.",[@]うたひめローラは　わがことの　さいかいで\nおおよろこびで　うたを　うたいはじめた。,[@]로라는 아기와의 재회에 흥을 주체하지 못하고\n노래를 부르기 시작했다.,"[@]Encantada con su reencuentro, Laura se puso a cantar.","[@]Laura, llena de alegría por haber encontrado a su pequeño, ha comenzado a cantar.","[@]Cheia de alegria ao ver o seu filho, Laura começou a cantar.",[@]Uradowana zjednoczeniem Laura zaczęła śpiewać.,"[@]Überglücklich über ihre Wiedervereinigung, begann Laura wieder zu singen.","[@]Обрадовавшись воссоединению, Лора запела.","[@]Зрадівши возз'єднанню, Лора заспівала.",[@]劳拉因重逢感到欣喜万分，她开始高兴的放声歌唱。
DIALOGUE_PODUNK_CUTSCENES_CANARY_REUNITE_12,[@][PartyLead] remembered the tune.,[@][PartyLead] apprend la mélodie.,[@][PartyLead] impara la melodia.,[@][PartyLead]は　メロディーを　おぼえた。,[@][PartyLead][particle:PartyLead:0] 멜로디를 기억했다.,[@][PartyLead] recordó la melodía.,[@][PartyLead] ha aprendido la melodía.,[@][PartyLead] lembrou-se da melodia.,[@][PartyLead] zapamiętał melodię.,[@][PartyLead] merkte sich das Lied.,[@][PartyLead] запомнил мелодию.,[@][PartyLead] запам'ятав мелодію.,[@][PartyLead]记住了这段旋律。
DIALOGUE_PODUNK_CUTSCENES_CAROL_CALL_0,"[@]Are you okay, [Ninten]?",[@][Ninten] ! Est-ce que ça va ?,"[@]Stai bene, [Ninten]?",[@]まって！　[Ninten]！[WAIT@]だいじょうぶだった？,[@][Ninten]! 다친 데는 없니?,"[@]¿Estás bien, [Ninten]?","[@]¿Estás bien, [Ninten]?","[@]Você está bem, [Ninten]?","[@]Wszystko w porządku, [Ninten]?","[@]Geht es dir gut, [Ninten]?","[@][Ninten], ты как?","[@][Ninten], ти в порядку?",[@]你还好吗，[Ninten]？
DIALOGUE_PODUNK_CUTSCENES_CAROL_CALL_1,[@]What on earth is happening to our home?[WAIT@]I'm so scared...,[@]Qu'est-ce qui a bien pu arriver à notre maison ?[WAIT@]J'ai tellement peur...,[@]Che caspita sta succedendo alla nostra casa?[WAIT@]Ho paura...,[@]このいえは　いったい　どうなっているのかしら。[WAIT@]オロオロ・・・。,[@]이게 대체 무슨 일인지...[WAIT@]무서워라...,[@]¿Qué rayos le está pasando a nuestra casa?[WAIT@]Tengo mucho miedo...,"[@]¿Qué narices le pasa a nuestra casa?
[W@]Tengo muchísimo miedo...",[@]Mas o que é que está acontecendo com a nossa casa?![WAIT@]Estou apavorada...,[@]Co się dzieje z naszym domem?[WAIT@]Tak bardzo się boję...,[@]Was um alles in der Welt passiert mit unserem Haus?[WAIT@]Ich habe solche Angst ...,[@]Что ж такое с нашим домом![WAIT@]Я так перепугалась...,[@]Що відбувається з нашим домом?[WAIT@]Я так перелякалась...,[@]我们家到底发生了什么事了？[WAIT@]我好害怕…
DIALOGUE_PODUNK_CUTSCENES_CAROL_CALL_3,[@]If only your father were here now...,[@]Si seulement ton père était là avec nous...,[@]Se solo tuo padre fosse qui...,[@]こんなときに　パパがいてくれたら\nいいのかもしれないけど・・・。,[@]이럴 때 네 아빠라도 있었으면...,[@]Si tan solo tu padre estuviese aquí...,[@]Si tan solo tu padre estuviese aquí...,[@]Se o seu pai estivesse aqui...,[@]Gdyby tylko twój ojciec tu teraz był...,[@]Wenn dein Vater jetzt nur hier wäre ...,"[@]Жаль, папа сейчас не здесь...","[@]Шкода, твій тато зараз не тут...",[@]要是你爸爸在这的话就好了…
DIALOGUE_PODUNK_CUTSCENES_CAROL_CALL_6,[@]Oh! That must be him.,[@]Oh ! Ça doit être lui.,[@]Oh! Deve essere lui.,[@]あ　でんわ！　きっとパパよ！,[@]앗! 네 아빠인 거 같은데.,[@]¡Oh! Debe de ser él.,[@]¡Ah! ¡Seguro que es él!,[@]Ah! Deve ser ele.,[@]Och! To pewnie on.,[@]Oh! Das muss er sein.,"[@]А! Видимо, это он.","[@]О! Здається, це він.",[@]啊，电话！[WAIT]一定是你爸爸打来的！
DIALOGUE_PODUNK_CUTSCENES_CAROL_CALL_7,"[@]Could you get it, [Ninten]?","[@]Tu peux aller décrocher, [Ninten] ?","[@]Puoi rispondere tu, [Ninten]?",[@][Ninten]　おねがい！,"[@]어서 받아보렴, [Ninten].","[@]¿Podrías contestar, [Ninten]?","[@]¿Podrías cogerlo, [Ninten]?","[@]Pode atender o telefone, [Ninten]?","[@]Mógłbyś odebrać, [Ninten]?","[@]Gehst du bitte ran, [Ninten]?","[@][Ninten], ответишь?","[@][Ninten], можеш відповісти?",[@][Ninten]，你可以帮忙接一下吗？
DIALOGUE_PODUNK_CUTSCENES_CAROL_CALL_SPEAKER_Carol,Carol,Carol,Carol,キャロル,캐럴,Carol,Carol,Carol,Carol,Carol,Кэрол,Керол,卡罗尔
DIALOGUE_PODUNK_CUTSCENES_CAROL_PHONE_0,"[@]Telephone! [Ninten], would you please get it?","[@]Téléphone ! [Ninten], tu peux décrocher ?","[@]Il telefono! [Ninten], potresti rispondere?",[@][Ninten]　どこにいくの？\nでんわよ　おねがい。,[@][Ninten]! 전화 좀 받아주겠니?,"[@]¡Teléfono! [Ninten], ¿podrías contestar, por favor?","[@]¡El teléfono! [Ninten], ¿podrías cogerlo?","[@]O telefone! [Ninten], você pode atender, por favor?","[@]Telefon! [Ninten], czy mógłbyś go odebrać?","[@]Telefon! [Ninten], kannst du bitte rangehen?","[@][Ninten], пожалуйста, возьми трубку!","[@]Телефон! [Ninten], будь ласка, візьми слухавку!",[@]有人打电话！[Ninten]，麻烦你去接一下好吗？
DIALOGUE_PODUNK_CUTSCENES_CAROL_PHONE_SPEAKER_Carol,Carol,Carol,Carol,キャロル,캐럴,Carol,Carol,Carol,Carol,Carol,Кэрол,Керол,卡罗尔
DIALOGUE_PODUNK_CUTSCENES_CATACOMBS_PIPPI_ATTACK_0,[@]?!,[@]?!,[@]?!,[@]！？,[@]?!,[@]¡¿?!,[@]¡¿...?!,[@]?!,[@]?!,[@]?!,[@]?!,[@]?!,[@]？！
DIALOGUE_PODUNK_CUTSCENES_CATACOMBS_PIPPI_ATTACK_1,[@]AHHHH!,[@]AHHHH !,[@]AHHHH!,[@]ギャー！！！,[@]으아아악!,[@]¡AHHHH!,[@]¡AAAAH!,[@]AHHHH!,[@]AHHHH!,[@]AHHHH!,[@]А-А-А-А-А!,[@]А-А-А-А-А!,[@]啊啊啊啊啊！
DIALOGUE_PODUNK_CUTSCENES_CATACOMBS_PIPPI_ATTACK_2,[@]Z-Z-ZOMBIE!!!,[@]U-U-UN ZOMBIE !!!,[@]Z-Z-ZOMBI!!!,[@]ゾンビー！！！,[@]ㅈ-좀ㅂ-비다!!!,[@]¡¡¡U-U-UN ZOMBI!!!,[@]¡¡¡U-U-UN ZOMBI!!!,[@]Z-Z-ZUMBI!!!,[@]Z-Z-ZOMBIE!!!,[@]Z-Z-ZOMBIE!!!,[@]ЗО-О-ОМБИ!!!,[@]ЗО-О-ОМБІ!!!,[@]丧-丧-丧尸！！！
DIALOGUE_PODUNK_CUTSCENES_CATACOMBS_PIPPI_ATTACK_4,[@]Stop lying! I can clearly tell you're a zombie![WAIT@]No normal person would walk around with clothes like that!,[@]Arrête de mentir ! Je vois très bien que t'es un zombie ![WAIT@]Les gens normaux se baladent pas habillés comme ça !,[@]Non dire bugie! Lo vedo che sei uno zombi![WAIT@]Nessuno andrebbe in giro vestito così!,[@]は？　にんげんだって？[WAIT@]ウソよ！[DELAY]　わたしは　だまされないんだから！[WAIT@]にんげんだったら　そんな\nへんちくりんなふく　きるはず　ないでしょ！,[@]거짓말하지 마! 그 패션 센스를 봐![WAIT@]정상적인 뇌를 가졌으면 그런 옷을 입고 다니겠어?!,[@]¡Deja de mentir! ¡Se nota claramente que eres un zombi![WAIT@]¡Ninguna persona normal andaría con esa ropa!,"[@]¡No mientas! ¡Se nota claramente que eres un zombi!
[W@]¡Nadie iría con esas pintas!",[@]Você não me engana! Tá na cara que você é um zumbi![WAIT@]Quem mais andaria com umas roupas esquisitas assim?!,"[@]Nie kłam! Wyraźnie widać, że jesteś zombie![WAIT@]Nikt normalny nie chodziłby ubrany w taki sposób!","[@]Hör auf zu lügen! Ich sehe ganz genau, dass du ein Zombie bist![WAIT@]Keine normale Person würde mit solchen Klamotten rumlaufen!","[@]Не ври! Я точно знаю, ты зомби![WAIT@]Ни один нормальный человек не стал бы ходить в этом шмотье!","[@]Не бреши! Точно знаю, що ти зомбі![WAIT@]Жодна нормальна людина не вийшла б на вулицю в таких ганчірках!",[@]别撒谎了！我一眼就能看出你是丧尸！[WAIT@]正常人谁会穿着那种衣服到处走！
DIALOGUE_PODUNK_CUTSCENES_CATACOMBS_PIPPI_ATTACK_7,"[@]You might be scary, zombie,","[@]T'as beau être flippant, le zombie,","[@]Mi farai anche paura, zombi,",[@]ゾンビは　ちょ　ちょっと　こわいけど・・・。,[@]이 좀비야! 내가 너한테 떨 줄 알아?,"[@]Podrás dar miedo, zombi,","[@]Podrás dar miedo, zombi,","[@]Você pode até ser medonho, zumbi,","[@]Może i jesteś przerażający, zombie,","[@]Du magst gruselig sein, Zombie,","[@]Пугай меня сколько хочешь, зомби...","[@]Може, зомбі, ти і жахливий...",[@]丧尸嘛，虽、虽说有点可怕…
DIALOGUE_PODUNK_CUTSCENES_CATACOMBS_PIPPI_ATTACK_8,[@]but [Pippi] never goes down without a fight!,[@]Mais [Pippi] est pas du genre à se laisser faire !,"[@]ma te la dovrai vedere con me, [Pippi]!",[@]こんなところで　おとなしく　たべられて\nたまるもんか！　かかってきなさいよ！,[@]가만히 물려주진 않을 거야! 덤벼!,[@]¡pero [Pippi] nunca se rinde sin pelear!,[@]¡pero [Pippi] nunca se rinde sin luchar!,[@]mas a [Pippi] aqui não desiste sem uma briga!,[@]ale [Pippi] nigdy nie poddaje się bez walki!,[@]aber [Pippi] gibt nie ohne Kampf auf!,[@]Но [Pippi] без боя не сдастся!,[@]Але [Pippi] без бою не здасться!,[@]但[Pippi]从不会不战而败！
DIALOGUE_PODUNK_CUTSCENES_CATACOMBS_PIPPI_ATTACK_REMATCH_0,[@]?!,[@]? !,[@]?!,[@]ギャー！！！,[@]?!,[@]¡¿?!,[@]¡¿...?!,[@]?!,[@]?!,[@]?!,[@]?!,[@]?!,[@]？！
DIALOGUE_PODUNK_CUTSCENES_CATACOMBS_PIPPI_ATTACK_REMATCH_1,[@]Y-Y-YOU AGAIN?!!,[@]E-E-ENCORE TOI ?!,[@]D-D-DI NUOVO TU?!!,[@]なによ！　こりもせず　またきたの！？,[@]분명 죽였던 거 같은데?!!,[@]¡¡¿T-T-TÚ OTRA VEZ?!!,[@]¡¡¿T-T-TÚ DE NUEVO?!!,[@]V-V-VOCÊ DE NOVO?!!,[@]Z-Z-ZNOWU TY?!!,[@]D-D-Du schon wieder?!!,"[@]Ч-Ч-ЧТО, ОПЯТЬ ТЫ?!!","[@]Щ-Щ-ЩО, ЗНОВУ ТИ?!!",[@]又-又-又是你？！！
DIALOGUE_PODUNK_CUTSCENES_CATACOMBS_PIPPI_ATTACK_REMATCH_4,"[@]I don't care how many times you come back, zombie,","[@]Tu pourras bien revenir autant de fois que tu voudras, le zombie,","[@]Provaci quanto vuoi, zombi,",[@]なんかい　たたかったって　おんなじよ！,[@]몇백 번이고 살아나도 상관없어!,"[@]No importa cuántas veces regreses, zombi,","[@]Da igual cuántas veces vuelvas, zombi,","[@]Eu não ligo quantas vezes você volte, zumbi,","[@]Nie obchodzi mnie, ile razy wrócisz, zombie,","[@]Mir egal wie oft du zurückkommst, Zombie,","[@]Мне плевать, сколько раз ты ещё вернёшься, зомби!","[@]Мені байдуже, скільки разів ти повернешся, зомбі,",[@]不管来多少次都一样！
DIALOGUE_PODUNK_CUTSCENES_CATACOMBS_PIPPI_ATTACK_REMATCH_5,[@]but [Pippi] always wins!,[@]mais c'est toujours [Pippi] qui vaincra !,[@]ma vincerà sempre [Pippi]!,[@]わたしは　まけないんだから！,"[@]얼마든지 덤벼, 난 천하무적이니까!","[@]¡porque yo, [Pippi], siempre te venceré!",[@]¡porque [Pippi] siempre gana!,[@]a [Pippi] aqui vai vencer sempre!,[@][Pippi] zawsze wygra!,[@]denn [Pippi] gewinnt immer!,[@][Pippi] всё равно победит!,[@]але [Pippi] завжди виграє!,[@]我[Pippi]还是会赢的！
DIALOGUE_PODUNK_CUTSCENES_CATACOMBS_PIPPI_DEFEAT_0,"[@]Okay, okay! I surrender!","[@]C'est bon, c'est bon ! Je me rends !","[@]Ok, ok, mi arrendo!",[@]いたっ！　こうさん　こうさん！,"[@]미안, 미안! 항복할게!","[@]¡Bien, bien! ¡Me rindo!","[@]¡Vale, vale! ¡Me rindo!",[@]Ok! Ok! Eu me rendo!,"[@]Dobra, dobra! Poddaję się!","[@]Okay, okay! Ich ergebe mich!",[@]Ладно-ладно! Я сдаюсь!,"[@]Гаразд, гаразд! Я здаюся!",[@]好的，好的！我投降啦！
DIALOGUE_PODUNK_CUTSCENES_CATACOMBS_PIPPI_DEFEAT_1,"[@]Just, please don't eat my brain...","[@]Mais au moins, pitié, me mange pas la cervelle...","[@]Non mangiarmi il cervello però, ti prego...",[@]やるなら　やりなさいよ！\nでも　のうみそだけは　たべないで・・・。,[@]내 뇌만 먹지 말아 줘... 제발.,"[@]Solo, por favor, no me comas mi cerebro...","[@]Pero por favor, no me comas el cerebro...","[@]Só por favor, não coma o meu cérebro...","[@]Tylko, proszę, nie zjadaj mi mózgu...","[@]Nur, bitte iss nicht mein Gehirn ...","[@]Только прошу, не ешь мои мозги...","[@]Тільки прошу, не їж мої мізки...",[@]就是，请别吃掉我的脑子…
DIALOGUE_PODUNK_CUTSCENES_CATACOMBS_PIPPI_DEFEAT_3,[@]Huh?,[@]Hein ?,[@]Eh?,[@]・・・？,[@]...응?,[@]¿Eh?,[@]¿Eh?,[@]Hã?,[@]Hę?,[@]Hä?,[@]А?,[@]Гм?,[@]哈？
DIALOGUE_PODUNK_CUTSCENES_CATACOMBS_PIPPI_DEFEAT_5,[@]So... you're NOT a zombie?,[@]Donc... t'es PAS un zombie ?,[@]Aspetta... NON sei uno zombi?,[@]え・・・\nほんとに　ゾンビじゃないの？,[@]뭐야... 사람이었어?,[@]Así que... ¿tú NO eres un zombi?,[@]Entonces... ¿no eres un zombi?,[@]Então... você não é um zumbi?,[@]Więc... NIE jesteś zombie?,[@]Du bist also ... KEIN Zombie?,[@]Так ты... не зомби?,[@]Так ти... НЕ зомбі?,[@]所以…你不是个丧尸？
DIALOGUE_PODUNK_CUTSCENES_CATACOMBS_PIPPI_DEFEAT_7,[@]Why didn't you say so earlier?[WAIT@]This entire situation could have been avoided!,[@]Mais pourquoi tu l'as pas dit plus tôt ?[WAIT@]Toute cette situation aurait pu être évitée !,[@]Perché non l'hai detto subito?[WAIT@]Potevamo risparmiarci tutto questo!,[@]なら　さいしょから　そういってよ！！！[WAIT@]たたかわなくて　すんだのに！！！,[@]왜 진작 말 안 했던 거야![WAIT@]진짜 좀비인 줄 알고 식겁했다고!,[@]¿Por qué no lo dijiste antes?[WAIT@]¡Toda esto se pudo haber evitado!,"[@]¡¿Por qué no me lo has dicho antes?!
[W@]¡Nos habríamos evitado todo este lío!","[@]Ora, por que você não me disse antes?[WAIT@]A gente podia ter evitado essa confusão toda!",[@]Czemu nie powiedziałeś tego wcześniej?[WAIT@]Można było uniknąć tej całej sytuacji!,[@]Warum hast du das nicht früher gesagt?![WAIT@]Wir hätten die ganze Situation vermeiden können!,[@]Что ж ты раньше не сказал![WAIT@]Мы могли обойтись без всего этого!,[@]Чому ж ти раніше не сказав?[WAIT@]Можна було б уникнути усієї цієї ситуації!,[@]那你怎么不早点说呀？！！[WAIT@]整个事情本来都可以避免的！[WAIT@]这样一来我们就不用打架了！
DIALOGUE_PODUNK_CUTSCENES_CATACOMBS_PIPPI_DEFEAT_10,"[@]Wait a minute... I think I finally recognize you.[WAIT@]You're Mimmie and Minnie's older brother, [Ninten]!","[@]Attends une seconde... Je crois que je te reconnais, maintenant.[WAIT@]T'es [Ninten], le grand frère de Mimmie et Minnie !","[@]Un attimo... ma io ti conosco.[WAIT@]Sei [Ninten], il fratellone di Mimmie e Minni!",[@]あれ？[DELAY]　あなた　もしかして・・・。[WAIT@]ミミーとミニーのおにいちゃんの\n[Ninten]ちゃん　だよね？！,[@]잠깐... 그러고보니 구면인 거 같은데.[WAIT@]아! 미미랑 미니 오빠였구나!,"[@]Espera un minuto... Creo que por fin te reconozco.[WAIT@]Eres el hermano mayor de Mimmie y Minnie, ¡[Ninten]!","[@]Un momento... Creo que te conozco.[WAIT@]¡Eres [Ninten], el hermano mayor de Mimmie y Minnie!",[@]Peraí... Acho que me lembrei de quem você é...[WAIT@]Você é o irmão mais velho da Mimmie e da Minnie! [Ninten]!,"[@]Chwileczkę... chyba jednak cię poznaję.[WAIT@]Jesteś starszym bratem Mimmie i Minnie, [Ninten]!","[@]Warte mal ... Ich glaube, ich erkenne dich endlich.[WAIT@]Du bist Mimmie und Minnies älterer Bruder, [Ninten]!","[@]Погоди... Я тебя узнаю, кажется.[WAIT@]Ты [Ninten] — старший брат Мимми и Минни!","[@]Так, постривай... Здається, я тебе впізнаю.[WAIT@]Ти [Ninten] — старший брат Міммі і Мінні!",[@]咦？[DELAY]等一下…我想我终于认出你来了。[WAIT@]你是米妮和米米的哥哥，[Ninten]！
DIALOGUE_PODUNK_CUTSCENES_CATACOMBS_PIPPI_DEFEAT_12,"[@]Wow, the rumors are true. You really do look like that galactic farm boy!","[@]Waouh, alors les rumeurs disaient vrai. Tu ressembles vraiment à ce fermier des étoiles !","[@]Allora è vero quello che si dice, somigli davvero a quel ragazzo di campagna galattico!",[@]うわぁ　うわさどおりね！\nなんとかスキーウォーカーに　にてる！,[@]진짜 걔네 말대로 스타워즈 주인공이랑 완전 닮았네!,"[@]Guau, los rumores son ciertos. ¡Realmente te pareces a ese granjero galáctico!","[@]Vaya, entonces los rumores son ciertos. ¡Te pareces mucho a ese granjero del espacio!","[@]Uau, então os boatos são verdade. Você se parece mesmo com aquele fazendeiro espacial!","[@]Wow, plotki są prawdziwe. Naprawdę wyglądasz jak ten chłopiec z galaktycznej farmy!",[@]Wow. Die Gerüchte sind wahr. Du siehst aus wie dieser Weltraumbauer!,"[@]Ух ты, а люди-то не врали. Ты и правда похож на того парня из далёкой-далёкой галактики!","[@]Ого, а чутки правдиві. Ти справді виглядаєш як той хлопець з галактичної ферми!",[@]哇，传闻是真的。[WAIT@]你看起来真的很像那个银河系农夫男孩！
DIALOGUE_PODUNK_CUTSCENES_CATACOMBS_PIPPI_DEFEAT_14,[@]What's that?[WAIT@]My mom's looking for me?[WAIT@]And you came all this way just to find me?,[@]Qu'est-ce que tu dis ?[WAIT@]Ma maman me cherche partout ?[WAIT@]Et t'as fait tout ce chemin pour me retrouver ?,[@]Che hai detto?[WAIT@]La mamma mi sta cercando?[WAIT@]E sei venuto fin qui solo per dirmelo?,[@]え？　なに？[WAIT@]まちのみんなが　わたしをさがしてるの！？[WAIT@]それで　[Ninten]ちゃんが　ひとりで\nはかばまで　わたしを　たすけにきてくれたの！？,[@]응?[WAIT@]엄마가 날 찾고 있다고?[WAIT@]그래서 여기까지 온 거고?,[@]¿Qué?[WAIT@]¿Mi mamá me está buscando?[WAIT@]¿Y viniste hasta aquí sólo para encontrarme?,"[@]¿Qué?
[W@]¿Que mi mamá me está buscando por todos lados?
[W@]¿Y has venido hasta aquí a buscarme?","[@]Quê?[WAIT@]Ah, a minha mãe tava me procurando?[WAIT@]E você veio até aqui só pra me encontrar?","[@]Co takiego?[WAIT@]Moja mama mnie szuka?[WAIT@]A ty przyleciałeś tu tylko po to, żeby mnie znaleźć?","[@]Wie?[WAIT@]Mama sucht nach mir?[WAIT@]Und du bist den ganzen Weg gekommen, nur um mich zu finden?",[@]...А?[WAIT@]Меня ищет мама?[WAIT@]И ты ради этого проделал весь этот путь?,[@]Що?[WAIT@]Моя мама мене шукає?[WAIT@]І ти прийшов сюди лише щоб мене знайти?,[@]什么？[WAIT@]妈妈和小镇的大家在找我？[WAIT@]然后你就一个人跑来墓地找我了吗？
DIALOGUE_PODUNK_CUTSCENES_CATACOMBS_PIPPI_DEFEAT_18,"[@]Well, aren't you a brave boy!","[@]T'es super courageux, dis donc !",[@]Sei proprio coraggioso!,[@]あなたって　ゆうきあるね？,[@]오빠 진짜 용감하구나!,"[@]¡Vaya, sí que eres un chico valiente!",[@]¡Sí que eres un chico valiente!,[@]Uau! que corajoso!,[@]Czyż nie jesteś dzielnym chłopcem?,[@]Bist du nicht tapfer!,[@]Какой же ты храбрый!,[@]Який ти хоробрий!,[@]哇，你真是一个勇敢的男孩子！
DIALOGUE_PODUNK_CUTSCENES_CATACOMBS_PIPPI_DEFEAT_18-OPT_0,Yes,Oui,Sì,はい,응,Sí,Sí,Sim,Tak,Ja,Ага,Ага,当然
DIALOGUE_PODUNK_CUTSCENES_CATACOMBS_PIPPI_DEFEAT_18-OPT_1,No,Non,No,いいえ,아니,No,No,Não,Nie,Nee,Да не...,Та не дуже...,没有
DIALOGUE_PODUNK_CUTSCENES_CATACOMBS_PIPPI_DEFEAT_19,"[@]Don't get too swell headed, ha-ha-ha!","[@]Bon, prends pas la grosse tête non plus, ha ha ha !","[@]Non montarti la testa, ahaha!",[@]この　おちょうしもの。[DELAY:6]　ハハハ！,[@]너무 자화자찬 아니야? 하하하!,"[@]¡No seas tan engreído, jajaja!","[@]¡Que no se te suba tanto a la cabeza! ¡Ja, ja, ja!","[@]Não deixe isso subir à sua cabeça, hahaha!","[@]Nie podniecaj się tak, ha-ha-ha!","[@]Werd ja nicht übermutig, hahaha!","[@]Ну, слишком не зазнавайся, ха-ха-ха!","[@]Ну, вже не зазнавайся, ха-ха-ха!",[@]可别太得意忘形了哦。[DELAY:6]哈-哈-哈-哈-！
DIALOGUE_PODUNK_CUTSCENES_CATACOMBS_PIPPI_DEFEAT_20,"[@]Really? Well, I think you ARE brave.[WAIT@]You know what? I think I like you, [Ninten]. Do you like me?","[@]Vraiment ? Eh ben moi, je pense que si.[WAIT@]Tu sais quoi ? Je crois que tu me plais, [Ninten]. Est-ce que je te plais aussi, moi ?","[@]Davvero? Secondo me tu SEI coraggioso.[WAIT@]Sai cosa? Mi piaci, [Ninten]. Io ti piaccio?",[@]いいえ！　ゆうき　あるわよ！[WAIT@]なんだか　[Ninten]くんのこと　きにいったわ！\nわたしのことも　きにいってくれた？,[@]정말? 그래도 난 용감하다고 생각해.[WAIT@]오빠? 나 오빠한테 한눈에 반했어.[BR][Ninten] 오빠도 나 좋은 거 같아?,"[@]¿En serio? Bueno, yo creo que tú ERES valiente.[WAIT@]¿Sabes? Creo que me gustas, [Ninten].\n¿Te gusto yo a ti?","[@]¿De verdad? Bueno, yo creo que eres valiente.
[W@]¿Sabes? Creo que me gustas, [Ninten].\n¿Te gusto yo a ti?","[@]Sério? Bem, eu acho você corajoso.[WAIT@]Quer saber? Gostei de você, [Ninten]. Você gosta de mim?","[@]Tak? A ja myślę, że JESTEŚ odważny.[WAIT@]Wiesz co? Myślę, że cię lubię, [Ninten]. A ty mnie lubisz?","[@]Echt? Also ich denke, du BIST tapfer.[WAIT@]Weißt du? Ich glaub, ich mag dich [Ninten]. Magst du mich?","[@]Думаешь? А я думаю, ты храбрый![WAIT@]А ещё: по-моему, ты мне нравишься, [Ninten].\nА я тебе нравлюсь?","[@]Невже? А я думаю, ти хоробрий! [WAIT@]Знаєш, що ще? Я думаю, ти мені подобаєшся, [Ninten].\nА я тобі подобаюся?",[@]真的吗？我觉得你真的很勇敢。[WAIT@]你知道吗？我觉得我喜欢你，[Ninten]。[WAIT@]你喜欢我吗？
DIALOGUE_PODUNK_CUTSCENES_CATACOMBS_PIPPI_DEFEAT_21-OPT_0,Yes,Oui,Sì,はい,응,Sí,Sí,Sim,Tak,Ja,Да,Так,是
DIALOGUE_PODUNK_CUTSCENES_CATACOMBS_PIPPI_DEFEAT_21-OPT_1,No,Non,No,いいえ,아니,No,No,Não,Nie,Nein,Нет,Ні,否
DIALOGUE_PODUNK_CUTSCENES_CATACOMBS_PIPPI_DEFEAT_22,[@]Yeah... You probably have someone special already...,[@]Ouais... Tu dois déjà avoir quelqu'un dans ta vie...,[@]Lo capisco... avrai già qualcun altro nel tuo cuore...,[@]そう・・・。　\n[DELAY]すきなひとが　いるのね[DELAY]　きっと・・・。,"[@]그래, 당연히 있겠지... 그래...",[@]Sí... probablemente ya tengas a alguien especial...,[@]Ya... Probablemente ya tienes a alguien especial...,[@]É... você provavelmente já tem alguém especial...,[@]Tak... Pewnie masz już tą wyjątkową osobę...,"[@]Tja, du hast wahrscheinlich schon jemand Besonderen im Leben ...","[@]Ага... Наверное, у тебя уже кто-то есть...","[@]Ага... Напевно, у тебе вже хтось є...",[@]好吧…你果然有喜欢的人了呢…[WAIT@]一定是这样子吧…
DIALOGUE_PODUNK_CUTSCENES_CATACOMBS_PIPPI_DEFEAT_23,"[@]Oh me, oh my... You have such a way with words...[WAIT@]Here, take this shiny badge.[WAIT@]My mom said that as long as I have it, it'll give me courage.","[@]Oh, bah dis donc... Tu sais trouver les mots, toi...[WAIT@]Tiens, prends ce badge qui brille.[WAIT@]Ma maman m'a dit que tant que je l'aurais sur moi, il me donnerait du courage.","[@]Oh caspita... Tu sì che ci sai fare con le parole...[WAIT@]Ecco, tieni questa medaglia.[WAIT@]Mia mamma dice che avrei avuto coraggio finché ce l'avrei avuta.",[@]うれしい！[DELAY]　あなたって　ほめじょうずね！[WAIT@]はい！　このバッヂをあげる！[WAIT@]ママは　これを　ゆうきのあかし　だって\nわたしに　くれたの。,"[@]으아아... 입만 번지르르해선...[WAIT@]자, 반짝이는 배지야.[WAIT@]엄마가 말하기론 이걸 가지고 있으면 용기를 준다고\n했어.","[@]Oh, cielos... se te da tan bien expresarte...[WAIT@]Ten, toma este broche brillante.[WAIT@]Mi mamá dijo que mientras lo lleve, seré valiente.","[@]¡Ay, madre ḿia! ¡Pero qué cosas dices![WAIT@]Toma, coge este broche brillante.[WAIT@]Mi mamá me decía que mientras lo llevara conmigo me daría coraje.","[@]Puxa, você tem tanto jeito com as palavras...[WAIT@]Aqui, pegue este brasão![WAIT@]Mamãe falou que, enquanto eu estiver com ele, serei bem corajosa.","[@]Ojej, ojej... Masz jednak gadane...[WAIT@]Masz, weź tę lśniącą odznakę.[WAIT@]Mama powiedziała, że dopóki ją mam, będzie mi dodawać otuchy.","[@]Ach Herrje ... Du hast eine gute Wortwahl ...[WAIT@]Hier, nimm diesen glänzenden Orden.[WAIT@]Mama sagt, solange ich ihn trage, gibt er mir Mut.","[@]Ну и ну!.. Да ты за словом в карман не лезешь...[WAIT@]Вот, держи этот блестящий значок.[WAIT@]Моя мама сказала, что он прибавляет смелости.","[@]Ого... А ти за словом до кишені не полізеш...[WAIT@]Ось, тримай цей блискучий значок.[WAIT@]Мама каже, що він додає мені сміливості!",[@]天啊…你说话可真有一套…[WAIT@]给你，拿着这个闪亮的徽章吧。[WAIT@]我妈妈说，只要拿着它，它就会给我勇气。
DIALOGUE_PODUNK_CUTSCENES_CATACOMBS_PIPPI_DEFEAT_26,"[@]But I think you'll probably need it more than me, so keep it!","[@]Mais je crois qu'il te sera plus utile à toi qu'à moi, alors garde-le !",[@]Però mi sa che a te servirà di più. Tienila!,[@]でも　これは　ゆうかんな　[Ninten]くんに\nふさわしいと　おもうわ！,[@]나보단 오빠한테 더 필요할 거 같아서 주는 거야!,"[@]Pero creo que tú probablemente lo necesitarás más que yo, ¡así que guárdalo!","[@]Pero creo que tú lo necesitarás mucho más que yo,\n¡así que tómalo!",[@]Mas acho que você precisa dele mais do que eu.,"[@]Ale myślę, że tobie przyda się bardziej niż mnie, więc weź ją ze sobą!","[@]Aber wahrscheinlich brauchst du ihn mehr als ich, also behalte ihn!","[@]Но, думаю, он тебе нужнее! Забирай!","[@]Але, вважаю, тобі він потрібніше! Забирай!",[@]我觉得你可能会比我更需要它，所以，拿上吧！
DIALOGUE_PODUNK_CUTSCENES_CATACOMBS_PIPPI_DEFEAT_27,[@][Ninten] got the Courage Badge!,[@][Ninten] obtient le Badge du courage !,[@][Ninten] ottiene la Medaglia del coraggio!,[@][Ninten]は　ゆうきのバッヂを　てにいれた！,[@][Ninten][particle:Ninten:0] 용기의 배지를 받았다!,[@]¡[Ninten] obtuvo el Broche de valentía!,[@]¡[Ninten] ha conseguido el Broche del coraje!,[@][Ninten] conseguiu o Brasão da Bravura!,[@][Ninten] dostał Odznakę Odwagi!,[@][Ninten] erhielt den Mut-Orden!,[@][Ninten] получил значок Мужества!,[@][Ninten] отримав значок хоробрості!,[@][Ninten]获得了勇气徽章！
DIALOGUE_PODUNK_CUTSCENES_CATACOMBS_PIPPI_DEFEAT_28,"[@]Wait, you can't carry it? What a shame!","[@]Attends, t'as pas la place ? C'est vraiment dommage !","[@]Ma come, non hai spazio? Che peccato!",[@]あら　もちきれない　みたい。\nざんねん　だったわね。,[@]짐이 너무 많아서 못 들고 다니겠는데? 아쉽네!,"[@]Espera, ¿no puedes llevártelo? ¡Qué lastima!","[@]Espera, ¿no tienes espacio? ¡Qué pena!","[@]Peraí, você não tem como levá-lo? Poxa!","[@]Czekaj, nie możesz jej nosić? Jaka szkoda!","[@]Warte, du kannst ihn nicht tragen? Schade!","[@]Стоп, тебе некуда его положить? Ну вот...","[@]Стоп, тобі нікуди його покласти? Ох, шкода...",[@]等等，你拿不下了？真可惜！
DIALOGUE_PODUNK_CUTSCENES_CATACOMBS_PIPPI_DEFEAT_29,"[@]Now, let's go back to town.","[@]Bon, retournons en ville.","[@]Forza, torniamo in città.",[@]さ　まちに　かえりましょ！,[@]이제 마을로 돌아가자.,"[@]Ahora, volvamos a la ciudad.","[@]Vamos, tenemos que volver al pueblo.","[@]Agora, adiante! Para a cidade!",[@]A teraz wróćmy do miasta.,[@]Jetzt lass uns zurückgehen.,[@]Теперь давай вернёмся в город.,[@]А тепер давай повернемося до міста.,[@]现在我们回镇上去吧。
DIALOGUE_PODUNK_CUTSCENES_CATACOMBS_PIPPI_DEFEAT_31,"[@]Actually, can you please go first, [Ninten]? This place gives me the creeps.","[@]En fait, tu peux passer devant, [Ninten] ? Cet endroit me fiche la trouille.","[@]Anzi, puoi andare tu per primo, [Ninten]? Questo posto mi fa una paura!",[@]やっぱり　こわいから　[Ninten]ちゃんが\nさきに　あるいてよ。,[@][Ninten] 오빠가 앞장서줄 수 있어? 여기 너무\n소름 끼쳐...,"[@]De hecho, ¿puedes ir tu primero, [Ninten]? Este lugar me da escalofríos.","[@]Pensándolo mejor, ¿podrías ir tu primero, [Ninten]? Este sitio me da escalofríos.","[@]Na verdade, dá pra você ir na frente, [Ninten]? Esse lugar me dá arrepios.","[@]Właściwie, czy możesz pójść pierwszy, [Ninten]? To miejsce przyprawia mnie o ciarki.","[@]Willst du nicht lieber vorgehen, [Ninten]? Dieser Ort ist gruselig!","[@][Ninten], может, ты вперёд? У меня от этого места мороз по коже!","[@]Слухай, [Ninten], може, джентльмени вперед? У мене від цього місця ноги мліють!",[@]不过[Ninten]，你能走在前面吗？这个地方令我毛骨悚然。
DIALOGUE_PODUNK_CUTSCENES_CATACOMBS_PIPPI_DEFEAT_33,[@][Pippi] joined your party!,[@][Pippi] rejoint l'équipe !,[@][Pippi] si unisce al gruppo!,[@][Pippi]が　なかまに　なった！,[@][Pippi][particle:Pippi:1] 파티에 합류했다!,[@]¡[Pippi] se unió a tu equipo!,[@]¡[Pippi] se ha unido al grupo!,[@][Pippi] juntou-se à equipe!,[@][Pippi] dołączyła do twojej drużyny!,[@][Pippi] trat deinem Team bei!,[@][Pippi] присоединилась к команде!,[@][Pippi] приєдналася до команди!,[@][Pippi]加入了队伍！
DIALOGUE_PODUNK_CUTSCENES_DOLL_ATTACK_2,[@]Ahhhh!,[@]Ahhhh !,[@]Ahhhh!,[@]うわぁーん！,[@]으아아!,[@]¡Ahhhh!,[@]¡Aaaah!,[@]Ahhhh!,[@]Ahhhh!,[@]Ahhhh!,[@]А-а-а-а-а!,[@]А-а-а-а-а!,[@]啊啊啊！
DIALOGUE_PODUNK_CUTSCENES_DOLL_ATTACK_4,[@]Big brother! Help!,[@]Grand frère ! Au secours !,[@]Fratellone! Aiuto!,[@]たすけて！　おにいちゃん！,[@]오빠! 도와줘!,[@]¡Hermanito! ¡Ayuda!,[@]¡Hermanito! ¡Ayúdame!,[@]Irmãozão! Socorro!,[@]Starszy bracie! Pomóż mi!,[@]Bruder! Hilf mir!,[@]Братец! Караул!,[@]Брате! Рятуй!,[@]大哥哥！救命啊！
DIALOGUE_PODUNK_CUTSCENES_DOLL_ATTACK_SPEAKER_Mimmie,Mimmie,Mimmie,Mimmie,ミミー,미미,Mimmie,Mimmie,Mimmie,Mimmie,Mimmie,Мимми,Міммі,米米
DIALOGUE_PODUNK_CUTSCENES_DOLL_DEFEATED_2,[@]Is it over?,[@]Ça y est ?,[@]È finita?,[@]おにいちゃん　だいじょうぶ？,[@]끝났어?,[@]¿Se acabó?,[@]¿Ya está?,[@]... Já acabou?,[@]Czy to już koniec?,[@]Ist es vorbei?,[@]Уже всё?,[@]Вже все?,[@]结束了吗？
DIALOGUE_PODUNK_CUTSCENES_DOLL_DEFEATED_7,"[@]It doesn't seem to be moving...[WAIT@]But I can still hear something coming out of it.[WAIT@][Ninten], can you check it to make sure it's dead?","[@]On dirait qu'elle s'est arrêtée de bouger...[WAIT@]Mais j'entends encore quelque chose à l'intérieur.[WAIT@][Ninten], est-ce que tu peux aller voir pour vérifier qu'elle bouge vraiment plus ?","[@]Non si muove più, sembra...[WAIT@]Però sento ancora qualche suono da lì...[WAIT@]Puoi vedere se è morta, [Ninten]?",[@]こわかったぁ。[WAIT@]にんぎょうは　もう　とまったみたい・・・。[WAIT@]でも　なかから　なにか　きこえるよ。[WAIT@]おにいちゃん　しらべてきて・・・。,"[@]움직이지는 않는 것 같은데...[WAIT@]이상한 소리가 계속 들려.[WAIT@]오빠, 확인해 줄 수 있어?","[@]No parece moverse...[WAIT@]Pero todavía puedo seguir escuchando algo saliendo de ella.[WAIT@][Ninten], ¿puedes comprobar que esté muerta?","[@]Parece que ya no se mueve...[WAIT@]Pero todavía sigo escuchando algo saliendo de ahí.[WAIT@][Ninten], ¿puedes ver si está muerta?","[@]Ela não parece mais estar se movendo...[WAIT@]Mas ainda consigo ouvir algo de dentro dela.[WAIT@][Ninten], você pode ir ver se ela morreu?","[@]Wygląda na to, że się nie rusza...[WAIT@]Ale wciąż słyszę, jak coś się z niej wydobywa.[WAIT@][Ninten], możesz sprawdzić, czy na pewno jest martwa?","[@]Sie scheint sich nicht zu bewegen ...[WAIT@]Aber ich höre noch irgendwas aus der Puppe.[WAIT@][Ninten], kannst du schauen, ob sie wirklich tot ist?","[@]Вроде больше не двигается...[WAIT@]Но, по-моему, от неё идут какие-то звуки.\nМожет, она ещё живая?..[WAIT@][Ninten], можешь к ней залезть?","[@]Схоже, більше не рухається...[WAIT@]Але я досі чую якийсь звук, що доноситься із неї.[WAIT@][Ninten], можеш перевірити, чи точно мертва?",[@]看样子它不动了…[WAIT@]但我还是能听见它里面发出的声音。[WAIT@][Ninten]，你能不能检查一下？
DIALOGUE_PODUNK_CUTSCENES_DOLL_DEFEATED_SPEAKER_Mimmie,Mimmie,Mimmie,Mimmie,ミミー,미미,Mimmie,Mimmie,Mimmie,Mimmie,Mimmie,Мимми,Міммі,米米
DIALOGUE_PODUNK_CUTSCENES_GGF_DIARY_0,[@][PartyLead] opened the present.,[@][PartyLead] ouvre le paquet.,[@][PartyLead] apre il regalo.,[@][PartyLead]は　プレゼントのはこを　あけた。,[@][PartyLead][LeadArt0] 선물 상자를 열었다.,[@][PartyLead] abrió el maletín.,[@][PartyLead] ha abierto la maleta.,[@][PartyLead] abriu o presente.,[@][PartyLead] otworzył[LeadArt4] prezent.,[@][PartyLead] öffnete das Geschenk.,[@][PartyLead] открыл подарок.,[@][PartyLead] відкри[LeadArt6] подарунок.,[@][PartyLead]拆开了礼物盒。
DIALOGUE_PODUNK_CUTSCENES_GGF_DIARY_1,[@][Ninten] got his [color]Great Grand-Father's Diary[/color]!,[@][Ninten] obtient le [color]Journal de grand-papy[/color] !,[@][Ninten] ottiene il [color]Diario del bisnonno[/color]!,[@][Ninten]は　[color]そうそふのにっき[/color]を\nてにいれた！,[@][Ninten][particle:Ninten:0] [color]고조할아버지의 일기[/color]를 얻었다!,[@]¡[Ninten] obtuvo el [color]Diario del bisabuelo[/color]!,[@]¡[Ninten] ha conseguido el [color]Diario del bisabuelo[/color]!,[@][Ninten] conseguiu o [color]Diário do Bisavô[/color]!,[@][Ninten] znalazł [color]Pamiętnik Pradziadka[/color]!,[@][Ninten] erhielt [color]Uropas Tagebuch[/color]!,[@][Ninten] получил [color]дневник прадедушки[/color]!,[@][Ninten] отримав [color]щоденник прадідуся[/color]!,[@][Ninten]获得了[color]曾祖父的日记[/color]！
DIALOGUE_PODUNK_CUTSCENES_GGF_DIARY_4,[@][Ninten]... Please... come find me...,[@][Ninten]... Je t'en prie... retrouve-moi...,[@][Ninten]... Ti prego... vieni a trovarmi...,[@][Ninten]・・・　[DELAY:11][Ninten]・・・。[WAIT@]わたしのこえが　きこえますか・・・？,[@][Ninten]... 제발... 날 찾으러 와줘...,[@][Ninten]... Por favor... ven a buscarme...,[@][Ninten]... Por favor... ven a buscarme...,[@][Ninten]... Por favor... você precisa me encontrar...,[@][Ninten]... Proszę... znajdź mnie...,[@][Ninten] ... bitte ... komm und finde mich ...,[@][Ninten]... прошу... найди меня...,[@][Ninten]... прошу... знайди мене...,[@][Ninten]…请你…找到我…
DIALOGUE_PODUNK_CUTSCENES_GGF_DIARY_5,[@]Seek the [color]shell in the cave[/color]...,[@]Pars à la recherche du [color]coquillage dans la caverne[/color]...,[@]Cerca la [color]conchiglia nella caverna[/color]...,[@]あなたが　しんじつを　もとめるのなら・・・[DELAY:13]\nみちびかれるままに　まちの　きたにある\nどうくつを　めざして　すすんでください・・・。,[@][color]동굴 속 껍데기[/color]를 찾아...,[@]Busca la [color]caracola en la cueva[/color]...,[@]Busca la [color]concha en la cueva[/color]...,[@]Procure pela [color]concha na caverna[/color]...,[@]Poszukaj [color]muszli w jaskini[/color]...,[@]Suche die [color]Höhlenmuschel[/color] ...,[@][color]В пещере[/color] есть [color]большая раковина[/color]...,[@]Знайди [color]велику мушлю в печері[/color]...,[@]如果你要寻求真相…[WAIT@]就听从指引，找到[color]山洞里的海螺[/color]…
DIALOGUE_PODUNK_CUTSCENES_GGF_DIARY_6,"[@]Do so, and the wisdom of the world shall be unveiled...","[@]Fais-le, et la sagesse du monde te sera révélée...","[@]Così, il sapere del pianeta sarà svelato...",[@]そうすれば　あなたがすすむべき　みちが\nあきらかに　なるでしょう・・・。[WAIT@]かいがらの　はしら・・・。[WAIT@]すすむべき　みちの\nかぎは　そこに・・・。,[@]그러면 세상의 지혜가 밝혀질 거야...,"[@]Hazlo, y la sabiduría del mundo será revelada...","[@]Encuéntrala, y se revelará la sabiduría de este mundo...","[@]E então, a sabedoria do mundo será revelada...","[@]Zrób to, a mądrość świata zostanie ujawniona...","[@]Tu dies, so wird die Weisheit dieser Welt enthüllt ...","[@]Отыщи её, и тебе откроется мудрость этого мира...","[@]Зроби це, та пізнаєш мудрість усього світу...",[@]这样做的话，世间智慧便会展露无遗…
DIALOGUE_PODUNK_CUTSCENES_GGF_DIARY_8,[@]Something awoke inside [Ninten]!,[@]Quelque chose s'éveille en [Ninten] !,[@]Si è risvegliato qualcosa dentro [Ninten]!,[@][Ninten]の　なかで　なにかが　めざめた！,[@]무언가가 [Ninten]의 내면에서 깨어났다!,[@]¡Algo despertó dentro de [Ninten]!,[@]¡Algo ha despertado dentro de [Ninten]!,[@]Algo despertou dentro de [Ninten]!,[@][Ninten] obudził w sobie nową moc!,[@]Etwas erwachte in [Ninten]!,[@]В разуме [decline:Ninten:M:1] что-то пробудилось!,[@][Ninten] відкрив у собі нову силу!,[@]某种力量在[Ninten]体内苏醒了！
DIALOGUE_PODUNK_CUTSCENES_GGF_DIARY_9,[@][Ninten] learned Lifeup!,[@][Ninten] apprend Soin !,[@][Ninten] impara VitaSu!,[@][Ninten]は　ライフアップをおぼえた！,[@][Ninten][particle:Ninten:0] 라이프 업을 배웠다!,[@]¡[Ninten] aprendió Vida plus!,[@]¡[Ninten] ha aprendido Recuperar!,[@][Ninten] aprendeu Cura!,[@][Ninten] nauczył się Leczenia!,[@][Ninten] erlernte Aufleben α!,[@][Ninten] познаёт «Здоровье+»!,[@][Ninten] навчився Лікуванню!,[@][Ninten]学会了生命回复！
DIALOGUE_PODUNK_CUTSCENES_GGF_DIARY_10,[@]Press [color][ui_select][/color] and open your [color]PSI[/color] menu to use [color]Lifeup.[/color],[@]Appuyez sur [color][ui_select][/color] et ouvrez votre menu de [color]PSI[/color] pour utiliser [color]Soin[/color].,[@]Premi [color][ui_select][/color] e apri il tuo menù [color]PSI[/color] per usare [color]VitaSu[/color].,[@][color][ui_select][/color][if input:gamepad]ボタン[else]キー[/if]を　おして[color]ＰＳＩ[/color]メニューから\n[color]ライフアップ[/color]を　つかうことができます。,[@][color][ui_select][/color]를 누르고 [color]PSI[/color] 메뉴에서 [color]라이프 업[/color]을 사용할\n수 있다.,[@]Presiona [color][ui_select][/color] y abre el menú de [color]PSI[/color] para usar [color]Vida plus.[/color],[@]Pulsa [color][ui_select][/color] y abre el menú [color]PSI[/color] para usar [color]Recuperar[/color].,[@]Aperte [color][ui_select][/color] e abra o menu de [color]PSI[/color] para usar [color]Cura[/color].,"[@]Naciśnij [color][ui_select][/color] i otwórz menu [color]PSI[/color], aby użyć [color]Leczenia[/color].",[@]Drücke [color][ui_select][/color] und öffne dein [color]PSI-Menü[/color] um [color]Aufleben[/color] auszuführen.,"[@]Чтобы использовать [color]Лечение[/color], нажми [color][ui_select][/color] и перейди [color]в раздел «Психокинез»[/color].",[@]Натисни [color][ui_select][/color] і відкрий меню [color]Психокінезу[/color] щоб скористатися [color]Лікуванням[/color].,[@]按下[color][ui_select][/color]打开你的[color]PSI[/color]菜单，即可使用[color]生命回复[/color]。
DIALOGUE_PODUNK_CUTSCENES_GGF_DIARY_SPEAKER_???,???,???,???,？？？,???,???,???,???,???,???,???,???,？？？
DIALOGUE_PODUNK_CUTSCENES_GRAVEDIGGER_GETSHOVEL_0,[@]Wow! You're a natural!,[@]Waouh ! Tu es doué !,[@]Wow! Sei un prodigio!,[@]やるやんか！,[@]잘했어!,[@]¡Wow! ¡Te sale natural!,[@]¡Vaya! ¡Tienes madera para esto!,[@]Uau! Viu só? Você já pegou o jeito!,[@]Wow! Masz talent!,[@]Wow! Du bist ein Naturtalent!,[@]Ух ты! Да ты талантище!,[@]Ого! Та в тебе талант!,[@]哇！行啊你小子，你真是个天生的好手！
DIALOGUE_PODUNK_CUTSCENES_GRAVEDIGGER_GETSHOVEL_1,[@]It took me years to master that skill.,[@]Ça m'a pris des années pour maîtriser cette technique.,[@]Io ci ho messo anni per imparare.,[@]わしが　こわせるようになるまでは\nなんねんも　かかったっちゅうになぁ。[WAIT@]ぼうず　すじがええで。,"[@]역시 내 눈은 못 속이는구먼, 그래.",[@]Me tomó años dominar esa habilidad.,[@]A mí me costó años dominar esa habilidad.,[@]Eu levei anos para aprender essa técnica.,[@]Opanowanie tej umiejętności zajęło mi lata.,"[@]Ich habe Jahre gebraucht, um diese Fähigkeit zu beherrschen.","[@]У меня годы ушли, чтоб освоить этот навык.","[@]Я працював роками, щоб освоїти цю навичку.",[@]我可是花了好多年才学会那一招的。[WAIT@]你还蛮有天赋的嘛。
DIALOGUE_PODUNK_CUTSCENES_GRAVEDIGGER_GETSHOVEL_3,"[@]Oh thank heavens, it's okay.","[@]Oh Dieu merci, elle est intacte.",[@]Grazie al cielo è tutta intera.,[@]おかげで　シャベルをとりもどせたで。,"[@]오, 다행이야. 다행히 멀쩡하군.","[@]Oh, gracias a los cielos, está bien.","[@]Oh, gracias a Dios, está bien.","[@]Ai, graças aos céus, não está quebrada.","[@]Dzięki Bogu, wszystko z nią w porządku.",[@]Dem Himmel sei Dank ist alles in Ordnung.,"[@]Слава богу, с ней ничего не случилось.","[@]Фух, слава богу, з нею все гаразд.",[@]哦，谢天谢地，没问题了。
DIALOGUE_PODUNK_CUTSCENES_GRAVEDIGGER_GETSHOVEL_5,"[@]You have my gratitude, boy.[WAIT@]Now if you'll excuse me, I have some zombies to put down.","[@]Tu as toute ma gratitude, mon garçon.[WAIT@]Maintenant si tu veux bien m'excuser, j'ai des zombies à terrasser.","[@]Ti ringrazio, ragazzo.[WAIT@]Ora scusami, ma ho degli zombi da seppellire.",[@]おおきにな　ぼうず。[DELAY]\nわしは　もういくで。[WAIT@]ゾンビたちを\nうめなおしに　いかなあかんでな。,"[@]고맙구나. 꼬마야.[WAIT@]그럼 난 가보겠네, 아직 다 마무리하지 못해서\n말이지.","[@]Tienes mi gratitud, niño.[WAIT@]Ahora, si me permites, tengo algunos zombis que derrotar.","[@]Tienes mi gratitud, muchacho.[WAIT@]Ahora, si me disculpas, tengo unos zombis que enterrar.","[@]Filho, você tem a minha gratidão.[WAIT@]Agora, se me der licença, tenho alguns zumbis para colocar de volta no caixão.","[@]Jestem ci dozgonnie wdzięczny, chłopcze.[WAIT@]A teraz wybacz, ale muszę zlikwidować kilku zombiaków.","[@]Du hast meinen Dank, junger Bursche.[WAIT@]Wenn du mich jetzt entschuldigst, ich muss einige Zombies erledigen.","[@]Парень, я тебе очень признателен.[WAIT@]А теперь извини меня, мне нужно разобраться с несколькими зомби.","[@]Хлопець, я щиро тобі вдячний.[WAIT@]А тепер вибач, мені треба розібратися з декількома зомбі.",[@]小子，多谢你了。[WAIT@]那么先失陪了，那边还有几只丧尸要我去解决，不去可不行啊。
DIALOGUE_PODUNK_CUTSCENES_GRAVEDIGGER_GETSHOVEL_8,"[@]Oh, and you can keep the bat.[WAIT@]I don't need it anymore.","[@]Ah, et tu peux garder la batte.[WAIT@]J'en ai plus besoin.","[@]Ah sì, puoi tenere la mazza.[WAIT@]Non mi serve più.",[@]そのバットは　もってって　ええで。[WAIT@]わしには　もういらん。[DELAY]\nすきにしたらええよ。,"[@]아, 그리고 그 배트는 가져가도 되네.[WAIT@]이제 필요 없거든.","[@]Oh, y te puedes quedar con el bate.[WAIT@]Ya no lo necesito.","[@]Oh, y puedes quedarte con el bate.[WAIT@]Ya no lo necesito.","[@]Ah, e pode ficar com o taco.[WAIT@]Eu não preciso mais dele.",[@]Kij to se możesz zatrzymać.[WAIT@]Nie jest mi już potrzebny.,"[@]Oh, und du kannst den Schläger behalten.[WAIT@]Ich brauche ihn nicht mehr.",[@]Ах да. Биту можешь оставить.[WAIT@]Мне она больше не нужна.,"[@]Ах так, биту можеш залишити собі.[WAIT@]Мені вона більше не потрібна.",[@]对了，你可以留着这支球棒。[WAIT@]我已经不再需要它了。
DIALOGUE_PODUNK_CUTSCENES_GRAVEDIGGER_GETSHOVEL_SPEAKER_Iggy,Iggy,Iggy,Iggy,イギー,이기,Iggy,Iggy,Iggy,Iggy,Iggy,Игги,Іггі,伊基
DIALOGUE_PODUNK_CUTSCENES_GRAVEDIGGER_SWING_0,"[@]Oh, it's no use.","[@]Oh, c'est peine perdue.",[@]È inutile...,[@]はぁ・・・　あきらめるか。,[@]오... 이런.,"[@]Oh, es inútil.",[@]Es inútil.,"[@]Aff, não adianta.",[@]To bez sensu.,"[@]Ach, das bringt nichts.",[@]Ох... да без толку.,[@]Ох... марно.,[@]哦…没有用。
DIALOGUE_PODUNK_CUTSCENES_GRAVEDIGGER_SWING_1,[@]I'll never get it back...,[@]J'arriverai jamais à la récupérer...,[@]Non la recupererò mai...,[@]こりゃ　どうにもならんな・・・。,[@]황당하기 그지없군...,[@]Nunca la recuperaré...,[@]Nunca la recuperaré...,[@]Eu nunca vou consegui-la de volta...,[@]Nigdy jej nie odzyskam...,[@]Ich werde ihn nie wiederbekommen ...,[@]Я никак её не достану...,[@]Я ніколи її не дістану...,[@]这样的话我可就没辙了啊…
DIALOGUE_PODUNK_CUTSCENES_GRAVEDIGGER_SWING_3,[@]Who's there?![WAIT@]A child?[WAIT@]What are you doing here?[WAIT@]This place is dangerous! Haven't you noticed all the zombies walking around?,[@]Qui est là ?![WAIT@]Un gamin ?[WAIT@]Qu'est-ce que tu fais ici ?[WAIT@]C'est dangereux ici ! T'as pas remarqué que ça grouille de zombies dans le coin ?,[@]Chi va là?![WAIT@]Un bambino?[WAIT@]Che ci fai qui?[WAIT@]È pericoloso! Non hai visto tutti gli zombi qui in giro?,[@]むっ！　だれや！？[WAIT@]こども・・・？[DELAY]\nこんな　とこで　なにしとるん？[WAIT@]ここは　ゾンビが　うようよしとるんやで[DELAY]\nこどもが　ひとりで　くるようなとこやない。,[@]누구냐?![WAIT@]꼬마?[WAIT@]여기는 별로 안전한 곳이 아니라네.[WAIT@]그 좀비들 못 봤나? 잡히기라도 하면 뼈도 못\n추릴거야.,[@]¡¿Quién está allí?![WAIT@]¿Un niño?[WAIT@]¿Qué estás haciendo aquí?[WAIT@]¡Este lugar es peligroso! ¿No has visto todos los zombis caminando por ahí?,[@]¡¿Quién anda ahí?![WAIT@]¿Un niño?[WAIT@]¿Qué haces aquí?[WAIT@]¡Este lugar es peligroso! ¿No has visto a todos los zombis que hay por aquí?,[@]Quem tá aí?![WAIT@]Um menino?[WAIT@]O que você está fazendo aqui?[WAIT@]Esse lugar é perigoso! Você não viu todos os zumbis por aí?,[@]Kto tam?![WAIT@]Dzieciak?[WAIT@]Co ty tu robisz?[WAIT@]To miejsce jest niebezpieczne! Nie zauważyłeś tych wszystkich zombie chodzących dookoła?,[@]Wer ist da?![WAIT@]Ein Kind?[WAIT@]Was machst du hier?[WAIT@]Der Ort hier ist gefährlich! Siehst du nicht die ganzen Zombies?,"[@]Стой, кто идёт?![WAIT@]Ребёнок?[WAIT@]Ты что тут делаешь?[WAIT@]Здесь очень опасно! Кругом зомби, не видишь?","[@]Хто там?![WAIT@]Дитина?[WAIT@]Що ти тут робиш?[WAIT@]Тут небезпечно! Невже ти не помітив усіх зомбі, що розгулюють навколо?",[@]谁在那里？！[WAIT@]一个小孩？[WAIT@]你在这里做什么？[WAIT@]这里很危险的！你没看到周围都是四处走动的丧尸吗？
DIALOGUE_PODUNK_CUTSCENES_GRAVEDIGGER_SWING_7,"[@]Eh, whatever. I'm too busy to worry about that.","[@]Oh, et puis zut. Je suis trop occupé pour me soucier de ça.","[@]Ah, lascia stare. Ho altro a cui pensare.",[@]って　いまはそれどころじゃなかった。\nホレ　こどもは　かえったかえった。,[@]나도 이것만 마저 하고 빠져나갈 생각이였는데\n말이야...,"[@]Eh, como sea. Estoy demasiado ocupado para preocuparme de eso.","[@]Eh, qué más da. Estoy demasiado ocupado para preocuparme por eso.","[@]Bah, que seja. Estou ocupado demais pra me preocupar com isso.","[@]Nieważne. Jestem zbyt zajęty, by się tym martwić.","[@]Ach, wie auch immer. Ich bin zu beschäftigt, um mir darüber den Kopf zu zerbrechen.",[@]Ладно. У меня своих дел хватает.,"[@]Ну, чорт з ним. У мене своїх справ вистачає.",[@]呃，随便了。我太忙了，没功夫管这管那的。[WAIT@]你赶快回家去吧。
DIALOGUE_PODUNK_CUTSCENES_GRAVEDIGGER_SWING_8,[@]Hold on...,[@]Attends une seconde...,[@]Aspetta...,[@]ん？　ちょいまち。,[@]잠깐.,[@]Espera un minuto...,[@]Un momento...,[@]Espera...,[@]Czekaj...,[@]Moment mal ...,[@]Погоди-ка...,[@]Зачекай...,[@]等一下…
DIALOGUE_PODUNK_CUTSCENES_GRAVEDIGGER_SWING_9,[@]I recognize that hat.[WAIT@]You must be a baseball player![WAIT@]Just my luck!,[@]Je reconnais cette casquette.[WAIT@]Tu dois être un joueur de baseball ![WAIT@]Tu tombes très bien !,[@]Riconosco quel cappellino.[WAIT@]Sei un giocatore di baseball![WAIT@]Che fortuna!,[@]その　ぼうし。[WAIT@]おまえさん　やきゅうぼうずやな？[WAIT@]こりゃ　ちょうどええわ。,"[@]그 모자는...[WAIT@]야구 좀 하나?[WAIT@]마침 다행이군, 다행이야!",[@]Reconozco esa gorra.[WAIT@]¡Debes de ser un jugador de béisbol![WAIT@]¡Justo mi suerte!,[@]Reconozco esa gorra.[WAIT@]¡Debes de ser un jugador de béisbol![WAIT@]¡Qué suerte la mía!,[@]Eu reconheço esse chapéu...[WAIT@]Você deve ser um jogador de beisebol![WAIT@]Que sorte a minha!,[@]Poznaję tę czapkę.[WAIT@]Musisz być baseballistą![WAIT@]Ale ze mnie szczęściarz!,[@]Den Hut kenne ich doch.[WAIT@]Du musst ein Baseballspieler sein![WAIT@]Was für ein Glück!,"[@]Я узнаю эту кепку.[WAIT@]Ты бейсболист, парень?[WAIT@]Вот это ж мне повезло!",[@]Я впізнаю цю кепку.[WAIT@]Так ти ж бейсболіст![WAIT@]Оце мені пощастило!,[@]我认得出那顶帽子。[WAIT@]你一定是个棒球手！[WAIT@]我可太幸运了！
DIALOGUE_PODUNK_CUTSCENES_GRAVEDIGGER_SWING_12,"[@]You see, I left my shovel over there, but when I came back, a strange root was blocking the way.[WAIT@]I know a special batting technique that could get rid of it.","[@]Tu vois, j'ai laissé ma pelle là-bas, mais quand je suis revenu, une drôle de racine s'était mise en travers du chemin.[WAIT@]Je connais une bonne technique de frappe qui pourrait nous en débarrasser.","[@]Ti spiego, ho lasciato lì la mia vanga, ma quando sono tornato c'era una strana radice a bloccare la strada.[WAIT@]Conosco una tecnica da battitore che può toglierla di mezzo.",[@]きいてくれ。[DELAY]\nわしがそこに　シャベルを　おいといたらな？[WAIT@]とつぜん　ニョキニョキと　ねっこが\nはえてきて　シャベルが　とれなくなってな。[WAIT@]あれがないと　こまるんや・・・。,"[@]보게. 저기에 내 삽을 두고 잠시 갔다 오니,[BR]그새 이상한 뿌리가 자랐더군.[WAIT@]왕년에 저 정도쯤이야, 별것도 아니었지만.","[@]Verás, dejé mi pala justo allá, pero cuando volví, unas extrañas raíces bloquearon mi camino.[WAIT@]Conozco una técnica de bateo especial que podría quitarlas.","[@]Verás, dejé mi pala ahí, pero cuando volví, había una extraña raíz bloqueando el camino.[WAIT@]Conozco una técnica de bateo con la que podríamos deshacernos de ella.","[@]Olha, eu deixei a minha pá logo ali. Mas, quando voltei, uma raiz estranha tinha bloqueado o caminho.[WAIT@]Eu conheço uma técnica especial de rebatida que poderia tirar essa raiz.","[@]Bo widzisz, zostawiłem tam łopatę, ale kiedy wróciłem, dziwny korzeń zablokował mi drogę.[WAIT@]Znam specjalną technikę, która mogłaby się go pozbyć.","[@]Nun, ich habe meinen Spaten da drüben liegengelassen und als ich wiederkam, waren diese Wurzeln im Weg.[WAIT@]Ich kenne eine spezielle Baseballtechnik, die sie zerstören kann.","[@]Видишь там лопату? Стоило мне уйти на пару минут — тут разросся странный корень.[WAIT@]Знаю я один приём, чтобы разломать его.","[@]Бачиш, я залишив там свою лопату, а коли повернувся, на шляху виріс дивний корінь.[WAIT@]Я знаю особливий бейсбольний прийом, який допоміг би його позбутися.",[@]听我说啊，我把铲子落在那里了，可我回来的时候，有些奇怪的树根挡住了路。[WAIT@]我知道一种特殊的击球技术，能把它弄掉。
DIALOGUE_PODUNK_CUTSCENES_GRAVEDIGGER_SWING_14,"[@]However, I've become too old to use it.[WAIT@]If you promise to help get my shovel back, I'll teach you this skill.","[@]Malheureusement, je suis devenu trop vieux pour l'utiliser.[WAIT@]Si tu me promets de m'aider à récupérer ma pelle, je vais t'enseigner cette technique.","[@]Però ormai sono troppo vecchio per usarla.[WAIT@]Se mi prometti di riprendermi la vanga, te la insegno.",[@]ぶったたいて　へしおってやっても\nええんやけどな。[WAIT@]いかんせん　てあしが\nいうことを　きかへんのや・・・。[WAIT@]ぼうず　コツ　おしえたるから　このねっこを\nかわりに　ぶっこわして　くれへんか？,[@]이제 세월도 무시 못 할 나이지.[WAIT@]저 뿌리 정돈 가볍게 빠갤 수 있는 기술을 알려줄 테니 저 삽을 되찾는 데 협조좀 해줬으면 하는데...,"[@]Sin embargo, me he vuelto demasiado viejo para usarla.[WAIT@]Si prometes ayudarme a recuperar mi pala, te enseñaré la habilidad.","[@]Pero ya estoy demasiado viejo para ponerla en práctica.[WAIT@]Si prometes ayudarme a recuperar mi pala, te[BR]enseñaré la habilidad.","[@]Mas estou velho demais pra usá-la.[WAIT@]Se você prometer me ajudar a pegar a minha pá, eu te ensino essa técnica.","[@]Jednak jestem już za stary, by jej używać.[WAIT@]Jeśli obiecasz, że pomożesz mi odzyskać łopatę, nauczę cię tej umiejętności.","[@]Jedoch bin ich zu alt für dafür.[WAIT@]Wenn du mir versprichst zu helfen, den Spaten wiederzubekommen, bringe ich dir die Fähigkeit bei.","[@]Только старость уж не позволяет.[WAIT@]Могу тебя ему обучить, если дашь слово, что достанешь лопату.","[@]Тільки старість мені такі карколомні випади вже не дозволяє.[WAIT@]Якщо пообіцяєш, що допоможеш повернути лопату, я розповім тобі цю навичку.",[@]不过我年纪大了，用不了了。[WAIT@]要是你答应帮我拿到铲子，我就教你这个技巧。
DIALOGUE_PODUNK_CUTSCENES_GRAVEDIGGER_SWING_16,[@]Do we have a deal?,[@]Marché conclu ?,[@]Affare fatto?,[@]やってくれるか？,[@]협조해 주겠나?,[@]¿Tenemos un trato?,[@]¿Hay trato?,[@]Temos um trato?,[@]Mamy układ?,[@]Kommen wir ins Geschäft?,[@]Поможешь старику?,[@]Домовились?,[@]就这么说定了？
DIALOGUE_PODUNK_CUTSCENES_GRAVEDIGGER_SWING_16-OPT_0,Yes,Oui,Sì,はい,네,Sí,Sí,Sim,Tak,Ja,Да,Так,是
DIALOGUE_PODUNK_CUTSCENES_GRAVEDIGGER_SWING_16-OPT_1,No,Non,No,いいえ,아니오,No,No,Não,Nie,Nein,Нет,Ні,否
DIALOGUE_PODUNK_CUTSCENES_GRAVEDIGGER_SWING_17,"[@]Please, it's urgent!","[@]S'il te plaît, c'est urgent !","[@]Ti prego, è importante!",[@]ほんま　たのむで！　[DELAY]あれがないと\nほんとうに　こまるんや！,"[@]제발, 급한 일이네.","[@]Por favor, ¡es urgente!","[@]Por favor, ¡es urgente!","[@]Por favor, isso é urgente!","[@]Proszę, to pilne!","[@]Bitte, es ist dringend!","[@]Ну правда, тебе это ничего не стоит!","[@]Будь ласка, це терміново!",[@]拜托了，这件事要紧得很啊！
DIALOGUE_PODUNK_CUTSCENES_GRAVEDIGGER_SWING_18,"[@]Wonderful![WAIT@]All you need is a baseball bat.[WAIT@]Any bat, really.[WAIT@]To prove it, I'll give you my [color]Old Bat[/color] to test it out!","[@]Formidable ![WAIT@]Tout ce qu'il te faut, c'est une batte de baseball.[WAIT@]N'importe quelle batte fera l'affaire.[WAIT@]Pour te le prouver, je vais te laisser tenter l'expérience avec ma [color]Vieille batte[/color] !","[@]Magnifico![WAIT@]Ti serve una mazza da baseball.[WAIT@]Una mazza qualunque, in realtà.[WAIT@]Ti faccio vedere, prova con la mia [color]Mazza vecchia[/color].",[@]おおきにな。[WAIT@]ええか？　まずは　ちょうどよくふれる[DELAY:3]\nぼうっきれとか　バットみたいなもんを\nてにとるんや。[WAIT@]どんなやつでも　かまわんで。[WAIT@]ここに　ちょうどよく[DELAY:4]\n[color]ふるびたバット[/color]があるから\nこれつかい。,"[@]잘 생각했네.[WAIT@]서로서로 돕고 사는 거지.[WAIT@]준비물은 아무 야구 배트 딱 하나.[WAIT@]중요한 건 기술이니. 자, 내 [color]낡은 배트[/color]를 주겠네.","[@]¡Maravilloso![WAIT@]Todo lo que necesitas es un bate de béisbol.[WAIT@]Cualquier bate, realmente.[WAIT@]Para probarlo, ¡te daré mi [color]Bate viejo[/color] para que lo uses!","[@]¡Maravilloso![WAIT@]Lo único que necesitas es un bate de béisbol.[WAIT@]Cualquier bate sirve.[WAIT@]De hecho, te daré mi [color]Bate viejo[/color] para que lo pruebes.","[@]Maravilha![WAIT@]Tudo o que você precisa é de um taco de beisebol.[WAIT@]Qualquer taco, na verdade.[WAIT@]Para ver que não estou mentindo, vou te dar este [color]Taco Velho[/color] para testar.","[@]Cudownie![WAIT@]Wszystko czego potrzebujesz to kij baseballowy.[WAIT@]W sumie to jakikolwiek kij.[WAIT@]Aby to udowodnić, dam ci mój [color]Stary Kij[/color] do przetestowania!","[@]Wundervoll![WAIT@]Du brauchst lediglich einen Baseballschläger.[WAIT@]Jeder Schläger geht.[WAIT@]Hier, ich geb dir den [color]Alten Schläger[/color] um's auszutesten.","[@]Вот и славно![WAIT@]Всё, что тебе надо, — это бейсбольная бита.[WAIT@]В общем-то, любая подойдёт.[WAIT@]Можешь сам убедиться: держи мою [color]старую биту[/color]!","[@]Чудово![WAIT@]Усе, що тобі потрібно — бейсбольна бита.[WAIT@]Взагалі, будь-яка підійде.[WAIT@]Можеш сам переконатися: тримай мою [color]стару биту[/color]!",[@]太好了！[WAIT@]你听好了？首先得手里拿个挥着顺手的东西，比如棍子啦或着球棒什么的啦。[WAIT@]什么样的都行。[WAIT@]这儿刚好有根顺手的[color]陈旧球棒[/color]，就先用它吧！
DIALOGUE_PODUNK_CUTSCENES_GRAVEDIGGER_SWING_22,[@][Ninten] got the Old Bat!,[@][Ninten] obtient la Vielle batte !,[@][Ninten] ottiene la Mazza vecchia!,[@][Ninten]は　ふるびたバットを　てにいれた。,[@][Ninten][particle:Ninten:0] 낡은 배트를 얻었다!,[@]¡[Ninten] obtuvo el Bate viejo!,[@]¡[Ninten] ha conseguido el Bate viejo!,[@][Ninten] conseguiu o Taco Velho!,[@][Ninten] dostał Stary Kij!,[@][Ninten] erhielt den Alten Baseballschläger!,[@][Ninten] получил старую биту!,[@][Ninten] отримав стару биту!,[@][Ninten]获得了陈旧球棒！
DIALOGUE_PODUNK_CUTSCENES_GRAVEDIGGER_SWING_23,"[@]Now, strength alone isn't enough to break this strange root.","[@]Alors déjà, la force physique n'est pas suffisante pour venir à bout de cette drôle de racine.",[@]Non basta la forza per distruggere questa radice.,[@]よくきき　[DELAY]ちからまかせに　たたいたとしても[DELAY:5]\nあのねっこは　びくとも　せえへん。,"[@]다시 말하지만, 힘이 중요한 게 아니네.","[@]Ahora, la fuerza por sí sola no es suficiente para romper esta extraña raíz.","[@]Ahora bien, la fuerza por sí sola no es suficiente para romper la raíz.","[@]Agora, não é só força bruta que irá quebrar essa raiz estranha.","[@]Sama siła nie wystarczy, by złamać ten dziwny korzeń.","[@]Also, Stärke alleine reicht nicht, um diese komische Wurzeln zu zerschlagen.","[@]Итак, если силой избавиться от корня не получается...","[@]Що ж, якщо силою позбутися від кореня не виходить...",[@]光靠力气是打不断这奇怪的树根的。
DIALOGUE_PODUNK_CUTSCENES_GRAVEDIGGER_SWING_24,"[@]It's all about the technique![WAIT@]Try to imagine a [color][ui_cancel][/color] [if input:gamepad]button[else]key[/if] in your mind.[WAIT@]Then... Simply press it![WAIT@]This allows you to unleash a swing powerful enough to break any tough object.[WAIT@]Come on, try it!","[@]Tout est dans la technique ![WAIT@]Essaye d'imaginer [if input:gamepad]un bouton[else]une touche[/if] [color][ui_cancel][/color] dans ta tête.[WAIT@]Ensuite... appuie dessus, tout simplement ![WAIT@]Ça te permettra d'effectuer un coup suffisamment puissant pour réduire en morceaux les obstacles les plus résistants.[WAIT@]Allez vas-y, essaye !","[@]È la tecnica che conta![WAIT@]Immaginati un [if input:gamepad]pulsante[else]tasto[/if] [ui_cancel].[WAIT@]Quindi, premilo![WAIT@]Così potrai fare un colpo abbastanza forte da distruggere ogni oggetto resistente.[WAIT@]Forza, provaci!",[@]コツがいるんや。[WAIT@]あたまのなかで　[color][ui_cancel][/color]を　\nそうぞうしてみ？[WAIT@]そしたら　それを　ポチっとおす！[WAIT@]そうすれば　みごとな\nスイングが　くりだせるはずや！[WAIT@]ホレ　やってみ。,[@]그 감각을 익혀야 하지.[WAIT@]마음속으로 [color][ui_cancel][/color] [if input:gamepad]버튼을[else]키를[/if] 상상하게.[WAIT@]그리고... 눌러![WAIT@]그러면 이 뿌리는 물론이고 그 어떤 장애물도 박살\n낼 것이네.[WAIT@]한번 해보게나.,"[@]¡Todo se trata de la técnica![WAIT@]Trata de imaginar [if input:gamepad]un botón[else]una tecla[/if] [color][ui_cancel][/color] en tu cabeza.[WAIT@]Luego... ¡simplemente presiónal[if input:gamepad]o[else]a[/if]![WAIT@]Esto te permitirá desatar un golpe lo suficentemente fuerte para destruir cualquier objeto duro.[WAIT@]¡Vamos, inténtalo!","[@]¡Todo se trata de la técnica![WAIT@]Intenta imaginar [if input:gamepad]un botón[else]una tecla[/if] [color][ui_cancel][/color] en tu mente.[WAIT@]Después... ¡púlsal[if input:gamepad]o[else]a[/if]![WAIT@]Así podrás desatar un golpe lo suficientemente potente para destruir cualquier obstáculo resistente.[WAIT@]¡Vamos, inténtalo!","[@]Precisa saber a técnica![WAIT@]Tente imaginar [if input:gamepad]um botão[else]uma tecla[/if] [color][ui_cancel][/color] na sua mente.[WAIT@]Aí... você vai e aperta![WAIT@]Isso faz você dar uma rebatida bem forte, capaz de quebrar objetos mais resistentes.[WAIT@]Vamos, tente!","[@]Wszystko zależy od techniki![WAIT@]Spróbuj wyobrazić sobie [if input:gamepad]przycisk[else]klawisz[/if] [color][ui_cancel][/color].[WAIT@]Następnie... Po prostu go naciśnij![WAIT@]Dzięki temu możesz wyzwolić zamach wystarczająco potężny, by złamać każdy wytrzymały przedmiot.[WAIT@]No dawaj, spróbuj!","[@]Es geht um die Technik![WAIT@]Stelle dir [if input:gamepad]einen[else]eine[/if] [color][ui_cancel][if input:gamepad]-Knopf[else]-Taste[/if][/color] vor.[WAIT@]Und dann ... einfach drücken![WAIT@]Damit machst du einen so mächtigen Schlag, dass jedes harte Objekt zerschlagen werden kann.[WAIT@]Komm schon, probier's aus!","[@]В дело вступает техника![WAIT@]Попробуй представить перед собой [if input:gamepad]кнопку[else]клавишу[/if] [color][ui_cancel][/color].[WAIT@]А затем... просто нажми её![WAIT@]Так ты сделаешь сильный замах и снесёшь даже самое прочное препятствие![WAIT@]Ну же, пробуй!","[@]Використовуй ось такий фінт![WAIT@]Спробуй уявити [if input:gamepad]кнопку[else]клавішу[/if] [color][ui_cancel][/color] у голові.[WAIT@]А тоді... натисни її![WAIT@]Так ти видаш настільки сильний замах, що зламаєш будь-яку перешкоду на своєму шляху![WAIT@]Давай, спробуй!",[@]这个的关键全在技巧！[WAIT@]你试着在脑海中想象一个[color][ui_cancel][/color][if input:gamepad]按钮[else]按键[/if]。[WAIT@]然后…直接按下去就好！[WAIT@]这样就能挥出足以击碎任何坚硬物体的一击！[WAIT@]来吧，试试看！
DIALOGUE_PODUNK_CUTSCENES_GRAVEDIGGER_SWING_SPEAKER_Iggy,Iggy,Iggy,Iggy,イギー,이기,Iggy,Iggy,Iggy,Iggy,Iggy,Игги,Іггі,伊基
DIALOGUE_PODUNK_CUTSCENES_GRAVEDIGGER_TRYTOLEAVE_0,"[@]Hey, where do you think you're going?!","[@]Hé, tu crois aller où comme ça ?!","[@]Ehi, dove stai andando?!",[@]おい！　どこいくねん！,"[@]이봐, 어디로 가는 거지?!","[@]Hey, ¡¿a dónde crees que vas?!","[@]Eh, ¡¿a dónde te crees que vas?!",[@]Ei! Aonde você pensa que está indo?!,"[@]Hej, a ty gdzie się wybierasz?!","[@]Hey, wo gedenkst du hinzugehen?!","[@]Эй, куда собрался-то?","[@]Гей, куди це ти зібрався?!",[@]嘿！快回来！你要到哪里去！
DIALOGUE_PODUNK_CUTSCENES_GRAVEDIGGER_TRYTOLEAVE_SPEAKER_Iggy,Iggy,Iggy,Iggy,イギー,이기,Iggy,Iggy,Iggy,Iggy,Iggy,Игги,Іггі,伊基
DIALOGUE_PODUNK_CUTSCENES_GUARD_NORTH_MOVE_0,"[@]The curfew has been lifted.[WAIT@]I can't see why travel was ever restricted, though...[WAIT@]Sorry, let me move out of the way.","[@]Ils ont enfin levé le couvre-feu.[WAIT@]Ils ont réagi de façon un peu trop excessive, si tu veux mon avis...[WAIT@]Pardon, laisse-moi m'écarter du chemin.","[@]Non c'è più il coprifuoco.[WAIT@]Non capisco perché era vietato viaggiare, però...[WAIT@]Scusa, ti faccio passare.",[@]かいげんれいは　とかれた。[WAIT@]ちょっと　おおげさだったけどな。[WAIT@]おっと　ごめん　いまみちをあけるから。,"[@]이제 통행이 가능하다는 명을 받았어.[WAIT@]왜 통행 제한이 걸렸었는지는 모르겠지만...[WAIT@]미안, 이제 비켜줄게.","[@]Se ha levantado el toque de queda.[WAIT@]Aunque no entiendo por qué se restringieron los viajes...[WAIT@]Lo siento, déjame apartarme del camino.","[@]Se ha levantado el toque de queda.[WAIT@]Aunque no entiendo por qué se restringieron los viajes, en primer lugar...[WAIT@]Perdón, deja que me quite de en medio.","[@]O toque de recolher foi suspenso.[WAIT@]Eu só não sei por que as viagens tinham sido restritas...[WAIT@]Foi mal, deixa eu sair do caminho.","[@]Godzina policyjna została zniesiona.[WAIT@]Nie widzę jednak powodu, dla którego podróżowanie było zabronione...[WAIT@]Przepraszam, już ci schodzę z drogi.","[@]Die Ausgangssperre wurde aufgehoben.[WAIT@]Auch wenn ich nicht verstehe, warum das Reisen überhaupt eingeschränkt wurde ...[WAIT@]Sorry, ich werde aus dem Weg gehen.","[@]Комендантский час отменён.[WAIT@]Хотя я не понимаю, зачем вообще было нужно ограничивать движение...[WAIT@]Да, сейчас уйду с дороги.","[@]Комендантська година скасована.[WAIT@]Не розумію, навіщо взагалі було треба обмежувати рух...[WAIT@]Вибачте, зараз піду з дороги.",[@]宵禁已经解除了。[WAIT@]不过，我真搞不懂当初为什么要限制出行…[WAIT@]抱歉，我让一下路。
DIALOGUE_PODUNK_CUTSCENES_GUARD_NORTH_MOVE_4,[@]I heard that you can communicate with Telepathy.[WAIT@]Have you heard of all the people talking about you?,"[@]Dis... Il paraît que tu sais utiliser la télépathie ou je ne sais quoi, non ?[WAIT@]Tu as entendu que tout le monde parlait de toi ?",[@]Ho saputo che si può comunicare con la Telepatia.[WAIT@]Hai sentito tutte le persone che parlano di te?,[@]ところで・・・。[WAIT@]おまえ　テレパシーとかが　できるんだってな。,"[@]그건 그렇고, 너 텔레파시 같은 걸 쓸 수 있다던데,[WAIT@]그럼 지금 내가 생각하는 것도 들을 수 있겠네?",[@]Escuché que puedes comunicarte con Telepatía.[WAIT@]¿Has oído a todas las personas que hablan de tí?,[@]He escuchado que puedes comunicarte por Telepatía.[WAIT@]¿Has oído a toda la gente que habla de ti?,[@]Ouvi dizer que você sabe usar Telepatia.[WAIT@]Você ouviu falar que todo mundo está comentando sobre você?,"[@]Słyszałem, że potrafisz komunikować się za pomocą telepatii.[WAIT@]Krążą plotki na twój temat – słyszałeś tych wszystkich ludzi?","[@]Ich habe gehört, dass du mit Telepathie kommunizieren kannst.[WAIT@]Hast du die Gespräche über dich mitbekommen?","[@]Я тут слышал, ты умеешь общаться телепатией.[WAIT@]Ты в курсе, что о тебе только и говорят?","[@]Я тут чув, що ти можеш спілкуватися телепатією.[WAIT@]Усі про тебе тільки і кажуть, ти знав?",[@]我听说你会用心灵感应来交流。[WAIT@]你有没有听到大家都在谈论你呢？
DIALOGUE_PODUNK_CUTSCENES_GUARD_NORTH_MOVE_6,"[@]Oh right, you probably don't even need to “listen” to them!","[@]Ah oui, bien sûr, tu n'as probablement même pas besoin de les « écouter » !","[@]Ah, giusto, probabilmente non devi neanche “sentirle”!",[@]だいひょうばんだぞ。[WAIT@]この　にんきもの！,"[@]아, 따지자면 “듣는” 건 아니지. 하하!","[@]Oh, cierto, ¡probablemente ni siquiera necesitas “escucharlos”!","[@]Ah, cierto, ¡probablemente ni siquiera necesites «escucharlos»!","[@]Ah, é mesmo, você provavelmente nem precisa “ouvir” falar, né?","[@]No tak, pewnie nawet nie musisz ich „słuchać”!","[@]Ach stimmt, du musst wahrscheinlich nicht mal „zuhören“!","[@]...А, ну разумеется, ты уже в курсе!","[@]А, точно. Тобі ж навіть прислуховуватись не треба!",[@]好吧，这种事情你不需要“听”也知道吧！
DIALOGUE_PODUNK_CUTSCENES_GUARD_NORTH_MOVE_SPEAKER_Guard,Guard,Garde,Guardia,けいびいん,가드,Guardia,Guardia,Guarda,Strażnik,Wache,Патрульный,Патрульний,警卫
DIALOGUE_PODUNK_CUTSCENES_LEAVE_CANARY_VILLAGE_1,"[@]All the canaries in the village are singing again.[WAIT@]I assume you've reunited the lost canary chick to its mother, correct?","[@]Tous les canaris du village se sont remis à chanter.[WAIT@]J'imagine que vous avez ramené le bébé canari à sa maman, c'est ça ?","[@]I canarini nel villaggio cantano di nuovo.[WAIT@]Immagino che hai riportato il pulcino dalla sua mamma, vero?",[@]むらの　カナリアたちが[BR]いっせいに　うたいだしたわ！[WAIT@]ローラを　みつけたのね？,[@]카나리아들이 다시 노래를 부르네.[WAIT@]아기 카나리아와 다시 재회시켜 줬나 보구나.,"[@]Todos los canarios de la villa volvieron a cantar otra vez.[WAIT@]Supongo que has reunido al polluelo con su madre, ¿no es así?","[@]Todos los canarios de la aldea están cantando de nuevo.[WAIT@]Imagino que habéis reunido a la cría perdida con su madre, ¿no?","[@]Todos os canários da vila estão cantando de novo.[WAIT@]Suponho que vocês reuniram o canarinho perdido com a mãe dele, correto?","[@]Wszystkie kanarki w wiosce znów śpiewają.[WAIT@]Zakładam, że udało wam się zjednoczyć zagubionego kanarka z matką?","[@]Alle Kanarien im Dorf singen wieder.[WAIT@]Ich nehme an, ihr habt das vermisste Kanarienküken mit seiner Mutter wiedervereinigt, korrekt?",[@]Канарейки в деревушке снова запели.[WAIT@]Вы вернули птенца маме?,"[@]Канарки в селі знову заспівали.[WAIT@]Як я розумію, ви повернули пташеня до мами?",[@]村里所有的金丝雀又开始唱歌了。[WAIT@]我猜你已经让小金丝雀和妈妈团聚了，没错吧？
DIALOGUE_PODUNK_CUTSCENES_LEAVE_CANARY_VILLAGE_3,[@]Yep! We found her on the other side of a crack in the wall.,[@]Ouaip ! On l'a trouvée derrière un trou dans le mur.,[@]Sì! L'abbiamo trovata passando per una crepa nel muro.,[@]ええ！　へいのむこうがわに　いたの。[WAIT@]あのこを　ママのもとに　かえせたわ！,[@]응! 벽 뒤에서 찾았어요.,[@]¡Sip! Encontramos a la madre al otro lado de una grieta en la pared.,[@]¡Sí! Encontramos a la madre al otro lado de una grieta en la pared.,[@]Aham! Achamos ela numa rachadura na parede.,[@]Tak! Znaleźliśmy ją po drugiej stronie szczeliny w ścianie.,[@]Jep! Wir haben sie auf der anderen Seite einer Mauer gefunden.,[@]Ага! Мы нашли её за стеной с большущей трещиной.,"[@]Ага! Ми вискіпали її за стіною, де була тріщина.",[@]没错！我们在墙的另一边找到了她！
DIALOGUE_PODUNK_CUTSCENES_LEAVE_CANARY_VILLAGE_4,"[@]Great! I knew you'd find her![WAIT@]Oh, and by the way, the [color]mayor[/color] is itching to see you, [Ninten]...[WAIT@][Pippi], go with [Ninten] and help straighten this out.","[@]Excellent ! J'étais sûre que vous la trouveriez ![WAIT@]Ah, et au fait, le [color]maire[/color] est très impatient de te voir, [Ninten]...[WAIT@][Pippi], va avec [Ninten] et aide-le à régler cette affaire.","[@]Ottimo! Sapevo che ce l'avreste fatta.[WAIT@]Ah, giusto, il [color]sindaco[/color] vuole vederti, [Ninten]...[WAIT@][Pippi], va' con [Ninten] e aiuta a sistemare questa faccenda.",[@]よかったわね！[BR]えらいわ！[Pippi]ちゃん！[WAIT@]そうだ　[Ninten]くん。\n[color]ちょうちょうさん[/color]が　あなたのことを\nさがしていたわよ。[WAIT@][Pippi]ちゃんも　[Ninten]くんと\nいっしょに　いってあげて。,"[@]잘했어! 역시 네가 찾을 줄 알았다니까.[WAIT@]그건 그렇고, 시장이 널 찾고 있는 거 같던데...[WAIT@][Pippi], [Ninten][particle:Ninten:3] 함께 따라가서\n도와줄래?","[@]¡Genial! ¡Sabía que la encontrarían![WAIT@]Oh, por cierto, el [color]alcalde[/color] está deseando verte, [Ninten]...[WAIT@][Pippi], ve con [Ninten] y ayúdalo a arreglar esto.","[@]¡Genial! ¡Sabía que la encontraríais![WAIT@]Ah, por cierto, el [color]alcalde[/color] está deseando verte, [Ninten]...[WAIT@][Pippi], ve con él y ayúdale a zanjar todo este asunto.","[@]Ótimo! Eu sabia que vocês encontrariam ela![WAIT@]Ah, e a propósito, o [color]prefeito[/color] estava doido para te ver, [Ninten]...[WAIT@][Pippi], vá com o [Ninten] e veja o que o prefeito quer.","[@]Świetnie! Wiedziałam, że w końcu się odnajdzie![WAIT@]A tak przy okazji, [color]burmistrz[/color] bardzo chce cię zobaczyć, [Ninten]...[WAIT@][Pippi], pójdź z nim i pomóż mu to wszystko odkręcić.","[@]Großartig! Ich wusste, dass ihr sie finden würdet![WAIT@]Übrigens, der [color]Bürgermeister[/color] sucht nach dir, [Ninten] ...[WAIT@][Pippi], gehe mit [Ninten] und hilf ihm.","[@]Чудесно! Я знала, что вы её найдёте![WAIT@]И кстати, [Ninten], [color]мэру[/color] не терпится с тобой поговорить...[WAIT@][Pippi], пойди с ним — поможешь разобраться.","[@]Чудово! Я знала, що ви її знайдете![WAIT@]До речі, [Ninten], [color]мер[/color] дуже бажає з тобою зустрітися...[WAIT@][Pippi], піди с ним — допоможеш розібратися.",[@]太好了！我就知道你会找到她！[WAIT@]对了[Ninten]，顺便说一下，[color]镇长[/color]正着急想要见你呢。[WAIT@][Pippi]，你跟[Ninten]一起去把这事处理好吧。
DIALOGUE_PODUNK_CUTSCENES_LEAVE_CANARY_VILLAGE_7,"[@]Sure thing, mom!","[@]Pas d'problème, Maman !","[@]Certo, mamma!",[@]わかった！,"[@]알겠어요, 엄마!","[@]¡Claro que sí, mamá!","[@]¡Claro que sí, mamá!","[@]Tá bom, mãe!","[@]Jasne, mamo!","[@]Na klar, Mama!",[@]Да не вопрос!,"[@]Звичайно, мам!",[@]好的妈妈！
DIALOGUE_PODUNK_CUTSCENES_LEAVE_CANARY_VILLAGE_8,"[@]Come on, [Ninten]! Let's go see the [color]mayor[/color]!","[@]Allez, [Ninten] ! On va voir le [color]maire[/color] !","[@]Forza, [Ninten]! Andiamo dal [color]sindaco[/color]!",[@]さ！　[color]まちやくば[/color]に　むかいましょ！,[@][Ninten]! 어서 [color]시장님[/color]을 만나러 가자!,"[@]¡Vamos, [Ninten]! ¡Vamos a ver al [color]alcalde[/color]!","[@]¡Vamos, [Ninten]! ¡Vayamos a ver al [color]alcalde[/color]!","[@]Vamos, [Ninten]! Vamos lá ver o [color]prefeito[/color]!","[@]Dalej, [Ninten]! Chodźmy do [color]burmistrza[/color]!","[@]Komm, [Ninten]! Lass uns den [color]Bürgermeister[/color] besuchen!","[@]Давай, [Ninten]! Пошли к [color]мэру[/color]!","[@]Давай, [Ninten]! Підемо до [color]мера[/color]!",[@]来吧，[Ninten]！我们去找[color]镇长[/color]吧！
DIALOGUE_PODUNK_CUTSCENES_LEAVE_CANARY_VILLAGE_SPEAKER_Mrs._Lindgren,Mrs. Lindgren,Mᵐᵉ Lindgren,Sig.ra Lindgren,リンドグレーンさん,린드그렌 부인,Sra. Lindgren,Sra. Lindgren,Sra. Lindgren,Pani Lindgren,Frau Lindgren,Миссис Линдгрен,Місіс Ліндгрен,林德格伦夫人
DIALOGUE_PODUNK_CUTSCENES_MARSHAL_CANARY_0,"[@]Look for yourself, all the animals have escaped.[WAIT@]Only this Canary Chick is left.[WAIT@]We found this poor bird alone without its mommy at Canary Village, so we rescued it.[WAIT@]Yeah, I know, we're sort of like heroes.[WAIT@]Anyway, do you want it?","[@]Regarde par toi-même, tous les animaux se sont échappés.[WAIT@]Il ne nous reste que ce Bébé canari.[WAIT@]On a trouvé ce pauvre petit oiseau tout seul sans sa maman au village Canari, donc on lui a porté secours.[WAIT@]Ouais, je sais, on est un peu des héros.[WAIT@]Bref, tu le veux ?","[@]Come puoi vedere, tutti gli animali sono scappati.[WAIT@]Resta solo questo Pulcino di canarino.[WAIT@]Abbiamo trovato questo piccolino da solo al Villaggio\nCanarino senza la sua mamma, quindi l'abbiamo salvato.[WAIT@]Lo so, siamo proprio degli eroi.[WAIT@]Comunque, lo vuoi?",[@]みてのとおり　どうぶつたちは\nみんな　にげだしちまった。[WAIT@]いま　いるのは　カナリアのヒナだけだ。[WAIT@]カナリアむらで　おかあさんから　はぐれた\nこのこを　たすけてあげたんだ。[WAIT@]おれって　やさしいだろ？[WAIT@]どうだい？　かうかい？,"[@]동물들이 전부 탈출했어요. 지금이라도 사직서\n낼까요?[WAIT@]다행이라면 저 아기 카나리아라도 남았다는\n거겠네요.[WAIT@]카나리아 마을에서 엄마 없이 혼자 있던 불쌍한\n새입니다.[WAIT@]말할 필요 없어요, 무슨 생각 하는지 압니다.[WAIT@]분양받으시겠어요?","[@]Como puedes ver, todos los animales han escapado.[WAIT@]Sólo queda este Canario bebé.[WAIT@]Encontramos a este pobre pajarito sin su mami en la Villa Canario, así que lo rescatamos.[WAIT@]Sí, lo sé, somos algo así como héroes.[WAIT@]Como sea, ¿lo quieres?","[@]Como puedes ver, todos los animales se han escapado.[WAIT@]Solo nos queda esta Cría de canario.[WAIT@]Encontramos a este pajarito sin su mamá en la Aldea Canaria, así que lo rescatamos.[WAIT@]Sí, lo sé, somos unos héroes.[WAIT@]En fin, ¿lo quieres?","[@]Como pode ver, todos os animais escaparam.[WAIT@]Só sobrou este canarinho aqui.[WAIT@]Achamos este passarinho sem a mãe na Vila Canarinho, então resgatamos ele.[WAIT@]É, eu sei, somos tipo uns heróis.[WAIT@]Enfim, você quer ele?","[@]Sam zobacz, wszystkie zwierzęta uciekły.[WAIT@]Został tylko ten Kanarek.[WAIT@]Znaleźliśmy tego biednego ptaszka samego bez mamy w Wiosce Kanarków, więc go uratowaliśmy.[WAIT@]Nieźli z nas bohaterowie, nie?[WAIT@]W każdym razie, chcesz go?","[@]Schaut selbst, alle Tiere sind geflohen.[WAIT@]Nur dieses Kanarienküken ist noch da.[WAIT@]Wir haben diesen armen Vogel, ohne seine Mutter, im Kanariendorf gefunden, also haben wir es gerettet.[WAIT@]Ja, ich weiß, wir sind gewissermaßen Helden.[WAIT@]Wie auch immer, ihr wollt helfen?","[@]Сами видите: все животные сбежали.[WAIT@]Остался вот только птенчик канарейки.[WAIT@]Бедная пташка потерялась в Канарской деревушке. Она отстала от мамы, и мы решили её спасти.[WAIT@]Так что да, мы своего рода герои.[WAIT@]В общем, хотите птенца?","[@]Самі бачите: всі тварини втекли.[WAIT@]Залишилося ось тільки пташеня канарки.[WAIT@]Бідна крихітка загубилася в Селі канарок, не могла знайти маму. Ми його врятували.[WAIT@]Можна сказати, ми справжні герої.[WAIT@]Ну так що, бажаєте пташеня?",[@]你自己看看吧，动物们都跑光了。[WAIT@]只剩下了这只金丝雀雏鸟。[@]我们在金丝雀村庄里发现了这可怜的小家伙，[BR]它孤零零的，妈妈不在身边，所以就把它救回来了。[WAIT@]是啊，我知道，我们多少算英雄嘛。[WAIT@]无论如何，你想要它吗？
DIALOGUE_PODUNK_CUTSCENES_MARSHAL_CANARY_5,"[@]Oh, we gotta help it.[WAIT@]It must be so sad without its mommy.","[@]Oh, on doit l'aider.[WAIT@]Il doit être triste sans sa maman.",[@]Dobbiamo aiutarlo.[WAIT@]Deve essere triste senza la sua mamma.,[@]ねぇ　このこを　ママのところに\nとどけて　あげましょうよ。[WAIT@]ママがいなくて　さみしいはずよ。,"[@]훌쩍, 우리가 도와줘야 해...[WAIT@]엄마 새를 얼른 찾아주지 않으면 엄청 슬플 거야...","[@]Oh, tenemos que ayudarlo.[WAIT@]Debe de estar tan triste sin su mami.",[@]Tenemos que ayudarlo.[WAIT@]Debe estar muy triste sin su mami.,"[@]Ah, nós precisamos ajudá-lo![WAIT@]Ele deve estar tão sozinho sem a mamãe.","[@]Och, musimy mu pomóc.[WAIT@]Pewnie jest mu smutno bez mamy.","[@]Oh, wir müssen unbedingt helfen.[WAIT@]Es muss so traurig sein, ohne seine Mutter.","[@]Ах, [Ninten], он хочет к мамочке...[WAIT@]Давай поможем ему!","[@]Ах, нам треба йому допомогти![WAIT@]Воно напевно так сумує за своєю матусею...",[@]哦…我们把这孩子送回它妈妈那里去吧。[WAIT@]见不到妈妈，它一定非常难过。
DIALOGUE_PODUNK_CUTSCENES_MARSHAL_CANARY_7,"[@]You heard the little girl. Well, how about $55?","[@]Tu as entendu ce qu'a dit la jeune fille. Alors, qu'est-ce que tu dis de 55 $ ?",[@]La ragazzina ha ragione. Ti va bene 55 $?,[@]そのこの　いうとおりだな。\n５５ドルで　かうかい？,[@]자 들었지? 단돈 55달러!,[@]Ya escuchaste a la pequeña niña. ¿Qué tal unos $55?,"[@]Ya has oído a la niña. Bueno, ¿qué tal 55$?","[@]Você ouviu a garota. Então, que tal $55?",[@]Słyszałeś ją! Co powiesz na 55 $?,[@]Du hast die Kleine gehört. Wie wär's mit 55 $?,"[@]Ты её слышал. Может, купите за 55 $?","[@]Чув, що дівчисько каже? Може, купите за 55 $?",[@]你听到那小女孩说的了吧。[WAIT@]那么…[WAIT]55美元怎么样？
,,,,,,,,,,,,,
DIALOGUE_PODUNK_CUTSCENES_MARSHAL_CANARY_7-OPT_0,Yes,Oui,Sì,はい,네,Sí,Sí,Sim,Tak,Ja,Да,Так,是
DIALOGUE_PODUNK_CUTSCENES_MARSHAL_CANARY_7-OPT_1,No,Non,No,いいえ,아니오,No,No,Não,Nie,Nein,Нет,Ні,否
DIALOGUE_PODUNK_CUTSCENES_MARSHAL_CANARY_9,[@]You don't have enough money?,[@]Tu n'as pas assez d'argent ?,[@]Non ti bastano i soldi?,[@]おかねが　たりないようだな。,[@]돈이 부족한 거 같네요?,[@]¿No tienes suficiente dinero?,[@]¿No tienes dinero suficiente?,[@]Você não tem o suficiente?,[@]Nie starczy ci pieniędzy?,[@]Ihr habt nicht genug Geld?,[@]У вас нет денег?,[@]У вас немає грошей?,[@]你没有足够的钱？
DIALOGUE_PODUNK_CUTSCENES_MARSHAL_CANARY_10,"[@]Well, if it's free, do you want it? Then take it!","[@]Bon, et si je te le proposais gratuitement, tu le prendrais ? Allez, vas-y !","[@]Beh, se fosse gratis, lo prenderesti? Tienilo allora!",[@]ただでも　いらないかね？\nもっていきな。,"[@]음, 그냥 드릴게요. 코 묻은 돈은 별로 받고 싶지\n않거든요.","[@]Bueno, si fuera gratis, ¿lo querrías? ¡Entonces tenlo!","[@]Bueno, si fuera gratis, ¿lo querrías? ¡Pues tómalo!","[@]Bem, se for de graça, você quer? Então tome!",[@]A może za friko byś chciał? Bierz!,"[@]Naja und wenn's umsonst ist, wollt ihr's dann?\nDann nehmt's doch!","[@]А хотите бесплатно? Вот, держите!","[@]А хочте безкоштовно? Ось, забирайте!",[@]如果是免费的，你想要吗？那就拿去吧！
DIALOGUE_PODUNK_CUTSCENES_MARSHAL_CANARY_11,[@]Take care of it. Come see us again!,[@]Prends bien soin de lui. Au plaisir !,[@]Prenditene cura. Alla prossima!,[@]かわいがってね。　ありがとさん。,"[@]잘 키우십쇼, 다시 오픈하면 또 오시고요.",[@]Cuídalo muy bien. ¡Ven a vernos de nuevo!,[@]Cuídalo bien. ¡Vuelve pronto!,[@]Cuide bem dele. Volte sempre!,[@]Zajmij się nim. Do zobaczenia!,[@]Passt gut darauf auf. Besucht uns wieder!,[@]Хорошенько позаботьтесь о нём. Приходите ещё!,[@]Добре дбайте про нього. Приходьте ще!,[@]请好好照顾它，欢迎你的下次光临！
DIALOGUE_PODUNK_CUTSCENES_MARSHAL_CANARY_12,[@]You got the Canary Chick!,[@]Vous obtenez le Bébé canari !,[@]Hai ottenuto il Pulcino di canarino!,[@]カナリアのヒナを　つれていくことにした！,[@]당신은 아기 카나리아를 분양받았다!,[@]¡Has obtenido el Canario bebé!,[@]¡Has conseguido la Cría de canario!,[@]Você conseguiu o Canarinho Bebê!,[@]Dostałeś Kanarka!,[@]Du hast das Kanarienküken erhalten!,[@]Вы получили птенца канарейки!,[@]Ви отримали пташеня канарки!,[@]你获得了金丝雀雏鸟！
DIALOGUE_PODUNK_CUTSCENES_MARSHAL_CANARY_13,"[@]Come on, let's go to Canary Village to see if we can find its mom!","[@]Bon, allons au village Canari pour voir si on peut retrouver sa maman !","[@]Forza, andiamo al Villaggio Canarino e cerchiamo la sua mamma!",[@]よーし　カナリアむらに\nママをさがしにいこう！,"[@]자, 이제 엄마 새를 찾으러 카나리아 마을로 가자!","[@]¡Vamos, vayamos a la Villa Canario a ver si nos encontramos a su mamá!","[@]¡Venga, vayamos a la Aldea Canaria a buscar a su mamá!",[@]Vamos para a Vila Canarinho ver se encontramos a mãe dele!,"[@]No dalej, chodźmy do Wioski Kanarków szukać jego mamy!","[@]Komm, lass uns zum Kanariendorf gehen und seine Mutter suchen!",[@]Пойдём поищем его маму в Канарской деревушке!,[@]Підемо пошукаємо його маму в Селі канарок!,[@]快点！我们去金丝雀村庄看看能不能找到它的妈妈！
DIALOGUE_PODUNK_CUTSCENES_MARSHAL_CANARY_SPEAKER_Marshal,Marshal,Marshal,Marshal,マーシャル,마셀,Marshal,Marshal,Marshal,Marshal,Marshal,Маршал,Маршал,马歇尔
DIALOGUE_PODUNK_CUTSCENES_MAYOR_PIPPI_RESCUE_1,"[@]Is she the lost girl, [Pippi]?[WAIT@]Well, that's just great.[WAIT@]I knew that you could fulfill your civic duty.[WAIT@]Applause,[BR]applause...[WAIT@]Here's your reward for your good deed.","[@]C'est [Pippi], la fillette égarée ?[WAIT@]Bon, c'est super.[WAIT@]Je savais que tu accomplirais ton devoir civique.[WAIT@]Bravo,[BR]*clap clap*...[WAIT@]Voilà ta récompense pour cette bonne action.","[@]È lei [Pippi], la ragazzina dispersa?[WAIT@]Fantastico.[WAIT@]Sapevo che avresti seguito il tuo dovere civico.[WAIT@]Bravo,[BR]bravo...[WAIT@]Ecco la tua ricompensa per la tua buona azione.",[@]そのこが　まいごになった\n[Pippi]ちゃんかね？[WAIT@]いやいや　すばらしい。[WAIT@]みどころのある　しょうねんだと\nおもっていたが・・・。[WAIT@]はくしゅ　パチパチパチ・・・。[WAIT@]しょうきんをあげよう　ホレッ。,"[@]자네가 그 요주의 인물인가, [Pippi] 양?[WAIT@]잘했네, [Ninten] 군.[WAIT@]자네가 해낼 줄 알고 있었다네.[WAIT@]박수,[BR]박수...[WAIT@]자, 이건 보수라네. 나쁘지 않게 챙겼으니 확인해\n보게.","[@]¿Esta es [Pippi], la niña perdida?[WAIT@]Bueno, eso es fantástico.[WAIT@]Sabía que podías cumplir tu deber cívico.[WAIT@]Bravo,[BR]*aplauso, aplauso*...[WAIT@]Aquí está tu recompensa por tu buena acción.","[@]¿Esa es [Pippi], la niña perdida?[WAIT@]Fantástico.[WAIT@]Sabía que podrías cumplir con tu deber cívico.[WAIT@]Aplausos,[BR]aplausos...[WAIT@]Aquí tienes tu recompensa por tu buena acción.","[@]Por acaso, essa é a garota perdida, [Pippi]?[WAIT@]Ora, que ótimo.[WAIT@]Eu sabia que você conseguiria cumprir os seus deveres de cidadão.[WAIT@]Palmas,[BR]palmas...[WAIT@]Eis a sua recompensa por um bom trabalho.","[@]Czy to [Pippi]? Ta zagubiona dziewczynka?[WAIT@]Wspaniale![WAIT@]Wiedziałem, że spełnisz swój obowiązek obywatelski.[WAIT@]Brawo,[BR]*klask, klask*...[WAIT@]Oto nagroda za twój dobry uczynek.","[@]Ist sie das vermisste Mädchen, [Pippi]?[WAIT@]Fantastisch![WAIT@]Ich wusste, du würdest deiner Zivilpflicht nachkommen.[WAIT@]Applaus,[BR]Applaus ...[WAIT@]Hier ist deine Belohnung für die gute Tat.","[@]Это [Pippi]? Та самая пропавшая девочка?[WAIT@]Просто замечательно.[WAIT@]Я знал, что вы сможете выполнить свой гражданский долг.[WAIT@]Браво... (Хлоп-хлоп-хлоп.)[WAIT@]Вот вам награда за благое дело.","[@]Це [Pippi]? Та сама зникла дівчинка?[WAIT@]Просто чудово.[WAIT@]Я знав, що ви зможете виконати свій громадянський обов'язок.[WAIT@]Браво... (хлоп-хлоп-хлоп)[WAIT@]Ось ваша нагорода за добру справу.",[@]她就是那个走失的小女孩[Pippi]对吗？[WAIT@]嗯，那真是太好了。[WAIT@]我就知道你能履行身为公民的义务。[WAIT@]鼓掌！[BR]啪啪啪啪…[WAIT@]给你，这是你做好事的奖励哦。[WAIT@]好好收下吧。
DIALOGUE_PODUNK_CUTSCENES_MAYOR_PIPPI_RESCUE_6,[@][PartyLead] got $100!,[@][PartyLead] obtient 100 $  !,[@][PartyLead] ha ricevuto 100 $!,[@][PartyLead]は100ドルを　てにいれた！,[@][PartyLead][particle:PartyLead:0] 100달러를 받았다!,[@]¡[PartyLead] obtuvo $100!,[@]¡[PartyLead] ha recibido 100 $!,[@][PartyLead] conseguiu $100!,[@][PartyLead] dostał 100 $!,[@][PartyLead] erhielt 100 $!,[@][PartyLead] получил 100 $!,[@][PartyLead] отримав 100 $!,[@][PartyLead]获得了100美元！
DIALOGUE_PODUNK_CUTSCENES_MAYOR_PIPPI_RESCUE_7,"[@]Now that you're here, pretty [Pippi], we can finally call off the search party.","[@]Maintenant que tu es là, ma jolie petite [Pippi], on peut enfin dissoudre l'équipe de recherche.","[@]Ora che sei qui, piccola [Pippi], possiamo far rientrare la squadra di soccorso.",[@][Pippi]ちゃんが　みつかったから\nそうさくたいを　きかんさせることにしよう。,"[@]이제 [Pippi] 양이 왔으니, 수색대를 소집할 수\n있겠군.","[@]Ahora que estás aquí, querida [Pippi], por fin podemos dar por finalizada la búsqueda.","[@]Ahora que estás aquí, mi querida [Pippi], podemos dar por finalizada la búsqueda.","[@]Agora que você está aqui, querida [Pippi], finalmente podemos cancelar a equipe de busca.","[@]Skoro już tu jesteś, słodka [Pippi], możemy wreszcie odwołać poszukiwania.","[@]Jetzt, wo du hier bist, [Pippi], können wir endlich den Suchtrupp auflösen.","[@]Ну, раз ты здесь, милая [Pippi], мы наконец-то можем прекратить твои поиски.","[@]Ну, якщо ти тут, люба [Pippi], ми нарешті можемо припинити твій пошук.",[@]既然你来了，可爱的[Pippi]，我们总算可以把搜救队叫回来了。
DIALOGUE_PODUNK_CUTSCENES_MAYOR_PIPPI_RESCUE_8,[@]Ahem.,[@]Hum.,[@]Ahem.,[@]ウォッホン。,[@]으흠.,[@]Ejem.,[@]Ejem.,[@]Caham.,[@]Ahem.,[@]Ähem.,[@]Кхм-кхм.,[@]Кхм-кхм.,[@]咳咳。
DIALOGUE_PODUNK_CUTSCENES_MAYOR_PIPPI_RESCUE_9,[@]ABBOTT!!,[@]ABBÉ !!,[@]ABBOTT!!,[@]アボット！,[@]애버트!!,[@]¡¡ABBOTT!!,[@]¡¡ABBOTT!!,[@]ABBOTT!!,[@]ABBOTT!!,[@]ABBOTT!!,[@]ЭББОТ!!!,[@]ЕББОТ!!!,[@]阿博特！！
DIALOGUE_PODUNK_CUTSCENES_MAYOR_PIPPI_RESCUE_11,"[@]Yes, sir?","[@]Oui, Monsieur ?","[@]Sì, signore?",[@]はい　いかがいたしましたか？,"[@]네, 넵?","[@]¿Sí, señor?","[@]¿Sí, señor?","[@]Sim, senhor?","[@]Tak, proszę pana?","[@]Ja, Sir?","[@]Да, сэр?","[@]Так, сер?",[@]是的，先生？
DIALOGUE_PODUNK_CUTSCENES_MAYOR_PIPPI_RESCUE_12,[@]Tell the [Pippi] search party that your mayor has finally found her.,[@]Prévenez l'équipe de recherche d[elision][Pippi] que votre maire l'a enfin retrouvée.,[@]Di' alla squadra di ricerca che il sindaco ha ritrovato [Pippi].,[@]ちょうちょうが　じきじきに\n[Pippi]ちゃんを　きゅうしゅつしたと\nそうさくたいに　つたえてきなさい！,[@][Pippi] 수색대에 네 시장이 드디어 찾았다고\n전하게.,[@]Dile al grupo de búsqueda de [Pippi] que tu alcalde por fin la ha encontrado.,[@]Dile al equipo de búsqueda de [Pippi] que tu alcalde por fin la ha encontrado.,[@]Avise à equipe de busca da [Pippi] que o prefeito finalmente a encontrou.,"[@]Powiedz grupie poszukiwawczej, że burmistrz w końcu ją znalazł.","[@]Sag dem [Pippi]-Suchtrupp, dass euer Bürgermeister sie endlich gefunden hat.","[@]Сообщи поисковому отряду, что мэр наконец-то нашёл [decline:Pippi:F:3].","[@]Повідомте пошуковий загін, що мер нарешті знайшов [Pippi].",[@]去告诉[Pippi]搜索队，你们的镇长终于找到她了。
DIALOGUE_PODUNK_CUTSCENES_MAYOR_PIPPI_RESCUE_13,"[@]Right away, sir!","[@]Tout de suite, Monsieur !","[@]Subito, signore!",[@]りょうかいしました！,"[@]넵, 알겠습니다!","[@]¡Enseguida, señor!","[@]¡Enseguida, señor!","[@]É pra já, senhor!","[@]Robi się, proszę pana!","[@]Sofort, Sir!","[@]Сию минуту, сэр!","[@]Одну хвилину, сер!",[@]马上就去，先生！
DIALOGUE_PODUNK_CUTSCENES_MAYOR_PIPPI_RESCUE_15,"[@]By the way, hero, there's been some commotion up at the [color]zoo[/color].[WAIT@]All the animals have broken out of their cages,[WAITBR]and most importantly, all the tourists have stopped coming.[WAIT@]For the sake of the economy, do you mind seeing what's up at the [color]zoo[/color]?","[@]Au fait, jeune héro, il y a eu un incident au [color]zoo[/color].[WAIT@]Tous les animaux se sont échappés de leur enclos,[WAITBR]et surtout, les touristes ne viennent plus.[WAIT@]Tu voudrais bien aller voir ce qu'il se passe au [color]zoo[/color],\npour le bien de notre économie ?","[@]Ah giusto, eroe, ci sono dei problemi allo [color]zoo[/color].[WAIT@]Gli animali sono tutti scappati dalle loro gabbie,[WAITBR]e, soprattutto, non viene più nessun turista.[WAIT@]Per il bene della nostra economia, andresti a vedere che succede allo [color]zoo[/color]?",[@]ところで　[Ninten]くん・・・[DELAY:8]\nどうぶつえんの　そうどうは　しっておるかね？[WAIT@]とつぜん　いっせいに　どうぶつたちが\nきょうぼうかして　[DELAY:7]オリから　ほとんどが\nだっそうしたと　いうんだよ。[WAIT@]このことが　げんいんで\nかんこうきゃくのかずが　げきげんしてね・・・[DELAY:5]\nわがまちの　しゅうえきは　だいそんがいだ。[WAIT@]ついでといっちゃ　なんだが[DELAY:5]\nどうぶつえんの　じけんのほうも\nもうひとがんばりしてみちゃ　くれないかね？,"[@]그건 그렇고, 우리 영웅이시여. [color]동물원[/color]에 소란이 조금\n있었네.[WAIT@]모든 동물들이 우리에서 뛰쳐나갔다는데.[WAIT@]문제는 관광객의 발걸음도 끊겼다는 거야![WAIT@]우리 마을의 경제를 위해서라도 [color]동물원[/color]에 무슨 일이\n일어났는지 확인해 줄 수 있겠나?","[@]Por cierto, héroe, ha habido algo de conmoción en el [color]zoológico[/color].[WAIT@]Todos los animales se han salido de sus jaulas y[WAITBR],lo más importante, los turistas han dejado de venir.[WAIT@]Por el bien de la economía, ¿te importaría ver lo que pasa en el [color]zoológico[/color]?","[@]Por cierto, héroe, ha habido un incidente en el [color]zoo[/color].[WAIT@]Todos los animales se han escapado de sus jaulas,[WAITBR]y lo que es peor, los turistas han dejado de venir.[WAIT@]Por el bien de la economía, ¿te importaría ir a ver qué pasa en el [color]zoo[/color]?","[@]Por sinal, herói, tem acontecido um alvoroço lá no [color]zoológico[/color].[WAIT@]Todos os animais fugiram das jaulas e,[WAITBR]pior ainda, todos os turistas pararam de ir lá.[WAIT@]Pelo bem da economia, você se importa de ver o que está acontecendo no [color]zoológico[/color]?","[@]A tak przy okazji, bohaterze, w [color]zoo[/color] panuje niezły zamęt.[WAIT@]Wszystkie zwierzęta wydostały się z klatek,[WAITBR]a co najgorsze, wszyscy turyści przestali przyjeżdżać.[WAIT@]Dla dobra gospodarki, czy mógłbyś zobaczyć, co dzieje się w [color]zoo[/color]?","[@]Übrigens, Held, beim [color]Zoo[/color] scheint es einige Unruhen gegeben zu haben.[WAIT@]Alle Tiere sind aus ihren Käfigen ausgebrochen,[WAITBR]und zu allem Überfluss kommen keine Touristen mehr.[WAIT@]Könntest du – zum Wohle der Wirtschaft – nachschauen, was im [color]Zoo[/color] los ist?","[@]Кстати, смельчак наш. В [color]зоопарке «Профитроль»[/color] произошёл инцидент.[WAIT@]Животные вырвались из своих клеток...[WAIT@]...А самое ужасное — мы потеряли всех посетителей.[WAIT@]В целях удержания экономики города, не могли бы вы заглянуть в [color]зоопарк[/color] и узнать, в чём дело?","[@]До речі, сміливцю наш. У [color]зоопарку «Профітроль»[/color] трапилась оказія.[WAIT@]Тварини вирвалися зі своїх кліток...[WAIT@]Та, що найголовніше, повтікали всі відвідувачі.[WAIT@]З метою підтримки економіки міста, чи не могли б ви подивитися, що відбувається [color]у зоопарку[/color]?",[@]还有一件事，英雄。[WAIT@][color]动物园[/color]里发生了一些骚乱。[WAIT@]所有的动物都从笼子里跑出来了，[WAITBR]最重要的是，游客全都不来了！[WAIT@]为了经济着想，你能不能去[color]动物园[/color]那边看看情况？
DIALOGUE_PODUNK_CUTSCENES_MAYOR_PIPPI_RESCUE_18-OPT_0,Yes,Oui,Sì,はい,네,Sí,Sí,Sim,Tak,Ja,Да,Так,是
DIALOGUE_PODUNK_CUTSCENES_MAYOR_PIPPI_RESCUE_18-OPT_1,No,Non,No,いいえ,아니오,No,No,Não,Nie,Nein,Нет,Ні,否
DIALOGUE_PODUNK_CUTSCENES_MAYOR_PIPPI_RESCUE_19,"[@]What's that? You'll go? Great, great, great![WAIT@]You'll need a key to get in.","[@]Comment ? Tu t'en charges ? Fantastique, vraiment, fantastique ![WAIT@]Il te faut une clé pour y accéder.","[@]Come? Ci vai davvero? Bene, bene, bene![WAIT@]Ti servirà una chiave per entrare.",[@]そうか　やっぱりいってくれるか！[WAIT@][Ninten]くん　[DELAY:7]きみも\nほんとに　ゲームずきだねぇ。[WAIT@]どうぶつえんに　はいるには[BR]カギが　ひつよう　だろう。,"[@]진짜 가겠나? 좋아, 좋아, 아주 좋아![WAIT@]들어가려면 열쇠가 필요할 게야.","[@]¿Qué cosa? ¿Vas a ir? ¡Genial, estupendo, maravilloso![WAIT@]Necesitarás de esta llave para entrar.","[@]¿Qué? ¿Que vas a ir? ¡Genial, estupendo, maravilloso![WAIT@]Necesitarás la llave para entrar.","[@]Hein? Você vai? Ótimo, ótimo, ótimo![WAIT@]Você vai precisar de uma chave para entrar.","[@]Co takiego? Pójdziesz? Świetnie, świetnie, świetnie![WAIT@]Będziesz potrzebował klucza, żeby wejść.","[@]Wie war das? Du wirst gehen? Super, super, super![WAIT@]Du wirst einen Schlüssel brauchen um reinzukommen.","[@]Что-что?.. Вы отправитесь? Чудесно, чудесно![WAIT@]Чтобы в него попасть, вам понадобится ключ.","[@]Що-що?.. Ви це зробите?\nЧудово, просто чудово![WAIT@]Щоб туди увійти, вам знадобиться ключ.",[@]什么？你说你要去？[WAIT@]太好了，[WAIT]好极了，[WAIT]妙极了！！[WAIT@]你需要一把钥匙才能进去。
DIALOGUE_PODUNK_CUTSCENES_MAYOR_PIPPI_RESCUE_21,[@]Ahem.,[@]Hum.,[@]Ahem.,[@]ウォッホン。,[@]으흠.,[@]Ejem.,[@]Ejem.,[@]Caham.,[@]Ahem.,[@]Ähem.,[@]Кхм-кхм.,[@]Кхм-кхм.,[@]咳咳。
DIALOGUE_PODUNK_CUTSCENES_MAYOR_PIPPI_RESCUE_22,[@]ABBOTT!!,[@]ABBÉ !!,[@]ABBOTT!!,[@]アボット！,[@]애버트!!,[@]¡¡ABBOTT!!,[@]¡¡ABBOTT!!,[@]ABBOTT!!,[@]ABBOTT!!,[@]ABBOTT!!,[@]ЭББОТ!!!,[@]ЕББОТ!!!,[@]阿博特！！
DIALOGUE_PODUNK_CUTSCENES_MAYOR_PIPPI_RESCUE_24,"[@]*Pant, pant*... Yes... sir?","[@]*ouf, argh*... Oui... Monsieur ?","[@]*Pant, pant*... Sì... signore?",[@]はぁ・・・はぁ・・・\nはい・・・　いかがされましたか？,"[@]허어, 허어... 네... 시장님?","[@]*Jadeo, jadeo*... ¿Sí... señor?","[@]*jadeo, jadeo*... ¿Sí... señor?","[@]*Arf, arf*... Sim... senhor?","[@]*wzdych, wzdych*... Tak... proszę pana?","[@]*Keuch, keuch* ... Ja ... Sir?",[@]Ух... фух... Да... сэр?,[@]Ух... фух... Так... сер?,[@]呼哧-呼哧-[WAIT@]是的…先生？
DIALOGUE_PODUNK_CUTSCENES_MAYOR_PIPPI_RESCUE_25,[@]Give this young lad the [color]key to the zoo[/color].,[@]Donnez à ce jeune homme la [color]clé du zoo[/color].,[@]Dai a questo ragazzo la [color]chiave dello zoo[/color].,[@]この　しょうねんに　[color]どうぶつえんのカギ[/color]を\nわたしてあげなさい。,[@]이 젊은 친구에게 [color]동물원 열쇠[/color]를 주게.,[@]Dale a este joven la [color]llave del zoológico[/color].,"[@]Dale a este joven la [color]llave del zoo[/color], haz el favor.",[@]Dê a este jovenzinho a [color]chave do zoológico[/color].,[@]Podaj temu młodzieńcowi [color]klucz do zoo[/color].,[@]Gib diesem jungen Mann den [color]Schlüssel zum Zoo[/color].,[@]Передай этому юноше [color]ключ от зоопарка[/color].,[@]Передайте цьому юнакові [color]ключ від зоопарку[/color].,[@]快把[color]动物园钥匙[/color]给这个年轻人。
DIALOGUE_PODUNK_CUTSCENES_MAYOR_PIPPI_RESCUE_26,[@]Right... away... sir!,[@]Tout... de suite... Monsieur !,[@]Subito... signore!,[@]はい・・・　かしこまりました・・・。,[@]네... 알겠... 습니다!,[@]¡Enseguida... señor!,[@]¡Enseguida... señor!,[@]É... pra já... senhor!,[@]Oczywiście... już... proszę pana!,[@]Sofort ... Sir!,[@]Сию... минуту... сэр!,[@]Одну... хвилину... сер!,[@]我…我马上！先生！
DIALOGUE_PODUNK_CUTSCENES_MAYOR_PIPPI_RESCUE_28,[@][PartyLead] got the Zoo Key.,[@][PartyLead] obtient la Clé du zoo.,[@][PartyLead] ha ricevuto la Chiave dello zoo.,[@][PartyLead]は　どうぶつえんのカギを\nてにいれた。,[@][PartyLead][particle:PartyLead:0] 동물원 열쇠를 받았다!,[@][PartyLead] obtuvo la Llave del zoo.,[@][PartyLead] ha conseguido la Llave del zoo.,[@][PartyLead] conseguiu a Chave do Zoológico.,[@][PartyLead] dostał[LeadArt4] Klucz do Zoo.,[@][PartyLead] erhielt den Zooschlüssel!,[@][PartyLead] получил ключ от зоопарка.,[@][PartyLead] отримав ключ від зоопарку.,[@][PartyLead]获得了动物园钥匙。
DIALOGUE_PODUNK_CUTSCENES_MAYOR_PIPPI_RESCUE_30,"[@]Oh, and little girl, I'll need you to stay here for a bit.[WAIT@]There are some matters we need to attend to.","[@]Oh, et, ma petite, je vais te demander de rester ici quelque temps.[WAIT@]Il y a des choses dont on va devoir s'occuper.","[@]Ah, ragazzina, tu dovrai restare qui.[WAIT@]Ci sono delle faccende di cui occuparci.",[@]かわいい　[Pippi]ちゃん　[DELAY:7]きみはここで\nちょうちょうさんと　いっしょにいなさい。[DELAY:9]\nいろいろと　おはなしがあるのだ。[WAIT@]（ヒソヒソ・・・）[DELAY:7][@]「ママにちゃんと　ちょうちょうさんに\nたすけてもらったと　いうんだよ？」,"[@]아, 그리고 [Pippi] 양, 여기 잠시 있어 주겠나?[WAIT@]우리가 처리해야 할 사항이 좀 있어서 말이지.","[@]Oh, y pequeña, necesito que te quedes aquí por un rato.[WAIT@]Hay algunos asuntos que debemos atender.","[@]Oh, y querida, necesitaré que te quedes aquí un ratito más.[WAIT@]Hay algunos asuntos que tenemos que tratar.","[@]Ah, e garotinha, preciso que você fique aqui mais um pouco.[WAIT@]Tem alguns assuntos que precisamos discutir.","[@]Aha, i dziewczynko, musisz tu jeszcze chwilę zostać.[WAIT@]Jest kilka spraw, którymi musimy się zająć.","[@]Oh, und du, kleines Mädchen, wirst noch etwas hierbleiben müssen.[WAIT@]Es gibt da noch ein paar Dinge, um die wir uns kümmern müssen.","[@]А тебя, девочка, попрошу ненадолго остаться.[WAIT@]Нам необходимо кое-что обсудить.","[@]А тебе, дівчинко, попрошу ненадовго залишитися.[WAIT@]Нам необхідно дещо обговорити.",[@]哦，小姑娘，我需要你在这里待一会儿。[WAIT@]有些事情我们需要处理一下。
DIALOGUE_PODUNK_CUTSCENES_MAYOR_PIPPI_RESCUE_32,[@]Oh... I guess it's time to say goodbye.[WAIT@]I had a lot of fun.,[@]Oh... J'imagine que c'est le moment de se dire au revoir.[WAIT@]Je me suis bien amusée.,"[@]Oh... dobbiamo salutarci, mi sa.[WAIT@]Mi sono divertita.",[@]じゃ　ここでバイバイね。[WAIT@]たのしかったよ。,[@]아... 이제 헤어질 때가 된 것 같네.[WAIT@]나름 재밌었어.,[@]Oh... Supongo que es hora de decir adiós.[WAIT@]Me divertí mucho.,[@]Oh... Supongo que es hora de decir adiós.[WAIT@]Me lo he pasado muy bien.,"[@]Ah... Bem, acho que está na hora de nos despedirmos.[WAIT@]Eu me diverti bastante.",[@]Och... Chyba czas się pożegnać.[WAIT@]Dobrze się bawiłam.,[@]Oh ... dann muss ich wohl Abschied nehmen.[WAIT@]Ich hatte sehr viel Spaß.,"[@]Ох... Ну, пора прощаться.[WAIT@]Было очень здорово.","[@]Ох... Здається, час прощатися.[WAIT@]Мені було дуже весело.",[@]啊…我猜是时候说再见了。[WAIT@]我玩得很开心呢。
DIALOGUE_PODUNK_CUTSCENES_MAYOR_PIPPI_RESCUE_34,[@]Remember to look out [color]your window[/color] when you get home. I'll be coming to visit soon!,[@]Souviens-toi de regarder par [color]ta fenêtre[/color] quand tu retourneras a ta maison. Je te vais visiter bientop.,,,,,,,,,,,
DIALOGUE_PODUNK_CUTSCENES_MAYOR_PIPPI_RESCUE_35,[@]By the way...[WAIT@]Do you think my hair needs styling?,[@]Au fait...[WAIT@]Tu crois qu'il me faudrait une nouvelle coupe de cheveux ?,[@]A proposito...[WAIT@]Secondo te mi devo cambiare la pettinatura?,[@]ところで・・・[WAIT@]わたしのくつした　みじかすぎる？,[@]그나저나...[WAIT@]내 머리 괜찮은 거 같아?,[@]Por cierto...[WAIT@]¿Crees que necesito peinarme?,[@]Por cierto...[WAIT@]¿Crees que debería cambiarme el pelo?,[@]A propósito...[WAIT@]Você acha que eu preciso de um novo penteado?,"[@]Przy okazji...[WAIT@]Myślisz, że moje włosy potrzebują stylizacji?","[@]Ach ja ...[WAIT@]Glaubst du, mein Haar braucht etwas Styling?","[@]А ещё...[WAIT@][Ninten], мне идёт эта причёска?","[@]До речі...[WAIT@]Як думаєш, мені варто змінити зачіску?",[@]话说…[WAIT@]你觉得我需要去打理一下发型吗？
DIALOGUE_PODUNK_CUTSCENES_MAYOR_PIPPI_RESCUE_36-OPT_0,Yes,Oui,Sì,はい,네,Sí,Sí,Sim,Tak,Ja,Да,Так,是
DIALOGUE_PODUNK_CUTSCENES_MAYOR_PIPPI_RESCUE_36-OPT_1,No,Non,No,いいえ,아니오,No,No,Não,Nie,Nein,Нет,Ні,否
DIALOGUE_PODUNK_CUTSCENES_MAYOR_PIPPI_RESCUE_37,"[@]Heehee, you didn't have to answer, cutie.","[@]Hihi, t'avais pas besoin de répondre, chouchou.","[@]Eheh, non serve che rispondi, carino.",[@]こたえなくてもよかったのに。\nかわいいひと・・・。,"[@]헤헤, 대답 안 해도 돼, 오빠.","[@]Jeje, no hacía falta que respondieras, bombón.","[@]Je, je. No hace falta que respondas, bombón.","[@]Hihi, você não precisava responder, fofinho.","[@]Hihi, nie musiałeś odpowiadać, słodziutki.","[@]Hehe, du musst nicht antworten, Süßer.","[@]Хи-хи, мог и не отвечать, душка.","[@]Хі-хі, міг би й не відповідати, крихітко.",[@]嘻嘻，你不用回答啦，小可爱。
DIALOGUE_PODUNK_CUTSCENES_MAYOR_PIPPI_RESCUE_38,[@]I'll bring over [color]something special[/color].,[@]Je vais t'amener [color]queleque-chose de spécial[/color].,,,,,,,,,,,
DIALOGUE_PODUNK_CUTSCENES_MAYOR_PIPPI_RESCUE_44,"[@]Give this girl a form DIS-600, mayoral disclaimer of liability.","[@]Donnez à cette fille un formulaire DIS-600, clause de non-responsabilité maïoral. ",,,,,,,,,,,
DIALOGUE_PODUNK_CUTSCENES_MAYOR_PIPPI_RESCUE_46,[@][Pippi] got a form. It has lots of big words.,[@][Pippi] reçois un forumulaire. Il est plein de mots et de lettres.,,,,,,,,,,,
DIALOGUE_PODUNK_CUTSCENES_MAYOR_PIPPI_RESCUE_48,[@]Don't forget to fill out the back too.,[@]N’oublie pas de remplir les deux côtés.,,,,,,,,,,,
DIALOGUE_PODUNK_CUTSCENES_MAYOR_PIPPI_RESCUE_49,"[@]That's awfully nice of you, mayor sir.[WAIT@]Now let's see ... 'name' ...[WAIT] What's your name? Is 'mayor' good? Does it have one 'y' or two?","[@]T’es trop genereux, monsieur maire.[WAIT@]Ça dit «nom» … [WAIT]Comment t’appelles tu? [WAIT]«Maire», ça va? Et est-ce que «maire» a un erre ou deux?",,,,,,,,,,,
DIALOGUE_PODUNK_CUTSCENES_MAYOR_PIPPI_RESCUE_51,"[@]As your mayor, it is my duty to remind you of the importance of going to school and getting an education.[WAIT@]If you went to school, you might know how to fill out a simple form.","[@]Comme votre maire, c’est ma responsabilité de vous rappellez de l’importance d’allez à l’école et d’obtenir une bonne éducation.[WAIT@]Si vous alliez à l’école, peut-être vous sauriez comment remplir un forumulaire simple.",,,,,,,,,,,
DIALOGUE_PODUNK_CUTSCENES_MAYOR_PIPPI_RESCUE_52,"[@]But school's boring, and besides, there's so much more to do outside.","[@]Mais l’école est ennuyant, et en plus, il y a beaucoup plus a faire dehors.",,,,,,,,,,,
DIALOGUE_PODUNK_CUTSCENES_MAYOR_PIPPI_RESCUE_54,[@]How about we give this to [Ninten] instead?,[@]Et si nous donneriez ceci à [Ninten]?,,,,,,,,,,,
DIALOGUE_PODUNK_CUTSCENES_MAYOR_PIPPI_RESCUE_55,[@]The mayor takes the form from [Pippi] and hands it to [Ninten].,[@]Le maire prend le formulaire de [Pippi] et le donne à [Ninten].,,,,,,,,,,,
DIALOGUE_PODUNK_CUTSCENES_MAYOR_PIPPI_RESCUE_56,"[@][Ninten], I'll need you to stay here and handle the paperwork.[WAIT@]I assume you can read?","[@][Ninten], Il faut que vous restiez ici. [WAIT@]Je présume que vous savez lire?",,,,,,,,,,,
DIALOGUE_PODUNK_CUTSCENES_MAYOR_PIPPI_RESCUE_SPEAKER_Abbott,Abbott,Abbé,Abbott,アボット,애버트,Abbott,Abbott,Abbott,Abbott,Abbott,Эббот,Еббот,阿博特
DIALOGUE_PODUNK_CUTSCENES_MAYOR_PIPPI_RESCUE_SPEAKER_Mayor_Goodman,Mayor Goodman,Maire Goodman,Sindaco Goodman,グッドマンちょうちょう,굿맨 시장,Alcalde Goodman,Alcalde Goodman,Prefeito Gentili,Burmistrz Goodman,Bürgermeister Goodman,Мэр Гудмен,Мер Гудмен,古德曼镇长
DIALOGUE_PODUNK_CUTSCENES_MICK_BARK_0,[@]Woof woof!,[@]Ouaf ouaf !,[@]Bau bau!,[@]ワンワン！,[@]멍 멍!,"[@]¡Guau, guau!","[@]¡Guau, guau!",[@]Au au!,[@]Hau hau!,[@]Wuff wuff!,[@]Гав-гав!,[@]Гав-гав!,[@]汪汪！
DIALOGUE_PODUNK_CUTSCENES_MICK_BARK_1,[@]Looks like Mick has something to tell you.,[@]On dirait que Mick a quelque chose à vous dire.,[@]Sembra che Mick abbia qualcosa da dirti.,[@]ミックが　はなしたいことが　あるようだ。,[@]믹이 당신에게 할 말이 있는 것 같다.,[@]Parece que Mick tiene algo que decirte.,[@]Parece que Mick tiene algo que contarte.,[@]Parece que o Mick tem algo para te dizer.,"[@]Wygląda na to, że Mick ma ci coś do powiedzenia.",[@]Mick scheint dir etwas sagen zu wollen.,"[@]Похоже, Мику есть что тебе сказать.","[@]Схоже, Міку є що тобі сказати.",[@]看样子米克有事情和你说。
DIALOGUE_PODUNK_CUTSCENES_MICK_BARK_SPEAKER_Mick,Mick,Mick,Mick,ミック,믹,Mick,Mick,Mick,Mick,Mick,Мик,Мік,米克
DIALOGUE_PODUNK_CUTSCENES_MIMMIE_IGNORE_0,"[@]Hey, where are you going?!","[@]Hé, tu vas où comme ça ?!","[@]Ehi, dove stai andando?!",[@]おにいちゃん　おいていかないで！,"[@]오빠, 어디가?!","[@]Hey, ¡¿a dónde vas?!","[@]Eh, ¡¿a dónde vas?!","[@]Ei, aonde você tá indo?!","[@]Hej, dokąd idziesz?!","[@]Hey, wohin gehst du?!","[@]Эй, куда ты?!","[@]Гей, ти куди?!",[@]嘿，你要上哪去？！
DIALOGUE_PODUNK_CUTSCENES_MIMMIE_IGNORE_1,[@]Please make sure it's dead...,[@]Va voir si elle s'est vraiment arrêtée de bouger...,"[@]Puoi vedere se è morta, per favore?",[@]うごかないか　みてきてよ・・・。,[@]안 움직이는지 확인만 해줘... 응?,"[@]Por favor, asegúrate que esté muerto...",[@]Ve a ver si está muerta de verdad...,"[@]Por favor, veja se ela já morreu...","[@]Upewnij się, że nie żyje...",[@]Bitte schau ob sie tot ist ...,"[@]Пожалуйста, посмотри, вдруг она ещё жива!..","[@]Будь ласка, переконайся, що вона мертва...",[@]请确保它不会再动了…
DIALOGUE_PODUNK_CUTSCENES_MIMMIE_IGNORE_SPEAKER_Mimmie,Mimmie,Mimmie,Mimmie,ミミー,미미,Mimmie,Mimmie,Mimmie,Mimmie,Mimmie,Мимми,Міммі,米米
DIALOGUE_PODUNK_CUTSCENES_MINNIE_DOOR_1,"[@]Ugh, it won't open!","[@]Argh, ça veut pas s'ouvrir !","[@]Uffa, non si apre!",[@]・・・うーん！　あかないよう！,"[@]으으, 꼼짝도 안 해!","[@]Puf, ¡no se abre!","[@]Jo, ¡no se abre!","[@]Argh, não quer abrir!","[@]Uch, nie chcą się otworzyć!","[@]Uhh, sie lässt sich nicht öffnen!",[@]...Ну откройся ты!,[@]Не відчиняється!,[@]呃…它打不开！
DIALOGUE_PODUNK_CUTSCENES_MINNIE_DOOR_SPEAKER_Minnie,Minnie,Minnie,Minnie,ミニー,미니,Minnie,Minnie,Minnie,Minnie,Minnie,Минни,Мінні,米妮
DIALOGUE_PODUNK_CUTSCENES_MINNIE_LEAVE_1,"[@]Way to go, [Ninten]![WAIT@]But our house is still falling apart!",[@]Bien joué [Ninten] ![WAIT@]Mais la maison est toujours en train de s'effondrer !,"[@]Sei un grande, [Ninten]![WAIT@]Ma la casa sta comunque cadendo a pezzi!",[@]わぁ！　おにいちゃん　つよーい！[WAIT@]でも　こわい！\nまだ　すごくゆれてる・・・。,"[@]좋았어, 오빠![WAIT@]근데 아직도 집이 무너지고 있어!","[@]¡Bien hecho, [Ninten]![WAIT@]¡Pero nuestra casa todavía se está cayendo a pedazos!","[@]¡Bien hecho, [Ninten]![WAIT@]¡Pero la casa todavía se está desmoronando!","[@]Isso aí, [Ninten]![WAIT@]Mas a nossa casa ainda está caindo aos pedaços!","[@]Brawo, [Ninten]![WAIT@]Ale nasz dom nadal się rozpada!","[@]Weiter so, [Ninten]![WAIT@]Aber unser Haus fällt immer noch auseinander!","[@]Молодец, [Ninten]![WAIT@]Но дом всё ещё трясётся!","[@]Молодець, [Ninten]![WAIT@]Але наш дім досі розвалюється!",[@]哇！干得好，[Ninten]哥哥！[WAIT@]但我们的房子还在晃个不停呢！
DIALOGUE_PODUNK_CUTSCENES_MINNIE_LEAVE_4,[@]I wonder how Mimmie's doing. Let's go check if she's okay!,[@]Je me demande comment va Mimmie. Allons voir !,[@]Chissà come sta Mimmie. Andiamo a controllare!,[@]ミミーが　しんぱいだわ！[WAIT@]おにいちゃん！\nはやく　たすけにいかなきゃ！,[@]미미도 괜찮은지 확인하러 가자!,[@]Me pregunto cómo estará Mimmie. ¡Vamos a ver si está bien!,[@]Me pregunto cómo estará Mimmie. ¡Vayamos a verla!,[@]E quanto à Mimmie? Vamos lá ver se ela está bem!,"[@]Ciekawe co u Mimmie. Sprawdźmy, czy wszystko z nią w porządku!","[@]Ich frag mich, wie's Mimmie geht. Lass uns schauen, ob es ihr gut geht!",[@]Пошли к Мимми. Вдруг что случилось!..,"[@]А що ж з Міммі?! Пішли перевіримо, чи з нею все гаразд!",[@]不知道米米怎么样了，我们快去看看她吧！
DIALOGUE_PODUNK_CUTSCENES_MINNIE_LEAVE_SPEAKER_Minnie,Minnie,Minnie,Minnie,ミニー,미니,Minnie,Minnie,Minnie,Minnie,Minnie,Минни,Мінні,米妮
DIALOGUE_PODUNK_CUTSCENES_MONKEY_APOLOGIZE_1,"[@]EEK, EE EEEK, EEK.","[@]OUH, OUK HII, OUK HI !","[@]EEK, EE EEEK, EEK.",[@]キャッキャキャ　ウキーキー。,"[@]우끼, 우끼끼, 우끼.","[@]EEK, EE EEEK, EEK.","[@]IIK, II IIIK, IIK.","[@]UUH, UH UH, AH AAH!","[@]UUU, UUU, AA, AA!","[@]UUHK, UH-AAAHK, AAK.","[@]У, у, у.  У, а, а!","[@]У, у, у. У, а, а!",[@]咿咿——！咿咿咿——！咿咿。
DIALOGUE_PODUNK_CUTSCENES_MONKEY_APOLOGIZE_2,(Sorry for stealing your key earlier.[WAITBR]Let me make it up to you with a song.),(Désolé de t'avoir volé ta clé tout à l'heure.[WAITBR]Laisse-moi te chanter une chanson pour me faire pardonner.),(Scusa per averti rubato la chiave.[WAITBR]Mi faccio perdonare con una canzone.),（カギを　うばって　わるかったな。[WAITBR]おわびに　うたを　うたってあげるよ）,(아까 열쇠 훔쳐서 미안해.[WAITBR]내 노래를 들어서라도 용서해 줘.),(Lo siento por robar tus llaves antes.[WAITBR]Déjame compensarte con una canción.),(Perdón por haberte robado la llave antes.[WAITBR]Deja que te compense con una canción.),"(Desculpa ter roubado a sua chave, parceiro.[WAITBR]Deixe eu me redimir com uma canção.)",(Przepraszam za kradzież klucza.[WAITBR]Wynagrodzę ci to pewną piosenką.),"(Entschuldigung, dass ich vorhin deinen Schlüssel gestohlen habe.[WAITBR]Machen wir es wieder gut mit einem Lied.)","(Извини, за то что украла у тебя ключ.[WAITBR]Позволь мне загладить свою вину песней.)","(Вибач, що вкрала у тебе ключ. [WAITBR] Дозволь мені згладити свою провину піснею.)",（对不起，之前偷了你的钥匙，[WAITBR]让我唱首歌来补偿你吧。）
DIALOGUE_PODUNK_CUTSCENES_MONKEY_APOLOGIZE_SPEAKER_Monkey,Monkey,Singe,Scimmia,サル,원숭이,Mono,Mono,Macaco,Małpa,Affe,Обезьянка,Мавпочка,小猴子
DIALOGUE_PODUNK_CUTSCENES_PILLOW_ATTACK_2,"[@]Big brother, is that you?!","[@]C'est toi, grand frère ?!","[@]Fratellone, sei tu?!",[@]おにいちゃん！　こわいよー！,[@]오빠? 오빠 맞아?!,"[@]Hermanito, ¡¿eres tú?!","[@]¡Hermanito, ¿eres tú?!","[@]Irmãozão, é você?!","[@]Starszy bracie, to ty?!","[@]Bruder, bist du das?!","[@]Братец, это ты?!","[@]Старший брат, це ти?!",[@]大哥哥，是你吗？！
DIALOGUE_PODUNK_CUTSCENES_PILLOW_ATTACK_4,[@]Watch out! It's a crazy pillow!,[@]Attention ¦ C'est un oreiller fou !,[@]Attento! Quel cuscino è impazzito!,[@]あぶない！　マクラが！,[@]조심해! 베개가 미쳤나 봐!,[@]¡Cuidado! ¡La almohada está loca!,[@]¡Cuidado! ¡La almohada está viva!,[@]Cuidado! O travesseiro tá maluco!,[@]Uważaj! Ta poduszka zwariowała!,[@]Pass auf! Da ist ein wahnsinniges Kissen!,[@]Смотри! Подушка с ума сошла!,[@]Обережно! Ця подушка скажена!,[@]当心！那个枕头要-
DIALOGUE_PODUNK_CUTSCENES_PILLOW_ATTACK_SPEAKER_Minnie,Minnie,Minnie,Minnie,ミニー,미니,Minnie,Minnie,Minnie,Minnie,Minnie,Минни,Мінні,米妮
DIALOGUE_PODUNK_CUTSCENES_PIPPI_REUNITE_0,[@]Sigh... She's not here either...,[@]*soupir*... Elle n'est pas là non plus...,[@]Sigh... non è neanche qui...,[@]はぁ・・・　ここにもいない・・・。,[@]후우... 여기에도 없네...,[@]Ah... Ella tampoco esta aquí...,[@]*suspiro*... Tampoco está por aquí...,"[@]Ai, ai... Ela não está aqui também...",[@]Ech... Tu też jej nie ma...,[@]Seufz ... Hier ist sie auch nicht ...,[@]Ох... И здесь её нет...,[@]Ех... і тут її нема...,[@]唉…她也不在这里…
DIALOGUE_PODUNK_CUTSCENES_PIPPI_REUNITE_3,[@]Mom?,[@]Maman ?,[@]Mamma?,[@]ママ？,[@]엄마?,[@]¿Mamá?,[@]¿Mamá?,[@]Mãe?,[@]Mamo?,[@]Mama?,[@]Мама?,[@]Мама?,[@]妈妈？
DIALOGUE_PODUNK_CUTSCENES_PIPPI_REUNITE_4,[@][Pippi]...?[WAIT@]Is that you?,[@][Pippi]... ?[WAIT@]C'est toi ?,[@][Pippi]...?[WAIT@]Sei tu?,[@][Pippi]ちゃん・・・？[DELAY]\n[Pippi]ちゃんなの？！,[@][Pippi]...?[WAIT@]정말 너니?,[@]¿[Pippi]...?[WAIT@]¿Eres tú?,[@]¿[Pippi]...?[WAIT@]¿Eres tú?,[@][Pippi]...?[WAIT@]É você?,[@][Pippi]...?[WAIT@]Czy to ty?,[@][Pippi] ...?[WAIT@]Bist du das?,[@][Pippi]?..[WAIT@]Это ты?,[@][Pippi]?..[WAIT@]Це ти?,[@][Pippi]…？[DELAY][BR][Pippi]是你吗？
DIALOGUE_PODUNK_CUTSCENES_PIPPI_REUNITE_6,[@]Yup!,[@]Oui !,[@]Sì!,[@]ママ！　ただいま！,[@]응!,[@]¡Sí!,[@]¡Sí!,[@]Aham!,[@]Taaak!,[@]Jup!,"[@]Да, это я!",[@]Ага!,[@]嗯！
DIALOGUE_PODUNK_CUTSCENES_PIPPI_REUNITE_7,"[@]Oh, what a relief![DELAY:15][BR@]I thought I lost you forever[DELAY:10:3]...[DELAY:15][BR@]Where in the world did you wander off to this time?","[@]Oh, j'ai eu tellement peur ![DELAY:15][BR@]J'ai cru que je t'avais perdue pour toujours[DELAY:10:3]...[DELAY:15][BR@]Où est-ce que tu es encore allée traîner, cette fois ?","[@]Oh, che sollievo![DELAY:15][BR@]Credevo di averti persa per sempre[DELAY:10:3]...[DELAY:15][BR@]Dove caspita sei finita stavolta?",[@]あぁ！　よかった！　よかったわ！[DELAY:5][BR][Pippi]ちゃん！[DELAY:15][BR@]ママ　もう　しんぱいで　しんぱいで・[DELAY:8:3]・・。[WAIT@]それで・[DELAY:5:3]・・。[DELAY:15][BR]いったい　どこにいっていたの？！,[@]정말 다행이구나![DELAY:15][BR@]영원히 못 찾으면 어쩌나 싶었는데[DELAY:10:3]...[DELAY:15][BR@]도대체 어디서 뭘 하고 있던 거니?,"[@]¡Oh, qué alivio![DELAY:15][BR@]Pensaba que te había perdido para siempre[DELAY:10:3]...[DELAY:15][BR@]¿Dónde rayos te habías metido esta vez?","[@]¡Oh, qué alivio![DELAY:15][BR@]Pensaba que te había perdido para siempre[DELAY:10:3]...[DELAY:15][BR@]¿Dónde narices te habías metido esta vez?","[@]Ah, que alívio![DELAY:15][BR@]Eu achei que tinha te perdido para sempre[DELAY:10:3]...[DELAY:15][BR@]Onde raios você se meteu dessa vez?","[@]Och, co za ulga![DELAY:15][BR@]Myślałam, że straciłam cię na zawsze[DELAY:10:3]...[DELAY:15][BR@]Gdzie się podziałaś tym razem?","[@]Oh, was für eine Erleichterung![DELAY:15][BR@]Ich dachte, ich verliere dich für immer [DELAY:10:3]...[DELAY:15][BR@]Wohin bist du diesmal nur gegangen?","[@]Фух, слава богу![DELAY:15][BR@]Я уж думала, совсем тебя потеряла![DELAY:15][BR@]И куда же ты в этот раз запропастилась?","[@]Фух, слава богу![DELAY:15][BR@]Я вже думала, назовсім тебе втратила![DELAY:15][BR@]І куди ж тебе затягнуло у цей раз?",[@]啊…真是松了口气，[DELAY:15][BR@]我还以为再也见不到你了[DELAY:10:3]…[DELAY:15][BR@]你这回又跑到哪儿去了？
DIALOGUE_PODUNK_CUTSCENES_PIPPI_REUNITE_10,"[@]You won't believe it, but I was chasing a butterfly when suddenly, some zombies kidnapped me!","[@]Tu vas pas me croire, mais je courais après un papillon et tout d'un coup des zombies m'ont capturée !","[@]Forse non ci credi, ma stavo inseguendo una farfalla e poi mi hanno rapito gli zombi.",[@]あのね！　[DELAY]きれいなチョウチョを　みつけたの！[DELAY]\nおいかけてたら　はかばのほうまでいっちゃって[DELAY]\nゾンビに　おそわれたのよ！　[WAIT@]それで　さらわれちゃったの・・・。,[@]그게... 어제 나비를 쫓고 있었는데 갑자기 좀비들이\n절 납치했어요!,"[@]No me lo vas a creer, pero estuve persiguiendo una mariposa cuando de repente, ¡unos zombis me secuestraron!",[@]¡No te lo vas a creer! Estaba persiguiendo una mariposa y de repente... ¡me raptaron unos zombis!,"[@]Você não vai acreditar, mas eu estava perseguindo uma borboleta. Aí, de repente, uns zumbis me sequestraram!","[@]Nie uwierzysz, ale goniłam motyla, gdy nagle porwały mnie jakieś zombie!","[@]Du wirst mir's nicht glauben, ich hab einen Schmetterling verfolgt, als ich plötzlich von Zombies entführt wurde!","[@]Ты не поверишь:[DELAY] я гналась за бабочкой, и вдруг меня схватили и похитили зомби!","[@]Ти не повіриш, але я гналася за метеликом, і раптом мене схопили та викрали зомбі!",[@]说出来你肯定不信。[WAIT@]当时我正在追一只蝴蝶，[DELAY]突然！有几个丧尸把我给抓了起来！
DIALOGUE_PODUNK_CUTSCENES_PIPPI_REUNITE_11,[@]Really?,[@]Vraiment ?,[@]Davvero?,[@]まぁ・・・！　こわかったでしょうに・・・。,[@]정말?,[@]¿En serio?,[@]¿En serio?,[@]É sério?,[@]Poważnie?,[@]Ach wirklich?,[@]Неужели?,[@]Справді?,[@]真的吗？
DIALOGUE_PODUNK_CUTSCENES_PIPPI_REUNITE_12,[@]Yeah! They even locked me in a coffin!,[@]Ouais ! Ils m'ont même enfermée dans un cercueil !,[@]Sì! Mi hanno anche chiuso in una bara!,[@]へいきよ！　[DELAY]なんとか　にげようと\nしたんだけど　[DELAY]カンオケのなかに\nとじこめられちゃってね。,[@]네! 게다가 관에 가뒀어요!,[@]¡Sí! ¡Incluso me encerraron en un ataúd!,[@]¡Sí! ¡Hasta me encerraron en un ataúd!,[@]Sim! Eles me trancaram num caixão!,[@]Tak! Nawet zamknęli mnie w trumnie!,[@]Ja! Sie haben mich in einen Sarg eingeschlossen!,[@]Да! Они даже закрыли меня в гробу!,[@]Так! Вони навіть запхали мене в труну!,[@]没错！它们甚至还把我锁在棺材里！
DIALOGUE_PODUNK_CUTSCENES_PIPPI_REUNITE_13,[@]That must have been terrifying!,[@]Ça devait être terrifiant !,[@]Che paura che avrai avuto!,[@]え！？　カンオケのなかに！？,[@]정말 무서웠겠구나.,[@]¡Eso debió de haber sido terrorífico!,[@]¡Debiste de pasrlo fatal!,[@]Isso deve ter sido horrível!,[@]To musiało być przerażające!,[@]Das muss schrecklich gewesen sein!,[@]Ужас какой!,[@]Який жах!,[@]天啊…那得多么吓人啊！
DIALOGUE_PODUNK_CUTSCENES_PIPPI_REUNITE_14,"[@]Eh, not really. It was kind of cozy actually.","[@]Oh, pas vraiment. C'était assez confortable, en fait.","[@]Mah, non tanto. Si stava bene.",[@]えへへ・・・[DELAY]\nいがいと　いごごちよかったよ！,[@]사실 좀 아늑했어요.,"[@]Eh, no realmente. Estaba bastante cómodo y era algo acogedor.","[@]Bah, no ha sido para tanto. De hecho, era bastante cómodo.","[@]Nhé, não muito. Até que tava confortável.",[@]Nie do końca. W sumie było całkiem przytulnie.,"[@]Äh, nicht wirklich. Eigentlich war es sogar recht entspannt.","[@]Э-э-э, ну не. Там было вполне уютно.","[@]Е-е-е, не сказала би. Там було досить затишно.",[@]嗯，不完全是啦。[DELAY]事实上还挺舒服的。
DIALOGUE_PODUNK_CUTSCENES_PIPPI_REUNITE_15,"[@]And I assume it was [Ninten] over there that saved you, right?","[@]Et j'imagine que c'est [Ninten] qui t'a sauvée, c'est ça ?",[@]Ed è stato [Ninten] a salvarti?,[@]あらあら　[Pippi]ちゃんたら・・・\nもしかして　[Ninten]くんが\nあなたを　たすけてくれたの？,"[@]그리고 널 구해준 게 이쪽에 있는 [Ninten]\n같은데, 맞니?","[@]Y supongo que fue [Ninten] el que te salvó, ¿cierto?","[@]Y supongo que ha sido [Ninten] quien te ha rescatado, ¿verdad?","[@]E, pelo jeito, foi o [Ninten] que te salvou, não é?","[@]I zakładam, że to [Ninten] cię uratował, prawda?","[@]Und ich nehme an, es war [Ninten] dort, der dich gerettet hat?","[@]И я полагаю, что [Ninten] тебя спас?","[@]І, бачу, це саме [Ninten] тебе врятував?",[@]那我猜是一定是[Ninten]把你救了出来，对吧？
DIALOGUE_PODUNK_CUTSCENES_PIPPI_REUNITE_16,"[@]Hmm, I guess you could say that.","[@]Hmm, on peut dire ça.",[@]Diciamo di sì.,[@]えーと・・・・・・。[WAIT@]・・・・・・[DELAY]うん！[DELAY]　そうよ！[DELAY]\nかれが　たすけにきてくれたの！,[@]네!,"[@]Mmm, eso se podría decir.","[@]Sí, algo así.","[@]Hmm, é, foi por aí...","[@]Hmm, można tak powiedzieć.","[@]Hmm, ich denke, so kann man's sagen.","[@]Хм-м-м, ну что-то вроде того.","[@]Гм-м-м, щось таке.",[@]呣，可以那么说。
DIALOGUE_PODUNK_CUTSCENES_PIPPI_REUNITE_17,"[@]Oh, I knew I could count on you to save my precious [Pippi].","[@]Oh, je savais que je pouvais compter sur toi pour sauver ma petite [Pippi] adorée.",[@]Sapevo di poter contare su di te.,[@]まあまあ！　[Ninten]くん！[WAIT@]あなたは　なんて　ゆうかんなのかしら！[DELAY]\n[Pippi]ちゃんの　いのちの　おんじんよ！,[@]내 소중한 [Pippi]를 구해줘서 고마워.,"[@]Oh, sabía que podía contar contigo para salvar a mi preciosa [Pippi].","[@]¡Ay, sabía que podía contar contigo para salvar a mi preciosa [Pippi]!","[@]Ah, eu sabia que podia contar com você para salvar a minha querida [Pippi]!","[@]Och, wiedziałam, że uratujesz moją najdroższą [decline:Pippi:F:3].","[@]Oh, ich wusste, dass ich auf dich zählen kann, meine kostbare [Pippi] zu retten.","[@][Ninten], я знала, что на тебя можно положиться.","[@][Ninten], я знала, що на тебе можна покластися.",[@]哎呀，我就知道，你一定能救回我亲爱的[Pippi]。
DIALOGUE_PODUNK_CUTSCENES_PIPPI_REUNITE_18,"[@]Thank you, [Ninten]. You truly are a hero.","[@]Merci, [Ninten]. Tu es un vrai héros.","[@]Grazie, [Ninten]. Sei davvero un eroe.",[@]ほんとうに　どうもありがとう！,"[@][Ninten], 넌 우리의 진정한 영웅이야. 고마워!","[@]Gracias, [Ninten]. Eres un verdadero héroe.","[@]Gracias, [Ninten]. Eres todo un héroe.","[@]Obrigada, [Ninten], você é mesmo um herói.","[@]Dziękuję, [Ninten]. Prawdziwy z ciebie bohater.","[@]Ich danke dir, [Ninten]. Du bist wahrlich ein Held.",[@]Спасибо тебе большое. Ты настоящий герой.,[@]Щиро тобі дякую. Ти справжній герой.,[@]谢谢你，[Ninten]！你真是一个英雄！
DIALOGUE_PODUNK_CUTSCENES_PIPPI_REUNITE_19,"[@]Say mom, you mind helping us with something?","[@]Dis, Maman, tu peux nous aider pour quelque chose ?","[@]Senti, mamma, ci puoi aiutare?",[@]そうだ　ママ！　ききたいことがあるんだ！,"[@]엄마, 우리 좀 도와줄 수 있어요?","[@]Dime, mamá, ¿te importaría ayudarnos en algo?","[@]Oye, mamá, ¿te importaría ayudarnos con algo?","[@]Mamãe, você pode nos ajudar com uma coisinha?","[@]Mamo, możesz nam w czymś pomóc?","[@]Sag Mama, kannst du uns da bei etwas helfen?","[@]Мам, слушай, а можешь помочь нам кое с чем?","[@]Слухай, мамо, а можеш нам допомогти?",[@]对了妈妈，我想问你件事情！
DIALOGUE_PODUNK_CUTSCENES_PIPPI_REUNITE_20,"[@]Yeah, sure! What is it?","[@]Oui, bien sûr ¦ Qu'est-ce que je peux faire ?","[@]Certo, cosa ti serve?",[@]どうしたの？　[Pippi]ちゃん。,[@]그럼! 뭘 도와줄까?,[@]¡Seguro! ¿Qué es?,[@]¡Claro que sí! ¿Qué necesitáis?,[@]É claro! O que é?,"[@]Tak, jasne! W czym problem?",[@]Aber klar! Was gibt es?,"[@]Конечно, что такое?","[@]Так, звичайно! З чим?",[@]好的，当然！有什么事吗？
DIALOGUE_PODUNK_CUTSCENES_PIPPI_REUNITE_21,[@]You see... This poor birdie got lost and we're trying to find its mommy.,[@]Regarde... Ce pauvre petit oiseau s'est perdu et on essaye de retrouver sa maman.,[@]Vedi... questo uccellino si è perso e stiamo cercando la sua mamma.,[@]わたしたち[DELAY:5]　まちで　このこを　みつけたの！[WAIT@]このこを　ママのところにかえしてあげたくて\nいま　さがしてるところなんだけど。,[@]이 새가 길을 잃어서 엄마 새를 찾고 있어요.,[@]Verás... Este pobre pajarito se ha perdido y estamos tratando de encontrar a su mami.,[@]Verás... Este pobre pajarito se ha perdido y estamos buscando a su mami.,[@]É o seguinte... Esse pobre passarinho se perdeu e estamos procurando a mãe dele.,[@]Widzisz... Ten biedny ptaszek się zgubił i próbujemy znaleźć jego mamę.,"[@]Also ... dieses arme Vögelchen hat sich verirrt und wir versuchen, seine Mama zu finden.","[@]Видишь... Этот бедный птенчик потерялся, и мы пытаемся найти его мамочку.","[@]Бачиш... Це бідне пташеня загубилося, і ми намагаємося знайти його матусю.",[@]你看…这只可怜的小金丝雀走丢了，[WAIT@]我们正在找它的妈妈呢。
DIALOGUE_PODUNK_CUTSCENES_PIPPI_REUNITE_22,[@]Have you seen her?,"[@]Tu l'aurais pas vue, par hasard ?",[@]L'hai vista per caso?,[@]ママ　こころあたりない？,[@]혹시 본 적 있어요?,[@]¿La has visto?,[@]¿La has visto?,[@]Você viu ela por aí?,[@]Widziałaś ją?,"[@]Weißt du, wo sie ist?",[@]Ты видела её?,[@]Ти її зустрічала?,[@]你有没有见过她呀？
DIALOGUE_PODUNK_CUTSCENES_PIPPI_REUNITE_23,"[@]Oh! That must be singing Laura's baby![WAIT@]She's so sad, she's hardly showing herself to anyone these days.","[@]Oh ! C'est sûrement le bébé de Laura, l'oiseau chanteur ![WAIT@]Elle a l'air tellement triste, elle ne se montre presque plus ces derniers temps.",[@]Oh! Ma quello è il piccolo di Laura la canterina![WAIT@]È così triste che non si fa vedere in giro ultimamente.,[@]もしかして・・・[DELAY]　このこ\nうたひめローラのこども　じゃない！？[WAIT@]こどもをなくして　おちこんでたから\nローラは　ひとまえにすがたを\nみせなくなったと　きいているわ。,[@]오! 로라의 아기인 거 같은데![WAIT@]근데 로라는 지금 슬퍼서인지 모습을 드러내지 않고\n있단다...,"[@]¡Oh! ¡Ese debe de ser el bebé de Laura Cantora![WAIT@]Ella está muy triste, difícilmente se muestra a alguien en estos días.",[@]¡Oh! ¡Este tiene que ser el bebé de Laura Cantora![WAIT@]Últimamente está tan triste que casi no se deja ver.,"[@]Ah! Deve ser o bebê da Laura cantante![WAIT@]Ela está tão triste, mal aparece pros outros ultimamente.","[@]Och! To musi być dziecko śpiewającej Laury![WAIT@]Jest taka smutna, prawie nikomu się nie pokazuje.","[@]Oh! Das muss das Baby von Laura, dem Singvogel, sein![WAIT@]Sie ist so traurig, sie zeigt sich die Tage kaum jemandem.","[@]А, наверное, это птенец певчей Лоры![WAIT@]Ей так грустно, что теперь она почти даже не показывается.","[@]О! Найімовірніше, це пташеня співочої Лори![WAIT@]Їй настільки сумно, що останнім часом вона зовсім відсторонилася від усіх.",[@]哦！那一定是鸣鸟劳拉的孩子！[WAIT@]她太难过了，这些天几乎谁也不见。
DIALOGUE_PODUNK_CUTSCENES_PIPPI_REUNITE_25,"[@]I don't know where she is now, but I do know [color]she's still somewhere on this island[/color].","[@]Je ne sais pas où elle se trouve actuellement, mais je sais qu'elle est [color]toujours quelque part sur cette île[/color].","[@]Non so dov'è, ma so che è [color]ancora su quest'isola[/color].",[@]いま　どこにいるか　わからないけど\nきっと　カナリアむらからは　[color]でていない[/color]はずよ。\nきっと　[color]このむらのどこか[/color]にいるわ！,[@]어디에 있는지는 모르겠지만 [color]이 근처[/color]에는 있을\n거란다.,"[@]No sé dónde estará ahora, pero sé que [color]todavía está en algún lugar de esta isla[/color].","[@]No sé dónde estará ahora, pero estoy segura de que [color]sigue en algún lugar de esta isla[/color].","[@]Eu não sei onde ela está agora, mas sei que [color]ela ainda está em algum lugar desta ilha[/color].","[@]Nie wiem, gdzie jest teraz, ale wiem, że nadal jest [color]gdzieś na tej wyspie[/color].","[@]Ich weiß nicht, wo sie gerade ist, aber ich weiß, [color]sie ist immer noch irgendwo auf der Insel.[/color]","[@]Не знаю, где она сейчас, но [color]она точно где-то на этом островке[/color].","[@]Не впевнена, де вона зараз, але точно знаю, що [color]вона залишилась десь на цьому острівці[/color].",[@]我不知道她在哪里，但是我知道[color]她肯定还在岛屿的某个地方[/color]。
DIALOGUE_PODUNK_CUTSCENES_PIPPI_REUNITE_26,"[@]If you need anything else, feel free to ask me.","[@]Si vous avez besoin de quoi que ce soit d'autre, n'hésitez pas à me le demander.","[@]Se hai bisogno di altro, chiedi pure.",[@]ほかに　わからないことがあれば\nなんでも　きいて　ちょうだいね！,[@]더 필요한 게 있으면 나한테 물어보렴.,"[@]Si necesitan algo más, no duden en preguntarme.","[@]Si necesitáis algo más, no dudéis en pedírmelo.","[@]Se vocês precisarem de algo, estarei aqui.","[@]Jeśli potrzebujesz czegoś więcej, nie wahaj się mnie zapytać.","[@]Falls ihr noch was braucht, könnt ihr mich gerne fragen.","[@]Если что-то ещё нужно спросить, я буду тут.","[@]Не соромтеся запитувати, якщо вам ще щось знадобиться.",[@]要是还需要什么，随时来问我。
DIALOGUE_PODUNK_CUTSCENES_PIPPI_REUNITE_27,"[@]Okay thanks, mom!","[@]D'accord, merci Maman !","[@]Ok, grazie mamma!",[@]わかった！　ありがとう　ママ！[WAIT@]さぁ！　[Ninten]くん！[DELAY]\nローラを　さがしに　いきましょ！,"[@]고마워, 엄마!","[@]¡Está bien, gracias, mamá!","[@]¡Vale, mamá! ¡Gracias!","[@]Tá bom, obrigada mamãe!","[@]Dzięki, mamo!","[@]Okay, danke Mama.","[@]Хорошо, спасибо, мам!","[@]Добре, дякую, мам!",[@]好的妈妈！谢谢你！
DIALOGUE_PODUNK_CUTSCENES_PIPPI_REUNITE_SPEAKER_???,???,???,???,？？？,???,???,???,???,???,???,???,???,？？？
DIALOGUE_PODUNK_CUTSCENES_PIPPI_REUNITE_SPEAKER_Mrs._Lindgren,Mrs. Lindgren,Mᵐᵉ Lindgren,Sig.ra Lindgren,リンドグレーンさん,린드그렌 부인,Sra. Lindgren,Sra. Lindgren,Sra. Lindgren,Pani Lindgren,Frau Lindgren,Миссис Линдгрен,Місіс Ліндгрен,林德格伦夫人
DIALOGUE_PODUNK_CUTSCENES_PIPPI_TOWN_HALL_CANARY_0,"[@]Hey! We're supposed to deliver this canary to its mom, remember?[WAIT@]Canary Village is at the northwest of town.[WAIT@]Come on, let's go!","[@]Hé ¦ On est censés ramener ce canari à sa maman, t'as pas oublié ?[WAIT@]Le village Canari est au nord-ouest de la ville.[WAIT@]Allez, on y va ¦","[@]Ehi! Dobbiamo riportare questo canarino dalla sua mamma, ricordi?[WAIT@]Il Villaggio Canarino è a nordovest della città.[WAIT@]Forza, andiamo!",[@]なにしてるのよ？\nこのこを　ママのところに\nかえしにいこうよ！[WAIT@]カナリアむらは　まちの　ほくせいよ！[WAIT@]さぁ！　いきましょ！,"[@]이 카나리아를 엄마 새한테 데려다줘야 해,\n기억하지?[WAIT@]카나리아 마을은 마을 북서쪽에 있어.[WAIT@]자, 가자!","[@]¡Hey! Se supone que debemos llevar a este canario con su madre, ¿recuerdas?[WAIT@]La Villa Canario está al noroeste de la ciudad.[WAIT@]¡Vamos!","[@]¡Eh! Se supone que tenemos que llevar a este canario con su madre, ¿no te acuerdas?[WAIT@]La Aldea Canaria está al noroeste del pueblo.[WAIT@]¡Venga, vamos!","[@]Ei! A gente tem que entregar esse canarinho pra mãe dele, lembra?[WAIT@]A Vila Canarinho fica a noroeste da cidade.[WAIT@]Vamos lá! Bora!","[@]Hej! Mamy dostarczyć tego kanarka do jego mamy, pamiętasz?[WAIT@]Wioska Kanarków jest w północno-zachodniej części miasta.[WAIT@]No chodź, idziemy!","[@]Hey! Wir wollten dieses Küken zu seiner Mutter bringen, erinnerst du dich?[WAIT@]Das Kanariendorf liegt im Nordwesten der Stadt.[WAIT@]Komm, lass uns gehen!",[@]Стой! Мы ведь хотели найти маму канарёнка![WAIT@]Канарская деревушка находится к северо-западу от города.[WAIT@]Пошли!,"[@]Гей, ти забув? Нам треба повернути пташеня його матусі![WAIT@]Село канарок знаходиться на північний захід від міста.[WAIT@]Ну ж, гайда!",[@]嘿！我们得将这只小金丝雀宝宝送到它妈妈那里去，[BR][DELAY]你还记得吗？[WAIT@]金丝雀村庄在镇子的西北方。[WAIT@]来吧，我们走！
DIALOGUE_PODUNK_CUTSCENES_PIPPI_TOWN_HALL_REJECT_0,"[@]Hey, why are we going to the town hall?[WAIT@]Isn't that place boring?[WAIT@]Come on, let's go somewhere else![WAIT@]How about the [color]department store[/color]?[WAIT@]I hear they have a new animal at the [color]pet shop[/color] there!","[@]Hé, pourquoi on va à la mairie ?[WAIT@]C'est barbant comme endroit, non ?[WAIT@]Allons autre part ![WAIT@]Le [color]centre commercial[/color], ça te dirait ?[WAIT@]Il paraît qu'ils ont un nouvel animal à l'[color]animalerie[/color] là-bas !","[@]Ehi, perché stiamo andando al municipio?[WAIT@]Secondo me lì è una noia.[WAIT@]Forza, andiamo da un'altra parte![WAIT@]Che ne dici del [color]centro commerciale[/color]?[WAIT@]Ho saputo che hanno un altro animale al [color]negozio di animali[/color]!",[@]まちやくばに　なんのようがあるの？[WAIT@]ここって　たいくつよ。[WAIT@]もっと　ほかの\nたのしいところに　いきましょうよ！[WAIT@]そうねぇ・・・　[color]デパート[/color]なんかどう？[WAIT@]ペットショップに　[color]カナリアのヒナ[/color]が\nあたらしくはいったんですって！,[@]왜 시청에 온 거야?[WAIT@]여긴 재미없잖아.[WAIT@]어서 다른 곳으로 가자![WAIT@][color]백화점[/color]은 어때?[WAIT@]거기 펫숍에 다시 새 동물들이 생겼대!,"[@]Oye, ¿por qué estamos yendo al ayuntamiento?[WAIT@]¿No es aburrido ese lugar?[WAIT@]Anda, ¡vayamos a otro sitio![WAIT@]¿Qué tal si vamos al [color]centro comercial[/color]?[WAIT@]¡Escuché que tienen un nuevo animalito en la [color]tienda de mascotas[/color]!","[@]Eh, ¿por qué vamos al ayuntamiento?[WAIT@]¡Ese lugar es un tostón![WAIT@]Venga, ¡vamos a otro sitio![WAIT@]¿Qué te parece si vamos al [color]centro comercial[/color]?[WAIT@]¡He oído que tienen un animal nuevo en la [color]tienda de mascotas[/color]! ","[@]Ei, por que estamos indo pra prefeitura?[WAIT@]Lugar mais chato![WAIT@]Anda, vamos para outro lugar![WAIT@]Que tal o [color]mercado[/color]?[WAIT@]Ouvi falar que tem um novo animalzinho lá no [color]pet shop[/color]!","[@]Hej, dlaczego idziemy do ratusza?[WAIT@]Przecież to nudne miejsce.[WAIT@]Chodźmy gdzie indziej![WAIT@]Co powiesz na [color]dom handlowy[/color]?[WAIT@]Słyszałam, że mają tam nowe zwierzę w [color]sklepie zoologicznym[/color]!","[@]Hey, warum gehen wir zum Rathaus?[WAIT@]Ist es dort nicht langweilig?[WAIT@]Komm schon, lass uns woanders hingehen![WAIT@]Wie wär's mit dem [color]Kaufhaus[/color]?[WAIT@]Ich hab gehört, dass es dort ein neues Tier im [color]Zooladen[/color] gibt!","[@]Эй, почему мы идём в мэрию?[WAIT@]Там же скучно![WAIT@]Давай пойдём куда-нибудь ещё![WAIT@]Может, заглянем в [color]универмаг[/color]?[WAIT@]Тут говорят, что в [color]зоомагазине[/color] появилась новая зверушка!","[@]Гей, чому ми йдемо до мерії?[WAIT@]Там нудьга страшна![WAIT@]Давай ще десь погуляємо![WAIT@]Може, заглянемо в [color]універмаг[/color]?[WAIT@]Тут кажуть, що в [color]зоомагазині[/color] з'явилося нове звірятко!",[@]等等，我们去镇政府干什么呀？[WAIT@]那地方不是很无聊吗？[WAIT@]快走吧，咱们去别的地方！[WAIT@]去[color]百货公司[/color]怎么样？[WAIT@]听说那里的[color]宠物店[/color]来了一只新的小动物呢！
DIALOGUE_PODUNK_CUTSCENES_PIPPISMOM_CALL_0,[@][Pippi]!,[@][Pippi] !,[@][Pippi]!,[@][Pippi]ちゃーん！！！,[@][Pippi]!,[@]¡[Pippi]!,[@]¡[Pippi]!,[@][Pippi]!,[@][Pippi]!,[@][Pippi]!,[@][Pippi]!,[@][Pippi]!,[@][Pippi]！
DIALOGUE_PODUNK_CUTSCENES_PIPPISMOM_CALL_1,"[@]Oh, [Pippi]!","[@]Oh, [Pippi] !","[@]Oh, [Pippi]!",[@][Pippi]ちゃーん！！！　どこにいるのー！,"[@]오, [Pippi]!","[@]¡Oh, [Pippi]!","[@]¡Oh, [Pippi]!","[@]Oh, [Pippi]!","[@]Och, [Pippi]!","[@]Oh, [Pippi]!","[@]Ах, [Pippi]!","[@]Ох, [Pippi]!",[@]哦，[Pippi]！
DIALOGUE_PODUNK_CUTSCENES_PIPPISMOM_CALL_2,"[@]Oh me, oh my!","[@]C'est terrible, c'est affreux !",[@]È terribile!,[@]あぁ・・・　どうしましょ\n　　　　　　　どうしましょ\n　　　　　　　　どうしましょ,[@]어떡하니!,"[@]¡Ay, Dios mío!","[@]¡Ay, mi madre!","[@]Oh, vida! Oh, céus!",[@]Rety kotlety!,"[@]Ojemine, ojemine!",[@]О боже!,[@]О боже!,[@]我的天啊…
DIALOGUE_PODUNK_CUTSCENES_PIPPISMOM_CALL_3,"[@]Oh me, oh my!","[@]C'est affreux, c'est terrible !",[@]È davvero terribile!,[@]どうしましょ\n　どうしましょ,[@]어떡해!,"[@]¡Ay, Dios mío!","[@]¡Ay, mi madre!","[@]Oh, azar...",[@]Rety kotlety!,"[@]Ojemine, ojemine!",[@]Боже мой!,[@]Боже правий!,[@]我的天…这可怎么办！
DIALOGUE_PODUNK_CUTSCENES_PIPPISMOM_CALL_4,"[@]What can I do, what should I do?!","[@]Qu'est-ce que je peux faire, qu'est-ce que je peux faire ?!",[@]Cosa posso fare?!,[@]どうしましょ,[@]도대체 어디에 있는 거니?,"[@]¡¿Qué puedo hacer, qué debo hacer?!","[@]¡¿Qué hago ahora, qué hago ahora?!","[@]O que eu faço, o que eu faço?","[@]Co ja pocznę, co ja pocznę?!","[@]Was kann ich tun, was soll ich tun?!","[@]Что же мне делать, что мне делать?!","[@]Що мені робити, що мені робити?!",[@]我该怎么办，我该怎么办才好？！
DIALOGUE_PODUNK_CUTSCENES_PIPPISMOM_CALL_SPEAKER_Mrs._Lindgren,Mrs. Lindgren,Mᵐᵉ Lindgren,Sig.ra Lindgren,リンドグレーンさん,린드그렌 부인,Sra. Lindgren,Sra. Lindgren,Sra. Lindgren,Pani Lindgren,Frau Lindgren,Миссис Линдгрен,Місіс Ліндгрен,林德格伦夫人
DIALOGUE_PODUNK_CUTSCENES_PIPPISMOM_HELP_1,"[@]Oh, hello [Ninten]...","[@]Oh, bonjour [Ninten]...","[@]Oh, ciao [Ninten]...",[@]あ　[Ninten]くん・・・。,"[@]아, [Ninten]...","[@]Oh, hola, [Ninten]...","[@]Oh, hola, [Ninten]...","[@]Ah, olá, [Ninten]...","[@]Och, witaj [Ninten]...","[@]Oh, hallo [Ninten] ...","[@]Ох, здравствуй, [Ninten]...","[@]Ох, здрастуй, [Ninten]...",[@]哦，你好[Ninten]…
DIALOGUE_PODUNK_CUTSCENES_PIPPISMOM_HELP_4,"[@]It seems my dear [color][Pippi][/color]'s gone missing![WAIT@]She always goes outside to play, but she hasn't come home since yesterday...[WAIT@]If you're going into town, please ask [color]Mayor Goodman[/color] if anyone's seen her, okay?","[@]Je crois que ma petite [color][Pippi][/color] a disparu ![WAIT@]Elle passe son temps à jouer dehors, mais depuis hier, elle n'est pas rentrée...[WAIT@]Je t'en prie, si tu vas en ville, demande au [color]maire,\nM. Goodman[/color], si quelqu'un l'aurait aperçue... D'accord ?","[@]La mia povera [color][Pippi][/color] è sparita![WAIT@]Gioca sempre fuori, ma è da ieri che non torna![WAIT@]Se vai in città, fammi il favore di chiedere notizie al [color]Sindaco Goodman[/color], va bene?",[@]うちの　[color][Pippi][/color]が　まいごに　なったの！[WAIT@]あのこ　そとであそぶのが　だいすきで・・・\nいつも　あそびにでかけちゃうんだけど\nきのうから　ずっと　かえっていないのよ！[WAIT@]マザーズデイの　まちに　いくなら\n[color]ちょうちょうさん[/color]に　れんらくしてくださいな。\nオロオロ　ウロウロ・・・。,"[@]내 소중한 딸, [color][Pippi][/color][particle:Pippi:1] 사라진 것 같아![WAIT@]평소처럼 밖에 놀러 나갔는데 어제부터 집에 안\n들어오고...[WAIT@]마을에 갈 일이 생기면, [color]굿맨 시장님[/color]께 본 사람이\n있는지 여쭤봐 주겠니?","[@]¡Parece que mi querida [color][Pippi][/color] ha desaparecido![WAIT@]Ella siempre salía a jugar afuera, pero no ha vuelto a casa desde ayer...[WAIT@]Si vas a la ciudad, por favor pregúntale al [color]Alcalde Goodman[/color] si alguien la ha visto, ¿de acuerdo?","[@]¡Mi querida [color][Pippi][/color] ha desaparecido![WAIT@]Siempre sale a jugar fuera, pero no ha vuelto a casa desde ayer...[WAIT@]Si vas al pueblo, pregúntale al [color]alcalde Goodman[/color] si alguien la ha visto, ¿vale?","[@]Parece que a minha querida [color][Pippi][/color] desapareceu.[WAIT@]Ela sempre sai para brincar, mas não voltou para casa desde ontem...[WAIT@]Se você estiver indo à cidade, por favor, pergunte ao [color]Prefeito Gentili[/color] se alguém a viu, tá bom?","[@]Wygląda na to, że moja kochana [color][Pippi][/color] zaginęła![WAIT@]Zawsze wychodzi na dwór się bawić, ale od wczoraj nie wróciła do domu...[WAIT@]Jeśli wybierasz się do miasta, zapytaj [color]burmistrza Goodmana[/color], czy ktoś ją widział, dobrze?","[@]Meine liebste [color][Pippi][/color] ist verschwunden![WAIT@]Sie geht immer raus zum Spielen, aber seit gestern kam sie nicht mehr nach Hause ...[WAIT@]Wenn du in die Stadt gehst, frag bitte [color]Bürgermeister Goodman[/color], ob sie jemand gesehen hat, okay?","[@]Моя милая [color][Pippi][/color] пропала![WAIT@]Она всегда выходит поиграть на улицу, но со вчерашнего дня она так и не появлялась дома...[WAIT@]Если пойдёшь в город, можешь спросить [color]мэра Гудмена[/color], видел ли её кто-нибудь?..","[@]Моя мила [color][Pippi][/color] загубилася![WAIT@]Вона завжди виходить пограти на вулицю, але з учорашнього дня вона так і не з'являлася вдома...[WAIT@]Якщо підеш у місто, запитай [color]мера Гудмена[/color], чи бачив її хтось.",[@]我亲爱的[color][Pippi][/color]不见了！[WAIT@]她总是爱跑到外面去玩，但是从昨天起她就一直没有回来过家…[WAIT@]你要是去镇上的话，麻烦帮我问问[color]古德曼镇长[/color]，看看有没有人见过她，好吗？
DIALOGUE_PODUNK_CUTSCENES_PIPPISMOM_HELP_7,[@](Sniffle sniffle... Sob sob...),[@](Snif snif... *sanglots*...),[@](Sniff sniff... Sob sob...),[@]（ヒク　ヒク・・・グスン　グスン・・・。）,[@](훌쩍 훌쩍...),[@](Sniff sniff... *sollozos*...),"[@](Snif, snif... *sollozos*...)","[@](Snif, snif... Chuif...)",[@](Chlip chlip... Szloch szloch...),[@](Schnief-schnief ... Schluchz-schluchz ...),[@](Хлюп-хлюп... хнык-хнык...),[@](Хлюп-хлюп... хник-хник...),[@]（抽泣…[DELAY]抽搭…）
DIALOGUE_PODUNK_CUTSCENES_PIPPISMOM_HELP_9,"[@]Yes, you will?",[@]Tu vas le faire ?,[@]Lo farai?,[@][Ninten]くん　いってきてくれるの・・・？,[@]그래 주겠니?,[@]¿Sí lo harás?,[@]¿Lo vas a hacer?,[@]Você vai?,[@]Naprawdę? Zrobisz to?,"[@]Ja, machst du das?",[@]Правда?,[@]Правда? Ти до нього підеш?,[@][Ninten]，你是要帮我找她吗？
DIALOGUE_PODUNK_CUTSCENES_PIPPISMOM_HELP_10,"[@]Thank you so much, [Ninten]!","[@]Merci infiniment, [Ninten] !","[@]Grazie di cuore, [Ninten]!",[@]ありがとう・・・おねがいね！\nちょうちょうさんなら　マザーズデイの\nまちやくばに　いるはずよ。,"[@]고마워, [Ninten]!","[@]¡Muchísimas gracias, [Ninten]!","[@]¡Muchísimas gracias, [Ninten]!","[@]Muito obrigada, [Ninten]!","[@]Bardzo ci dziękuję, [Ninten]!","[@]Ich danke dir vom Herzen, [Ninten]!","[@][Ninten], большое, большое тебе спасибо!","[@][Ninten], дуже тобі дякую!",[@]真的非常感谢你！
DIALOGUE_PODUNK_CUTSCENES_PIPPISMOM_HELP_SPEAKER_Mrs._Lindgren,Mrs. Lindgren,Mᵐᵉ Lindgren,Sig.ra Lindgren,リンドグレーンさん,린드그렌 부인,Sra. Lindgren,Sra. Lindgren,Sra. Lindgren,Pani Lindgren,Frau Lindgren,Миссис Линдгрен,Місіс Ліндгрен,林德格伦夫人
DIALOGUE_PODUNK_CUTSCENES_STARMAN_JR_ATTACK_2,"[@]I'm surprised that a human child such as yourself has managed to get here...[WAIT@]More surprising however, is that my analysis indicates that you possess the ability to harness PSI.[WAIT@]While those powers seem to have only awakened recently, you appear to be quite skilled at using them.[WAIT@]If left unchecked, they could prove themselves to be a problem...[WAIT@]We must not allow someone like you to interfere with our plans.","[@]JE SUIS ÉTONNÉ QU'UN ENFANT HUMAIN TEL QUE TOI SOIT PARVENU À ARRIVER JUSQU'ICI...[WAIT@]MAIS PLUS SURPRENANT ENCORE, MES ANALYSES INDIQUENT QUE TU POSSÈDES LA CAPACITÉ D'UTILISER LA PSI.[WAIT@]BIEN QUE CES POUVOIRS SEMBLENT NE S'ÊTRE ÉVEILLÉS QUE RÉCEMMENT, TU AS L'AIR PARTICULIÈREMENT APTE À LES MAÎTRISER.[WAIT@]SI AUCUNE ACTION N'EST ENTREPRISE, CELA POURRAIT DEVENIR UN PROBLÈME...[WAIT@]NOUS NE DEVONS PAS PERMETTRE À UN INDIVIDU COMME TOI D'INTERFÉRER AVEC NOS PLANS.","[@]Sono sorpreso che un bambino umano sia arrivato fin qui...[WAIT@]Sono ancora più sorpreso, però, dalle mie analisi che dicono che tu sei capace di usare lo PSI.[WAIT@]I tuoi poteri si sono risvegliati da poco, ma sembri già piuttosto abile.[WAIT@]Bisogna fare qualcosa prima che possano causare problemi...[WAIT@]Uno come te non deve intromettersi nei nostri piani.",[@]ニンゲンノ　ブンザイデ\nヨク　ココマデ　タドリツイタナ。[WAIT@]ソノウエ　PSIマデ　ツカエルトハ。[WAIT@]サイキン　カクセイシタヨウダガ・・・[DELAY]\nツカイコナセテ　イルヨウダ。[WAIT@]コレハ　ホウッテ　オケナイ。[WAIT@]ケイカクノ　ジャマハサセン。[DELAY]\nシマツ　シテヤル！,[@]너 같은 인간 아이가 여기까지 오다니...[WAIT@]분석 결과에 따르면 PSI 능력을 갖추고 있는 것\n같더군.[WAIT@]최근에야 얻은 힘이지만 꽤 능숙해.[WAIT@]조치를 취하지 않으면 요주의 인물이 되겠지.[WAIT@]또한 너 같은 인간들이 우리의 계획을 망치게 둘 순\n없다.,"[@]Me sorprende que un niño humano como tú haya conseguido llegar hasta aquí...[WAIT@]Más sorprendente aún, es que mis análisis indican que posees la capacidad de hacer uso del PSI.[WAIT@]Si bien esos poderes parecen haber despertado hace poco, parece que eres bastante hábil usándolos.[WAIT@]Si esos poderes no son controlados, podrían ser un problema.[WAIT@]No debemos permitir que alguien como tú interfiera en nuestros planes.","[@]Me sorprende que un niño humano como tú haya llegado hasta aquí.[WAIT@]Sin embargo, resulta aún más sorprendente que mis análisis indiquen que posees la capacidad de usar el PSI.[WAIT@]Aunque esos poderes parecen haber despertado recientemente, demuestras bastante habilidad al usarlos.[WAIT@]Si no les ponemos freno, nos supondrán un serio problema...[WAIT@]No debemos permitir que alguien como tú interfiera en nuestros planes.","[@]ESTOU SURPRESO QUE UMA CRIANÇA HUMANA COMO VOCÊ CONSEGUIU CHEGAR ATÉ AQUI...[WAIT@]MAIS SURPREENDENTE AINDA, A MINHA ANÁLISE INDICA QUE VOCÊ POSSUI PODERES PSI.[WAIT@]APESAR DESSES PODERES TEREM SIDO DESPERTADOS RECENTEMENTE, VOCÊ APARENTA TER UMA CERTA HABILIDADE COM ELES.[WAIT@]SE NÃO CUIDARMOS DISSO LOGO, PODERÁ SER UM PROBLEMA NO FUTURO...[WAIT@]NÃO PODEMOS DEIXAR ALGUÉM COMO VOCÊ INTERFERIR NOS NOSSOS PLANOS.","[@]Jestem zaskoczony, że takie ludzkie dziecko jak ty zdołało się tu dostać...[WAIT@]Bardziej zaskakująca jest moja analiza... ponoć posiadasz zdolność używania PSI.[WAIT@]Chociaż moce te przebudziły się w tobie niedawno, wydajesz się być całkiem uzdolniony w ich używaniu.[WAIT@]Jeśli nikt z nimi nic nie zrobi, mogą one stanowić problem...[WAIT@]Nie możemy pozwolić, by ktoś taki jak ty pokrzyżował nam plany.","[@]Ich bin überrascht, dass ein Menschenkind wie du es geschafft hat, hierherzukommen ...[WAIT@]Noch überraschender jedoch deutet meine Analyse darauf hin, dass du die Fähigkeit hast, PSI zu benutzen.[WAIT@]Die Kräfte scheinen zwar erst vor Kurzem erwacht worden zu sein, aber du scheinst sie recht geschickt verwenden zu können.[WAIT@]Wenn wir uns nicht darum kümmern, könnten sie sich als Problem erweisen ...[WAIT@]Wir lassen nicht zu, dass jemand wie du unsere Pläne durchkreuzt.","[@]УДИВИТЕЛЬНО, ДЕТЁНЫШ ЧЕЛОВЕКА\nСМОГ СЮДА ДОБРАТЬСЯ...[WAIT@]НО, ЧТО ЕЩЁ УДИВИТЕЛЬНЕЕ, МОЙ АНАЛИЗ УКАЗЫВАЕТ НА НАЛИЧИЕ ПСИХОСПОСОБНОСТЕЙ В ТВОЁМ ОРГАНИЗМЕ.[WAIT@]ЭТИ СИЛЫ ПРОБУДИЛИСЬ В ТЕБЕ НЕДАВНО, ОДНАКО ТЫ УЖЕ ВЕСЬМА УМЕЛО С НИМИ ОБРАЩАЕШЬСЯ.[WAIT@]ДАННОЕ ОБСТОЯТЕЛЬСТВО МОЖЕТ ВЫЗВАТЬ ТРУДНОСТИ С НАШЕЙ СТОРОНЫ.[WAIT@]МЫ НЕ ПОЗВОЛИМ ТАКИМ, КАК ТЫ, ВМЕШИВАТЬСЯ В НАШИ ПЛАНЫ.","[@]ЯК ДИВНО, ЩО ЛЮДСЬКА ДИТИНА ЗМОГЛА ДІСТАТИСЯ ЦЬОГО МІСЦЯ...[WAIT@]АЛЕ ДИВНІШЕ ТЕ, ЩО ПОКАЗУЄ МІЙ АНАЛІЗ. ТИ МАЄШ ЗДАТНІСТЬ ДО ПСИХОКІНЕЗУ.[WAIT@]ЦІ СИЛИ, СХОЖЕ, ТІЛЬКИ ПРОКИНУЛИСЯ, АЛЕ ТИ ВЖЕ ДОСИТЬ ВМІЛО ЇХ ВИКОРИСТОВУЄШ.[WAIT@]У МАЙБУТЬНОМУ ВОНИ МОЖУТЬ ВИКЛИКАТИ ДЛЯ НАС НЕПРИЄМНОСТІ... [WAIT@]МИ НЕ МОЖЕМО ДОЗВОЛИТИ ТОБІ ВТРУЧАТИСЯ У НАШІ ПЛАНИ.",[@]真没想到像你这样的人类小孩居然能来到这里，真是令人惊讶…[WAIT@]不过更让人意外的是，我的分析显示你拥有使用PSI的能力。[WAIT@]虽然这份力量似乎是最近才觉醒的，但你使用的却相当熟练。[WAIT@]如果放任不管，恐怕会成为麻烦…[WAIT@]绝不能让你这样的人干扰我们的计划！
DIALOGUE_PODUNK_CUTSCENES_STARMAN_JR_ATTACK_7,"[@]You may have bested the vicious beasts of this place, but you are no match to me!","[@]TU AS PEUT-ÊTRE RÉUSSI À VAINCRE LES FÉROCES CRÉATURES DE CE LIEU, MAIS TU N'AS AUCUNE CHANCE CONTRE MOI !","[@]Avrai anche sconfitto le bestie feroci di qui, ma non hai scampo contro di me!",[@]ココノ　ケモノヲ　タイショ　デキテモ\nワタシニハ　カナワヌ！,"[@]난폭해진 짐승들은 물리칠 수 있었겠지만, 난 아니다.\n덤벼라!","[@]Puede que hayas vencido a las bestias feroces de este lugar, ¡pero no eres rival para mí!","[@]Podrás haber vencido a las despiadadas bestias de este lugar, ¡pero no serás rival para mí!","[@]VOCÊ PODE TER SUPERADO AS FERAS DESTE LUGAR, TERRÁQUEO, MAS JAMAIS CONSEGUIRÁ ME DERROTAR!","[@]Może i pokonałeś okrutne bestie z tego miejsca, ale nie możesz się równać ze mną!","[@]Du magst die bösartigen Bestien dieses Ortes besiegt haben, aber mir bist du nicht gewachsen!","[@]ХОТЯ ТЫ И ОДОЛЕЛ ЗДЕШНИХ ТВАРЕЙ, НО ПРОТИВ МЕНЯ У ТЕБЯ НЕТ НИ ЕДИНОГО ШАНСА.","[@]ХОЧ ТИ І ПОДОЛАВ МІСЦЕВИХ ПОТВОР, ПРОТИ МЕНЕ У ТЕБЕ НЕМАЄ ЖОДНОГО ШАНСУ.",[@]你或许已经打败了这里的凶残野兽，但你绝不会是我的对手！
DIALOGUE_PODUNK_CUTSCENES_STARMAN_JR_ATTACK_REMATCH_2,"[@]No matter how many times you come back, you will never beat me!","[@]PEU IMPORTE COMBIEN DE FOIS TU REVIENDRAS, TU NE ME VAINCRAS JAMAIS !","[@]Torna quante volte vuoi, non vincerai mai!",[@]ナンド　モドッテキテモ　ケッカハ　オナジダ！,"[@]몇 번이고 도전해라, 넌 절대 날 이길 수 없다!","[@]No importa cuántas veces regreses, ¡nunca podrás vencerme!","[@]No importa cuántas veces vuelvas, ¡nunca podrás vencerme!","[@]NÃO IMPORTA QUANTAS VEZES VOCÊ VOLTE, EU SEMPRE TRIUNFAREI!","[@]Nieważne ile razy wrócisz, nigdy mnie nie pokonasz!","[@]Egal wie oft du zurück kommst, mich wirst du nie eliminieren!","[@]ТЫ МОЖЕШЬ СКОЛЬКО УГОДНО ВОЗВРАЩАТЬСЯ, НО МЕНЯ ТЫ НИКОГДА НЕ ПОБЕДИШЬ!","[@]ТИ МОЖЕШ ПОВЕРТАТИСЯ, СКІЛЬКИ ЗАВГОДНО, АЛЕ МЕНЕ ТОБІ НІКОЛИ НЕ ПЕРЕМОГТИ!",[@]不管你回来多少次，你也永远也无法战胜我！
DIALOGUE_PODUNK_CUTSCENES_STARMAN_JR_DEFEAT_1,[@]Impossible... I can't believe that I've been defeated by a mere human child...[WAIT@]I'll have to report this incident to the mothership...,[@]IMPOSSIBLE... JE NE PEUX PAS CROIRE QUE J'AIE ÉTÉ VAINCU PAR UN SIMPLE ENFANT HUMAIN...[WAIT@]JE VAIS DEVOIR SIGNALER CET INCIDENT AU VAISSEAU-MÈRE...,[@]Impossibile... ho perso contro un semplice bambino umano...[WAIT@]Devo fare rapporto alla nave madre...,[@]コノ　ワタシガ・・・[DELAY]\nニンゲンゴトキニ　ヤブレルトハ・・・。[WAIT@]マザーシップニ　ホウコクセネバ！,[@]내 야망이 고작 이 인간 아이에게 저지당했다고...?[WAIT@]이 순간은 잊지 않겠다.,[@]Imposible... No puedo creer que haya sido derrotado por un simple niño humano...[WAIT@]Tendré que reportar este incidente a la nave nodriza...,"[@]Imposible... No puedo creer que haya sido derrotado por un simple niño humano...
[W@]He de comunicar lo ocurrido a nuestra nave nodriza.",[@]IMPOSSÍVEL... NÃO CONSIGO ACREDITAR QUE FUI DERROTADO POR UMA MERA CRIANÇA HUMANA...[WAIT@]PRECISO REPORTAR ISSO À NAVE-MÃE IMEDIATAMENTE...,"[@]Niemożliwe... Nie mogę uwierzyć, że zostałem pokonany przez zwykłe ludzkie dziecko...[WAIT@]Będę musiał powiadomić statek matkę o tym incydencie...","[@]Unmöglich ... Ich kann nicht glauben, von einem einfachen Menschenkind besiegt worden zu sein ...[WAIT@]Ich muss dies dem Mutterschiff melden ...","[@]НЕМЫСЛИМО... НЕ МОГУ ПОВЕРИТЬ, ЧТО Я БЫЛ ПОБЕЖДЁН ОБЫКНОВЕННЫМ ЧЕЛОВЕЧЕСКИМ ДЕТЁНЫШЕМ...[WAIT@]НЕОБХОДИМО ДОЛОЖИТЬ ОБ ЭТОМ В МАТЕРИНСКИЙ КОРАБЛЬ...","[@]НЕМИСЛИМО... НЕ ВІРЮ, ЩО МЕНІ ЗАВДАЛА ПОРАЗКУ ЗВИЧАЙНА ЛЮДСЬКА ДИТИНА...[WAIT@]НЕОБХІДНО ДОКЛАСТИ ПРО ЦЕ У ГОЛОВНИЙ КОРАБЕЛЬ...",[@]不可能…我居然会被一个人类小孩打败…[WAIT@]我得把这件事报告给母舰…
DIALOGUE_PODUNK_CUTSCENES_STARMAN_JR_DEFEAT_7,[@]The odd sound that drove the animals insane died down.,[@]Le son étrange qui rendait les animaux fous s'est arrêté.,[@]Il rumore strano che faceva impazzire gli animali è finito.,[@]どうぶつたちを　くるわせていた\nあやしいおとは　きえた。,[@]동물들을 미치게 하던 소리가 잦아들었다.,[@]El extraño sonido que volvía locos a los animales\nha cesado.,[@]El extraño sonido que volvía locos a los animales\nha cesado.,[@]O som estranho que estava incomodando os animais do zoológico foi se dissipando..,"[@]Dziwny dźwięk, który doprowadzał zwierzęta do szaleństwa, ucichł.","[@]Der seltsame Klang, der die Tiere in den Wahnsinn trieb, verstummte.","[@]Странный звук, сводивший животных с ума, затих.","[@]Дивний звук, що зводив тварин з глузду, зупинився.",[@]令动物们陷入疯狂的奇怪声响终于平息了。
DIALOGUE_PODUNK_CUTSCENES_STARMAN_JR_DEFEAT_8,[@]The Zoo became a safe place once more.,[@]Le zoo est à nouveau un endroit sûr.,[@]Lo zoo è di nuovo un luogo sicuro.,[@]どうぶつえんは　あんぜんになった。,[@]동물원은 다시 안전한 곳이 되었다.,[@]El zoológico vuelve a ser un lugar seguro.,[@]El zoo vuelve a ser un lugar seguro.,[@]O zoológico voltou a ser um lugar seguro.,[@]Zoo znów stało się bezpiecznym miejscem.,[@]Der Zoo wurde endlich wieder zu einem sicheren Ort.,[@]В зоопарке снова стало безопасно.,[@]У зоопарку знову стало безпечно.,[@]动物园再次恢复了安全。
DIALOGUE_PODUNK_CUTSCENES_WALLY_ATTACK_1_0,[@]Who's there?!,[@]Qui va là ?!,[@]Chi va là?!,[@]まて！　だれだ！？,[@]누구야?!,[@]¡¿Quién anda ahí?!,[@]¡¿Quién anda ahí?!,[@]Quem tá aí?!,[@]Kto tam?!,[@]Wer ist da?!,[@]Кто тут?!,[@]Хто тут?!,[@]是谁在那？！
DIALOGUE_PODUNK_CUTSCENES_WALLY_ATTACK_1_3,"[@]Uh oh, it's Wally!","[@]Oh oh, c'est Wally !","[@]Oh no, è Wally!",[@]わ！　ウォーリーおじさんだ・・・。,"[@]어, 월리다!","[@]Oh no, ¡es Wally!","[@]Oh no, ¡es Wally!","[@]Ops, é o Wally!","[@]O-o, to Wally!","[@]Oh-oh, es ist Wally!","[@]Ой-ёй, это Уолли!",[@]Тільки не це! Уоллі!,[@]啊哦，是沃利！
DIALOGUE_PODUNK_CUTSCENES_WALLY_ATTACK_1_4,"[@]Hey, I recognize that little ginger face!","[@]Hé, j'la r'connais cette petite rouquine !",[@]Riconosco quei capelli rossi!,[@]むむ！　あのおさげは・・・　おぼえておるぞ！,"[@]어, 그 빨간 대가리!","[@]Oye, ¡reconozco esa carita pelirroja!","[@]Eh, ¡reconozco esas coletas!","[@]Ei, eu conheço esse rostinho sardento!","[@]Hej, poznaję cię, ty mały rudzielcu!","[@]Hey, dieses Rotschopf-Gesicht kenne ich doch!","[@]Эй ты, рыжеволосая девчонка! Я тебя знаю!","[@]Гей ти, руда! Я тебе впізнаю!",[@]嘿！我认得那张红扑扑的小脸蛋！
DIALOGUE_PODUNK_CUTSCENES_WALLY_ATTACK_1_5,[@]You're that kid who's been eating all my flowers!,[@]C'est toi la gamine qui s'amuse à manger toutes mes fleurs !,[@]Sei la marmocchia che si mangia i miei fiori!,[@]わしの　かだんをあらした　わるガキめ！\nここに　おったか！\nだいじに　そだてたはなを　つみちらかしおって！,[@]내 꽃을 다 처먹어버린 그 애잖아!,[@]¡Eres la niña que se ha estado comiendo todas mis flores!,[@]¡Eres la niña que se ha estado comiendo todas mis flores!,[@]Você é a menina que fica comendo todas as minhas flores!,"[@]To ty jesteś tym dzieciakiem, który pozjadał mi wszystkie kwiaty!","[@]Du bist das Kind, das meine ganzen Blumen gegessen hat!",[@]Это ты съела все мои цветы!,[@]Це ти з'їла всі мої квіти!,[@]你就是那个一直吃我花的小鬼！
DIALOGUE_PODUNK_CUTSCENES_WALLY_ATTACK_1_6,"[@]Well excuuuse me, but there weren't any signs telling me NOT to eat them.","[@]Alors excuuusez-moi, mais j'ai vu aucun panneau qui disait de PAS les manger.","[@]Non c'era mica scritto di NON mangiarli, eh.",[@]だって　つんだらダメとは　いわれてなかったわ！\nみつを　すいたかったんだもん！,[@]미안한데... 먹지 말라는 표시가 없었잖아?,"[@]Discúuulpame, pero no habia ningún cartel que me dijiera que NO las comiera.","[@]Perdooona, pero no había ningún cartel donde pusiera que NO me las podía comer.","[@]Bem, me descuuulpe, sim? Mas não tinha nenhuma placa dizendo que NÃO podia comê-las!","[@]No wybacz, ale nie było żadnych znaków mówiących, żebym ich NIE jadła.","[@]Es tuuut mir leid, aber es gab keine Schilder, die besagten, sie NICHT essen zu dürfen.","[@]Вы меня, конечно, ИЗВИНИТЕ, но что-то я нигде не нашла надписи, что их нельзя есть.","[@]Вже ВИ-БАЧ-ТЕ, але щось я ніде не знайшла напису, що їсти їх заборонено.",[@]啊呀呀呀！！真不好意思，可是那里没有人立牌子告诉我不能吃。
DIALOGUE_PODUNK_CUTSCENES_WALLY_ATTACK_1_7,"[@]Also, they weren't that good anyway...","[@]Et puis elles étaient pas si bonnes que ça, de toute façon...",[@]E poi non erano neanche buoni...,[@]おいしくなかったけど・・・。,[@]그리고 맛도 별로...,"[@]Igual, no estaban tan buenas...","[@]Además, ni siquiera estaban tan ricas...","[@]Além disso, elas nem eram tão boas assim.",[@]Poza tym i tak nie były jakoś smaczne...,[@]Außerdem waren sie sowieso nicht so gut ...,[@]Да и к тому же — они всё равно были не очень.,"[@]До того ж, вони не такі й смачні...",[@]而且，它们也没有看上去那么好吃…
DIALOGUE_PODUNK_CUTSCENES_WALLY_ATTACK_1_8,[@]GRRR! I've had enough!,[@]GRRR ¦ Ça commence à bien faire !,[@]GRRR! Ora basta!,[@]じゃかあしい！,[@]으아! 이제 질렸어!,[@]¡GRRR! ¡Ya tuve suficiente!,[@]¡GRRR! ¡Hasta aquí hemos llegado!,[@]GRRR! Pra mim já deu!,[@]GRRR! Mam dość!,[@]GRRR! Ich hab genug!,[@]Гр-р-р!!! С меня хватит!,[@]Гр-р-р!!! З мене досить!,[@]嘎啊啊啊！我受够了！
DIALOGUE_PODUNK_CUTSCENES_WALLY_ATTACK_1_9,[@]It's about time I taught you brats a lesson!,"[@]J'm'en vais vous donner une petite leçon, moi, les morveux !",[@]Adesso vi insegno io una lezione!,[@]わるガキどもめ・・・　わしがこらしめてやる！,[@]내 성질머리 건든 사람은 어떻게 되는지 똑똑히 새겨\n주겠어!,"[@]¡Ya es hora que les dé una lección, mocosos!","[@]¡Ya va siendo hora de daros una buena lección, mocosos!",[@]Já estava na hora de vocês pirralhos aprenderem uma lição!,[@]Najwyższy czas dać wam nauczkę!,"[@]Wird Zeit, euch Gören eine Lektion zu erteilen!","[@]Я вас проучу, щенки!","[@]Зараз я вам, обірванцям, покажу!",[@]看来是时候教训教训你们这帮小鬼了！
DIALOGUE_PODUNK_CUTSCENES_WALLY_ATTACK_1_SPEAKER_???,???,???,???,？？？,???,???,???,???,???,???,???,???,？？？
DIALOGUE_PODUNK_CUTSCENES_WALLY_ATTACK_1_SPEAKER_Wally,Wally,Wally,Wally,ウォーリー,월리,Wally,Wally,Wally,Wally,Wally,Уолли,Уоллі,沃利
DIALOGUE_PODUNK_CUTSCENES_WALLY_REMATCH_1_0,[@]Who's there?!,[@]Qui va là ?!,[@]Chi va là?!,[@]にがさんぞ！,[@]누구야?!,[@]¡¿Quién anda ahí?!,[@]¡¿Quién anda ahí?!,[@]Quem tá aí?!,[@]Kto tam?!,[@]Wer ist da?!,[@]Кто тут?!,[@]Хто тут?!,[@]是谁在那？！
DIALOGUE_PODUNK_CUTSCENES_WALLY_REMATCH_1_3,"[@]Uh oh, it's Wally again!","[@]Oh oh, c'est encore Wally !","[@]Oh no, è di nuovo Wally!",[@]ちょっと！　ずっとみはってるわけ！？,"[@]음, 또 월리야?","[@]Oh no, ¡es Wally de nuevo!","[@]Oh no, ¡Wally de nuevo!","[@]Ops, é o Wally de novo!","[@]O-o, to znowu Wally!","[@]Oh, hier ist wieder Wally!","[@]Ой-ёй, это снова Уолли!",[@]Тільки не це! Знову Уоллі!,[@]啊哦，又是沃利！
DIALOGUE_PODUNK_CUTSCENES_WALLY_REMATCH_1_4,[@]You brats once more?!,"[@]C'est encore vous, les morveux ?!",[@]Ne volete ancora?!,[@]どうせ　なんど　こらしめたところで\nおまえたちは　いたずらを　やめんだろう！,[@]아직 정신을 못 차렸나?!,[@]¡¿Otra vez ustedes?!,[@]¡¿Otra vez vosotros?!,[@]Os pirralhos de novo?!,"[@]Znowu wy, bachory?!",[@]Ihr Gören schon wieder?!,"[@]Опять вы, сопляки?!","[@]Хочте ще стусанів, шморкачі?!",[@]又是你们这帮小鬼？！
DIALOGUE_PODUNK_CUTSCENES_WALLY_REMATCH_1_5,[@]It looks like you two have learnt nothing!,[@]On dirait qu'cette petite leçon n'vous a pas suffi !,[@]Non avete imparato niente!,[@]わるガキどもめ！,[@]내 자식 같던 꽃들을 다 처먹은 이상!,[@]¡Parece que no aprendieron nada!,[@]¡Parece que no habéis aprendido nada!,[@]Parece que vocês não aprenderam nada!,"[@]Wygląda na to, że niczego się nie nauczyliście!","[@]Scheint, als hättet ihr zwei nichts gelernt!","[@]По-моему, вы так ничего и не поняли!","[@]Здається, вас життя нічому не вчить!",[@]看样子你们俩真是什么都没学到！
DIALOGUE_PODUNK_CUTSCENES_WALLY_REMATCH_1_6,[@]But I won't stop until I've taught you brats a lesson!,[@]J'm'en vais donc recommencer jusqu'à c'que ça rentre dans vos p'tites têtes !,[@]Io continuerò a darvele finché non ve lo sarete messo in testa!,[@]ここは　とおしてやらんからな！,[@]정신 차릴 때까지 계속 줘 패주마!,"[@]¡Pero no me detendré hasta haberles enseñado una lección, mocosos!","[@]¡Pero no pararé hasta que os enteréis de lo que vale un peine, mocosos!",[@]Mas eu não vou parar até que vocês tenham aprendido a lição!,"[@]Ale nie spocznę, dopóki nie dam wam nauczki!","[@]Aber ich höre nicht auf, bis ihr eure Lektion gelernt habt!","[@]Ну ничего, щенки! Я не успокоюсь, пока вы не усвоите урок!","[@]Ну нічого, бевзні! Не зупинюсь, доки ви не отримаєте по саме нікуди!",[@]在你们彻底老实之前，我是绝对不会罢休的！
DIALOGUE_PODUNK_CUTSCENES_WALLY_REMATCH_1_SPEAKER_???,???,???,???,？？？,???,???,???,???,???,???,???,???,？？？
DIALOGUE_PODUNK_CUTSCENES_WALLY_REMATCH_1_SPEAKER_Wally,Wally,Wally,Wally,ウォーリー,월리,Wally,Wally,Wally,Wally,Wally,Уолли,Уоллі,沃利
DIALOGUE_PODUNK_CUTSCENES_FAMILY_GOODBYE_0,[@][NINTEN]!,[@][NINTEN] !,[@][NINTEN]!,[@][NINTEN]！,[@][NINTEN]!,[@]¡[NINTEN]!,[@]¡[NINTEN]!,[@][NINTEN]!,[@][NINTEN]!,[@][NINTEN]!,[@][NINTEN]!,[@][NINTEN]!,[@][NINTEN]！
DIALOGUE_PODUNK_CUTSCENES_FAMILY_GOODBYE_1,[@]It's us![D] Wait up!,[@]C'est nous ![D] Attends !,[@]Siamo noi![D] Aspettaci!,[@]わたしたちだよぉ。[BR][D]まってぇ！,[@]우리야![D] 잠깐만!,[@]¡Somos nosotras![D] ¡Espérate!,[@]¡Somos nosotras![D] ¡Espera!,[@]Somos nós![D] Espere aí!,[@]To my![D] Zaczekaj!,[@]Wir sind es![D] Warte!,[@]Это мы![D] Погоди!,[@]Це ми![D] Зачекай!,[@]是我们呀！[D]等等！
DIALOGUE_PODUNK_CUTSCENES_FAMILY_GOODBYE_2,"[@]Oh thank goodness, we made it in time.[W@]I was getting worried we wouldn't be able to have a proper goodbye.","[@]Dieu merci, nous sommes arrivées à temps.[W@]J'avais peur qu'on ne puisse pas se dire au revoir correctement.",[@]Grazie al cielo abbiamo fatto in tempo.[W@]Temevo che non avremmo potuto salutarci per bene.,[@]よかった　まにあったわ！[W@]マザーズデイから[BR]みおくりできないかと[DELAY:3]　しんぱいだったのよ。,"[@]휴... 다행이야, 제시간에 왔네.[W@]제대로 인사도 못 할지 걱정했어.",[@]Menos mal que llegamos a tiempo.[W@]Estaba comenzando a preocuparme que no podríamos despedirnos como se debe.,"[@]Menos mal que hemos llegado a tiempo.
[W@]Ya temía yo que no pudiéramos despedirnos en condiciones.","[@]Ai que bom, chegamos a tempo.[W@]Estava ficando preocupada que não conseguiriamos dar tchau para você.","[@]Całe szczęście, że zdążyłyśmy.[W@]Martwiłam się, że nie zdążymy się dobrze pożegnać.","[@]Puh, zum Glück. Wir haben es gerade noch geschafft.[W@]Ich habe schon befürchtet, dass wir uns nicht mehr richtig verabschieden können.","[@]Ах, слава богу, мы успели.[W@]Я уж боялась, что мы не попрощаемся как следует.","[@]Ох, яке щастя, що ми встигли. [W@]Я вже боялася, що ми не зможемо як слід попрощатися.",[@]噢，谢天谢地，终于赶上了。[W@]我本来还担心没办法好好道别了呢。
DIALOGUE_PODUNK_CUTSCENES_FAMILY_GOODBYE_3,"[@]So, were you gonna tell us about how you wrestled a tiger into submission?!","[@]Donc, tu vas nous raconter comment tu as battu et apprivoisé un tigre !?",[@]Perché non ci hai detto che hai addomesticato una tigre?!,[@]トラを　ぶったおしたんだって？！,"[@]그건 그렇고, 호랑이를 힘으로 굴복시켰다는 얘긴 우리한테 안 해줄 생각이었어!?","[@]Entonces, ¿¡nos vas a contar cómo sometiste a un tigre a puño limpio!?","[@]¡Entonces, ¿nos vas a contar cómo le diste una buena tunda a un tigre?!","[@]Então, quando é que você ia falar que lutou contra um tigre!?",[@]Więc miałeś nam zamiar powiedzieć o swoich zapasach z tygrysem!?,"[@]Also, möchtest du uns erzählen, wie du einen Tiger fertiggemacht hast?!","[@]Расскажи, как ты тигра уделал!!!","[@]Ну що, розкажеш нам, як ти приборкав тигра голими руками?!",[@]所以，你徒手制服老虎这么厉害的事，就不打算跟我们说说嘛？！
DIALOGUE_PODUNK_CUTSCENES_FAMILY_GOODBYE_4,"[@]Yeah, and how you rode it into the cemetery?[W@][PIPPI] gave the news to everyone![W@]Did you really do it?!","[@]Ouais, et comment tu l'as chevauché dans le \ncimetière ?[W@][PIPPI] nous a tout raconté ![W@]T'as vraiment fait ça ?!","[@]Sì, e che poi l'hai cavalcata fino al cimitero![W@][PIPPI] l'ha raccontato a tutti![W@]L'hai fatto per davvero?!",[@]ゴリラに　たづなを　ひいて[BR]はかばの　ちかに　のりこんだんだって？[W@][PIPPI]が　そこで[BR]にいちゃんに　たすけられたって　いってたよ！[W@]ホントに　ホントに？,"[@]맞아, 게다가 그 호랑이를 타고 공동묘지까지 갔다며?[W@][PIPPI][particle:PIPPI:1] 동네방네에 얘기하고 다녔다고![W@]정말이야?!","[@]¡Si!, ¿y cómo fuiste al cementerio montado encima de él?[W@]¡[PIPPI] ya le dijo a todo el pueblo![W@]¡¿De veras que lo hiciste?!","[@]¡Sí! ¿Y de cómo entraste al cementerio montado en él?
[W@]¡[PIPPI] se lo ha contado a todo el mundo!
[W@]¡¿De verdad has hecho eso?!","[@]É, e que você foi ao cemetério montado nele?[W@][PIPPI] deu a notícia para todo mundo![W@]Você realmente fez tudo isso?!",[@]I o tym jak wjechałeś na nim na cmentarz?[W@][PIPPI] wszystkim o tym trąbi![W@]Czy to wszystko prawda?!,"[@]Oh, und wie du in den Friedhof gefahren bist?[W@][PIPPI] hat es allen erzählt![W@]Hast du das wirklich gemacht?!",[@]И потом как он довозил тебя до кладбища![W@][PIPPI] уже всем рассказала![W@]Это всё правда?!,"[@]І про те, як ти приїхав верхи на ньому до цвинтаря?
[W@][PIPPI] вже всім розповіла!
[W@]Ти справді це зробив?!",[@]对呀，还有你是怎么骑着老虎冲进墓地里的？[W@][PIPPI]她把这事儿快传遍了！[W@]你真的干了啊？
DIALOGUE_PODUNK_CUTSCENES_FAMILY_GOODBYE_5,"[@]Oh, [NINTEN]...[D] you've grown up so much...[W@]It seems like just yesterday, [D:6]you were still just a little troublemaker.","[@]Oh, [NINTEN]...[D] tu as tellement grandi...[W@]Tu étais encore un petit fauteur de troubles pas plus tard qu'hier.",[@][NINTEN]...[D] sei diventato grande...[W@]Mi sembra ieri che...[D:6] facevi ancora le marachelle.,[@][NINTEN]・・・[D][BR]すっかり　たくましくなってしまって。[W@]きのうまでは　ちいさな[BR]いたずらっこ　だったのに。,"[@][NINTEN]...[D] 정말 많이 컸구나...[W@]엊그제까지만 해도,[D:6] 마냥 말썽꾸러기였던 거 같은데.","[@]Ay, [NINTEN]...[D] has crecido tanto...[W@]Pareciera que tan solo ayer, [D:6]eras un pequeño bromista.","[@]Ay, [NINTEN]...[D] cómo has crecido...
[W@]Si parece que fue ayer [D:6]cuando no eras más que un trasto.","[@]Ah, [NINTEN]...[D] você cresceu tanto...[W@]Parece até que foi ontem, [D:6]que você era só um pequeno encrenqueiro.","[@]Och, [NINTEN]...[D] tak bardzo urosłeś...[W@]Zdaje się jakby jeszcze wczoraj [D:6]był z ciebie tylko mały łobuziak.","[@]Oh, [NINTEN] ...[D] du bist so erwachsen geworden ...[W@]Als wäre es erst gestern gewesen, [D:6]als du noch ein kleiner Frechdachs warst.",[@][NINTEN]...[D] как же ты повзрослел...[W@]Будто ещё вчера ты был совсем маленьким шалунишкой.,"[@]Ох, [NINTEN]...[D] ти так виріс...
[W@]Здається,[D:6] ще вчора ти був маленьким бешкетником.",[@]噢，[NINTEN]…[D]看来你已经成长了不少呢…[W@]在我印象中，[D:6]你还只是一个爱调皮捣蛋的小家伙呢。[W@]时间过得真快啊，想想就跟昨天似的。
DIALOGUE_PODUNK_CUTSCENES_FAMILY_GOODBYE_6,"[@]Haha, yeah![D] Remember when you bent all the spoons in the house?[W@]We all had to eat with our hands!","[@]Haha, ouais ![D] Tu te rappelles quand tu as plié toutes les cuillères de la maison ?[W@]On a dû manger avec nos mains !","[@]Hahah, è vero![D] Ti ricordi quando hai piegato tutti i cucchiai a casa?[W@]Dovevamo mangiare con le mani!",[@]まったくだよ　もう！[W@]いえぢゅうの　スプーンを[BR]ぜんぶ　まげたとき　ばんごはんを[BR]てづかみで　たべたないといけなかったからね！,"[@]하하, 그러니까![D] 집 안 숟가락이란 숟가락은 전부 구부렸던 거 기억나?[W@]그날은 모두 손으로 먹어야 했잖아!","[@]¡Ja, ja, sí![D] ¿Te acuerdas cuando doblaste todas las cucharas de la casa?[W@]¡Todos tuvimos que andar comiendo con las manos!","[@]¡Ja, ja, ya ves![D] ¿Te acuerdas de cuando doblaste todas[BR]las cucharas de casa?
[W@]¡Todos tuvimos que comer con las manos!","[@]Haha, pois é![D] Lembra quando você entortou todas as colheres na nossa casa?[W@]A gente teve que comer com as nossas mãos!","[@]Haha, no![D] Pamiętasz, jak nam wygiąłeś wszystkie łyżki w domu?[W@]Musieliśmy jeść rękami!","[@]Haha, ja![D] Erinnerst du dich daran, als du mal alle Löffel im Haus verbogen hattest?[W@]Wir mussten damals alle mit unseren Händen essen!","[@]Ха-ха, точно![D] Помнишь, как ты погнул все ложки в доме?[W@]А нам приходилось есть руками!","[@]Ха-ха, точно![W@]Пам'ятаєш, як ти погнув усі ложки у домі? [W@]Нам довелося їсти руками!",[@]哈哈，可不是嘛！[BR][D]你还记得你把家里所有勺子都掰弯了那次吗？[W@]搞得我们所有人都只能用手抓饭吃！
DIALOGUE_PODUNK_CUTSCENES_FAMILY_GOODBYE_7,"[@]Oh, yeah! [D]We also brought something![W@]It's some [FAVFOOD]! [D]Mom made it for you.[W@]We even packed it up so you can eat it on the go!","[@]Oh, ouais ! [D]On t'a ramené un truc ![W@]C'est un peu d[elision][FavFood] ! [D]Maman savait que ça te ferait plaisir.[W@]On a tout mis dans une boîte pour que tu puisses en prendre avec toi !",[@]Giusto! [D]Ti abbiamo portato una cosa![W@][FAVFOOD]! [D]Ci ha pensato la mamma.[W@]Ti abbiamo impacchettato tutto per poter mangiare per strada!,[@]あ　そうだ　[D]おべんとう！[W@][FAVFOOD]よ！[D][BR]ママがつくったの。[W@]かみぶくろに　つめてあるから[BR]たびの　とちゅう　いつでも　たべれるね！,"[@]아, 맞다! [D]이거, 우리가 준비한 거야![W@][FAVFOOD]! [D]엄마가 오빠한테 주려고 만드셨어.[W@]밖에서도 먹을 수 있게 포장까지 했지!","[@]¡Ah, cierto! [D]¡También te trajimos algo![W@]¡Un poquito de [FAVFOOD]! [D]Mamá te la preparó.[W@]¡Hasta te la empaquetamos para que te la puedas comer en tu viaje!","[@]¡Ah, es verdad! [D]¡Te hemos traído algo!
[W@]¡Un poco de [FAVFOOD]! [D]Te lo ha hecho mamá.
[W@]¡Hasta te lo hemos preparado para que te lo comas por el camino!","[@]Ah, é! [D]A gente também trouxe uma coisa pra você![W@]É [FAVFOOD]! [D]A mamãe fez pra você.[W@]A gente até embrulhou pra você poder comer na sua viajem!","[@]A właśnie! [D]Mamy coś dla ciebie![W@]Oto [FAVFOOD]! [D]Mama chciała dać ci coś na ząb.[W@]Zapakowałyśmy to tak, żebyś mógł zjeść w drodze!","[@]Ach stimmt! [D]Wir haben dir was mitgebracht![W@]Es ist [FAVFOOD]! [D]Mama hat sich darum gekümmert.[W@]Wir haben das Essen eingepackt, damit du es unterwegs essen kannst!","[@]Ах да! [D]Мы тебе кое-что принесли![W@]И это [FAVFOOD]![W@]Мама приготовила, а мы упаковали, чтобы тебе[BR]было удобно есть в дороге!","[@]А, мало не забула! [D]Ми дещо тобі принесли!
[W@]Це [FAVFOOD]! [D]Мама приготувала так, як ти любиш.
[W@]Ми навіть запакували все, щоб ти міг поїсти в дорозі!",[@]哦，对了！[D]我们还带了点东西！[W@]是你最爱的[FAVFOOD]喔！[D]妈妈专门给你做的。[W@]我们还帮你打包好了，赶路的时候也能吃！
DIALOGUE_PODUNK_CUTSCENES_FAMILY_GOODBYE_8,[@][NINTEN] got the [FAVFOOD]!,[@][NINTEN] obtient une grosse portion d[elision][FavFood] !,[@][NINTEN] riceve una porzione di [FAVFOOD]!,[@][NINTEN]は　[FAVFOOD]を　てにいれた！,[@][NINTEN][particle:NINTEN:0] [FAVFOOD][particle:FAVFOOD:2] 얻었다!,[@]¡[NINTEN] ha conseguido un poco de [FAVFOOD]!,[@]¡[NINTEN] ha conseguido un poco de [FAVFOOD]!,[@][NINTEN] conseguiu uma sacola de [FAVFOOD]!,[@][NINTEN] dostał Ulubione Jedzenie!,[@][NINTEN] erhielt [FAVFOOD]!,[@][NINTEN] получил любимое блюдо!,[@][NINTEN] отримав [FAVFOOD]!,[@][NINTEN]获得了[FAVFOOD]！
DIALOGUE_PODUNK_CUTSCENES_FAMILY_GOODBYE_9,"[@]Oh...[D] but you're carrying too much stuff.[W@]Well, I'll just leave it here.","[@]Oh...[D] On dirait que t'as pas de place.[W@]Bon, on va le laisser là.","[@]Oh...[D] ma hai troppi oggetti.[W@]Beh, lasciamo tutto qui.",[@]って・・・[D]にもつが　いっぱいじゃない！[W@]ここに　おいておくわ。,[@]아...[D] 짐이 많아서 넣을 공간이 없는 거 같네.[W@]여기에 두고 갈게.,"[@]Oh...[D] pero ya andas con muchas cosas.[W@]Bueno, la guardaré aquí.","[@]Vaya...[D] pero si vas hasta arriba.
[W@]Bueno, te lo dejaré aquí.","[@]Ah...[D] mas você está carregando muitas coisas.[W@]Bem, a gente vai deixar ela aqui.","[@]Och...[D] nosisz już ze sobą zbyt wiele rzeczy.[W@]Cóż, w takim razie po prostu to tu zostawię.","[@]Oh ...[D] du trägst zu viele Sachen.[W@]Naja, ich lass das Essen einfach hier .","[@]Ой...[D] тебе даже в руки не взять.[W@]Ну ладно, тогда положу здесь.","[@]Ой... [D]здається, у тебе забагато речей.[W@]Ну, я просто покладу їжу тут.",[@]噢不…[D]可你身上带的东西太多了。[W@]嗯…我就先放这里吧。
DIALOGUE_PODUNK_CUTSCENES_FAMILY_GOODBYE_10,[@]Mom made sooo much that we even have some leftovers at home.[W@]Good thing we locked the door so Mick can't get to it.,[@]Maman a fait teeeellement de restes.[W@]C'est une bonne chose qu'on ait fermé la porte pour que Mick ne puisse pas tout manger.,[@]La mamma ha cucinato così tanto che ci sono rimasti perfino avanzi a casa.[W@]Menomale che abbiamo chiuso la porta così non ci può arrivare Mick.,[@]ママってば　はりきって　つくりすぎちゃって[BR]いえにも　たくさんあるのに。[W@]あ　いえのかぎは　しめたから　ミックに　たべられる　しんぱいは　ないよ。,[@]엄마가 엄청 많이 만드셔서 집에도 아직 많이 남아 있어.[W@]믹이 못 먹게 문도 잠가둬서 다행이야.,[@]Mamá hizo taaaaaaanto que hasta quedó más en casa.[W@]Menos mal que cerramos la puerta para que Mick no pueda comérsela.,"[@]Mamá ha hecho taaaanta comida que hasta nos ha sobrado en casa.
[W@]Menos mal que hemos cerrado la puerta para que Mick no le eche el guante.","[@]A mamãe fez muuuito, têm até sobras em casa.[W@]Que bom que a gente trancou a porta pro Mick não comer tudo.","[@]Mama tyyyyle tego nagotowała, że mamy jeszcze resztki w domu.[W@]Dobrze, że zamknęłyśmy za sobą drzwi, inaczej Mick mógłby się do nich dobrać.","[@]Mama hat soooo viel gemacht, dass wir Zuhause sogar noch etwas übrig haben.[W@]Zum Glück haben wir die Tür verschlossen, damit Mick nicht reinkommt. ","[@]Мама так много наготовила, что у нас дома теперь полный холодильник![W@]Хорошо, что мы закрыли дверь, а то бы Мик ничего не оставил.","[@]Мама стільки наготувала, що в нас удома повний холодильник.
[W@]Добре, що ми зачинили двері, і Мік до нього не дістанеться.",[@]妈妈做了好——多，我们家里还剩了不少呢。[W@]还好我们把门锁上了，不然米克就全偷吃光了。
DIALOGUE_PODUNK_CUTSCENES_FAMILY_GOODBYE_11,"[@]Isn't that right, Minnie?","[@]N'est-ce pas, Minnie ?","[@]Vero, Minnie?",[@]カギ　かけてくれて　ありがとう　ミニー！,"[@]그렇지, 미니?","[@]¿Verdad, Minnie?","[@]¿A que sí, Minnie?","[@]Não é, Minnie?","[@]Prawda, Minnie?","[@]Nicht wahr, Minnie?","[@]Минни, ты же закрыла дверь?","[@]Ти ж зачинила двері, Мінні?",[@]我说的没错吧，米妮？
DIALOGUE_PODUNK_CUTSCENES_FAMILY_GOODBYE_12,"[@]Wait, what? [D]Weren't you supposed to do it?","[@]Attends, quoi ? [D]C'était pas à toi de faire ça ?",[@]In che senso? [D]Non dovevi farlo tu?,[@]え　ミミーが　かけてくれたんじゃないの？,"[@]잠깐만, 뭐라고? [D]네가 하기로 한 거 아녔어?","[@]Espera, ¿cómo? [D]¿Qué no lo ibas a hacer tú?","[@]Espera, ¿qué? [D]¿Pero no tenías que cerrar tú?","[@]Espera, oi? [D]Não era você que ia trancá-la?","[@]Chwila, co? [D]Czy ty nie miałaś ich zamknąć?","[@]Warte, was? [D]Wolltest du das nicht tun?","[@]Стоп, что? [D]Разве не ты должна была?",[@]Що-що? [D]А це не ти мала зробити?,[@]等等，什么？[D]不是该你锁门的吗？
DIALOGUE_PODUNK_CUTSCENES_FAMILY_GOODBYE_13,[@]Huh? [D]I thought YOU locked the door.,[@]Hein ? [D]Je pensais que TU t'en occupais.,[@]Come? [D]Pensavo avessi chiuso TU.,[@]そんなこと　わたし　してないよ？,[@]어? [D]난 네가 잠근 줄 알았는데!,[@]¿Eh? [D]Pero yo pensé que TÚ la cerraste.,[@]¿Eh? [D]Yo pensaba que habías cerrado TÚ.,[@]Quê? [D]Eu achei que VOCÊ trancou a porta.,"[@]Hę? [D]Myślałam, że TY zamknęłaś drzwi.","[@]Häh? [D]Ich dachte, DU hast die Tür verschlossen.","[@]Чего? [D]Я думала, ТЫ её закрыла.","[@]М-м? [D]Я думала, що ТИ їх закрила.",[@]啊？[D]我还以为你会锁呢。
DIALOGUE_PODUNK_CUTSCENES_FAMILY_GOODBYE_14,[@][F]QUICKLY!! [D]BEFORE IT'S ALL GONE!!![/F],[@][F]VITE !! [D]AVANT QU'IL NE SOIT TROP TARD !!![/F],[@][F]PRESTO!! [D]PRIMA CHE SI MANGI TUTTO!!![/F],[@]いそいで！！[D:3][BR]ぜんぶ　たべられちゃうよ！！！,[@][F]빨리!! [D]다 먹어 치우기 전에 빨리!!![/F],[@][F]¡¡RÁPIDO!! [D]¡¡¡ANTES QUE NO QUEDE NADA!!![/F],[@][F]¡¡RÁPIDO!! [D]¡¡¡ANTES DE QUE SE LO COMA TODO!!!,[@][F]RÁPIDO!! [D]ANTES QUE ELE COMA TUDO!!![/F],[@][F]SZYBKO!! [D]PÓKI JEST CO RATOWAĆ!!![/F],[@][F]SCHNELL!! [D]BEVOR ALLES WEG IST!!![/F],[@][F]ПОБЕЖАЛИ ДОМОЙ!!! [D]ПОКА ОН ВСЁ НЕ СЪЕЛ!!![/F],[@][F]ШВИДШЕ!! [D]ПОКИ ВІН ВСЕ НЕ ЗЛОПАВ!!![/F],[@][F]快回去！！[D]不然就全没了！！！[/F]
DIALOGUE_PODUNK_CUTSCENES_FAMILY_GOODBYE_15,"[@][SL]So...[D] you really are leaving...[/SL][W@][SL]I always knew this day would come...[/SL][W@][SL]You've wanted to go on an adventure for a long time, haven't you?[/SL]","[@][SL]Alors...[D] tu pars pour de vrai...[/SL][W@][SL]J'ai toujours su que ce jour arriverait...[/SL][W@][SL]Ça fait longtemps que tu veux partir à l'aventure, n'est-ce pas ?[/SL]","[@][SL]Allora...[D] te ne vai veramente...[/SL][W@][SL]Sapevo che sarebbe arrivato il momento...[/SL][W@][SL]Hai sempre avuto voglia di partire all'avventura, non è vero?[/SL]",[@][SL]・・・[Ninten]。[D][BR]ほんとうに　このまちを　でていっちゃうのね。[/SL][W@][SL]いつか　このひが　くるのは　わかってたわ・・・[/SL][W@][SL]ずっと　ぼうけんに　でたがっていたでしょう？[/SL],[@][SL]그래...[D] 정말 떠나는구나[/SL][W@][SL]언젠가 이런 날이 올 거란 건 알고 있었지만...[/SL][W@][SL]넌 오래전부터 모험을 떠나고 싶어 했잖니?[/SL],"[@][SL]Entonces...[D] de verdad te vas...[/SL][W@][SL]Siempre supe que este día llegaría...[/SL][W@][SL]Has querido ir de aventuras por mucho tiempo, ¿no es así?[/SL]","[@][SL]Entonces...[D] de verdad te vas...[/SL]
[W@][SL]Siempre supe que llegaría este día...[/SL]
[W@][SL]Llevas mucho queriendo irte de aventuras, ¿a que sí?[/SL]","[@][SL]Então...[D] você está indo mesmo embora...[/SL][W@][SL]Eu sempre soube que esse dia chegaria...[/SL][W@][SL]Você esteve querendo ir numa aventura a muito tempo, não é mesmo?[/SL]","[@][SL]Więc...[D] naprawdę nas opuszczasz...[/SL][W@][SL]Wiedziałam, że ten dzień kiedyś nadejdzie...[/SL][W@][SL]Od dawna chciałeś wyruszyć na przygodę, czyż nie?[/SL]","[@][SL]Also ...[D] gehst du jetzt wirklich fort ...[/SL][W@][SL]Ich wusste, dass irgendwann dieser Tag kommen würde ...[/SL][W@][SL]Du wolltest schon ewig auf ein Abenteuer gehen, nicht wahr?[/SL]","[@][SL]Ну что...[D] значит, ты уходишь...[/SL][W@][SL]Я знала, что рано или поздно этот день настанет...[/SL][W@][SL]Ты ведь очень давно хотел отправиться в приключение, да, [Ninten]?[/SL]","[@][SL]Виходить,[D] ти справді йдеш...[/SL]
[W@][SL]Я завжди розуміла, що цей день колись настане...[/SL]
[W@][SL]Ти вже давно мріяв побувати на пригоді, правда?[/SL]",[@][SL]所以…[D]你真的要离开了…[/SL][W@][SL]我一直都知道这一天会来…[/SL][W@][SL]你一直都想出去冒险的，对吧？[/SL]
DIALOGUE_PODUNK_CUTSCENES_FAMILY_GOODBYE_16,"[@][SL]Before you go, [D:6]I want to tell you something.[/SL][W@][SL]It's [D:6]about your great grandfather [D:6]George.[/SL]","[@][SL]Avant que tu partes, [D:6]Il faut que je te dise quelque chose.[/SL][W@][SL]C'est [D:6]à propos de ton grand-père, [D:6]George.[/SL]","[@][SL]Prima che tu vada, [D:6]voglio dirti una cosa.[/SL][W@][SL]Riguardo [D:6]il tuo bisnonno [D:6]George.[/SL]",[@][SL]いくまえに　つたえておきたいことが　あるの。[W@]あなたの　ひいおじいさん[D:6]　[C]ジョージ[/C]の　はなしよ。[/SL],"[@][SL]가기 전에,[D:6] 너에게 말해주고 싶은 게 있단다.[/SL][W@][SL]네 증조할아버지,[D:6] 조지에 관한 이야기야.[/SL]","[@][SL]Antes que te vayas, [D:6]te quiero decir algo.[/SL][W@][SL]Es [D:6]sobre tu bisabuelo [D:6]George.[/SL]","[@][SL]Antes de que te marches, [D:6]quiero contarte algo.[/SL]
[W@][SL]Es [D:6]sobre George, [D:6]tu bisabuelo.[/SL]","[@][SL]Antes que você vá, [D:6]preciso te contar uma coisa.[/SL][W@][SL]É [D:6]sobre o seu bisavô, [D:6]o George.[/SL]","[@][SL]Zanim odejdziesz, [D:6]chcę ci coś powiedzieć.[/SL][W@][SL]Coś [D:6]o twoim pradziadku [D:6]George'u.[/SL]","[@][SL]Bevor du gehst, [D:6]möchte ich dir noch etwas sagen.[/SL][W@][SL]Es geht um [D:6]deinen Ur-Opa [D:6]George.[/SL]","[@][SL]Пока ты не ушёл, [D:6]мне хочется кое-что тебе рассказать.[/SL][W@][SL]Про [D:6]твоего прадедушку Джорджа.[/SL]","[@][SL]Але перед тим, як ти вирушиш у дорогу,[D:10] я хочу дещо тобі сказати.[/SL]
[W@][SL]Це про твого прадідуся,[D:6] Джорджа.[/SL]",[@][SL]在你启程出发之前，[D:6]我必须告诉你一些事情。[/SL][W@][SL]是关于你的曾祖父，[D:6]乔治的事。[/SL]
DIALOGUE_PODUNK_CUTSCENES_FAMILY_GOODBYE_17,"[@][SL]Do you remember that day, [D:6]when your great grandfather visited us eight years ago?[/SL][W@][SL]He wanted to warn us about something urgent, [D:6]but he was in such a hurry...[/SL][W@][SL]No matter what he said, [D:6]he just didn't make sense.[/SL]","[@][SL]Est-ce que tu te rappelles du jour où il nous a rendu visite, il y a huit ans ?[/SL][W@][SL]Il voulait nous prévenir de quelque chose d'urgent, [D:6]mais il avait l'air tellement pressé...[/SL][W@][SL]Peu importe ce qu'il essayait de nous dire, [D:6]il était incompréhensible.[/SL]","[@][SL]Ti ricordi quando, otto anni fa, [D:6]il tuo bisnonno è venuto a trovarci?[/SL][W@][SL]Voleva metterci al corrente di una cosa urgente, [D:6]ma era così su di giri...[/SL][W@][SL]Qualunque cosa dicesse, [D:6]non aveva senso.[/SL]",[@][SL]８ねんまえの　あのひ　[D:6][BR]うちに　きてくれたときのこと　おぼえてる？[/SL][W@][SL]あわてて　なにかを　しらせにきた　みたいだったけど・・・[/SL][W@][SL]いくら　ほりさげても　[D:6]もうさっぱり　わからなかった。[/SL],"[@][SL]8년 전,[D:6] 네 증조할아버지가 우리를 찾아왔던 날 기억하니?[/SL][W@][SL]우리에게 급하게 어떤 것에 대해 경고하려 하셨지만,[D:6] 너무 서두르고 계셨어...[/SL][W@][SL]두서없이 어떤 말씀을 하셨지만,[D:6] 무슨 말인지 전혀 이해되지 않았단다.[/SL]","[@][SL]¿Recuerdas ese día, [D:6]cuando tu bisabuelo vino a vernos, como hace ocho años?[/SL][W@][SL]Él quería advertirnos sobre algo urgente, [D:6]pero estaba tan apresurado...[/SL][W@][SL]No importaba lo que dijera, [D:6]no se le podía entender.[/SL]","[@][SL]¿Te acuerdas de aquel día, [D:6]cuando vino a vernos hace ocho años?[/SL]
[W@][SL]Quería avisarnos de algo urgente, [D:6]pero iba con tantas prisas...[/SL]
[W@][SL]Por más que hablaba, [D:6]no había quien lo entendiera.[/SL]","[@][SL]Você se lembra daquele dia, [D:6]que o seu bisavô veio visitar a gente oito anos atrás?[/SL][W@][SL]Ele queria nos avisar sobre alguma coisa urgente, [D:6]mas  estava com tanta pressa...[/SL][W@][SL]Nada que ele falava fazia sentido, [D:6]não conseguimos entender ele.","[@][SL]Czy pamiętasz ten dzień, [D:6]kiedy osiem lat temu odwiedził nas twój pradziadek?[/SL][W@][SL]Chciał nas ostrzec przed czymś ważnym, [D:6]ale bardzo mu się spieszyło...[/SL][W@][SL]Wszystko co mówił [D:6]po prostu nie miało sensu.[/SL]","[@][SL]Erinnerst du dich an den Tag vor acht Jahren, [D:6]als dein Ur-Opa uns besucht hatte?[/SL][W@][SL]Er wollte uns vor etwas sehr Wichtigem warnen, [D:6]aber er war so in Eile ...[/SL][W@][SL]Dass egal was er sagte, [D:6]wir uns einfach keinen Reim draus machen konnten.[/SL]","[@][SL]Помнишь, [D:6]когда он заходил к нам восемь лет назад?[/SL][W@][SL]Он очень хотел нас о чём-то предупредить, [D:6]но так спешил...[/SL][W@][SL]...что ни слова от него нельзя было понять.[/SL]","[@][SL]Пам'ятаєш той день,[D:6] коли твій прадідусь відвідав нас вісім років тому?[/SL]
[W@][SL]Він хотів попередити нас про щось дуже важливе,[D:6] але він так поспішав...[/SL]
[W@][SL]Що все, що він казав, [D:6]було якоюсь нісенітницею.[/SL]",[@][SL]你还记得吗，八年前你曾祖父来看我们的那一天。[/SL][W@][SL]他有件急事想提醒我们，[D:6]可他当时太匆忙了…[/SL][W@][SL]不管他说什么，[D:6]就是怎么也说不明白。[/SL]
DIALOGUE_PODUNK_CUTSCENES_FAMILY_GOODBYE_18,"[@][SL]George had always been such a recluse,[D:6] only showing up about once a decade...[/SL][W@][SL]I'm not sure what happened to him, [D:6]but he always had a lot on his mind.[/SL][W@][SL]In the end, [D:6]he wanted to leave us with his research diary and that little doll.[/SL][W@][SL]As he was about to leave, [D:6]you came downstairs...[/SL]","[@][SL]Tu sais, George a toujours été un homme solitaire, [D:6]on le voyait à peine...[/SL][W@][SL]Je ne sais pas ce qu'il lui est arrivé, [D:6]mais il était toujours préoccupé par quelque chose.[/SL][W@][SL]Il voulait nous laisser son journal de recherche et cette petite poupée.[/SL][W@][SL]Juste avant son départ, [D:6]tu es descendu nous voir...[/SL]","[@][SL]George è sempre stato un tipo solitario,[D:6] si faceva vedere sì e no una volta ogni dieci anni...[/SL][W@][SL]Non so cosa gli sia successo, [D:6]ma aveva sempre di che pensare.[/SL][W@][SL]Alla fine, [D:6]ci volle lasciare quel diario sulle sue ricerche e quella bambola.[/SL][W@][SL]Come stava per andarsene, [D:6]scendesti giù...[/SL]",[@][SL]ジョージは　あまり　ひとまえに　でるひとでは　なくて[D:6]　じゅうねんに　いちどくらいしか　あうことは　なかったよ。[/SL][W@][SL]むかし　かれに　なにがあったか　わからないけど[D:6]　いつも　こころのなかで　なにかを[BR]かかえこんでるように　みえたわ。[/SL][W@][SL]・・・あのひ　[D:6]かれは　はなしおわったあと　けんきゅうにっきと　にんぎょうを　わたしたちの　いえに　のこして　でていこうと　したわ。[/SL][W@][SL]そして　かれが　げんかんの[BR]ドアノブを　ひねった　しゅんかん[BR]あなたが　かいだんから　おりてきて・・・[/SL],"[@][SL]조지는 항상 은둔 생활을 하시던 분이었어,[D:6] 한 10년에 한 번? 정말 가끔 모습을 드러내셨지...[/SL][W@][SL]네 증조할아버지에게 무슨 일이 있었는지는 모르겠지만,[D:6] 늘 너무 많은 생각을 짊어지고 계신 거처럼 보였단다.[/SL][W@][SL]결국 자신의 연구 일지와 그 작은 인형을 우리에게 남겨두곤 떠나려 하셨어.[/SL][W@][SL]그렇게 떠나기 직전,[D:6] 네가 아래층으로 내려왔지...[/SL]","[@][SL]George siempre había sido muy recluido,[D:6] únicamente aparecía una vez por década...[/SL][W@][SL]No estoy segura de qué le haya pasado, [D:6]pero siempre tenia muchas cosas en la mente.[/SL][W@][SL]Al final, [D:6]nos quería dejar su diario de investigación y esa pequeña muñeca.[/SL][W@][SL]Pero justo cuando estaba por irse, [D:6]bajaste por las escaleras...[/SL]","[@][SL]George siempre había sido un huraño,[D:6] solo aparecía[BR]una vez por década...[/SL]
[W@][SL]No sé muy bien lo que le pasó, [D:6]pero siempre tenía demasiadas cosas en la cabeza.[/SL]
[W@][SL]Al final, [D:6]quiso dejarnos su diario de investigación y[BR]esa muñeca.[/SL]
[W@][SL]Justo cuando estaba a punto de irse, [D:6]bajaste tú por[BR]las escaleras...[/SL]","[@][SL]George sempre foi um recluso,[D:6] ele aparecia só uma vez por década...[/SL][W@][SL]Eu não tenho certeza do que aconteceu com ele, [D:6]mas ele sempre tinha a mente ocupada.[/SL][W@][SL]No fim, [D:6]ele queria deixar a pesquisa dele num diário com a gente, e aquela boneca.[/SL][W@][SL]Quando ele estava quase saindo, [D:6]você veio descendo as escadas...[/SL]","[@][SL]George zawsze był takim odludkiem, [D:6]pojawiał się tylko raz na dziesięć lat...[/SL][W@][SL]Nie wiem, co się z nim stało, [D:6]ale zawsze miał dużo na głowie. [/SL][W@][SL]W końcu [D:6]chciał zostawić nam swój dziennik badań i tę małą lalkę.[/SL][W@][SL]Akurat kiedy już miał wychodzić, [D:6]zszedłeś na dół...[/SL]","[@][SL]George war schon immer sehr zurückgezogen, [D:6]hat uns immer nur vielleicht einmal alle zehn Jahre besucht ...[/SL][W@][SL]Ich weiß nicht, was er gemacht hat, [D:6]aber er hatte immer sehr viel zu erzählen.[/SL][W@][SL]Schlussendlich [D:6]hinterließ er uns sein Forschungstagebuch und diese kleine Puppe.[/SL][W@][SL]Gerade als er gehen wollte, [D:6]bist du noch unten gekommen ...[/SL]","[@][SL]Джордж, сколько его помню, всегда был отшельником[D:6] и навещал нас раз в сто лет...[/SL][W@][SL]Не знаю, что с ним случилось, [D:6]но его постоянно что-то мучило.[/SL][W@][SL]Однажды он пришёл, чтобы оставить у нас куклу и свой исследовательский дневник.[/SL][W@][SL]Когда ты спускался, [D:6]он уже собирался уходить...[/SL]","[@][SL]Джордж завжди був пустельником, [D:6]і виходив у люди лише раз на сто років...
[W@][SL]Не знаю, що з ним сталося,[D:6] але його завжди дещо турбувало.[/SL]
[W@][SL]Він прийшов, [D:6]залишив нам свій щоденник і ту маленьку ляльку.[/SL]
[W@][SL]І тільки він збирався йти, [D:6]як ти спустився до нього...[/SL]",[@][SL]乔治一直是个深居简出的人，[D:6]大概十来年才出来露一次面…[/SL][W@][SL]我不清楚他身上到底发生了什么，[D:6]但他心里好像永远藏着很多事。[W@][SL]最后，[D:6]他想把他的研究日记和那个玩偶留给我们。[/SL][W@][SL]他正要离开的时候，[D:6]你从楼上下来了…[/SL]
DIALOGUE_PODUNK_CUTSCENES_FAMILY_GOODBYE_19,"[@][SL]You seemed so curious about him, [D:6]and kept asking so many questions.[/SL][W@][SL]Somehow,[D:6] you got him to sit down [D:6]and watch those movies about space wizards with you.[/SL]","[@][SL]Tu avais l'air tellement curieux, [D:6]avec tes questions persistantes...[/SL][W@][SL]Je ne sais plus comment, [D:6]mais tu as réussi à le faire s'asseoir [D:6]et à lui faire regarder tes films de magiciens extraterrestres.[/SL]","[@][SL]Ti incuriosì talmente tanto, [D:6]e domandasti così tante cose.[/SL][W@][SL]Non si sa come,[D:6] lo facesti sedere lì con te [D:6]a guardare quei film sui maghi spaziali.[/SL]",[@][SL]・・・きょうみしんしん　だったのでしょうね。[D:6][BR]とにかくいっぱい　しつもんを　ききまくったのよ。[/SL][W@][SL]それに　こたえていくうち[BR]きづけば　ジョージは　ソファに　すわって[BR]あなたと　うちゅうえいがを　みていたわ。[/SL],"[@][SL]너는 네 증조할아버지를 호기심의 대상으로 보는 듯했어.[D:6] 계속 질문을 쏟아냈지.[/SL][W@][SL]어떻게 된 일인지,[D:6] 넌 기어코 증조할아버지와 같이 앉아서 우주 마법사 영화를 보게 만들었단다.[/SL]","[@][SL]Parecías muy curioso sobre él, [D:6]no parabas de hacerle preguntas.[/SL][W@][SL]De alguna manera,[D:6] conseguiste que se sentara [D:6]y viera esas películas de hechiceros espaciales contigo.[/SL]","[@][SL]Te picaba mucho la curiosidad, [D:6]no parabas de hacerle preguntas.[/SL]
[W@][SL]De algún modo,[D:6] conseguiste que se sentara [D:6]a ver contigo esas películas de magos espaciales.[/SL]","[@][SL]Você estava bem curioso sobre ele, [D:6]e ficou fazendo muitas perguntas.[/SL][W@][SL]De algum jeito,[D:6] você o convenceu de assistir[D:6] aqueles filmes de feiticeiros espaciais com você.[/SL]","[@][SL]Bardzo się nim zaciekawiłeś [D:6]i ciągle zadawałeś mu jakieś pytania.[/SL][W@][SL]Jakimś sposobem [D:6]udało ci się go namówić, żeby usiadł [D:6]i obejrzał z tobą te filmy o kosmicznych czarodziejach.[/SL]","[@][SL]Du warst äußerst wissbegierig [D:6]und hast ihn mit Fragen durchlöchert.[/SL][W@][SL]Irgendwie [D:6]hast du es geschafft,[D:6] dass er sich nochmal hingesetzt und mit dir diese Filme über Weltraummagier geschaut hat.[/SL]",[@][SL]Но ты начал столько у него всего расспрашивать...[/SL][W@][SL]Что в итоге вы уселись вместе[D:6] и допоздна смотрели фильмы про космических волшебников.[/SL],"[@]Тебе він так зацікавив, [D:6]що ти закидав його різними питаннями.
[W@]Якимось дивом,[D:6] ти переконав його сісти на диван...[WAITBR]та переглянути з тобою ті фільми про чарівників у космосі.",[@][SL]你当时对他似乎特别好奇，[D:6]拉着他问东问西的。[/SL][W@][SL]不知怎的，[D:6]你真说动他坐了下来，[D:6]陪你一起看那些关于太空巫师的电影。[/SL]
DIALOGUE_PODUNK_CUTSCENES_FAMILY_GOODBYE_20,"[@]Oh, [D:6]you just kept talking his ear off for hours![W@][SL]He must have been so tired talking about space with you...[/SL]","[@]Ah, [D:6]et tu lui en mettais plein les oreilles ![W@][SL]Il devait être si fatigué en parlant de l'espace avec toi...[/SL]","[@]Oh, [D:6]stesti a parlargli per ore![W@][SL]Di sicuro si stancò moltissimo a parlare dello spazio con te...[/SL]",[@]そこから　もう　なんじかんも　うちゅうについて　はなしちゃって！[W@][SL]さいごのほうは　ヘトヘトだったみたいよ。[/SL],[@]정말 몇 시간 동안 계속 귀에서 피가 나도록 떠들어댔지![W@][SL]너와 우주 이야기를 하시느라 정말 피곤하셨을 거야...[/SL],"[@]¡Ay, [D:6]pero si hablaron hasta por los codos por horas![W@][SL]Debió haber terminado tan agotado después de hablar contigo sobre el espacio...[/SL]","[@]¡Vamos, [D:6]que le diste la turra por horas!
[W@][SL]Terminaría agotadísimo de hablar del espacio contigo...[/SL]","[@]Ai ai, [D:6]você ficou conversando com ele por horas![W@][SL]Ele devia ter ficado exausto falando sobre espaço com você...[/SL]","[@]Och, [D:6]gadałeś do niego godzinami i godzinami![W@][SL]Musiał być strasznie zmęczony rozmawiając z tobą o kosmosie...[/SL]","[@]Stimmt, [D:6]du hast ihm stundenlang das Ohr abgekaut![W@][SL]Er muss so fertig gewesen sein, mit dir über den Weltraum zu reden ...[/SL]","[@]Ах,[D:6] ты с ним несколько часов болтал без умолку![W@][SL]Мне кажется, ты ему все уши прожжужал про космос...[/SL]","[@]Ох і нагомонів ти йому повні вуха!
[W@][SL]Він, напевно, так втомився розмовляти з тобою про космос...[/SL]",[@]噢，[D:6]你当时拉着他可说了好几个小时呢！[W@][SL]他一定累坏了，陪你聊了那么久的太空…[/SL]
DIALOGUE_PODUNK_CUTSCENES_FAMILY_GOODBYE_21,"[@][SL]Eventually, it seemed like he had enough, [D:6]and left.[/SL][W@][SL]But as he was going out, [D:6]I caught a glimpse of something I thought I would never see...[/SL][W@][SL]For the very first time,[D:6] for just a moment, [D]I saw a smile on his face.[/SL]","[@][SL]Finalement, il en a probablement eu assez, [D:6]et il est parti.[/SL][W@][SL]Mais lors de son départ, [D:6]j'ai vu quelque chose que je n'aurais jamais cru voir de ma vie...[/SL][W@][SL]Pour la toute première fois, [D:6]le temps d'un instant, [D]j'ai vu un sourire sur son visage.[/SL]","[@][SL]A un certo punto, sembrò che ne avesse avuto abbastanza, [D:6]e se ne andò.[/SL][W@][SL]Ma come si diresse verso l'uscita, [D:6]mi parve di vedere qualcosa che mai mi sarei sognata...[/SL][W@][SL]Per la prima volta,[D:6] solo per un attimo, [D]lo vidi sorridere.[/SL]",[@][SL]そして　すっかり　つかれてしまったのか[BR]ジョージは　そのまま　かえっていったわ。[/SL][W@][SL]・・・でもね。[D:6][BR]ドアノブに　また　てを　のばしかけた　とき・・・[D][BR]いっしゅんだけ　[D:6]ほほえみが　みえたの。[/SL][W@][SL]そんなジョージは[BR]はじめてだったよ。[/SL],"[@][SL]결국 충분했다는 듯,[D:6] 우릴 떠나셨단다.[/SL][W@][SL]하지만 나가시던 순간,[D:6] 난 평생 볼 수 없을 거라 생각했던 걸 보게 됐어...[/SL][W@][SL]처음으로,[D:6]아주 잠깐이었지만, [D]그 얼굴에 미소가 보였단다.[/SL]","[@][SL]Luego de un tiempo, parecía que ya había tenido suficiente, [D:6]así que se fue.[/SL][W@][SL]Pero mientras se marchaba, [D:6]tuve un vistazo de algo que nunca creí que vería...[/SL][W@][SL]Por primera vez en mi vida,[D:6] y tan solo por un momento, [D]pude ver una sonrisa en su rostro.[/SL]","[@][SL]Al final, parecía que ya había tenido bastante, [D:6]y se marchó.[/SL]
[W@][SL]Pero cuando salía por la puerta, [D:6]alcancé a ver algo que jamás creí que vería...[/SL]
[W@][SL]Por primera vez en la vida,[D:6] durante un instante, [D]vi una sonrisa en su cara.[/SL]","[@][SL]Depois de um tempo, pareceu que ele tinha se cansado, [D:6]e foi embora.[/SL][W@][SL]Mas assim que ele estava saindo, [D:6]eu consegui ver algo que achei que nunca veria...[/SL][W@][SL]Pela primeira vez,[D:6] só por um momento, [D]eu vi um sorriso no seu rosto.[/SL]","[@][SL]W końcu wyglądało na to, że miał dość [D:6]i wyszedł.[/SL][W@][SL]Ale kiedy wychodził, [D:6]dostrzegłam coś, czego nigdy przedtem nie widziałam... [/SL][W@][SL]Po raz pierwszy, [D:6]przez krótką chwilę, [D]zobaczyłam uśmiech na jego twarzy.[/SL]","[@][SL]Schließlich hatte er genug [D:6]und ist gegangen.[/SL][W@][SL]Aber als er rausging, [D:6]habe ich kurz etwas gesehen, was ich mir niemals hätte vorstellen können ...[/SL][W@][SL]Zum allerersten Mal, [D:6]wenn auch nur ganz kurz, [D]habe ich ein Lächeln auf seinem Gesicht gesehen.[/SL]","[@][SL]Через какое-то время он всё-таки устал [D:6]и пошёл к себе.[/SL][W@][SL]Но когда уходил, [D:6]я увидела то, чего совсем от него не ожидала...[/SL][W@][SL]Впервые за всю свою жизнь [D:6]я увидела...[D] как он улыбается.[/SL]","[@][SL]Через кілька годин йому вистачило балачок, [D:6]і він знову пішов.[/SL]
[W@][SL]Але коли він збирався, [D:6]я помітила щось, [D:6]чого ніколи не відбувалося...[/SL]
[W@][SL]Вперше за все своє життя,[D:6] я побачила...[D:10] що він усміхався.[/SL]",[@][SL]后来，他大概是聊够了，[D:6]就起身离开了。[/SL][W@][SL]可他出门的时候，[D:6]我无意中瞥见了一样东西——我本以为这辈子都不可能看到的…[/SL][W@][SL]有生以来头一次，[D:6]就在那一瞬间，[D]我看见他脸上露出了一丝笑容。[/SL]
DIALOGUE_PODUNK_CUTSCENES_FAMILY_GOODBYE_22,"[@][SL][NINTEN]... [D]I know you are eager to follow in your great grandfather's footsteps...[/SL][W@][SL]I don't know if he's still alive, [D:6]but the last thing he told me was that he was heading to [C]Mt. Itoi[/C]...[/SL][W@][SL]It's a[D:6] dangerous place, [D:6]and your journey will most likely lead you there...[/SL][W@][SL]But if you were able to make even George smile, [D:6]then you can accomplish anything.[/SL]","[@][SL][NINTEN]... [D]Je sais que tu as hâte de suivre le chemin de ton arrière-grand-père...[/SL][W@][SL]Je ne sais pas s'il est encore en vie, [D:6]mais la dernière chose qu'il m'a confiée est qu'il partait au [C]Mont Itoi[/C]...[/SL][W@][SL]C'est un [D:6]endroit dangereux, [D:6]et ton aventure t'y mènera sûrement...[/SL][W@][SL]Mais si tu as pu faire sourire George, [D:6]alors tu peux tout accomplir.[/SL]","[@][SL][NINTEN]... [D]io so che vuoi seguire le orme del tuo bisnonno...[/SL][W@][SL]Non so se è ancora vivo, [D:6]ma l'ultima volta che lo sentii mi disse che si sarebbe diretto al [C]Monte Itoi[/C]...[/SL][W@][SL]È un posto [D:6]pericoloso, [D:6]e il tuo viaggio ti ci porterà quasi sicuramente...[/SL][W@][SL]Ma se sei riuscito a far sorridere George, [D:6]per me puoi riuscire in qualunque cosa.[/SL]",[@][SL][NINTEN]・・・[D][BR]あなたが　ひいじいさんの　あとを[BR]たどろうと　してることは　よくわかるわ。[W@]まだ　いきてるかは　わからないけど　[D:6][BR]さいご　わたしに　[C]ホーリーローリーマウンテン[/C]へ　むかうって　いってたよ。[W@][SL]あそこは　とても　あぶない　ばしょで[D:6][BR]あなたも　いつか　いくことに　なるとおもうの。[W@]けど　あのジョージを　えがおにできた　あなたなら[D:6]　なんでも　できちゃうよ。かならずよ。,"[@][SL][NINTEN]...[D] 네가 증조할아버지의 발자취를 따르고 싶어 한다는 건 알고 있어...[/SL][W@][SL]그분이 아직 살아계시는지는 모르겠지만,[D:6] 마지막으로 내게 말씀하신 건 [C]홀리롤리 마운틴[/C].[W@]그곳으로 향하고 있다는 것이었단다...[/SL][W@][SL]그곳은 [D:6]굉장히 위험한 곳이고,[D:6] 네 여정도 아마 그곳에 도달하겠지...[/SL][W@][SL]하지만 [NINTEN], 네가 조지마저 웃게 만든 것처럼,[D:6] 무엇이든 해낼 수 있을 거야.[/SL]","[@][SL][NINTEN]... [D]yo sé que tienes muchas ganas de seguir los pasos de tu bisabuelo...[/SL][W@][SL]No sé si sigue con vida, [D:6]pero la ultima cosa que me dijo fue que estaba en camino hacia el [C]Monte Itoi[/C]...[/SL][W@][SL]Es[D:6] un lugar peligroso, [D:6]y tu viaje probablemente te lleve allí...[/SL][W@][SL]Pero si conseguiste que George pudiera sonreír, [D:6]entonces puedes lograr cualquier cosa.[/SL]","[@][SL][NINTEN]... [D]Sé que te mueres de ganas por seguir los pasos de tu bisabuelo...[/SL]
[W@][SL]No sé si seguirá vivo, [D:6]pero lo último que me dijo es que iba al [C]Monte Itoi[/C]...[/SL]
[W@][SL]Es un lugar[D:6] peligroso, [D:6]y lo más seguro es que tu viaje te acabe llevando allí...[/SL]
[W@][SL]Pero si fuiste capaz de hacer sonreír a George, [D:6]entonces podrás con todo lo que te propongas.[/SL]","[@][SL][NINTEN]... [D]Eu sei que você está animado para seguir os passos do seu bisavô...[/SL][W@][SL]Eu não sei se ele está vivo, [D:6]mas a última coisa que ele me contou é que ele estava indo para o [C]Monte Itoi[/C]...[/SL][W@][SL]É um lugar perigoso, [D:6]e a sua jornada provavelmente vai te levar para lá...[/SL][W@][SL]Mas se você conseguiu até fazer o George sorrir,[D:6] então você consegue fazer qualquer coisa.[/SL]","[@][SL][NINTEN]... [D]Wiem, że bardzo chcesz pójść w ślady swojego pradziadka...[/SL][W@][SL]Nie wiem, czy jeszcze żyje, [D:6]ale ostatnią rzeczą, jaką mi powiedział było to, że wybiera się na [C]Górę Itoi[/C]... [/SL][W@][SL]To [D:6]niebezpieczne miejsce, [D:6]a twoja podróż najprawdopodobniej zaprowadzi cię właśnie tam...[/SL][W@][SL]Ale jeśli udało ci się wywołać uśmiech nawet na twarzy George'a, [D:6]to możesz osiągnąć wszystko.[/SL]","[@][SL][NINTEN] ...[D] ich weiß, dass du in die Fußstapfen deines Ur-Opas treten willst ...[/SL][W@][SL]Ich weiß nicht, ob er noch lebt, [D:6]aber das Letzte, was er mir gesagt hatte, war, dass er zum [C]Berg Itoi[/C] gehen wird ...[/SL][W@][SL]Es ist[D:6] ein gefährlicher Ort, [D:6]doch deine Reise wird dich ziemlich sicher dorthin führen ...[/SL][W@][SL]Aber wenn du es geschafft hast, George zum Lächeln zu bringen, [D:6]dann kannst du alles schaffen.[/SL]","[@][SL][NINTEN]... [D]Я знаю, ты очень хочешь пойти по стопам своего прадеда...[/SL][W@][SL]Не знаю, жив ли он ещё,[D:6] но в последний раз он мне говорил, что собирается взойти на [C]гору Итои[/C]...[/SL][W@][SL]Там очень опасно, [D:6]но тебя, скорее всего, занесёт именно туда...[/SL][W@][SL]И если ты даже заставил Джорджа улыбнуться, [D:6]то для тебя уж нет ничего невозможного.[/SL]","[@][SL][NINTEN]... [D]я знаю, наскільки ти хочеш піти стопами свого прадіда...[/SL]
[W@][SL]Невідомо, чи він ще живий,[D:6] але останнє, що він мені сказав — те,[D:6] що зібрався йти на [C]гору Ітої[/C]...[/SL]
[W@][SL]Це дуже небезпечне місце,[D:6] і твоя пригода швидше за все приведе тебе туди...[/SL]
[W@][SL]Але якщо тобі вдалося змусити Джорджа посміхнутися, [D:6]то для тебе немає нічого неможливого.[/SL]",[@][SL][NINTEN]…[D]我知道你很想追随你曾祖父的脚步…[/SL][W@][SL]我不知道他是否还活着，[D:6]但他临走前告诉过我，他要前去[C]糸井山[/C]…[/SL][W@][SL]那地方很[D:6]危险，[D:6]你的旅途多半也会把你带到那里去…[/SL][W@][SL]但如果你能让乔治都露出笑容，[D:6]那么就不会有什么你做不到的事情。[/SL]
DIALOGUE_PODUNK_CUTSCENES_FAMILY_GOODBYE_23,"[@]Well, I should get going.[W@]I already locked the house myself, so Minnie and Mimmie are probably waiting for me.[W@][SL]Well then... [D]goodbye, [NINTEN]...[/SL][W@][SL]You can always come home if you are tired...[/SL][W@][SL]But still, [D:6]I will always believe in you.[/SL]","[@]Bon, je devrais partir maintenant.[W@]J'ai déjà fermé la maison à clé, donc Minnie et Mimmie sont probablement en train de m'attendre.[W@][SL]Alors...[D] au revoir, [NINTEN]...[/SL][W@][SL]Tu peux toujours revenir à la maison si tu es fatigué...[/SL][W@][SL]Rappelle-toi, [D:6]je croirai toujours en toi.[/SL]","[@]OK, devo andare.[W@]Ci ho pensato io a chiudere la porta di casa, quindi Minnie e Mimmie saranno ad aspettarmi.[W@][SL]Allora... [D]ciao, [NINTEN]...[/SL][W@][SL]Potrai sempre tornare a casa quando sarai stanco...[/SL][W@][SL]Ma comunque sia, [D:6]io crederò sempre in te.[/SL]",[@]もう　そろそろ　もどらないとね。[W@]かぎは　わたしがしめて　いったから[BR]ミミーとミニーは　そとで　まちくたびれちゃう。[WAIT@][SL]いってらっしゃい　[NINTEN]・・・。[D:6][BR]きをつけて。[/SL][W@][SL]たとえ　どんなこんなんが　あったとしても[D:3][BR]あなたなら　ぜったいに　やれると[BR]わたしは　しんじているから。[/SL][W@][SL]こまったときは　いつでも　かえってきておいで・・・[/SL],"[@]이제 나도 가봐야겠구나.[W@]집 문은 내가 잠갔으니, 미니와 미미가 문 앞에서 기다리고 있을 거야.[W@][SL]그럼...[D] 안녕, [NINTEN]...[/SL][W@][SL]지치면 언제든 집으로 돌아오렴...[/SL][W@][SL]하지만 그래도, [D:6]엄마는 언제나 널 믿고 있을 거란다.[/SL]","[@]Bueno, debería irme ya.[W@]Yo misma cerré la puerta de la casa, así que Minnie y Mimmie probablemente están esperándome.[W@][SL]Bueno... [D]adiós, [NINTEN]...[/SL][W@][SL]Siempre puedes volver a casa si estás cansado...[/SL][W@][SL]Y recuerda, [D:6]yo siempre creeré en ti.[/SL]","[@]Bueno, tengo que irme.
[W@]Ya he cerrado yo misma la casa con llave, así que Minnie y Mimmie me estarán esperando.
[W@][SL]Pues nada... [D]adiós, [NINTEN]...[/SL]
[W@][SL]Siempre puedes volver a casa si estás cansado...[/SL]
[W@][SL]Pero pase lo que pase, [D:6]siempre creeré en ti.[/SL]","[@]Bem,[D:6] é melhor eu ir agora.[W@]Eu mesma já tranquei a porta, então a Minnie e a Mimmie provavelmente estão me esperando.[W@][SL]Enfim... [D]tchau, [NINTEN]...[/SL][W@][SL]Você sempre poderá vir para casa quando estiver cansado...[/SL][W@][SL]Mesmo assim, [D:6]eu sempre acreditarei em você.[/SL]","[@]No cóż, powinnam już wracać.[W@]Sama zamknęłam dom, więc Minnie i Mimmie pewnie na mnie czekają.[W@][SL]No cóż... [D]do widzenia, [NINTEN]...[/SL][W@][SL]Zawsze możesz wrócić do domu, kiedy będziesz zmęczony...[/SL][W@][SL]Ale mimo wszystko, [D:6]zawsze będę w ciebie wierzyć.[/SL]","[@]Also, ich sollte gehen.[W@]Ich habe das Haus selbst abgeschlossen, deshalb warten Minnie und Mimmie wahrscheinlich auf mich.[W@][SL]Nun denn ...[D] auf Wiedersehen, [NINTEN] ...[/SL][W@][SL]Du kannst jederzeit nach Hause kommen, wenn du erschöpft bist ...[/SL][W@][SL]Auf jeden Fall [D:6]werde ich immer an dich glauben.[/SL]","[@]Что же, я пойду.[W@]Дом я сама закрыла,[D:6] так что Минни и Мимми, наверное, меня заждались.[W@][SL]Ну, тогда...[D] удачной дороги... [NINTEN].[/SL][W@][SL]Можешь навещать нас, когда захочешь[BR]перевести дух...[/SL][W@][SL]И помни — [D:6]я всегда буду верить в тебя.[/SL]","[@]Ех, здається, мені теж пора.
[W@]Я сама зачинила двері до хати.[D:8] Мінні та Міммі мене напевно зачекалися.
[W@][SL]Що ж... [D]до побачення, [NINTEN]...[/SL]
[W@][SL]Ти можеш повернутися додому будь коли, якщо втомишся...[/SL]
[W@]Будь ласка, пам'ятай, [D:6]що я завжди віритиму в тебе.",[@]好啦，我该走了。[W@]我已经锁好了房门，米妮和米米大概在等我呢。[W@][SL]那么…[D]该说再见了，[NINTEN]…[/SL][W@][SL]你要是累了，随时都可以回家…[/SL][W@][SL]不过即便如此，[D:6]我依然永远支持你，信任你。[/SL]
DIALOGUE_PODUNK_CUTSCENES_FAMILY_GOODBYE_SPEAKERS,Mimmie and Minnie,Mimmie et Minnie,Mimmie e Minnie,ミミーとミニー,미미와 미니,Mimmie y Minnie,Mimmie y Minnie,Mimmie e Minnie,Mimmie i Minnie,Mimmie und Minnie,Мимми и Минни,Міммі та Мінні,米米和米妮
