key,en,fr,it,ja,ko,es,es_ES,pt_BR,pl,de,ru,uk,zh_CN
ANTIDOTE_ART,"The ,the ,An ,an ,this ,it,was","L',l',Un ,un ,cet ,,on,votre ,le ,d',a","L',l',Un ,un ,questo ,o,uo,il",,"는,가,를,와,로","El ,el ,Un ,un ,este ,o,,","El ,el ,Un ,un ,este ,o,,","O ,o ,Um ,um ,esse ,este ,o,seu ,foi",",Antidotum,Antidotum,Antidotum,o","Die ,die ,Eine ,eine ,eine ,Die ,die ,Deine ,deine ,diese ,sie,alte,wurde,war","противоядие,противоядия,противоядию,противоядие,противоядии,,о,ено,ось,ит,его","протиотрута,протиотрути,протиотруті,протиотруту,,,ла,а,е,ить,її",",,,,这个,它,是"
ANTIDOTE_DESC,Cures poison ([Poisoned]).,Guérit l'empoisonnement ([Poisoned]).,Guarisce l'avvelenamento ([Poisoned]).,[Poisoned]どくを　すばやく　けしさります。,중독([Poisoned])을 치료한다.,Cura el envenenamiento ([Poisoned]).,Cura el envenenamiento ([Poisoned]).,Cura envenenamento ([Poisoned]).,Leczy zatrucie ([Poisoned]).,Heilt Vergiftung ([Poisoned]).,Лечит от отравления ([Poisoned]).,Лікує отруєння ([Poisoned]).,治愈中毒（[Poisoned]）。
ANTIDOTE_NAME,Antidote,Antidote,Antidoto,どくけし,해독제,Antídoto,Antídoto,Antídoto,Antidotum,Gegengift,Противоядие,Протиотрута,解毒药
APPLE_ACT1,Eat,Manger,Mangia,たべる,먹기,Comer,Comer,Comer,Zjedz,Essen,Съесть,З'їсти,食用
APPLE_ACT2,Slice,Couper,Taglia,きる,깎기,Trozar,Trocear,Fatiar,Pokrój,Schneiden,Нарезать,Нарізати,切片
APPLE_ART,"The ,the ,An ,an ,this ,it,was","La ,la ,Une ,une ,cette ,e,a,votre ,la ,de ,a","La ,la ,Una ,una ,questa ,a,ua,la",,"는,가,를,와,로","La ,la ,Una ,una ,esta ,a,,","La ,la ,Una ,una ,esta ,a,,","A ,a ,Uma ,uma ,essa ,esta ,a,sua ,foi",",Jabłka,Jabłku,Jabłko,o","Der ,der ,Ein ,ein ,einen ,Den ,den ,Deinen ,deinen ,diesen ,ihn,alten,wurde,war","яблоко,яблока,яблоку,яблоко,яблоке,,о,ено,ось,ит,его","яблуко,яблука,яблуку,яблуко,,,ло,е,є,ить,його",",,,,这个,它,是"
APPLE_DESC,"If you slice it up, you can share it with friends.\nRestores [ItemValue] HP.","Une fois découpée, vous pouvez la partager avec vos amis. Rend [ItemValue] PV.","Se la fai a fette, puoi condividerla con gli amici.\nRipristina [ItemValue] PS.",きってともだちと　はんぶんこ。\nたべると　ＨＰを[ItemValue]かいふく。,깎아내어 친구와 나눠 먹을 수 있다.\nHP를 [ItemValue]만큼 회복한다.,"Si la cortas en trozos, podrás compartirla con tus amigos. Recupera [ItemValue] PV.","Si la cortas en trozos, podrás compartirla con amigos. Recupera [ItemValue] PV.",Você pode fatiá-la para dividir com os amigos.\nRecupera [ItemValue] HP.,"Jeżeli je pokroisz, możesz się nim podzielić z kumplami. Przywraca [ItemValue] HP.","Wenn du ihn in Stücke schneidest, kannst du ihn\nmit Freunden teilen. Stellt [ItemValue] HP wieder her.","Если нарезать, то можно поделиться с друзьями. Восстанавливает [ItemValue] ОЗ.","Якщо нарізати, то можна поділитися з друзями. Відновлює [ItemValue] оч[ItemValArt3] здоров'я.",如果你把它切开，你就能和朋友们一起分享。[BR]回复[ItemValue]点HP。
APPLE_NAME,Apple,Pomme,Mela,りんご,사과,Manzana,Manzana,Maçã,Jabłko,Apfel,Яблоко,Яблуко,苹果
APPLESLICES_ACT1,Eat,Manger,Mangia,たべる,먹기,Comer,Comer,Comer,Zjedz,Essen,Съесть,З'їсти,食用
APPLESLICES_ART,"The ,the ,Some ,some ,these ,them,were","Les ,les ,Des ,des ,ces ,es,es,vos ,les ,de ,ont","Le ,le ,Delle ,delle ,queste ,e,ue,le",,"은,이,을,과,으로","Las ,las ,Unas ,unas ,estas ,as ,s ,n ","Las ,las ,Unas ,unas ,estas ,as ,s ,n ","A ,a ,Uma ,uma ,essa ,esta ,a,sua ,foi",",Kawałków Jabłka,Kawałkom Jabłka,Kawałki Jabłka,y","Die ,die ,Einige ,einige ,einige ,Die ,die ,Deine ,deine ,diese ,sie,alten,wurden,waren","яблочные дольки,яблочных долек,яблочным долькам,яблочные дольки,яблочных дольках,,и,ены,ись,ат,их","яблучні скибочки,яблучних скибочок,яблучним скибочкам,яблучні скибочки,,,ли,і,ють,ять,їх",",,一些,一些,这些,它们,是"
APPLESLICES_DESC,A snack for the whole party!\nRestores [ItemValue] HP.,Un goûter pour toute l'équipe !\nRend [ItemValue] PV.,Uno spuntino per tutto il gruppo!\nRipristina [ItemValue] PS.,みんなで　たべれる　ていばんのおやつ。\nたべると　ＨＰを[ItemValue]かいふく。,모두와 함께 먹을 수 있는 최고의 간식!\n[ItemValue] HP 회복한다.,¡Un aperitivo para todo el equipo!\nRestaura [ItemValue] PV.,¡Un tentempié para todo el grupo!\nRecupera [ItemValue] PV.,Um lanche para o grupo todo!\nRecupera [ItemValue] HP.,Przekąska dla całej drużyny!\nPrzywraca [ItemValue] HP.,Ein Snack für das ganze Team! Stellt [ItemValue] KP wieder her. ,Перекус для всей компании!\nВосстанавливает [ItemValue] ОЗ.,Перекус для всієї команди!\nВідновлює [ItemValue] ОЗ.,给全队享用的点心！[BR]回复[ItemValue]点HP。
APPLESLICES_NAME,Apple Slices,Tranches de pomme,Fette di mela,カットりんご,사과 조각,Rodajas de manzana,Rodajas de manzana,Maçã Fatiada,Kawałki Jabłka,Apfelschnittchen,Яблочные дольки,Яблучні скибочки,苹果片
ASTHMASPRAY_ART,"The ,the ,An ,an ,this ,it,was","L',l',Un ,un ,cet ,,on,votre ,le ,d',a","L',l',Un ,un ,questo ,o,uo,il",,"는,가,를,와,로","El ,el ,Un ,un ,este ,o,,","El ,el ,Un ,un ,este ,o,,","O ,o ,Um ,um ,esse ,este ,o,seu ,foi",",Inhalatora,Inhalatorowi,Inhalator,","Das ,das ,Ein ,ein ,ein ,Das ,das ,Dein ,dein ,dieses ,es,altes,wurde,war","ингалятор,ингалятора,ингалятору,ингалятор,ингаляторе,,,ён,ся,ит,его","інгалятор,інгалятора,інгалятору,інгалятор,,,в,ий,е,ить,його",",,,,这个,它,是"
ASTHMASPRAY_DESC,"When [Ninten]'s asthma ([Asthma]) kicks in, use this. %s",À utiliser si [Ninten] est pris d'une crise d'asthme ([Asthma]). %s,Usalo quando [Ninten] ha un attacco d'asma ([Asthma]). %s,[Ninten]が　[Asthma]ぜんそくになったら\nこれをつかって！　%s,[Ninten]의 천식([Asthma])이 재발했을 때 사용해! %s,Úsalo cuando [Ninten] tenga un ataque de asma ([Asthma]). %s,Úsalo cuando a [Ninten] le dé un ataque de asma ([Asthma]). %s,"Quando o [Ninten] tiver uma crise de asma ([Asthma]), use isso. %s","Użyj go, gdy [Ninten] dostanie ataku astmy ([Asthma]). %s","Benutze es, wenn das Asthma ([Asthma]) bei [Ninten] zuschlägt. %s","Воспользуйся им, если у [decline:Ninten:M:1] начнётся приступ астмы ([Asthma]). %s","Скористуйся ним, якщо у [decline:Ninten:M:1] почнеться астматичний напад ([Asthma]). %s",在[Ninten]的哮喘（[Asthma]）发作时使用。 %s
ASTHMASPRAY_NAME,Asthma Spray,Inhalateur,Inalatore,ぜんそくスプレー,천식 스프레이,Inhalador,Inhalador,Inalador,Inhalator,Asthmaspray,Ингалятор,Інгалятор,哮喘喷雾
BANANA_ACT1,Eat,Manger,Mangia,たべる,먹기,Comer,Comer,Comer,Zjedz,Essen,Съесть,З'їсти,食用
BANANA_ACT2,Peel,Éplucher,Sbuccia,むく,껍질까기,Pelar,Pelar,Descascar,Obierz,Schälen,Очистить,Почистити,剥皮
BANANA_ART,"The ,the ,A ,a ,this ,it,was","La ,la ,Une ,une ,cette ,e,a,votre ,la ,de ,a","La ,la ,Una ,una ,questa ,a,ua,la",,"는,가,를,와,로","El ,el ,Un ,un ,este ,o,,","El ,el ,Un ,un ,este ,o,,","A ,a ,Uma ,uma ,essa ,esta ,a,sua ,foi",",Banana,Bananowi,Banana,","Die ,die ,Eine ,eine ,eine ,Die ,die ,Deine ,deine ,diese ,sie,alte,wurde,war","банан,банана,банану,банан,банане,,,ён,ся,ит,его","банан,банана,банану,банан,,,в,ий,є,ить,його",",,,,这个,它,是"
BANANA_DESC,Can be made into an appealing gun.\nRestores [ItemValue] HP.,Peut être transformée en un flingue sympa.\nRend [ItemValue] PV.,"Se la sbucci, diventa una pistola.\nRipristina [ItemValue] PS.",むくと　ひとかわむけた　ピストルにもなる。\nたべると　ＨＰを[ItemValue]かいふく。,흥미로운 총으로 만들 수 있다.\nHP를 [ItemValue]만큼 회복한다.,"Si la pelas, se vuelve una pistola.\nRestaura [ItemValue] PV.",Se puede convertir en una pistola que es la monda. Recupera [ItemValue] PV.,Dá para criar uma arma bacana.\nRecupera [ItemValue] HP.,"Mimo że to nie cytrus, to może być z niego niezły oręż. Przywraca [ItemValue] HP.",Kann in eine schicke Waffe verarbeitet werden.\nStellt [ItemValue] KP wieder her.,Может стать аппетитным пистолетом.\nВосстанавливает [ItemValue] ОЗ.,Може стати апетитним пістолетом.\nВідновлює [ItemValue] оч[ItemValArt3] здоров'я.,可以将其制作成一把具有吸引力的枪械。[BR]回复[ItemValue]点HP。
BANANA_NAME,Banana,Banane,Banana,バナナ,바나나,Plátano,Plátano,Banana,Banan,Banane,Банан,Банан,香蕉
BASEBALLCAP_ART,"The ,the ,A ,a ,this ,it,was","La ,la ,Une ,une ,cette ,e,a,votre ,la ,de ,a","Il ,il ,Un ,un ,questo ,o,uo,il",,"는,가,를,와,로","La ,la ,Una ,una ,esta ,a,,","La ,la ,Una ,una ,esta ,a,,","O ,o ,Um ,um ,esse ,este ,o,seu ,foi",",Czapki Baseballowej,Czapce Baseballowej,Czapkę Baseballową,a","Die ,die ,Eine ,eine ,eine ,Die ,die ,Deine ,deine ,diese ,sie,alte,wurde,war","бейсболка,бейсболки,бейсболке,бейсболку,бейсболке,,а,ена,ась,ит,её","бейсболка,бейсболки,бейсболці,бейсболку,,,ла,а,е,ить,її",",,,,这个,它,是"
BASEBALLCAP_DESC,A hat for baseball players.\nOther @ Defense +[ItemValue].,Un couvre-chef pour les joueurs de baseball.\nAutre @ Défense +[ItemValue].,Un cappello per giocatori di baseball.\nAltro @ Difesa +[ItemValue].,やきゅうしょうねんの　ためのぼうし。\nそのた＠ディフェンス＋[ItemValue],야구 선수들을 위한 모자.\n기타 ＠ 디펜스 +[ItemValue].,Una gorra para jugadores de béisbol.\nOtro @ Defensa +[ItemValue].,Una gorra para jugadores de béisbol.\nOtro @ Defensa +[ItemValue].,Um chapéu para jogadores de beisebol.\nOutro @ Defesa +[ItemValue].,Czapka dla graczy baseballa.\nInne @ Obrona +[ItemValue].,Eine Mütze für Baseball-Spieler.\nAnderes @ Verteidigung +[ItemValue].,Бейсбольная кепка.\nПрочее @ Защита +[ItemValue].,Кепка бейсболіста.\nІнше @ Захист +[ItemValue].,一顶棒球手的帽子。[BR]其他@防御力+[ItemValue]。
BASEBALLCAP_NAME,Baseball Cap,Casquette de baseball,Cappello da Baseball,やきゅうぼう,야구 모자,Gorra de béisbol,Gorra de béisbol,Boné de Beisebol,Czapka Baseballowa,Baseballmütze,Бейсболка,Бейсболка,棒球帽
BASEBALLCAPMR_ART,"The ,the ,A ,a ,this ,it,was","La ,la ,Une ,une ,cette ,e,a,votre ,la ,de ,a","Il ,il ,Un ,un ,questo ,o,uo,il",,"는,가,를,와,로","La ,la ,Una ,una ,esta ,a,,","La ,la ,Una ,una ,esta ,a,,","O ,o ,Um ,um ,esse ,este ,o,seu ,foi",",Czapki Mr. Baseball,Czapce Mr. Baseball,Czapkę Mr. Baseball,a","Die ,die ,Eine ,eine ,eine ,Die ,die ,Deine ,deine ,diese ,sie,alte,wurde,war","кепка «Мистер Бейсбол»,кепки «Мистер Бейсбол»,кепке «Мистер Бейсбол»,кепку «Мистер Бейсбол»,кепке «Мистер Бейсбол»,,а,ена,ась,ит,её","кепка «Містер Бейсбол»,кепки «Містер Бейсбол»,кепці «Містер Бейсбол»,кепку «Містер Бейсбол»,,,ла,а,є,ить,її",",,,,这个,它,是"
BASEBALLCAPMR_DESC,A hat for seasoned baseball players.\nOther @ Defense +[ItemValue].,Un couvre-chef pour les joueurs professionnels de baseball. Autre @ Défense +[ItemValue].,Un cappello per giocatori di baseball esperti.\nAltro @ Difesa +[ItemValue].,ミスターとよばれはじめた　とあるせんしゅの\nぼうし。そのた＠ディフェンス＋[ItemValue],노련한 야구 선수들을 위한 모자.\n기타 @ 디펜스 +[ItemValue].,Una gorra para beisbolistas con experiencia.\nOtro @ Defensa +[ItemValue].,Una gorra para veteranos del béisbol.\nOtro @ Defensa +[ItemValue].,Um boné para jogadores de beisebol experientes.\nOutro @ Defesa +[ItemValue].,Czapka dla doświadczonych baseballistów.\nInne @ Obrona +[ItemValue].,Eine Mütze für erfahrene Baseballspieler.\nAnderes @ Verteidigung +[ItemValue].,Для профессионалов своего дела.\nПрочее @ Защита +[ItemValue].,Кепка для досвідчених бейсболістів.\nІнше @ Захист +[ItemValue].,一顶资深棒球手的帽子。[BR]其他@防御力+[ItemValue]。
BASEBALLCAPMR_NAME,Mr. Baseball Cap,Casq. de Mr. Baseball,Cappello Mr. Baseball,ミスターのぼうし,미스터 야구 모자,Gorra Sr. Béisbol,Gorra del Sr. Béisbol,Boné Sr. Beisebol,Czapka Mr. Baseball,Mr. Baseballmütze,Кепка «М-р Бейсбол»,Кепка «М-р Бейсбол»,棒球先生帽
BATALUMINUM_ART,"The ,the ,An ,an ,this ,it,was","La ,la ,Une ,une ,cette ,e,a,votre ,la ,de ,a","La ,la ,Una ,una ,questa ,a,ua,la",,"는,가,를,와,로","El ,el ,Un ,un ,este ,o,,","El ,el ,Un ,un ,este ,o,,","O ,o ,Um ,um ,esse ,este ,o,seu ,foi",",Aluminiowego Kija,Aluminiowemu Kijowi,Aluminiowy Kij,","Der ,der ,Ein ,ein ,einen ,Den ,den ,Deinen ,deinen ,diesen ,ihn,alten,wurde,war","алюминиевая бита,алюминиевой биты,алюминиевой бите,алюминиевую биту,алюминиевой бите,,а,ена,ась,ит,её","алюмінієва бита,алюмінієвої бити,алюмінівій биті,алюмінієву биту,,,ла,а,е,ить,її",",,,,这个,它,是"
BATALUMINUM_DESC,"Sleek and lightweight, but hits hard.\nWeapon @ Offense +[ItemValue].","Lisse et légère, mais cogne fort. Arme @ Attaque +[ItemValue].","Liscia e leggera, ma fa un male cane.\nArma @ Attacco +[ItemValue].",そうびすれば　つよいてきとも　たたかえる。\nぶき＠オフェンス＋[ItemValue],세련되고 가벼우면서도 강하다.\n무기 @ 오펜스 +[ItemValue].,"Liso y ligero, pero golpea fuerte.\nArma @ Ofensa +[ItemValue].","Liso y ligero, pero golpea fuerte.\nArma @ Fuerza +[ItemValue].","Fino e leve, porém bem forte.\nArma @ Ataque +[ItemValue].","Elegancki i lekki, ale uderza mocno.\nBroń @ Ofensywa +[ItemValue].",Leicht und elegant – schlägt dennoch hart zu.\nWaffe @ Angriff +[ItemValue].,"Хоть и лёгкая, а бьёт — будь здоров.\nОружие @ Атака +[ItemValue].","Легка та елегантна, але б'є сильно.\nЗброя @ Атака +[ItemValue].",时尚且轻巧，但打击力很强。[BR]武器@攻击力+[ItemValue]。
BATALUMINUM_NAME,Aluminum Bat,Batte en aluminum,Mazza di alluminio,いいバット,알루미늄 배트,Bate de aluminio,Bate de aluminio,Taco de Alumínio,Aluminiowy Kij,Aluminium-Schläger,Алюминиевая бита,Алюмінієва бита,铝制球棒
BATBIGLEAGUE_ART,"The ,the ,A ,a ,this ,it,was","La ,la ,La ,la ,cette ,e,a,votre ,la ,de ,a","La ,la ,Una ,una ,questa ,a,ua,la",,"는,가,를,와,로","El ,el ,Un ,un ,este ,o,,","El ,el ,Un ,un ,este ,o,,","O ,o ,Um ,um ,esse ,este ,o,seu ,foi",",Kija Ekstra Klasy,Kijowi Ekstra Klasy,Kij Ekstra Klasy,","Der ,der ,Der ,der ,den ,Den ,den ,Deinen ,deinen ,diesen ,ihn,alten,wurde,war","бита Высшей лиги,биты Высшей лиги,бите Высшей лиги,биту Высшей лиги,бите Высшей лиги,,а,ена,ась,ит,её","бита Вищої ліги,бити Вищої ліги,биті Вищої ліги,биту Вищої ліги,,,ла,а,є,ить,її",",,,,这个,它,是"
BATBIGLEAGUE_DESC,A favorite of professional players.\nWeapon @ Offense +[ItemValue].,La batte préférée des joueurs professionnels.\nArme @ Attaque +[ItemValue].,La preferita dei giocatori professionisti.\nArma @ Attacco +[ItemValue].,プロの　おきにいり　かがやくバット。\nぶき＠オフェンス＋[ItemValue],프로 선수들의 애장품.\n무기 @ 오펜스 +[ItemValue].,El favorito de los jugadores profesionales.\nArma @ Ofensa +[ItemValue].,El favorito de los jugadores profesionales.\nArma @ Fuerza +[ItemValue].,O favorito dos jogadores profissionais.\nArma @ Ataque +[ItemValue].,Ulubieniec profesjonalnych graczy.\nBroń @ Ofensywa +[ItemValue].,Der Lieblingsschläger eines Profis.\nWaffe @ Angriff +[ItemValue].,Любимица профессиональных игроков.\nОружие @ Атака +[ItemValue].,Улюбленка професійних гравців.\nВідновлює [ItemValue] оч[ItemValArt3] здоров'я.,专业棒球手的最爱之一。[BR]武器@攻击力+[ItemValue]。
BATBIGLEAGUE_NAME,Big League Bat,Batte des Ligues maj.,Mazza Serie A,ゴージャスなバット,화려한 배트,Bate de ligas mayores,Bate de primera,Taco 1ª Divisão,Kij Ekstra Klasy,Schläger der Oberliga,Бита Высшей лиги,Бита Вищої ліги,大联盟球棒
BATHALLOFFAME_ART,"The ,the ,A ,a ,this ,it,was","La ,la ,La ,la ,cette ,e,a,votre ,la ,de ,a","La ,la ,Una ,una ,questa ,a,ua,la",,"는,가,를,와,로","El ,el ,Un ,un ,este ,o,,","El ,el ,Un ,un ,este ,o,,","O ,o ,Um ,um ,esse ,este ,o,seu ,foi",",Wiekopomnego Kija,Wiekopomnemu Kijowi,Wiekopomny Kij,","Ein ,ein ,Ein ,ein ,einen ,Ein ,ein ,Dein ,dein ,ein ,es,alten,wurde,war","бита Зала славы,биты Зала славы,бите Зала славы,биту Зала славы,бите Зала славы,,а,ена,ась,ит,её","бита Залу слави,бити Залу слави,биті Залу слави,биту Залу слави,,,ла,а,є,ить,її",",,,,这个,它,是"
BATHALLOFFAME_DESC,,,,,,,,,,,,,
BATHALLOFFAME_NAME,Hall of Fame Bat,Batte du Panthéon,Mazza Hall of Fame,でんどういりバット,전당의 배트,Bate de colección,Bate de fama,Taco Famoso,Wiekopomny Kij,Berühmter Schläger,Бита Зала славы,Бита Залу слави,名人堂球棒
BATHANK_ART,",,,,,it,was","La ,la ,La ,la ,cette ,e,a,votre ,la ,de ,a","La ,la ,Una ,una ,questa ,a,ua,la",,"는,가,를,와,로","El ,el ,El ,el ,este ,o,,","El ,el ,El ,el ,este ,o,,","O ,o ,Um ,um ,esse ,este ,o,seu ,foi",",Kija Hanka,Kijowi Hanka,Kij Hanka,",",,,,,,,,,,ihn,,wurde,war","бита Хэнка,биты Хэнка,бите Хэнка,биту Хэнка,бите Хэнка,,а,ена,ась,ит,её","бита Хенка,бити Хенка,биті Хенка,биту Хенка,,,ла,а,е,ить,її",",,,,,它,是"
BATHANK_DESC,It even has his signature!\nWeapon @ Offense +[ItemValue].,Il y a même sa signature !\n Arme @ Attaque +[ItemValue].,Ha perfino il suo autografo!\nArma @ Attacco +[ItemValue].,ハンクせんしゅの　サインいり。\nぶき＠オフェンス＋[ItemValue],게다가 행크의 친필 사인까지!\n무기 @ 오펜스 +[ItemValue].,¡Hasta tiene su firma!\nArma @ Ofensa +[ItemValue].,¡Incluso tiene su firma!\nArma @ Fuerza +[ItemValue].,Tem até o autógrafo dele!\nArma @ Ataque +[ItemValue].,I to z autografem!\nBroń @ Ofensywa +[ItemValue].,Er ist sogar signiert!\nWaffe @ Angriff +[ItemValue].,На ней даже его подпись!\nОружие @ Атака +[ItemValue].,На ній навіть є його підпис!\nЗброя @ Атака +[ItemValue].,这上面甚至有他的亲笔签名！[BR]武器@攻击力+[ItemValue]。
BATHANK_NAME,Hank's Bat,Batte de Hank,Mazza di Hank,さいこうのバット,최고의 배트,Bate de Hank,Bate de Hank,Taco do Hank,Kij Hanka,Hanks Schläger,Бита Хэнка,Бита Хенка,汉克球棒
BATMINORLEAGUE_ART,"The ,the ,A ,a ,this ,it,was","La ,la ,La ,la ,cette ,e,a,votre ,la ,de ,a","La ,la ,Una ,una ,questa ,a,ua,la",,"는,가,를,와,로","El ,el ,Un ,un ,este ,o,,","El ,el ,Un ,un ,este ,o,,","O ,o ,Um ,um ,esse ,este ,o,seu ,foi",",Kija Okręgówki,Kijowi Okręgówki,Kij Okręgówki,","Der ,der ,Der ,der ,den ,Den ,den ,Deinen ,deinen ,diesen ,ihn,alten,wurde,war","бита Низшей лиги,биты Низшей лиги,бите Низшей лиги,биту Низшей лиги,бите Низшей лиги,,а,ена,ась,ит,её","бита Нижчої ліги,бити Нижчої ліги,биті Нижчої ліги,биту Нижчої ліги,,,ла,а,є,ить,її",",,,,这个,它,是"
BATMINORLEAGUE_DESC,For up-and-coming baseball stars.\nWeapon @ Offense +[ItemValue].,Pour les jeunes stars de baseball prometteuses. \nArme @ Attaque +[ItemValue].,Per gli astri nascenti del baseball.\nArma @ Attacco +[ItemValue].,こうしえんに　しゅつじょうするならこれ。\nぶき＠オフェンス＋[ItemValue],고교 야구를 꿈꾸는 꿈나무를 위해.,Para las futuras estrellas beisbolistas.\nArma @ Ofensa +[ItemValue].,Para las futuras estrellas del béisbol.\nArma @ Fuerza +[ItemValue].,Para estrelas do beisebol em ascensão.\nArma @ Ataque +[ItemValue].,Dla wschodzących gwiazd baseballu.\nBroń @ Ofensywa +[ItemValue].,Für an- und aufstrebende Baseball-Stars.\nWaffe @ Angriff +[ItemValue].,Для восходящих звёзд бейсбола.\nОружие @ Атака +[ItemValue].,Для висхідних зірок бейсболу.\nЗброя @ Атака +[ItemValue].,专为那些前途无量的棒球新星所打造。[BR]武器@攻击力+[ItemValue]。
BATMINORLEAGUE_NAME,Minor League Bat,Batte des Ligues min.,Mazza Serie B,とてもいいバット,아주 좋은 배트,Bate de ligas menores,Bate de segunda,Taco 2ª Divisão,Kij Okręgówki,Schläger der Juniorliga,Бита Низшей лиги,Бита Нижчої ліги,小联盟球棒
BATMRBASEBALL_ART,"The ,the ,A ,a ,this ,it,was","La ,la ,La ,la ,cette ,e,a,votre ,la ,de ,a","La ,la ,Una ,una ,questa ,a,ua,la",,"는,가,를,와,로","El ,el ,Un ,un ,este ,o,,","El ,el ,Un ,un ,este ,o,,","O ,o ,Um ,um ,esse ,este ,o,seu ,foi",",Kija Mr. Baseball,Kijowi Mr. Baseball,Kij Mr. Baseball,","Der ,der ,Ein ,ein ,einen ,Den ,den ,Deinen ,deinen ,diesen ,ihn,alten,wurde,war","бита «Мистер Бейсбол»,биты «Мистер Бейсбол»,бите «Мистер Бейсбол»,биту «Мистер Бейсбол»,бите «Мистер Бейсбол»,,а,ена,ась,ит,её","бита «Містер Бейсбол»,бити «Містер Бейсбол»,биті «Містер Бейсбол»,биту «Містер Бейсбол»,,,ла,а,є,ить,її",",,,,这个,它,是"
BATMRBASEBALL_DESC,For more serious players.\nWeapon @ Offense +[ItemValue].,Pour les joueurs sérieux.\nArme @ Attaque +[ItemValue].,Per i veri giocatori.\nArma @ Attacco +[ItemValue].,くさやきゅうの　ミスターがよくつかう。\nぶき＠オフェンス＋[ItemValue],프로 야구 선수들도 애용하는 배트.\n무기 @ 오펜스 +[ItemValue].,Para jugadores que son más serios.\nArma @ Ofensa +[ItemValue].,Para jugadores más experimentados.\nArma @ Fuerza +[ItemValue].,Para os jogadores mais sérios.\nArma @ Ataque +[ItemValue].,"Dla graczy, którzy biorą to na poważnie.\nBroń @ Ofensywa +[ItemValue].",Für mehr ernsthafte Spieler. \nWaffe @ Angriff +[ItemValue].,Для более серьёзных игроков.\nОружие @ Атака +[ItemValue].,Для більш серйозних гравців.\nЗброя @ Атака +[ItemValue].,为更认真的棒球手准备的。[BR]武器@攻击力+[ItemValue]。
BATMRBASEBALL_NAME,Mr. Baseball Bat,Batte Mr. Baseball,Mazza Mr. Baseball,ミスターのバット,미스터의 배트,Sr. Bate de béisbol,Bate Don Béisbol,Taco Sr. Beisebol,Kij Mr. Baseball,Mr. Baseball-Schläger,Бита «М-р Бейсбол»,Бита «М-р Бейсбол»,棒球先生球棒
BATOLD_ART,"The ,the ,An ,an ,this ,it,was","La ,la ,Une ,une ,cette ,e,a,votre ,la ,de ,a","La ,la ,Una ,una ,questa ,a,ua,la",,"는,가,를,와,로","El ,el ,Un ,un ,este ,o,,","El ,el ,Un ,un ,este ,o,,","O ,o ,Um ,um ,esse ,este ,o,seu ,foi",",Starego Kija,Staremu Kijowi,Stary Kij,","Ein ,ein ,Ein ,ein ,einen ,Ein ,ein ,Dein ,dein ,ein ,es,alten,wurde,war","старая бита,старой биты,старой бите,старую биту,старой бите,,а,ена,ась,ит,её","стара бита,старої бити,старій биті,стару биту,,,ла,а,е,ить,її",",,,,这个,它,是"
BATOLD_DESC,A spare bat in case you don't have another.\nIt's too weak to use in battle.,"Une batte de rechange, si vous n'en avez pas d'autre. Trop inefficace pour servir au combat.",Una mazza di scorta se non ne hai altre.\nTroppo fragile per combatterci.,フィールドでつかえる　よびのバット。\n[color][ui_cancel][/color]ボタンで　ふることが　できる。,배트가 없을 때를 대비한 비상용 배트.\n전투에 사용하기엔 많이 낡았다.,Un bate de repuesto en caso de necesitar uno.\nEs demasiado débil para usarlo en batalla.,Un bate de repuesto por si no tienes ningún otro. Es demasiado frágil para usarlo en combate.,Um taco só para quebrar um galho.\nÉ fraco demais para usar em batalha.,"Zapasowy kij na wypadek, gdybyś nie miał innego. Jest za słaby, by używać go w walce.","Ein Ersatzschläger, falls du nichts anderes hast.\nZu schwach, um ihn im Kampf zu verwenden.","Запасная бита на случай, если у тебя нет другой. Совсем не подходит для боя.","Запасна бита. Знадобиться, коли немає іншої.\nЗанадто крихка для бою.",一只备用球棒，以防你手无寸铁。[BR]它太脆弱了，无法用于战斗中。
BATOLD_NAME,Old Bat,Vieille batte,Mazza vecchia,ふるびたバット,오래된 배트,Bate viejo,Bate viejo,Taco Velho,Stary Kij,Alter Baseballschläger,Старая бита,Стара бита,陈旧球棒
BATPLASTIC_ART,"The ,the ,A ,a ,this ,it,was","La ,la ,Une ,une ,cette ,e,a,votre ,la ,de ,a","La ,la ,Una ,una ,questa ,a,ua,la",,"는,가,를,와,로","El ,el ,Un ,un ,este ,o,,","El ,el ,Un ,un ,este ,o,,","O ,o ,Um ,um ,esse ,este ,o,seu ,foi",",Plastikowego Kija,Plastikowemu Kijowi,Plastikowy Kij,","Der ,der ,Ein ,ein ,einen ,Den ,den ,Deinen ,deinen ,diesen ,ihn,alten,wurde,war","пластиковая бита,пластиковой биты,пластиковой бите,пластиковую биту,пластиковой бите,,а,ена,ась,ит,её","пластикова бита,пластикової бити,пластиковій биті,пластикову биту,,,ла,а,е,ить,її",",,,,这个,它,是"
BATPLASTIC_DESC,A cheap plastic bat.\nWeapon @ Offense +[ItemValue].,Une batte en plastique bas de gamme.\nArme @ Attaque +[ItemValue].,Una mazza di plastica scadente.\nArma @ Attacco +[ItemValue].,[Ninten]　これを　ぶきとして\nつかってみよう！　ぶき@オフェンス＋[ItemValue],싸구려 플라스틱 배트.\n무기 ＠ 오펜스 +[ItemValue].,Un bate de plástico barato.\nArma @ Ofensa +[ItemValue].,Un bate de plástico barato.\nArma @ Fuerza +[ItemValue].,Um taco de plástico barato.\nArma @ Ataque +[ItemValue].,Tani plastikowy kij.\nBroń @ Ofensywa +[ItemValue].,Ein billiger Plastikschläger.\nWaffe @ Angriff +[ItemValue].,Дешёвая пластиковая бита.\nОружие @ Атака +[ItemValue].,Дешева пластикова бита.\nЗброя @ Атака +[ItemValue].,一支便宜的塑料球棒。[BR]武器@攻击力+[ItemValue]。
BATPLASTIC_NAME,Plastic Bat,Batte en plastique,Mazza di plastica,ボロのバット,플라스틱 배트,Bate de plástico,Bate de plástico,Taco de Plástico,Plastikowy Kij,Plastik-Schläger,Пластиковая бита,Пластикова бита,塑料球棒
BATTEEBALL_ART,"The ,the ,A ,a ,this ,it,was","La ,la ,La ,la ,cette ,e,a,votre ,la ,de ,a","La ,la ,Una ,una ,questa ,a,ua,la",,"는,가,를,와,로","El ,el ,Un ,un ,este ,o,,","El ,el ,Un ,un ,este ,o,,","O ,o ,Um ,um ,esse ,este ,o,seu ,foi",",Kija do Tee Balla,Kijowi do Tee Balla,Kij do Tee Balla,","Der ,der ,Ein ,ein ,einen ,Den ,den ,Deinen ,deinen ,diesen ,ihn,alten,wurde,war","детская бита,детской биты,детской бите,детскую биту,детской бите,,а,ена,ась,ит,её","дитяча бита,дитячої бити,дитячій биті,дитячу биту,,,ла,а,є,ить,її",",,,,这个,它,是"
BATTEEBALL_DESC,It's useful for young players.\nWeapon @ Offense +[ItemValue].,Elle est utile pour les jeunes joueurs.\nArme @ Attaque +[ItemValue].,Indicata per i giocatori più giovani.\nArma @ Attacco +[ItemValue].,こどもがつかう　アオダモでできた　バット。　\nぶき＠オフェンス＋[ItemValue],젊은 선수들에게 유용하다.\n무기 @ 오펜스 +[ItemValue],Es útil para los jugadores jóvenes.\nArma @ Ofensa +[ItemValue].,Útil para jugadores jóvenes.\nArma @ Fuerza +[ItemValue].,Útil para jogadores mais jovens.\nArma @ Ataque +[ItemValue].,Użyteczny dla młodych graczy.\nBroń @ Ofensywa +[ItemValue].,Nützlich für jüngere Spieler.\nWaffe @ Angriff +[ItemValue].,Подходит для юных игроков.\nОружие @ Атака +[ItemValue].,Підходить для молодших гравців.\nЗброя @ Атака +[ItemValue].,这对年轻的棒球手很有帮助。[BR]武器@攻击力+[ItemValue]。
BATTEEBALL_NAME,Tee Ball Bat,Batte de Tee-Ball,Mazza da Tee Ball,もくせいバット,평범한 배트,Bate de iniciación,Bate de iniciación,Taco de Bete,Kij do Tee Balla,T-Ball-Schläger,Детская бита,Дитяча бита,座式棒球棒
BATTREX_ART,"The ,the ,A ,a ,this ,it,was","La ,la ,La ,la ,cette ,e,a,votre ,la ,de ,a","La ,la ,Una ,una ,questa ,a,ua,la",,"는,가,를,와,로","El ,el ,Un ,un ,este ,o,,","El ,el ,Un ,un ,este ,o,,","O ,o ,Um ,um ,esse ,este ,o,seu ,foi",",Kija T-Rex,Kijowi T-Rex,Kij T-Rex,","Der ,der ,Ein ,ein ,einen ,Den ,den ,Deinen ,deinen ,diesen ,ihn,alten,wurde,war","бита «Тираннозавр»,биты «Тираннозавр»,бите «Тираннозавр»,биту «Тираннозавр»,бите «Тираннозавр»,,а,ена,ась,ит,её","бита «Тиранозавр»,бити «Тиранозавр»,биті «Тиранозавр»,биту «Тиранозавр»,,,ла,а,є,ить,її",",,,,这个,它,是"
BATTREX_DESC,It's a beast of a bat!\nWeapon @ Offense +[ItemValue].,C'est une bête de batte !\nArme @ Attaque +[ItemValue].,Che mazza bestiale!\nArma @ Attacco +[ItemValue].,まさにバットのなかの　だいかいじゅう。\nぶき＠オフェンス＋[ItemValue],이름 그대로 배트 속 작은 공룡.\n무기 @ 오펜스 +[ItemValue].,¡Este bate es una bestial!\nArma @ Ofensa +[ItemValue].,¡Este bate es una bestia!\nArma @ Fuerza +[ItemValue].,É um verdadeiro monstro!\nArma @ Ataque +[ItemValue].,"Bestia, nie kij!\nBroń @ Ofensywa +[ItemValue].",Ein monströser Schläger!\nWaffe @ Angriff +[ItemValue].,"Просто зверь, а не бита!\nОружие @ Атака +[ItemValue].",Справжній монстр серед бит!\nЗброя @ Атака +[ItemValue].,这可真是个球棒中的庞然大物！[BR]武器@攻击力+[ItemValue]。
BATTREX_NAME,T-Rex Bat,Godzibatte,Mazza T-Rex,ゴヂラのバット,티라노의 배트,Bate T-Rex,Bate Tiranosaurio,Taco Godzilla,Kij T-Rex,T-Rex-Schläger,Бита «Тираннозавр»,Бита «Тиранозавр»,霸王龙球棒
BATWOODEN_ART,"The ,the ,A ,a ,this ,it,was","La ,la ,Une ,une ,cette ,e,a,votre ,la ,de ,a","La ,la ,Una ,una ,questa ,a,ua,la",,"는,가,를,와,로","El ,el ,Un ,un ,este ,o,,","El ,el ,Un ,un ,este ,o,,","O ,o ,Um ,um ,esse ,este ,o,seu ,foi",",Drewnianego Kija,Drewnianemu Kijowi,Drewniany Kij,","Der ,der ,Ein ,ein ,einen ,Den ,den ,Deinen ,deinen ,diesen ,ihn,alten,wurde,war","деревянная бита,деревянной биты,деревянной бите,деревянную биту,деревянной бите,,а,ена,ась,ит,её","дерев'яна бита,дерев'яної бити,дерев'яній биті,дерев'яну биту,,,ла,а,е,ить,її",",,,,这个,它,是"
BATWOODEN_DESC,It is effective against weak enemies.\nWeapon @ Offense +[ItemValue].,Efficace contre les ennemis faibles.\nArme @ Attaque +[ItemValue].,Efficace contro i nemici deboli.\nArma @ Attacco +[ItemValue].,よわい　てきなら　これで　だいじょうぶ。\nぶき＠オフェンス＋[ItemValue],약한 적에게 효과적이다.\n무기 ＠ 오펜스 +[ItemValue].,Es efectivo contra enemigos débiles.\nArma @ Ofensa +[ItemValue].,Efectivo contra enemigos débiles.\nArma @ Fuerza +[ItemValue].,Funciona bem contra inimigos fracos.\nArma @ Ataque +[ItemValue].,Skuteczny przeciwko słabym wrogom.\nBroń @ Ofensywa +[ItemValue].,Sehr wirksam gegen schwache Gegner.\nWaffe @ Angriff +[ItemValue].,Пригодна для драки со слабыми врагами.\nОружие @ Атака +[ItemValue].,Ефективна проти слабких ворогів.\nЗброя @ Атака +[ItemValue].,对弱小的敌人效果显著。[BR]武器@攻击力+[ItemValue]。
BATWOODEN_NAME,Wooden Bat,Batte en bois,Mazza di legno,ふつうのバット,나무 배트,Bate de madera,Bate de madera,Taco de Madeira,Drewniany Kij,Holz-Schläger,Деревянная бита,Дерев'яна бита,木制球棒
BEAMLASER_ART,"The ,the ,A ,a ,this ,it,was","Le ,le ,Un ,un ,ce ,,on,votre ,le ,de ,a","Il ,il ,Un ,un ,questo ,o,uo,il",,"은,이,을,과,으로","El ,el ,Un ,un ,este ,o,,","El ,el ,Un ,un ,este ,o,,","O ,o ,Um ,um ,esse ,este ,o,seu ,foi",",Promienia Laserowego,Promieniowi Laserowemu,Promień Laserowy,","Der ,der ,Ein ,ein ,einen ,Den ,den ,Deinen ,deinen ,diesen ,ihn,alten,wurde,war","лазерное оружие,лазерного оружия,лазерному оружию,лазерное оружие,лазерном оружии,,о,ено,ось,ит,его","лазерний пістоль,лазерного пістоля,лазерному пістолю,лазерний пістоль,,,в,ий,е,ить,його",",,,,这个,它,是"
BEAMLASER_DESC,,,,,,,,,,,,,
BEAMLASER_NAME,Laser Beam,Rayon laser,Raggio laser,レーザービーム,레이저 빔,Rayo láser,Rayo láser,Raio Laser,Promień Laserowy,Laserstrahl,Лазерное оружие,Лазерний пістоль,镭射光束
BEAMPLASMA_ART,"The ,the ,A ,a ,this ,it,was","Le ,le ,Un ,un ,ce ,,on,votre ,le ,de ,a","Il ,il ,Un ,un ,questo ,o,uo,il",,"은,이,을,과,으로","El ,el ,Un ,un ,este ,o,,","El ,el ,Un ,un ,este ,o,,","O ,o ,Um ,um ,esse ,este ,o,seu ,foi",",Promienia Plazmowego,Promieniowi Plazmowemu,Promień Plazmowy,","Der ,der ,Ein ,ein ,einen ,Den ,den ,Deinen ,deinen ,diesen ,ihn,alten,wurde,war","плазменное оружие,плазменного оружия,плазменному оружию,плазменное оружие,плазменном оружии,,о,ено,ось,ит,его","плазмовий пістоль,плазмового пістоля,плазмовому пістолю,плазмовий пістоль,,,в,ий,е,ить,його",",,,,这个,它,是"
BEAMPLASMA_DESC,,,,,,,,,,,,,
BEAMPLASMA_NAME,Plasma Beam,Rayon plasma,Raggio al plasma,デスビーム,플라스마 빔,Rayo de plasma,Rayo de plasma,Raio de Plasma,Promień Plazmowy,Plasmastrahl,Плазменное оружие,Плазмовий пістоль,等离子光束
BEESTINGCAKE_ACT1,Eat,Manger,Mangia,たべる,먹기,Comer,Comer,Comer,Zjedz,Essen,Съесть,З'їсти,食用
BEESTINGCAKE_ART,"The ,the ,A ,a ,this ,it,was","Le ,le ,Le ,le ,ce ,,on,votre ,le ,de ,a","La ,la ,Una ,una ,questa ,a,ua,la",,"는,가,를,와,로","La ,la ,Una ,una ,esta ,a,,","La ,la ,Una ,una ,esta ,a,,","O ,o ,Um ,um ,esse ,este ,o,seu ,foi",",Bienensticha,Bienenstichowi,Bienenstich,","Der ,der ,Ein ,ein ,einen ,Den ,den ,Deinen ,deinen ,diesen ,ihn,alten,wurde,war","торт «Укус пчелы»,торта «Укус пчелы»,торту «Укус пчелы»,торт «Укус пчелы»,торте «Укус пчелы»,,,ён,ся,ит,его","торт «Укус бджоли»,торта «Укус бджоли»,торту «Укус бджоли»,торт «Укус бджоли»,,,в,ий,є,ить,його",",,,,这个,它,是"
BEESTINGCAKE_DESC,Restores [ItemValue] HP to the entire party.,Rend [ItemValue] PV à tout le groupe.,Ripristina [ItemValue] PS per tutto il gruppo.,たべるとぜんたいに　HPを[ItemValue]かいふく。,[ItemValue] HP만큼 아군 전체를 회복시킨다.,Restaura [ItemValue] PV a todo el equipo.,Recupera [ItemValue] PV a todo el grupo.,Recupera [ItemValue] HP de todo o grupo.,Przywraca [ItemValue] HP całej drużynie.,Stellt [ItemValue] KP für das gesamte Team wieder her.,Восстанавливает каждому в команде\nпо [ItemValue] ОЗ.,Відновлює [ItemValue] оч[ItemValArt3] здоров'я усій команді.,回复全体队友[ItemValue]点HP。
BEESTINGCAKE_NAME,Bee Sting Cake,Gâteau piqûre d'abeille,Torta Bienenstich,はちみつタルト,벌침 케이크,Tarta Colmena,Tarta de abeja,Bolo Colmeia,Bienenstich,Bienenstich,Торт «Укус пчелы»,Торт «Укус бджоли»,德式蛰刺蛋糕
BERLINER_ACT1,Eat,Manger,Mangia,たべる,먹기,Comer,Comer,Comer,Zjedz,Essen,Съесть,З'їсти,食用
BERLINER_ART,"The ,the ,A ,a ,this ,it,was","La ,la ,Une ,une ,cette ,e,a,votre ,la ,de ,a","Il ,il ,Un ,un ,questo ,o,uo,il",,"는,가,를,와,로","El ,el ,Un ,un ,este ,o,,","La ,la ,Una ,una ,esta ,a,,","O ,o ,Um ,um ,esse ,este ,o,seu ,foi",",Pączka,Pączkowi,Pączka,","Der ,der ,Ein ,ein ,einen ,Den ,den ,Deinen ,deinen ,diesen ,ihn,alten,wurde,war","берлинский пончик,берлинского пончика,берлинскому пончику,берлинский пончик,берлинском пончике,,,ён,ся,ит,его","берлінський пончик,берлінського пончика,берлінському пончику,берлінський пончик,,,в,ий,є,ить,його",",,,,这个,它,是"
BERLINER_DESC,Fried to glazed perfection.\nRestores [ItemValue] HP.,Friture et glaçage parfaits.\nRestaure [ItemValue] PV.,Fritta alla perfezione.\nRipristina [ItemValue] PS.,こなざとうを　うえから　まぶして。\nたべると　HPを[ItemValue]かいふく。,완벽하게 튀겨졌다.\nHP를 [ItemValue]만큼 회복한다.,Frito hasta lograr un glaseado perfecto.\nRestaura [ItemValue] PV.,Frita hasta lograr un glaseado perfecto. Recupera [ItemValue] PV.,Com açúcar fininho por cima.\nRecupera [ItemValue] HP.,Przeciwieństwo beznadziei.\nPrzywraca [ItemValue] HP.,"Auch bekannt als Kräppel, Berliner, Pfannkuchen oder Puffel. Stellt [ItemValue] KP wieder her.",Обжарен до румянца.\nВосстанавливает [ItemValue] ОЗ.,Смажений до рум'янцю.\nВідновлює [ItemValue] оч[ItemValArt3] здоров'я.,经过油炸加工，呈现出如糖釉般的完美色泽。[BR]回复[ItemValue]点HP。
BERLINER_NAME,Berliner,Boule de Berlin,Krapfen,あんドーナツ,베를리너,Berlin,Berlinesa,Sonho,Pączek,Krapfen,Берлинский пончик,Берлінський пончик,柏林果酱包
BIGBAG_ART,"The ,the ,A ,a ,this ,it,was","Le ,le ,Un ,un ,ce ,,on,votre ,le ,de ,a","La ,la ,Una ,una ,questa ,a,ua,la",,"은,이,을,과,으로","La ,la ,Una ,una ,esta ,a,,","El ,el ,Un ,un ,este ,o,,","A ,a ,Uma ,uma ,essa ,esta ,a,sua ,foi",",Dużej Torby,Dużej Torbie,Dużą Torbę,","Die ,die ,Die ,die ,die ,Die ,die ,Deine ,deine ,diese ,sie,alte,wurde,war","здоровый мешок,здорового мешка,здоровомуь мешку,здоровый мешок,здоровом мешке,,,ён,ся,ит,его","великий мішок,великого мішка,великому мішку,великий мішок,,,в,ий,е,ить,його",",,,,这个,它,是"
BIGBAG_DESC,A bag filled with Magic Herbs.\nRestores [ItemValue] HP @ %s,Un sac rempli d'Herbes magiques.\nRend [ItemValue] PV @ %s,Una borsa piena di Erbe magiche.\nRipristina [ItemValue] PS @ %s,ハーブが　ぎっしりとつまった　ふくろ。\nつかうと　ＨＰを[ItemValue]かいふく＠%s,매직 허브들로 가득 찬 가방.\nHP를 [ItemValue]만큼 회복한다 ＠ %s,Una bolsa llena de Hierbas mágicas.\nRestaura [ItemValue] PV @ %s,Un saco lleno de Hierbas mágicas.\nRecupera [ItemValue] PV @ %s,Uma bolsa cheia de Ervas Mágicas.\nRecupera [ItemValue] HP @ %s,Torba wypełniona Magicznym Zielem.\nPrzywraca [ItemValue] HP @ %s,Eine Tasche voller Magische Kräuter.\nStellt [ItemValue] KP wieder her @ %s,"Мешок, полный волшебных листьев.\nВосстан. [ItemValue] ОЗ @ %s","Мішок, наповнений чарівним зіллям.\nВідновлює [ItemValue] ОЗ @ %s",一袋装满魔法药草的袋子。\n恢复[ItemValue]点HP@%s
BIGBAG_NAME,Big Bag,Grand sac,Borsa grande,でかぶくろ,큰 가방,Bolsa grande,Saco grande,Bolsona,Duża Torba,Große Tasche,Здоровый мешок,Великий мішок,大袋子
BOMB_ART,"The ,the ,A ,a ,this ,it,was","La ,la ,Une ,une ,cette ,e,a,votre ,la ,de ,a","La ,la ,Una ,una ,questa ,a,ua,la",,"은,이,을,과,으로","La ,la ,Una ,una ,esta ,a,,","La ,la ,Una ,una ,esta ,a,,","A ,a ,Uma ,uma ,essa ,esta ,a,sua ,foi",",Bomby,Bombie,Bombę,a","Die ,die ,Eine ,eine ,eine ,Die ,die ,Deine ,deine ,diese ,sie,alte,wurde,war","бомба,бомбы,бомбе,бомбу,бомбе,,а,ена,ась,ит,её","бомба,бомби,бомбі,бомбу,,,ла,а,е,ить,її",",,,,这个,它,是"
BOMB_DESC,Deals moderate explosive damage to all enemies.\nOnly [Lloyd] can use this.,Inflige des dégâts explosifs modérés à tous les ennemis. Seul [Lloyd] peut s'en servir.,Infligge danni da esplosione medi a tutti i nemici.\nSolo [Lloyd] sa come si usa.,ぜんたいに　ばくはつのダメージ。\nなげてつかう　[Lloyd]のグッズ。,모든 적에게 적당한 화염 피해를 준다.\n오직 [Lloyd]만 사용할 수 있다.,Inflige daño explosivo moderado a todos los enemigos. Solo [Lloyd] puede usarla.,Inflige daño explosivo moderado a todos los enemigos. Solo puede usarla [Lloyd].,Causa dano explosivo moderado aos inimigos.\nApenas o [Lloyd] pode usar isso.,Zadaje umiarkowane obrażenia od wybuchu wrogom. Tylko [Lloyd] może jej używać.,Schadet allen Gegnern durch eine mäßige Explosion. [Lloyd] kann sie verwenden.,Наносит всем врагам средний урон взрывом.\nТолько [Lloyd] умеет ей пользоваться.,Завдає всім ворогам помірної шкоди.\nТільки [Lloyd] вміє користуватися нею.,对全体敌人造成中量爆炸伤害。[BR]只有[Lloyd]可以使用。
BOMB_NAME,Bomb,Bombe,Bomba,ボム,폭탄,Bomba,Bomba,Bomba,Bomba,Bombe,Бомба,Бомба,炸弹
BOMBSUPER_ART,"The ,the ,A ,a ,this ,it,was","La ,la ,Une ,une ,cette ,e,a,votre ,la ,de ,a","La ,la ,Una ,una ,questa ,a,ua,la",,"은,이,을,과,으로","La ,la ,Una ,una ,esta ,a,,","La ,la ,Una ,una ,esta ,a,,","A ,a ,Uma ,uma ,essa ,esta ,a,sua ,foi",",Super Bomby,Super Bombie,Super Bombę,a","Die ,die ,Eine ,eine ,eine ,Die ,die ,Deine ,deine ,diese ,sie,alte,wurde,war","супербомба,супербомбы,супербомбе,супербомбу,супербомбе,,а,ена,ась,ит,её","супер бомба,супер бомби,супер бомбі,супер бомбу,,,ла,а,е,ить,її",",,,,这个,它,是"
BOMBSUPER_DESC,Deals major explosive damage to all enemies.\nOnly [Lloyd] can use this.,Inflige de gros dégâts explosifs à tous les ennemis. Seul [Lloyd] peut s'en servir.,Infligge danni da esplosione ingenti a tutti i nemici.\nSolo [Lloyd] sa come si usa.,ぜんたいに　だいばくはつのダメージ。\nハイグレードな　[Lloyd]のグッズ。,모든 적에게 강력한 화염 피해를 준다.\n오직 [Lloyd]만 사용할 수 있다.,Inflige daño explosivo elevado a todos los enemigos. Solo [Lloyd] puede usarla.,Inflige daño explosivo elevado a todos los enemigos. Solo puede usarla [Lloyd].,Causa dano explosivo alto aos inimigos.\nApenas o [Lloyd] pode usar isso.,Zadaje poważne obrażenia od wybuchu wrogom.\nTylko [Lloyd] może jej używać.,Schadet allen Gegnern durch eine erhebliche Explosion. [Lloyd] kann sie verwenden.,Наносит всем врагам большой урон взрывом.\nТолько [Lloyd] умеет ей пользоваться.,Завдає всім ворогам значної шкоди.\nТільки [Lloyd] вміє користуватися нею.,对全体敌人造成大量爆炸伤害。[BR]只有[Lloyd]可以使用。
BOMBSUPER_NAME,Super Bomb,Super bombe,Super bomba,スーパーボム,슈퍼 봄,Super bomba,Superbomba,Super Bomba,Super Bomba,Superbombe,Супербомба,Супер бомба,超级炸弹
BOOMERANG_ART,"The ,the ,A ,a ,this ,it,was","Le ,le ,Un ,un ,ce ,,on,votre ,le ,de ,a","Il ,il ,Un ,un ,questo ,o,uo,il",,"은,이,을,과,으로","El ,el ,Un ,un ,este ,o,,","El ,el ,Un ,un ,este ,o,,","O ,o ,Um ,um ,esse ,este ,o,seu ,foi",",Bumerangu,Bumerangowi,Bumerang,","Der ,der ,Ein ,ein ,einen ,Den ,den ,Deinen ,deinen ,diesen ,ihn,alten,wurde,war","бумеранг,бумеранга,бумерангу,бумеранг,бумеранге,,,ён,ся,ит,его","бумеранг,бумеранга,бумерангу,бумеранг,,,в,ий,е,ить,його",",,,,这个,它,是"
BOOMERANG_DESC,Handle it carefully. This isn't a toy!\nWeapon @ Offense +[ItemValue].,Précaution requise. Ce n'est pas un jouet !\nArme @ Attaque +[ItemValue].,Da usare con cura. Non è un giocattolo!\nArma @ Attacco +[ItemValue].,あぶないので　むやみになげないこと！\nぶき＠オフェンス＋[ItemValue],"조심해서 다루자, 이건 장난감이 아니니까!\n무기 @ 오펜스 +[ItemValue].",Úsalo con cuidado. ¡No es un juguete!\Arma @ Ofensa +[ItemValue].,"Úsalo con cuidado, ¡no es un juguete!\nArma @ Fuerza +[ItemValue].","Tome cuidado, isso não é um brinquedo!\nArma @ Ataque +[ItemValue].","Ostrożnie, to nie zabawka!\nBroń @ Ofensywa +[ItemValue].",Behandle ihn vorsichtig. Das ist kein Spielzeug!\nWaffe @ Angriff +[ItemValue].,Используй с осторожностью — это не игрушка!\nОружие @ Атака +[ItemValue].,Використовуйте обережно. Це зовсім не іграшка!\nЗброя @ Атака +[ItemValue].,请谨慎处理，这可不是玩具！[BR]武器@攻击力+[ItemValue]。
BOOMERANG_NAME,Boomerang,Boomerang,Boomerang,ブーメラン,부메랑,Boomerang,Búmeran,Bumerangue,Bumerang,Bumerang,Бумеранг,Бумеранг,回旋镖
BOTTLEROCKET_ART,"The ,the ,A ,a ,this ,it,was","La ,la ,Une ,une ,cette ,e,a,votre ,la ,de ,a","La ,la ,Una ,una ,questa ,a,ua,la",,"은,이,을,과,으로","El ,el ,Un ,un ,este ,o,,","El ,el ,Un ,un ,este ,o,,","O ,o ,Um ,um ,esse ,este ,o,seu ,foi",",Butlorakiety,Butlorakiecie,Butlorakietę,a","Die ,die ,Eine ,eine ,eine ,Die ,die ,Deine ,deine ,diese ,sie,alte,wurde,war","бутылочная ракета,бутылочной ракеты,бутылочной ракете,бутылочную ракету,бутылочной ракете,,а,ена,ась,ит,её","пляшкова ракета,пляшкової ракети,пляшковій ракеті,пляшкову ракету,,,ла,а,е,ить,її",",,,,这个,它,是"
BOTTLEROCKET_DESC,Deals major explosive damage to one enemy.\nOnly [Lloyd] can use this.,Inflige de gros dégâts explosifs à un ennemi.\nSeul [Lloyd] peut s'en servir.,Infligge danni da esplosione ingenti a un nemico.\nSolo [Lloyd] sa come si usa.,１たいに　だいばくはつのダメージ。\n[Lloyd]のグッズ。,적 한 명에게 큰 화염 피해를 준다.\n오직 [Lloyd]만 사용할 수 있다.,Inflige daño explosivo elevado a un enemigo.\nSolo [Lloyd] puede usarlo.,Inflige daño explosivo elevado a un enemigo.\nSolo puede usarla [Lloyd].,Causa dano explosivo alto a um inimigo.\nApenas o [Lloyd] pode usar isso.,Zadaje poważne obrażenia od wybuchu jednemu wrogowi. Tylko [Lloyd] może jej używać.,Schadet einem Gegner durch eine mäßige Explosion. [Lloyd] kann sie verwenden.,Наносит врагу большой урон взрывом.\nТолько [Lloyd] умеет ей пользоваться.,Завдає ворогові значної шкоди.\nТільки [Lloyd] вміє користуватися нею.,对一名敌人造成大量爆炸伤害。[BR]只有[Lloyd]可以使用。
BOTTLEROCKET_NAME,Bottle Rocket,Fusée bouteille ,Bottiglia-razzo,ペンシルロケット,펜슬 로켓,Cohete botella,Cohete botella,Rojão,Butlorakieta,Flaschenrakete,Бутылочная ракета,Пляшкова ракета,瓶装火箭
BOTTLEROCKETBIG_ART,"The ,the ,A ,a ,this ,it,was","La ,la ,Une ,une ,cette ,e,a,votre ,la ,de ,a","La ,la ,Una ,una ,questa ,a,ua,la",,"은,이,을,과,으로","El ,el ,Un ,un ,este ,o,,","El ,el ,Un ,un ,este ,o,,","O ,o ,Um ,um ,esse ,este ,o,seu ,foi",",Dużej Butlorakiety,Dużej Butlorakiecie,Dużą Butlorakietę,a","Die ,die ,Eine ,eine ,eine ,Die ,die ,Deine ,deine ,diese ,sie,alte,wurde,war","большая бутылочная ракета,большой бутылочной ракеты,большой бутылочной ракете,большую бутылочную ракету,большой бутылочной ракете,,а,ена,ась,ит,её","велика пляшкова ракета,великої пляшкової ракети,великій пляшковій ракеті,велику пляшкову ракету,,,ла,а,е,ить,її",",,,,这个,它,是"
BOTTLEROCKETBIG_DESC,Deals massive explosive damage to one enemy.\nOnly [Lloyd] can use this.,Inflige d'immenses dégâts explosifs à un ennemi.\nSeul [Lloyd] peut s'en servir.,Infligge danni da esplosione enormi a un nemico.\nSolo [Lloyd] sa come si usa.,１たいに　ペンシルロケットを５はつ。\n[Lloyd]のグッズ。,적 한 명에게 막대한 화염 피해를 준다.\n오직 [Lloyd]만 사용할 수 있다.,Inflige daño explosivo masivo a un enemigo.\nSolo [Lloyd] puede usarlo.,Inflige daño explosivo descomunal a un enemigo.\nSolo puede usarla [Lloyd].,Causa dano explosivo enorme a um inimigo.\nApenas o [Lloyd] pode usar isso.,Zadaje ogromne obrażenia od wybuchu jednemu wrogowi. Tylko [Lloyd] może jej używać.,Schadet einem Gegner durch eine massive Explosion. [Lloyd] kann sie verwenden.,Наносит врагу огромный урон взрывом.\nТолько [Lloyd] умеет ей пользоваться.,Завдає ворогові величезної шкоди.\nТільки [Lloyd] вміє користуватися нею.,对一名敌人造成巨量爆炸伤害。[BR]只有[Lloyd]可以使用。
BOTTLEROCKETBIG_NAME,Big Bottle Rocket,Méga fusée bouteille,Gran bottiglia-razzo,ペンシルロケット５,5연발 펜슬 로켓,Cohete botella grande,Megacohete botella,Rojão Grande,Duża Butlorakieta,Große Flaschenrakete,Больш. бутыл. ракета,Велика пляшк. ракета,巨型瓶装火箭
BOTTLEROCKETGIFT_ART,"The ,the ,A ,a ,this ,it,was","La ,la ,Une ,une ,cette ,e,a,votre ,la ,de ,a","La ,la ,Una ,una ,questa ,a,ua,la",,"은,이,을,과,으로","El ,el ,Un ,un ,este ,o,,","El ,el ,Un ,un ,este ,o,,","O ,o ,Um ,um ,esse ,este ,o,seu ,foi",",Butlorakiety-Podarku,Butlorakiecie-Podarkowi,Butlorakietę-Podarek,","Die ,die ,Eine ,eine ,eine ,Die ,die ,Deine ,deine ,diese ,sie,alte,wurde,war","подарочная бутылочная ракета,подарочной бутылочной ракеты,подарочной бутылочной ракете,подарочную бутылочную ракету,подарочной бутылочной ракете,,а,ена,ась,ит,её","подарункова ракета,подарункової ракети,подарунковій ракеті,подарункову ракету,,,ла,а,є,ить,її",",,,,这个,它,是"
BOTTLEROCKETGIFT_DESC,"Rickety, but handcrafted with care.","Fragile, mais faite avec amour.","Un po' traballante, ma costruita con affetto.",まごころ　こめられた\nてづくりの　ペンシルロケット。,수작업으로 만들어낸 수제 로켓.,"Un poco trucho, pero hecho a mano y con cuidado.","Destartalado, pero fabricado con esmero.","Meio instável, mas feito à mão com muito carinho.","Może i trochę się gibie, ale została zrobiona z miłością.","Klapprig, aber sorgfältig in Handarbeit gemacht.","Хлипкая, зато сделана с любовью.","Хитка, але зроблена з любов'ю.",虽然摇摇晃晃，但却是用心手工打造的。
BOTTLEROCKETGIFT_NAME,Gift Bottle Rocket,Cadeau fusée bouteille,Bottiglia-razzo regalo,おみやげロケット,선물용 로켓,Cohete bot. de regalo,Cohete bot. de regalo,Rojão de Presente,Butlorakieta-Podarek,Raketen-Geschenk,Подар. бутыл. ракета,Подарункова ракета,礼品瓶装火箭
BOTTLEROCKETHEAD_ART,"The ,the ,A ,a ,this ,it,was","La ,la ,Une ,une ,cette ,e,a,votre ,la ,de ,a","La ,la ,Una ,una ,questa ,a,ua,la",,"은,이,을,과,으로","La ,la ,Una ,una ,esta ,a,,","La ,la ,Una ,una ,esta ,a,,","A ,a ,Uma ,uma ,essa ,esta ,a,sua ,foi",",Czubka Butlorakiety,Czubkowi Butlorakiety,Czubek Butlorakiety,","Der ,der ,Ein ,ein ,einen ,Den ,den ,Deinen ,deinen ,diesen ,ihn,alten,wurde,war","нос бутылочной ракеты,носа бутылочной ракеты,носу бутылочной ракеты,нос бутылочной ракеты,носе бутылочной ракеты,,,ён,ся,ит,его","голівка ракети,голівки ракети,голівці ракети,голівку ракети,,,ла,а,є,ить,її",",,,,这个,它,是"
BOTTLEROCKETHEAD_DESC,The Bottle Rocket needs this to fly!\nHurry and attach it!,La Fusée bouteille en a besoin pour voler !\nFais vite et attache-la !,"La Bottiglia-razzo ne ha bisogno per volare!\nForza, metticela!",ペンシルロケットが　とぶのに　ひつよう。\nほんたいに　とりつけてみよう。,펜슬 로켓이 날아오르는 데 꼭 필요하다!\n어서 붙여보자!,¡El cohete botella necesita esto para volar!\n¡Apresúrate y conéctalo!,"¡El cohete botella necesita esto para volar!\n¡Rápido, conéctalo!",O Rojão precisa disso para voar!\nEncaixe-a logo nele!,Bez niego butlorakieta nie poleci!\nPośpiesz się i go dołącz!,Die Flaschenrakete braucht das!\nSteck ihn schnell drauf!,Без него бутылочная ракета не полетит!\nСкорее прикрепи его!,Без неї пляшкова ракета не полетить!\nШвидше прикріпи її!,瓶装火箭需要这个才能飞！[BR]快把它装上去！
BOTTLEROCKETHEAD_NAME,Bottle Rocket Head,Tête de fusée bouteille,Punta Bottiglia-razzo,ロケットのあたま,로켓 머리,Cabeza del cohete bot.,Cabeza del cohete bot.,Ponta do Rojão,Czubek Butlorakiety,Raketenkopf,Нос бутыл. ракеты,Голівка ракети,瓶装火箭头
BOTTLEROCKETMULTI_ART,"The ,the ,A ,a ,this ,it,was","La ,la ,Une ,une ,cette ,e,a,votre ,la ,de ,a","La ,la ,Una ,una ,questa ,a,ua,la",,"은,이,을,과,으로","El ,el ,Un ,un ,este ,o,,","El ,el ,Un ,un ,este ,o,,","O ,o ,Um ,um ,esse ,este ,o,seu ,foi",",Multi Butlorakiety,Multi Butlorakiecie,Multi Butlorakietę,a","Die ,die ,Eine ,eine ,eine ,Die ,die ,Deine ,deine ,diese ,sie,alte,wurde,war","бутылочная мультиракета,бутылочной мультиракеты,бутылочной мультиракете,бутылочную мультиракету,бутылочной мультиракете,,а,ена,ась,ит,её","мульти пляшкова ракета,мульти пляшкової ракету,мульти пляшковій ракеті,мульти пляшкову ракету,,,ла,а,е,ить,її",",,,,这个,它,是"
BOTTLEROCKETMULTI_DESC,Deals massive explosive damage to all enemies.\nOnly [Lloyd] can use this.,Inflige d'immenses dégâts explosifs à tous les ennemis. Seul [Lloyd] peut s'en servir.,Infligge danni da esplosione enormi a tutti i nemici.\nSolo [Lloyd] sa come si usa.,ぜんたいに　ペンシルロケットを２０はつ。\n[Lloyd]のグッズ。,모든 적에게 막대한 화염 피해를 준다.\n오직 [Lloyd]만 사용할 수 있다.,Inflige daño explosivo masivo a todos los enemigos. Solo [Lloyd] puede usarlo.,Inflige daño explosivo descomunal a todos los enemigos. Solo puede usarla [Lloyd].,Causa dano explosivo enorme aos inimigos.\nApenas o [Lloyd] pode usar isso.,Zadaje ogromne obrażenia od wybuchu wrogom.\nTylko [Lloyd] może jej używać.,Schadet allen Gegnern durch eine massive Explosion. [Lloyd] kann sie verwenden.,Наносит всем врагам огромный урон взрывом.\nТолько [Lloyd] умеет ей пользоваться.,Завдає всім ворогам величезної шкоди.\nТільки [Lloyd] вміє користуватися нею.,对全体敌人造成巨量爆炸伤害。[BR]只有[Lloyd]可以使用。
BOTTLEROCKETMULTI_NAME,Multi Bottle Rocket,Multi fusée bouteille,Multi-bottiglia-razzo,ペンシルロケット２０,20연발 펜슬 로켓,Multi cohete botella,Gigacohete botella,Multi-Rojão,Multi Butlorakieta,Multi-Flaschenrakete,Бутыл. мультиракета,Мульти пляшк. ракета,多重瓶装火箭
BOTTLEROCKETWINGS_ART,"The ,the ,The ,the ,these ,them,were","Les ,les ,Les ,les , ces ,es,es,vos ,les ,de ,ont","Le ,le ,Delle ,delle ,queste ,e,ue,le",,"은,이,을,과,으로","Las ,las ,Unas ,unas ,estas ,as,s,n","Las ,las ,Unas ,unas ,estas ,as,s,n","As ,as ,Umas ,umas ,essas ,estas ,as,suas ,foram",",Skrzydeł Butlorakiety,Skrzydłom Butlorakiety,Skrzydła Butlorakiety,","Die ,die ,Einige ,einige ,einige ,Die ,die ,Deine ,deine ,diese ,sie,alten,wurden,waren","крылья бутылочной ракеты,крыльев бутылочной ракеты,крыльям бутылочной ракеты,крылья бутылочной ракеты,крыльях бутылочной ракеты,,и,ены,ись,ат,их","крила ракети,крил ракети,крилам ракети,крила ракети,,,ли,і,ють,ять,їх",",,,,这些,它们,是"
BOTTLEROCKETWINGS_DESC,The Bottle Rocket needs these to maneuver!\nHurry and attach them!,La Fusée bouteille en a besoin pour se diriger !\nFais vite et attache-les !,"La Bottiglia-razzo ne ha bisogno per manovrare!\nForza, metticele!",ペンシルロケットが　うごくのに　ひつよう。\nほんたいに　とりつけてみよう。,펜슬 로켓을 잘 조종하려면 꼭 필요하다!\n어서 붙여보자!,¡El cohete botella las necesita para maniobrar!\n¡Apúrate y conéctalas!,"¡El cohete botella las necesita para maniobrar!\n¡Rápido, conéctalas!",O Rojão precisa delas para manobrar!\nEncaixe-as logo nele!,Butlorakieta potrzebuje ich do skręcania!\nPośpiesz się i je dołącz!,"Die Flaschenrakete braucht sie, um zu rangieren!\nSteck sie schnell ran!",Без них бутылочная ракета не будет маневрировать! Скорее прикрепи их!,Без них пляшкова ракета не зможе маневрувати! Скоріше прикріпи їх!,瓶装火箭需要这些才能进行操纵！[BR]快把它们装上去！
BOTTLEROCKETWINGS_NAME,Bottle Rocket Wings,Ailes de fusée bouteille,Ali di Bottiglia-razzo,ロケットのつばさ,로켓 날개,Alas del cohete bot.,Alas del cohete bot.,Asas do Rojão,Skrzydła Butlorakiety,Raketenflügel,Крылья бут. ракеты,Крила ракети,瓶装火箭尾翼
BREAD_ACT1,Eat,Manger,Mangia,たべる,먹기,Comer,Comer,Comer,Zjedz,Essen,Съесть,З'їсти,食用
BREAD_ACT2,Crumble,Émietter,Sbriciola,くずす,으깨기,Desmigajar,Desmigajar,Esfarelar,Rozkrusz,Zerkrümeln,Раскрошить,Покришити,掰碎
BREAD_ART,"The ,the ,Some ,some ,this ,it,was","Le ,le ,Du ,du ,ce ,,on,votre ,le ,de ,a","Il ,il ,Del ,del ,questo ,o,uo,il",,"은,이,을,과,으로","El ,el ,,,este ,o,,","El ,el ,,,este ,o,,","O ,o ,Um ,um ,esse ,este ,o,seu ,foi",",Chleba,Chlebowi,Chleb,","Das ,das ,Ein ,ein ,ein ,Das ,das ,Dein ,dein ,dieses ,es,altes,wurde,war","хлеб,хлеба,хлебу,хлеб,хлебе,,,ён,ся,ит,его","хліб,хліба,хлібу,хліб,,,в,ий,е,ить,його",",,一些,一些,这个,它,是"
BREAD_DESC,Its Crumbs can help you flee from battle.\nRestores [ItemValue] HP.,Ses miettes peuvent vous permettre de fuir les combats. Rend [ItemValue] PV.,Con le sue Briciole puoi fuggire dalle battaglie.\nRipristina [ItemValue] PS.,くずすと　パンくずに　かわる。\nたべると　HPを[ItemValue]かいふく。,부스러기로 전투에서 도망칠 수 있다.\nHP를 [ItemValue]만큼 회복한다.,Sus Migajas pueden ayudarte a huir de las batallas. Restaura [ItemValue] PV.,Con sus Migas puedes huir de la batalla.\nRecupera [ItemValue] PV.,As Migalhas podem ajudar a fugir de uma batalha. Recupera [ItemValue] HP.,Jego okruchy mogą pomóc ci w ucieczce z walki. Przywraca [ItemValue] HP.,Seine Krümel helfen dir bei der Flucht.\nStellt [ItemValue] KP wieder her.,Его крошки помогут сбежать с поля боя.\nВосстанавливает [ItemValue] ОЗ.,Його крихти допоможуть вам втекти з битви.\nВідновлює [ItemValue] оч[ItemValArt3] здоров'я.,它的碎屑可以帮助你逃离战斗。[BR]回复[ItemValue]点HP。
BREAD_NAME,Bread,Pain,Pane,パン,빵,Pan,Pan,Pão Francês,Chleb,Brot,Хлеб,Хліб,面包
BROKENITEM_DESC,Maybe [LLOYD] could fix it sometime.,Peut-être que [LLOYD] pourrait la réparer.,Forse [LLOYD] sa come aggiustarla.,[LLOYD]が　いつか　かならず　なおしてくれる。,언젠가 [LLOYD][particle:LLOYD:1] 고칠 수 있을지도 모른다.,Quizás [LLOYD] podría arreglarla en algún momento.,Quizás [LLOYD] podría arreglarla en algún momento.,Talvez o [LLOYD] possa consertar isso alguma hora.,Może [LLOYD] mógłby to kiedyś naprawić.,Vielleicht kann [LLOYD] sie bald reparieren.,Когда-нибудь [LLOYD] сможет её починить.,Може [Lloyd] її полагодить.,或许[LLOYD]将来可以修好它。
BROKENTRUMPET_ART,"The ,the ,A ,a ,this ,it,was","La ,la ,Une ,une ,cette ,e,a,votre ,la ,de ,a","La ,la ,Una ,una ,questa ,a,ua,la",,"은,이,을,과,으로","La ,la ,Una ,una ,esta ,a,,","La ,la ,Una ,una ,esta ,a,,","O ,o ,Um ,um ,esse ,este ,o,seu ,foi",",Popsutej Trąbki,Popsutej Trąbce,Popsutą Trąbkę,a","Die ,die ,Die ,die ,die ,Die ,die ,Deine ,deine ,diese ,sie,alte,wurde,war","сломанная труба,сломанной трубы,сломанной трубе,сломанную трубу,сломанной трубе,,а,ена,ась,ит,её","зламана труба,зламаної труби,зламаній трубі,зламану трубу,,,ла,а,є,ить,її",",,,,这个,它,是"
BROKENTRUMPET_NAME,Broken Trumpet,Trompette cassée,Tromba rotta,こわれたラッパ,망가진 트럼펫,Trompeta rota,Trompeta rota,Trompete Quebrado,Popsuta Trąbka,Kaputte Trompete,Сломанная труба,Зламана труба,损坏的小号
BULLHORN_ART,"The ,the ,A ,a ,this ,it,was","Le ,le ,Un ,un ,ce ,,on,votre ,le ,de ,a","Il ,il ,Un ,un ,questo ,o,uo,il",,"은,이,을,과,으로","El ,el ,Un ,un ,este ,o,,","El ,el ,Un ,un ,este ,o,,","O ,o ,Um ,um ,esse ,este ,o,seu ,foi",",Megafonu,Megafonowi,Megafon,","Das ,das ,Ein ,ein ,ein ,Das ,das ,Dein ,dein ,dieses ,es,altes,wurde,war","рупор,рупора,рупору,рупор,рупоре,,,ён,ся,ит,его","мегафон,мегафона,мегафону,мегафон,,,в,ий,е,ить,його",",,,,这个,它,是"
BULLHORN_DESC,Use it to intimidate enemies with your amplified voice.,Utilisez-le pour amplifier votre voix et effrayer les ennemis,Usalo per spaventare i nemici con la tua voce amplificata.,おおごえで　てきを　おどかす。,증폭된 목소리로 적을 위협하는 데 사용해 보자.,Úsalo para intimidar a los enemigos con tu voz amplificada.,Úsalo para intimidar a los enemigos con tu voz amplificada.,Use para intimidar os inimigos com sua voz amplificada.,"Użyj go, aby zastraszyć wrogów swoim wzmocnionym głosem.","Benutze es, um Gegnern mit deiner mächtigen Stimme einzuschüchtern.","Крикни в него, чтобы припугнуть врагов.","Використайте його, щоб залякати ворогів своїм посиленим голосом.",使用它可以扩大你的声音并以此震慑敌人。
BULLHORN_NAME,Bullhorn,Mégaphone,Megafono,ふしぎなメガホン,신기한 메가폰,Megáfono,Megáfono,Megafone,Megafon,Megafon,Рупор,Мегафон,扩音喇叭
CANARYCHICK_ART,"The ,the ,The ,the ,this ,it,was","Le ,le ,Le ,le ,ce ,,on,votre ,le ,de ,a","Il ,il ,Un ,un ,questo ,o,uo,il",,"는,가,를,와,로","El ,el ,Un ,un ,este ,o,,","La ,la ,Una ,una ,esta ,a,,","O ,o ,O ,o ,esse ,este ,o,seu ,foi",",Kanarka,Kanarkowi,Kanarka,","Das ,das ,Ein ,ein ,ein ,Das ,das ,Dein ,dein ,dieses ,es,altes,wurde,war","птенец канарейки,птенца канарейки,птенцу канарейки,птенца канарейки,птенце канарейки,,,ён,ся,ит,его","пташеня канарки,пташеняти канарки,пташеняті канарки,пташеня канарки,,,ло,е,е,ить,його",",,,,这个,它,是"
CANARYCHICK_DESC,Its eyes show sadness.,Ses yeux expriment le chagrin.,Ha la tristezza negli occhi.,さびしそうな　めを　しています。,당장이라도 울 것 같은 눈이다.,Sus ojos muestran tristeza.,Puedes ver la tristeza en sus ojos.,Tem os olhos tristes.,Widać smutek w jego oczach.,Seine Augen zeugen von Trauer.,Какие у него грустные глазки...,Його очі сповнені смутку.,它的眼神中流露出哀伤。
CANARYCHICK_NAME,Canary Chick,Bébé canari,Pulcino di canarino,カナリアのヒナ,아기 카나리아,Canario bebé,Cría de canario,Canário Filhote,Kanarek,Kanarienküken,Птенец канарейки,Пташеня канарки,金丝雀雏鸟
CAPSULEDEF_ACT1,Swallow,Avaler,Manda giù,のむ,삼키기,Tomar,Tomar,Tomar,Połknij,Schlucken,Принять,Проковтнути,服用
CAPSULEDEF_ART,"The ,the ,A ,a ,this ,it,was","La ,la ,Une ,une ,cette ,e,a,votre ,la ,de ,a","La ,la ,Una ,una ,questa ,a,ua,la",,"은,이,을,과,로","La ,la ,Una ,una ,esta ,a,,","La ,la ,Una ,una ,esta ,a,,","A ,a ,Uma ,uma ,essa ,esta ,a,sua ,foi",",Kapsułki Obrony,Kapsułce Obrony,Kapsułkę Obrony,a","Die ,die ,Eine ,eine ,eine ,Die ,die ,Deine ,deine ,diese ,sie,alte,wurde,war","капсула защиты,капсулы защиты,капсуле защиты,капсулу защиты,капсуле защиты,,а,ена,ась,ит,её","капсула захисту,капсули захисту,капсулі захисту,капсулу захисту,,,ла,а,е,ить,її",",,,,这个,它,是"
CAPSULEDEF_DESC,Increases your Defense by [ItemValue].,Augmente votre défense de [ItemValue].,Aumenta la Difesa di [ItemValue].,ディフェンスを　[ItemValue]あげる。,디펜스가 [ItemValue]만큼 증가한다.,Aumenta tu defensa en [ItemValue].,Aumenta tu defensa en [ItemValue].,Aumenta a Defesa em [ItemValue].,Zwiększa obronę o [ItemValue].,Erhöht deine Verteidigung um [ItemValue].,Повышает защиту на [ItemValue] единиц[ItemValArt1].,Підвищує захист на [ItemValue].,将你的防御力提高[ItemValue]点。
CAPSULEDEF_NAME,Defense Capsule,Capsule de défense,Capsula Difesa,ディフェンスカプセル,디펜스 캡슐,Cápsula de defensa,Cápsula defensa,Cápsula de Defesa,Kapsułka Obrony,Verteidigungskapsel,Капсула защиты,Капсула захисту,防御胶囊
CAPSULEGUT_ACT1,Swallow,Avaler,Manda giù,のむ,삼키기,Tomar,Tomar,Tomar,Połknij,Schlucken,Принять,Проковтнути,服用
CAPSULEGUT_ART,"The ,the ,A ,a ,this ,it,was","La ,la ,Une ,une ,cette ,e,a,votre ,la ,de ,a","La ,la ,Una ,una ,questa ,a,ua,la",,"은,이,을,과,로","La ,la ,Una ,una ,esta ,a,,","La ,la ,Una ,una ,esta ,a,,","A ,a ,Uma ,uma ,essa ,esta ,a,sua ,foi",",Kapsułki Odwagi,Kapsułce Odwagi,Kapsułkę Odwagi,a","Die ,die ,Eine ,eine ,eine ,Die ,die ,Deine ,deine ,diese ,sie,alte,wurde,war","капсула дерзости,капсулы дерзости,капсуле дерзости,капсулу дерзости,капсуле дерзости,,а,ена,ась,ит,её","капсула сміливості,капсули сміливості,капсулі сміливості,капсулу сміливості,,,ла,а,е,ить,її",",,,,这个,它,是"
CAPSULEGUT_DESC,Increases your Guts by [ItemValue].,Augmente votre audace de [ItemValue].,Aumenta la Combattività di [ItemValue].,ガッツを　[ItemValue]あげる。,용기가 [ItemValue]만큼 증가한다.,Aumenta tu coraje en [ItemValue].,Aumenta tus agallas en [ItemValue].,Aumenta a Coragem em [ItemValue].,Zwiększa poziom odwagi o [ItemValue].,Erhöht deinen Mut um [ItemValue].,Повышает дерзость на [ItemValue] единиц[ItemValArt1].,Підвищує сміливість на [ItemValue].,将你的勇气值提高[ItemValue]点。
CAPSULEGUT_NAME,Guts Capsule,Capsule d'audace,Capsula Combattività,ガッツカプセル,용기 캡슐,Cápsula de coraje,Cápsula agallas,Cápsula de Coragem,Kapsułka Odwagi,Mutkapsel,Капсула дерзости,Капсула сміливості,勇气胶囊
CAPSULEHP_ACT1,Swallow,Avaler,Manda giù,のむ,삼키기,Tomar,Tomar,Tomar,Połknij,Schlucken,Принять,Проковтнути,服用
CAPSULEHP_ART,"The ,the ,An ,an ,this ,it,was","La ,la ,Une ,une ,cette ,e,a,votre ,la ,de ,a","La ,la ,Una ,una ,questa ,a,ua,la",,"은,이,을,과,로","La ,la ,Una ,una ,esta ,a,,","La ,la ,Una ,una ,esta ,a,,","A ,a ,Uma ,uma ,essa ,esta ,a,sua ,foi",",Kapsułki HP,Kapsułce HP,Kapsułkę HP,a","Die ,die ,Eine ,eine ,eine ,Die ,die ,Deine ,deine ,diese ,sie,alte,wurde,war","капсула ОЗ,капсулы ОЗ,капсуле ОЗ,капсулу ОЗ,капсуле ОЗ,,а,ена,ась,ит,её","капсула здоров'я,капсули здоров'я,капсулі здоров'я,капсулу здоров'я,,,ла,а,е,ить,її",",,,,这个,它,是"
CAPSULEHP_DESC,Increases your maximum HP by [ItemValue].,Augmente vos PV maximums de [ItemValue].,Aumenta i PS massimi di [ItemValue].,さいだいHPを　[ItemValue]あげる。,최대 HP가 [ItemValue]만큼 증가한다.,Aumenta tus PV máximos en [ItemValue].,Aumenta tus PV máximos en [ItemValue].,Aumenta o HP máximo em [ItemValue].,Zwiększa maksymalne HP o [ItemValue].,Erhöht deine maximalen KP um [ItemValue].,Увеличивает максимальное\nколичество ОЗ на [ItemValue] единиц[ItemValArt1].,Підвищує максимальні ОЗ на [ItemValue].,将你的最大HP值提高[ItemValue]点。
CAPSULEHP_NAME,HP Capsule,Capsule de PV,Capsula PS,フィジカルカプセル,HP 캡슐,Cápsula de PV,Cápsula PV,Cápsula de HP,Kapsułka HP,KP-Kapsel,Капсула ОЗ,Капсула здоров'я,HP胶囊
CAPSULEIQ_ACT1,Swallow,Avaler,Manda giù,のむ,삼키기,Tomar,Tomar,Tomar,Połknij,Schlucken,Принять,Проковтнути,服用
CAPSULEIQ_ART,"The ,the ,An ,an ,this ,it,was","La ,la ,Une ,une ,cette ,e,a,votre ,la ,de ,a","La ,la ,Una ,una ,questa ,a,ua,la",,"은,이,을,과,로","La ,la ,Una ,una ,esta ,a,,","La ,la ,Una ,una ,esta ,a,,","A ,a ,Uma ,uma ,essa ,esta ,a,sua ,foi",",Kapsułki IQ,Kapsułce IQ,Kapsułkę IQ,a","Die ,die ,Eine ,eine ,eine ,Die ,die ,Deine ,deine ,diese ,sie,alte,wurde,war","капсула IQ,капсулы IQ,капсуле IQ,капсулу IQ,капсуле IQ,,а,ена,ась,ит,её","капсула IQ,капсули IQ,капсулі IQ,капсулу IQ,,,ла,а,е,ить,її",",,,,这个,它,是"
CAPSULEIQ_DESC,Increases your IQ by [ItemValue].,Augmente votre QI de [ItemValue].,Aumenta il QI di [ItemValue].,ＩＱを　[ItemValue]あげる。,IQ가 [ItemValue]만큼 증가한다.,Aumenta tu IQ en [ItemValue].,Aumenta tu CI en [ItemValue].,Aumenta o QI em [ItemValue].,Zwiększa IQ o [ItemValue].,Erhöht deinen IQ um [ItemValue].,Повышает IQ на [ItemValue] единиц[ItemValArt1].,Підвищує IQ на [ItemValue].,将你的智力值提高[ItemValue]点。
CAPSULEIQ_NAME,IQ Capsule,Capsule de QI,Capsula QI,ウィズダムカプセル,IQ 캡슐,Cápsula de IQ,Cápsula CI,Cápsula de QI,Kapsułka IQ,IQ-Kapsel,Капсула IQ,Капсула IQ,智力胶囊
CAPSULEOFE_ACT1,Swallow,Avaler,Manda giù,のむ,삼키기,Tomar,Tomar,Tomar,Połknij,Schlucken,Принять,Проковтнути,服用
CAPSULEOFE_ART,"The ,the ,An ,an ,this ,it,was","La ,la ,Une ,une ,cette ,e,a,votre ,la ,de ,a","La ,la ,Una ,una ,questa ,a,ua,la",,"은,이,을,과,로","La ,la ,Una ,una ,esta ,a,,","La ,la ,Una ,una ,esta ,a,,","A ,a ,Uma ,uma ,essa ,esta ,a,sua ,foi",",Kapsułki Ofensywy,Kapsułce Ofensywy,Kapsułkę Ofensywy,a","Die ,die ,Eine ,eine ,eine ,Die ,die ,Deine ,deine ,diese ,sie,alte,wurde,war","капсула силы,капсулы силы,капсуле силы,капсулу силы,капсуле силы,,а,ена,ась,ит,её","капсула атаки,капсули атаки,капсулі атаки,капсулу атаки,,,ла,а,е,ить,її",",,,,这个,它,是"
CAPSULEOFE_DESC,Increases your Offense by [ItemValue].,Augmente votre attaque de [ItemValue].,Aumenta l'Attacco di [ItemValue].,オフェンスを　[ItemValue]あげる。,오펜스가 [ItemValue]만큼 증가한다.,Aumenta tu ofensa en [ItemValue].,Aumenta tu fuerza en [ItemValue].,Aumenta o Ataque em [ItemValue].,Zwiększa ofensywę o [ItemValue].,Erhöht deinen Angriff um [ItemValue].,Повышает атаку на [ItemValue] единиц[ItemValArt1].,Підвищує атаку на [ItemValue].,将你的攻击力提高[ItemValue]点。
CAPSULEOFE_NAME,Offense Capsule,Capsule d'attaque,Capsula Attacco,オフェンスカプセル,오펜스 캡슐,Cápsula de ofensa,Cápsula fuerza,Cápsula de Ataque,Kapsułka Ofensywy,Angriffskapsel,Капсула силы,Капсула атаки,攻击胶囊
CAPSULEPP_ACT1,Swallow,Avaler,Manda giù,のむ,삼키기,Tomar,Tomar,Tomar,Połknij,Schlucken,Принять,Проковтнути,服用
CAPSULEPP_ART,"The ,the ,A ,a ,this ,it,was","La ,la ,Une ,une ,cette ,e,a,votre ,la ,de ,a","La ,la ,Una ,una ,questa ,a,ua,la",,"은,이,을,과,로","La ,la ,Una ,una ,esta ,a,,","La ,la ,Una ,una ,esta ,a,,","A ,a ,Uma ,uma ,essa ,esta ,a,sua ,foi",",Kapsułki PP,Kapsułce PP,Kapsułkę PP,a","Die ,die ,Eine ,eine ,eine ,Die ,die ,Deine ,deine ,diese ,sie,alte,wurde,war","капсула ОП,капсулы ОП,капсуле ОП,капсулу ОП,капсуле ОП,,а,ена,ась,ит,её","капсула ПСИ,капсули ПСИ,капсулі ПСИ,капсулу ПСИ,,,ла,а,е,ить,її",",,,,这个,它,是"
CAPSULEPP_DESC,Increases your maximum PP by [ItemValue].,Augmente vos PP maximums de [ItemValue].,Aumenta i PP massimi di [ItemValue].,さいだいＰＰを　[ItemValue]あげる。,최대 PP가 [ItemValue]만큼 증가한다.,Aumenta tu PP máximo en [ItemValue].,Aumenta tus PP máximos en [ItemValue].,Aumenta o PP máximo em [ItemValue].,Zwiększa maksymalne PP o [ItemValue].,Erhöht deine maximalen PP um [ItemValue].,Увеличивает максимальное\nколичество ОП на [ItemValue] единиц[ItemValArt1].,Підвищує максимальні ОП на [ItemValue].,将你的最大PP值提高[ItemValue]点。
CAPSULEPP_NAME,PP Capsule,Capsule de PP,Capsula PP,サイコカプセル,PP 캡슐,Cápsula de PP,Cápsula PP,Cápsula de PP,Kapsułka PP,PP-Kapsel,Капсула ОП,Капсула ПСИ,PP胶囊
CAPSULESPD_ACT1,Swallow,Avaler,Manda giù ,のむ,삼키기,Tomar,Tomar,Tomar,Połknij,Schlucken,Принять,Проковтнути,服用
CAPSULESPD_ART,"The ,the ,A ,a ,this ,it,was","La ,la ,Une ,une ,cette ,e,a,votre ,la ,de ,a","La ,la ,Una ,una ,questa ,a,ua,la",,"은,이,을,과,로","La ,la ,Una ,una ,esta ,a,,","La ,la ,Una ,una ,esta ,a,,","A ,a ,Uma ,uma ,essa ,esta ,a,sua ,foi",",Kapsułki Szybkości,Kapsułce Szybkości,Kapsułkę Szybkości,a","Die ,die ,Eine ,eine ,eine ,Die ,die ,Deine ,deine ,diese ,sie,alte,wurde,war","капсула скорости,капсулы скорости,капсуле скорости,капсулу скорости,капсуле скорости,,а,ена,ась,ит,её","капсула швидкості,капсули швидкості,капсулі швидкості,капсулу швидкості,,,ла,а,е,ить,її",",,,,这个,它,是"
CAPSULESPD_DESC,Increases your Speed by [ItemValue].,Augmente votre vitesse de [ItemValue].,Aumenta la Velocità di [ItemValue].,スピードを　[ItemValue]あげる。,스피드가 [ItemValue]만큼 증가한다.,Aumenta tu velocidad en [ItemValue].,Aumenta tu velocidad en [ItemValue].,Aumenta a Agilidade em [ItemValue].,Zwiększa szybkość o [ItemValue].,Erhöht deine Geschwindigkeit um [ItemValue].,Повышает скорость на [ItemValue] единиц[ItemValArt1].,Підвищує швидкість на [ItemValue].,将你的速度值提高[ItemValue]点。
CAPSULESPD_NAME,Speed Capsule,Capsule de vitesse,Capsula Velocità,スピードカプセル,스피드 캡슐,Cápsula de velocidad,Cápsula velocidad,Cápsula de Agilidade,Kapsułka Szybkości,Geschwindigkeitskapsel,Капсула скорости,Капсула швидкості,速度胶囊
CASHCARD_ART,"The ,the ,The ,the ,this ,it,was","La ,la ,La ,la ,cette ,e,a,votre ,la ,de ,a","La ,la ,Una ,una ,questa ,a,ua,la",,"는,가,를,와,로","La ,la ,La ,la ,esta ,a,,","La ,la ,La ,la ,esta ,a,,","O ,o ,O ,o ,esse ,este ,o,seu ,foi",",Karty Bankomatowej,Karcie Bankomatowej,Kartę Bankomatową,a","Die ,die ,Die ,die ,die ,Die ,die ,Deine ,deine ,diese ,sie,alte,wurde,war","банковская карта,банковской карты,банковской карте,банковскую карту,банковской карте,,а,ена,ась,ит,её","платіжна картка,платіжної картки,платіжній картці,платіжну картку,,,ла,а,е,ить,її",",,,,这个,它,是"
CASHCARD_DESC,Use it for all your banking needs.,Utilisez-la pour toutes vos opérations bancaires.,Per tutte le tue necessità bancarie.,これが　あれば　ＡＴＭから　おかねを\nひきだすことが　できます。,ATM에서 현금을 뽑을 수 있다.,Utilízala para todas tus actividades bancarias.,Utilízala para todas tus actividades bancarias.,Use para todas as suas soluções bancárias.,Niezbędna do wszelkich transakcji bankowych.,Benutze sie für all deine Tätigkeiten in der Bank.,Удобный способ распоряжаться финансами.,Користуйтеся нею для усіх своїх платіжних потреб.,用于满足你所有银行业务的相关需求。
CASHCARD_NAME,Cash Card,Carte bancaire,Carta di debito,キャッシュカード,현금 카드,Tarjeta de crédito,Tarjeta de crédito,Cartão,Karta Bankomatowa,Bankkarte,Банковская карта,Платіжна картка,金融卡
COINMAGIC_ART,"The ,the ,A ,a ,this ,it,was","La ,la ,Une ,une ,cette ,e,a,votre ,la ,de ,a","La ,la ,Una ,una ,questa ,a,ua,la",,"은,이,을,과,으로","La ,la ,Una ,una ,esta ,a,,","La ,la ,Una ,una ,esta ,a,,","A ,a ,Uma ,uma ,essa ,esta ,a,sua ,foi",",Monety Magii,Monecie Magii,Monetę Magii,a","Die ,die ,Eine ,eine ,eine ,Die ,die ,Deine ,deine ,diese ,sie,alte,wurde,war","монета магии,монеты магии,монете магии,монету магии,монете магии,,а,ена,ась,ит,её","монета чар,монети чар,монеті чар,монету чар,,,ла,а,е,ить,її",",,,,这个,它,是"
COINMAGIC_DESC,Forged with pure magic.\nOther @ Defense +[ItemValue].,Forgée par la magie pure.\nAutre @ Défense +[ItemValue].,Forgiata con pura magia.\nAltro @ Difesa +[ItemValue].,まほうを　ふうじこめた　ふしぎなコイン。\nそのた＠ディフェンス＋[ItemValue],순수한 마법으로 정제 되어있다.\n기타 ＠ 디펜스 +[ItemValue].,Forjada con magia pura.\nOtro @ Defensa +[ItemValue].,Forjada con magia pura.\nOtro @ Defensa +[ItemValue].,Forjada com pura magia.\nOutro @ Defesa +[ItemValue].,Wykuta czystą magią.\nInne @ Obrona +[ItemValue].,Geschmiedet mit reiner Magie.\nAnderes @ Verteidigung +[ItemValue].,Выкована из чистой магии.\nПрочее @ Защита +[ItemValue].,Викувана з чистої магії.\nІнше @ Захист +[ItemValue].,由纯粹的魔法锻造而成。[BR]其他@防御力+[ItemValue]。
COINMAGIC_NAME,Magic Coin,Pièce magique,Moneta magica,まふうじのコイン,마법봉인의 코인,Moneda mágica,Moneda mágica,Moeda Mágica,Moneta Magii,Magische Münze,Монета магии,Монета чар,魔法硬币
COINPEACE_ART,"The ,the ,A ,a ,this ,it,was","La ,la ,Une ,une ,cette ,e,a,votre ,la ,de ,a","La ,la ,Una ,una ,questa ,a,ua,la",,"은,이,을,과,으로","La ,la ,Una ,una ,esta ,a,,","La ,la ,Una ,una ,esta ,a,,","A ,a ,Uma ,uma ,essa ,esta ,a,sua ,foi",",Monety Pokoju,Monecie Pokoju,Monetę Pokoju,a","Die ,die ,Eine ,eine ,eine ,Die ,die ,Deine ,deine ,diese ,sie,alte,wurde,war","монета Мира,монеты Мира,монете Мира,монету Мира,монете Мира,,а,ена,ась,ит,её","монета миру,монети миру,монеті миру,монету миру,,,ла,а,е,ить,її",",,,,这个,它,是"
COINPEACE_DESC,Its essence emanates with serenity.\nOther @ Defense +[ItemValue].,Une grande sérénité s'en dégage.\nAutre @ Défense +[ItemValue].,Emana tranquillità.\nAltro @ Difesa +[ItemValue].,もっていると　こころがおちつくコイン。\nそのた＠ディフェンス＋[ItemValue],그 본질엔 평온함이 감돌고 있다.\n기타 ＠ 디펜스 +[ItemValue].,Su esencia emana sinceridad.\nOtro @ Defensa +[ItemValue].,Irradia serenidad.\nOtro @ Defensa +[ItemValue].,Emana paz e tranquilidade.\nOutro @ Defesa +[ItemValue].,Emanuje z niej uczucie spokoju.\nInne @ Obrona +[ItemValue].,Ihre Essenz strahlt in Serenität.\nAnderes @ Verteidigung +[ItemValue].,От неё веет спокойствием.\nПрочее @ Защита +[ItemValue].,Її єство сяє рiвновагою.\nІнше @ Захист +[ItemValue].,它的本质散发着宁静的气息。[BR]其他@防御力+[ItemValue]。
COINPEACE_NAME,Peace Coin,Pièce de paix,Moneta pacifica,やすらぎのコイン,평온의 코인,Moneda de la paz,Moneda de la paz,Moeda da Paz,Moneta Pokoju,Friedvolle Münze,Монета Мира,Монета миру,和平硬币
COINPROTECT_ART,"The ,the ,A ,a ,this ,it,was","La ,la ,Une ,une ,cette ,e,a,votre ,la ,de ,a","La ,la ,Una ,una ,questa ,a,ua,la",,"은,이,을,과,으로","La ,la ,Una ,una ,esta ,a,,","La ,la ,Una ,una ,esta ,a,,","A ,a ,Uma ,uma ,essa ,esta ,a,sua ,foi",",Monety Ochrony,Monecie Ochrony,Monetę Ochrony,a","Die ,die ,Eine ,eine ,eine ,Die ,die ,Deine ,deine ,diese ,sie,alte,wurde,war","монета защиты,монеты защиты,монете защиты,монету защиты,монете защиты,,а,ена,ась,ит,её","монета захисту,монети захисту,монеті захисту,монету захисту,,,ла,а,е,ить,її",",,,,这个,它,是"
COINPROTECT_DESC,"Give it your trust, and it will protect you.\nOther @ Defense +[ItemValue].",Faites-lui confiance et elle vous protégera.\nAutre @ Défense +[ItemValue].,"Fidati di lei, e ti proteggerà.\nAltro @ Difesa +[ItemValue].",しんらいをさずかり　もちぬしをまもる。\nそのた＠ディフェンス＋[ItemValue],"신뢰를 줄 때, 비로소 당신을 보호한다.\n기타 ＠ 디펜스 +[ItemValue].","Dale tu confianza, y te protegerá.\nOtro @ Defensa +[ItemValue].","Dale tu confianza, y te protegerá.\nOtro @ Defensa +[ItemValue].","Confie nela, e ela te protegerá.\nOutro @ Defesa +[ItemValue].","Ochroni cię, jeśli dasz jej swoje zaufanie.\nInne @ Obrona +[ItemValue].",Gib ihr dein Vertrauen und sie wird dich behüten.\nAnderes @ +[ItemValue].,"Доверься ей, и она тебя защитит.\nПрочее @ Защита +[ItemValue].","Довірся їй, і вона тебе захистить.\nІнше @ Захист +[ItemValue].",给予它信任，它就将会守护你。[BR]其他@防御力+[ItemValue]。
COINPROTECT_NAME,Protection Coin,Pièce protectrice,Moneta protettiva,まもりのコイン,수호의 코인,Moneda protectora,Moneda protectora,Moeda Protetora,Moneta Ochrony,Behütende Münze,Монета защиты,Монета захисту,守护硬币
COPYCAMERA_ART,"The ,the ,A ,a ,this ,it,was","L',l',Un ,un ,cet ,,on,votre ,le ,d',a","La ,la ,Una ,una ,questa ,a,ua,la",,"는,가,를,와,로","La ,la ,Una ,una ,esta ,a,,","La ,la ,Una ,una ,esta ,a,,","A ,a ,A ,a ,essa ,esta ,a,sua ,foi",",Kamery Kopiującej,Kamerze Kopiującej,Kamerę Kopiującą,a","Die ,die ,Die ,die ,die ,Die ,die ,Deine ,deine ,diese ,sie,alte,wurde,war","камера-имитатор,камеры-имитатора,камере-имитатору,камеру-имитатор,камере-имитаторе,,,ена,ась,ит,её","камера-імітатор,камери-імітатора,камері-імітатору,камеру-імітатор",",,,,这个,它,是"
COPYCAMERA_DESC,Captures an enemy's skill to use as your own.,Copie une compétence ennemie pour l'utiliser à votre tour.,Cattura un'abilità nemica per usarla tu stesso.,てきの　わざをパシャリ。\nコピーして　じぶんのものとしてつかう。,적의 스킬을 자신의 것으로 복제한다.,Fotografia una habilidad enemiga para usar tu mismo.,Saca una foto de la técnica del enemigo para usarla por tu propia cuenta.,Tira uma foto da habilidade do inimigo para copiá-la.,"Przechwytuje umiejętność wroga, aby wykorzystać ją jako własną.",Kopiert eweine Gegnerfähigkeit zum Eigengebrauch.,Запиши навык врага и затем используй его в свой ход.,Дозволяє записати навичку ворога та використовувати її.,捕获敌人的技能并将其作为自己的技能使用。
COPYCAMERA_NAME,Copy Camera,App. photomorphique,Copiacamera,コピーカメラ,복제 카메라,Copicámara,Copicámara,Câmera Copiadora,Kamera Kopiująca,Kopierkamera,Камера-имитатор,Камера-імітатор,拷贝相机
COURAGEBADGE_ART,"The ,the ,The ,the ,this ,it,was","Le ,le ,Le ,le ,ce ,,on,votre ,le ,de ,a","La ,la ,Una ,una ,questa ,a,ua,la",,"는,가,를,와,로","El ,el ,El ,el ,este ,o,,","El ,el ,El ,el ,este ,o,,","O ,o ,O ,o ,esse ,este ,o,seu ,foi",",Odznaki Odwagi,Odznace Odwagi,Odznakę Odwagi,a","Der ,der ,Der ,der ,den ,Den ,den ,Deinen ,deinen ,diesen ,ihn,alten,wurde,war","значок Мужества,значка Мужества,значку Мужества,значок Мужества,значке Мужества,,,ён,ся,ит,его","значок хоробрості,значка хоробрості,значку хоробрості,значок хоробрості,,,в,ий,е,ить,його",",,,,这个,它,是"
COURAGEBADGE_DESC,A gift from [Pippi].\nYou can feel more courageous while holding it.,Un cadeau d[elision][Pippi].\nVous vous sentez plus courageux en le portant.,Un regalo di [Pippi].\nAverla ti riempie di coraggio.,[Pippi]からの　プレゼント。\nもっているだけで　ゆうきが　わいてくる。,[Pippi]의 선물.\n지니고 있으면 용기가 샘솟는다.,Un regalo de [Pippi].\nTe sientes más valiente al sostenerlo.,Un regalo de [Pippi].\nTe sientes más valiente al sostenerlo.,Um presente da [Pippi]. Você se sente mais corajoso quando o segura.,Prezent od [decline:Pippi:F:1].\nCzujesz się odważniej trzymając ją.,"Ein Geschenk von [Pippi].\nDu fühlst dich mutiger, während du ihn hältst.",Подарок от [decline:Pippi:F:1]. С ним ты чувствуешь себя мужественнее.,"Подарунок від [decline:Pippi:F:1].\nТримаючи його, ти почуваєшся хоробріше.",来自[Pippi]的礼物。[BR]拿起它可以让你感到自己变得更加勇敢。
COURAGEBADGE_NAME,Courage Badge,Badge du courage,Medaglia del coraggio,ゆうきのバッヂ,용기의 배지,Broche de valentía,Broche del coraje,Brasão da Bravura,Odznaka Odwagi,Mut-Orden,Значок Мужества,Значок хоробрості,勇气徽章
CROISSANT_ACT1,Eat,Manger,Mangia,たべる,먹기,Comer,Comer,Comer,Zjedz,Essen,Съесть,З'їсти,食用
CROISSANT_ART,"The ,the ,A ,a ,this ,it,was","Le ,le ,Un ,un ,ce ,,on,votre ,le ,de ,a","Il ,il ,Un ,un ,questo ,o,uo,il",,"은,이,을,과,으로","El ,el ,Un ,un ,este ,o,,","El ,el ,Un ,un ,este ,o,,","O ,o ,O ,o ,esse ,este ,o,seu ,foi",",Rogalika,Rogalikowi,Rogalika,","Das ,das ,Ein ,ein ,ein ,Das ,das ,Dein ,dein ,dieses ,es,altes,wurde,war","круассан,круассана,круассану,круассан,круассане,,,ён,ся,ит,его","круасан,круасана,круасану,круасан,,,в,ий,є,ить,його",",,,,这个,它,是"
CROISSANT_DESC,It has a powerful flavour.\nRestores [ItemValue] HP.,A un goût d'une force remarquable.\nRend [ItemValue] PV.,Ha un sapore forte.\nRipristina [ItemValue] PS.,ちからがみなぎりそうな　みためをしている。\nたべると　HPを[ItemValue]かいふく。,겹겹이 쌓여 강력한 버터 향이 난다.\nHP를 [ItemValue]만큼 회복한다.,Tiene un fuerte sabor.\nRestaura [ItemValue] PV.,Tiene un sabor de lo más potente.\nRecupera [ItemValue] PV.,Tem um sabor potente.\nRecupera [ItemValue] HP.,Wypiekany według różnych procedur.\nPrzywraca [ItemValue] HP.,Kräftig im Geschmack.\nStellt [ItemValue] KP wieder her.,Его аромат придаёт сил.\nВосстанавливает [ItemValue] ОЗ.,Його аромат надає сил.\nВідновлює [ItemValue] оч[ItemValArt3] здоров'я.,它的风味极其浓郁强劲。[BR]回复[ItemValue]点HP。
CROISSANT_NAME,Croissant,Croissant,Croissant,クロワッサン,크루아상,Croissant,Cruasán,Croissant,Rogalik,Croissant,Круассан,Круасан,可颂
CRUMBS_ART,"The ,the ,Some ,some ,these ,them,were","Les ,les ,Des ,des ,ces ,es,es,vos ,les ,de ,ont","Le ,le ,Delle ,delle ,queste ,e,ue,le",,"는,가,를,와,로","Las ,las ,Unas ,unas ,estas ,as,s,n","Las ,las ,Unas ,unas ,estas ,as,s,n","As ,as ,Umas ,umas ,essas ,estas ,as,suas ,foram",",Okruchów,Okruchom,Okruchy,y","Die ,die ,Einige ,einige ,einige ,Die ,die ,Deine ,deine ,diese ,sie,alten,wurden,waren","крошки,крошек,крошкам,крошки,крошках,,и,ены,ись,ат,их","крихти,крихт,крихтам,крихти,,,ли,і,ють,ять,їх",",,一些,一些,这些,它们,是"
CRUMBS_DESC,You can throw them at enemies to quickly run away from battle while they're busy eating.,"À lancer pour fuir les combats rapidement, l'ennemi étant trop occupé à les manger.",Puoi lanciarle ai nemici per fuggire dalla battaglia mentre mangiano.,てきになげると　たべているすきに\nにげだすことができる。,적에게 던져 도망칠 수 있다.\n빵에 눈길이 간 틈에 도망치는 원리다.,Puedes lanzarlas a los enemigos para que huyan rápidamente de la batalla mientras comen.,Puedes lanzárselas a los enemigos para huir\nde la batalla mientras se las comen.,Você pode jogá-las nos inimigos para fugir das batalhas enquanto eles estão comendo.,"Możesz rzucać nimi we wrogów, aby szybko uciec z walki, gdy są zajęci jedzeniem.","Du kannst sie zu Gegnern werfen, um schnell zu fliehen, während sie die Krümel essen.","Брось их во врагов — они так увлекутся их поеданием, что не заметят, как ты убежишь!","Киньте їх щоб втекти, поки вороги їх поїдають.",你可以将其扔给敌人，趁它们狼吞虎咽迅速逃离战斗。
CRUMBS_NAME,Crumbs,Miettes,Briciole,パンくず,부스러기,Migajas,Migas,Migalhas,Okruchy,Krümel,Крошки,Крихти,面包屑
CUPOFLIFENOODLES_ACT1,Eat,Manger,Mangia,たべる,먹기,Comer,Comer,Comer,Zjedz,Essen,Съесть,З'їсти,食用
CUPOFLIFENOODLES_ART,"The ,the ,A ,a ,this ,it,was","Les ,les ,Des ,des ,ces ,es,es,vos ,les ,de ,ont","La ,la ,Una ,una ,questa ,a,ua,la",,"은,이,을,과,으로","La ,la ,Una ,una ,esta ,a,,","La ,la ,Una ,una ,esta ,a,,","O ,o ,Um ,um ,esse ,este ,o,seu ,foi",",Nudli Życia,Nudlom Życia,Nudle Życia,y","Die ,die ,Eine ,eine ,eine ,Die ,die ,Deine ,deine ,diese ,sie,alte,wurde,war","стакан живлапши,стакана живлапши,стакану живлапши,стакан живлапши,стакане живлапши,,,ён,ся,ит,его","стакан живлокшини,стакана живлокшини,стаканові живлокшини,стакан живлокшини,,,в,ий,є,ить,його",",,,,这个,它,是"
CUPOFLIFENOODLES_DESC,Removes all status effects and fully heals unconsciousness.,Guérit toutes les altérations d'état et fait complètement revenir à la vie.,Rimuove tutti gli status negativi e guarisce completamente chi ha perso i sensi.,ステータスすべてと　きぜつを　かいふくする。,모든 상태 이상을 치료하고 무의식으로부터 치유한다.,Remueve todos los estados alterados y cura completamente la inconsciencia.,Elimina todos los estados alterados y cura la incapacidad por completo.,Retira todos os status negativos e recupera inconsciência por completo.,Usuwa wszystkie dolegliwości i w pełni leczy utratę przytomności.,Entfernt alle Statuseffekte und heilt Bewusstlosigkeit vollständig.,Избавляет от всех недугов и полностью возвращает здоровье.,"Позбавляє всіх недуг, приводить до тями з повними ОЗ.",消除全部异常状态，并完全治愈昏迷。
CUPOFLIFENOODLES_NAME,Cup of Lifenoodles,Nouilles de vie inst.,Ciotola di Vitagliatelle,いのちのうどん,생명의 우동,Taza de vidafideos,Taza de vidafideos,Miojo da Vida,Nudle Życia,Lebensnudeln,Стакан живлапши,Стакан живлокшини,生命乌冬面
DEFENSESHOWER_ART,"The ,the ,A ,a ,this ,it,was","La ,la ,La ,la ,cette ,e,a,votre ,la ,de ,a","La ,la ,Una ,una ,questa ,a,ua,la",,"는,가,를,와,로","La ,la ,Una ,una ,esta ,a,,","La ,la ,Una ,una ,esta ,a,,","A ,a ,Uma ,uma ,essa ,esta ,a,sua ,foi",",Prysznica Obronnego,Prysznicowi Obronnemu,Prysznic Obronny,","Die ,die ,Eine ,eine ,eine ,Die ,die ,Deine ,deine ,diese ,sie,alte,wurde,war","лейка защиты,лейки защиты,лейке защиты,лейку защиты,лейке защиты,,а,ена,ась,ит,её","лійка захисту,лійки захисту,лійці захисту,лійку захисту,,,ла,а,є,ить,її",",,,,这个,它,是"
DEFENSESHOWER_DESC,Increases defense for all allies.,Augmente la défense de tous les alliés.,Aumenta la difesa di tutti gli alleati.,みかたぜんたいの　ディフェンスをあげる。,모든 아군의 디펜스가 증가한다.,Aumenta la defensa de todo el equipo.,Aumenta la defensa de todo el grupo.,Aumenta a defesa de todos os aliados.,Zwiększa obronę wszystkich sojuszników.,Erhöht Verteidigung aller Verbündeten.,Повышает защиту всем в команде.,Підвищує захист усій команді.,提高全体队友的防御力。
DEFENSESHOWER_NAME,Defense Shower,Douche défensive,Doccia di difesa,ディフェンスシャワー,디펜스 샤워,Ducha defensiva,Regadera defensiva,Ducha de Defesa,Prysznic Obronny,Abwehrdusche,Лейка защиты,Лійка захисту,防御花洒
DENTURES_ART,"The ,the ,Some ,some ,these ,them,were","Le ,le ,Un ,un ,ce ,,on,votre ,le ,de ,a","La ,la ,Una ,una ,questa ,a,ua,la",,"는,가,를,와,로","La ,la ,Una ,una ,esta ,a,,","La ,la ,Una ,una ,esta ,a,,","As ,as ,Umas ,umas ,essas ,estas ,as,suas ,foram",",Protez,Protezom,Protezy,y","Das ,das ,Das ,das ,das ,Das ,das ,Dein ,dein ,dieses ,es,altes,wurde,war","вставные челюсти,вставных челюстей,вставным челюстям,вставные челюсти,вставных челюстях,,и,ены,ись,ат,их","вставні зуби,вставних зубів,вставним зубам,вставні зуби,,,ли,і,ють,ять,їх",",,一些,一些,这些,它们,是"
DENTURES_DESC,,,,,,,,,,,,,
DENTURES_NAME,Dentures,Dentier,Dentiera,いれば,틀니,Dentadura postiza,Dentadura postiza,Dentaduras,Protezy,Gebiss,Вставные челюсти,Вставні зуби,假牙
DOGTREATS_ART,"The ,the ,Some ,some ,these ,them,were","Les ,les ,Des ,des ,ces ,es,es,vos ,les ,de ,ont","I ,i ,Dei ,dei ,questi ,i,uoi,i",,"은,이,을,과,으로","Los ,los ,Unos ,unos ,estos ,os,s,n","Las ,las ,Unas ,unas ,estas ,as,s,n","Os ,os ,Uns ,uns ,esses ,estes ,os,seus ,foram",",Psich Przysmaków,Psim Przysmakom,Psie Przysmaki,y","Die ,die ,Einige ,einige ,einige ,Die ,die ,Deine ,deine ,diese ,sie,alten,wurden,waren","лакомство для собак,лакомства для собак,лакомству для собак,лакомство для собак,лакомстве для собак,,о,ено,ось,ит,его","ласощі для собак,ласощів для собак,ласощам для собак,ласощі для собак,,,ли,і,ють,ять,їх",",,一些,一些,这些,它们,是"
DOGTREATS_DESC,Dogs love these.,Les chiens en raffolent.,Ai cani piacciono un sacco.,イヌのだいこうぶつ。\nこれがきらいな　イヌなんて　そういない！,개들의 유일한 낙.,A los perros les encantan.,A los perros les encantan.,Os cães adoram.,Psy je uwielbiają.,Hunde lieben sie.,Собаки его обожают.,Собаки обожнюють їх.,小狗们最喜欢的东西，\n几乎没有狗会讨厌！
DOGTREATS_NAME,Dog Treats,Friandises pour chien,Biscotti per cani,イヌのおやつ,개 간식,Premios para perros,Chuches para perro,Petiscos de Cachorro,Psie Przysmaki,Hundeleckerli,Лакомство для собак,Ласощі для собак,狗狗零食
EAGLEFEATHER_ART,"The ,the ,The ,the ,this ,it,was","La ,la ,La ,la ,cette ,e,a,votre ,la ,de ,a","La ,la ,Una ,una ,questa ,a,ua,la",,"은,이,을,과,로","La ,la ,La ,la ,esta ,a,,","La ,la ,La ,la ,esta ,a,,","A ,a ,A ,a ,essa ,esta ,a,sua ,foi",",Pióra Orła,Pióru Orła,Pióro Orła,o","Die ,die ,Die ,die ,die ,Die ,die ,Deine ,deine ,diese ,sie,alte,wurde,war","орлиное перо,орлиного пера,орлиному перу,орлиное перо,орлином пере,,о,ено,ось,ит,его","перо орла,пера орла,перу орла,перо орла,,,ло,е,е,ить,його",",,,,这个,它,是"
EAGLEFEATHER_DESC,A feather dropped by a bald eagle.\nIt gives you the power to jump long distances.,Une plume qu'un aigle a laissée derrière lui.\nVous permet de faire de grands sauts.,La piuma di un'aquila calva.\nTi dà il potere di saltare lontano.,イーグルがおとしたハネ。\nとくていのばしょで　ジャンプができる。,독수리의 깃털이다.\n더 높게 점프할 수 있게 해준다.,Una pluma dejada por una águila calva.\nTe da el poder de saltar a largas distancias.,Una pluma que ha dejado caer un águila calva.\nTe da el poder de saltar largas distancias.,Uma pena que caiu de uma águia careca.\nDá o poder de pular longas distâncias.,Pióro upuszczone przez orła bielika.\nDaje moc skakania na duże odległości.,Eine Feder vom Weißkopfadler.\nGibt dir die Macht des Weitsprungs.,"Перо, упавшее с белоголового орла. Позволяет прыгать на большие расстояния.","Пір'їна, залишена білоголовим орлом.\nДає змогу далеко стрибати.",一根由白头鹰掉落的羽毛。[BR]它能赋予你远距离跳跃的能力。
EAGLEFEATHER_NAME,Eagle's Feather,Plume d'aigle,Piuma d'aquila,イーグルのハネ,독수리 깃털,Pluma de águila,Pluma de águila,Pena da Águia,Pióro Orła,Adlerfeder,Орлиное перо,Перо орла,鹰羽
ENERGYBEAM_ART,"The ,the ,The ,the ,this ,it,was","Le ,le ,Le ,le ,ce ,,on,votre ,le ,de ,a","L',l',Un',un',quest',a,ua,la",,"은,이,을,과,로","El ,el ,Un ,un ,este ,o,,","El ,el ,Un ,un ,este ,o,,","O ,o ,Um ,um ,esse ,este ,o,seu ,foi",",Promienia Energii,Promieniowi Energii,Promień Energii,a","Der ,der ,Der ,der ,den ,Den ,den ,Deinen ,deinen ,diesen ,ihn,alten,wurde,war","энерголуч,энерголуча,энерголучу,энерголуч,энерголуче,,,ён,ся,ит,его","енерго-промінь,енерго-променя,енерго-променю,енерго-промінь,,,в,ий,є,ить,його",",,,,这个,它,是"
ENERGYBEAM_DESC,A beam weapon developed at Duncan's Factory.\nCan activate mechanisms and stun enemies.,Arme produite à l'usine de Duncan. Peut activer des mécanismes et étourdir les ennemis de loin.,Raggio creato alla Fabbrica di Duncan.\nAttiva congegni e stordisce nemici.,ダンカンはつめいの　ビームへいき。\nてきをまひしたり　しかけをきどうできる。,던컨 공장에서 개발된 빔 무기.\n매커니즘을 활성화하고 적을 기절시킬 수 있다.,Un arma desarrollada en la Fábrica Duncan.\nPuede activar mecanismos y aturdir enemigos.,Un arma desarrollada en la fábrica Duncan.\nPuede activar mecanismos y aturdir enemigos.,Uma arma laser feita na Fábrica Duncan.\nPode ativar mecanismos e paralisar inimigos.,Broń wyprodukowana w Fabryce Duncana. Może aktywować mechanizmy i ogłuszać wrogów.,Eine in Duncans Fabrik entwickelte Waffe.\nAktiviert Maschinen und betäubt Gegner.,"Оружие, созданное на заводе имени Дункана.\nЗапускает механизмы и оглушает врагов.","Зброя, створена на заводі ім. Дункана.\nАктивує механізми та приголомшує ворогів.",邓肯工厂研制出的光束武器。[BR]可以用来激活机器，也可以使敌人眩晕。
ENERGYBEAM_NAME,Energy Beam,Rayon laser,Onda energetica,エナジービーム,에너지 빔,Rayo de energía,Rayo de energía,Raio de Energia,Promień Energii,Energiestrahl,Энерголуч,Енерго-промінь,能量光束
ERROR_ART,"The ,the ,An ,an ,this ,it,was","L',l',Une ,une ,cette ,e,on,votre ,la ,d',a","Il ,il ,Un ,un ,questo ,o,uo,il",,"는,가,를,와,로","El ,el ,Un ,un ,este ,o,,","El ,el ,Un ,un ,este ,o,,","O ,o ,Um ,um ,esse ,este ,o,seu ,foi",",Błędu,Błędowi,Błąd,","Der ,der ,Ein ,ein ,einen ,Den ,den ,Deinen ,deinen ,diesen ,ihn,alten,wurde,war","ошибка,ошибки,ошибке,ошибку,ошибке,,а,ена,ась,ит,её","помилка,помилки,помилці,помилку,,,ла,а,е,ить,її",",,,,这个,它,是"
ERROR_DESC,"wow lookie, error, report please","oh tiens tiens, une erreur, merci de signaler","ma guarda, un errore, segnalalo per favore",みてみて　エラーメッセージだよ！\nほうこく　おねがいします！,동네 사람들 여기 에러예요!\n만약 이 아이템을 얻었다면 제보해 주세요.,"wow mira, un error, repórtalo porfavor","wow mira, un error, repórtalo porfavor","Uau olha só, um erro.\nPode reportar, por favor? Na moral.","ups, weź to zgłoś plis","Wow, siehe da, ein Fehler, bitte melden","оп, а вот и ошибочка, сообщи о ней пж","ого, подивись-но, помилочка, повідомте про неї будь-ласка",快看呀，这里出错了！请去反馈一下吧~
ERROR_NAME,Error,Erreur,Errore,エラー,에러,Error,Error,Erro,Błąd,Fehler,Ошибка,Помилка,错误
EYEDROPS_ART,"The ,the ,Some ,some ,these ,them,were","Les ,les ,Des ,des ,ces ,es,es,vos ,les ,de ,ont","Il ,il ,Del ,del ,questo ,o,uo,il",,"은,이,을,과,으로","Las ,las ,Unas ,unas ,estas ,as,s,n","El ,el ,Un ,un ,este ,o,,","O ,o ,Um ,um ,esse ,este ,o,seu ,foi",",Kropel do Oczu,Kroplom do Oczu,Krople do Oczu,y","Die ,die ,Einige ,einige ,einige ,Die ,die ,Deine ,deine ,diese ,sie,alten,wurden,waren","глазные капли,глазных капель,глазным каплям,глазные капли,глазных каплях,,и,ены,ись,ат,их","очні краплі,очних крапель,очним краплям,очні краплі,,,ли,і,ють,ять,їх",",,一些,一些,这些,它们,是"
EYEDROPS_DESC,Cures blindness ([Blinded]).,Guérit l'aveuglement ([Blinded]).,Cura la cecità ([Blinded]).,めの　トラブルに　これいっぽん。\nつかうと　[Blinded]もうもくを　かいふくする。,시야방해([Blinded])를 회복한다.,Cura la ceguera ([Blinded]).,Cura la ceguera ([Blinded]).,Cura cegueira. ([Blinded]),Leczą oślepienie ([Blinded]).,Heilt Erblindung ([Blinded]).,Лечат от слепоты ([Blinded]).,Лікують осліплення ([Blinded]).,治愈失明（[Blinded]）。
EYEDROPS_NAME,Eye Drops,Gouttes oculaires,Collirio,めぐすり,안약,Gotas para los ojos,Colirio,Colírio,Krople do Oczu,Augentropfen,Глазные капли,Очні краплі,眼药水
FACTORYPASS_ART,"The ,the ,A ,a ,this ,it,was","Le ,le ,Un ,un ,ce ,,on,votre ,le ,de ,a","La ,la ,Una ,una ,questa ,a,ua,la",,"은,이,을,과,으로","El ,el ,Un ,un ,este ,o,,","El ,el ,Un ,un ,este ,o,,","O ,o ,Um ,um ,esse ,este ,o,seu ,foi",",Przepustki Służbowej,Przepustce Służbowej,Przepustkę Służbową,a","Der ,der ,Der ,der ,den ,Den ,den ,Deinen ,deinen ,diesen ,ihn,alten,wurde,war","пропуск на завод,пропуска на завод,пропуску на завод,пропуск на завод,пропуске на завод,,,ён,ся,ит,его","пропуск на завод,пропуска на завод,пропуску на завод,пропуск на завод,,,в,ий,е,ить,його",",,,,这个,它,是"
FACTORYPASS_DESC,“Duncan's Factory Employee” is written on it.,Il comporte l'inscription : « Employé de l'usine de Duncan ».,C'è scritto “Impiegato della Fabbrica di Duncan”.,「ダンカンこうじょう　しゃいん」\nと　かいてあります。,“던컨 공장의 직원”이라고 적혀 있다.,Tiene escrito “Empleado de la Fábrica Duncan”.,Pone: «Empleado de la fábrica Duncan».,Está escrito “Funcionário da Fábrica Duncan” nele.,Jest na niej napisane „Pracownik Fabryki Duncana”.,„Mitarbeiter von Duncans Fabrik“ steht darauf geschrieben.,На нём написано:\n«Сотрудник завода им. Дункана».,Тут написано: “Співробітник заводу ім. Дункана”.,上面写着“邓肯工厂员工”。
FACTORYPASS_NAME,Factory Pass,Passe d'usine,Tessera Fabbrica,つうこうきょかしょう,공장 출입증,Pase de la fábrica,Pase de la fábrica,Passe da Fábrica,Przepustka Służbowa,Fabrik-Ausweis,Пропуск на завод,Пропуск на завод,工厂通行证
FAVFOOD_ACT1,Eat,Manger,Mangia,たべる,먹기,Comer,Comer,Comer,Zjedz,Essen,Съесть,З'їсти,食用
FAVFOOD_ART,"The ,the ,A ,a ,this ,it,was","La ,la ,De la ,de la ,cette ,e,a,votre ,la ,de ,a","La porzione di,la porzione di,Una porzione di,una porzione di,questa porzione di,a,ua,la",,"[particle:FavFood:0],[particle:FavFood:1],[particle:FavFood:2],[particle:FavFood:3]","La bolsa de ,la bolsa de ,Una bolsa de ,una bolsa de ,esta bolsa de ,a,,","La bolsa de ,la bolsa de ,Una bolsa de ,una bolsa de ,esta bolsa de ,a,,","O pacote de ,o pacote de ,Um pacote de ,um pacote de ,esse pacote de ,este pacote de ,o,seu ,foi ",",Ulubionego Jedzenia,Ulubionemu Jedzeniu,Ulubione Jedzenie,",",,,,,,,,,,es,,wurde,war","любимое блюдо,любимого блюда,любимому блюду,любимое блюдо,любимом блюде,,о,ено,ось,ит,его","улюблена страва,улюбленої страви,улюбленій страві,улюблену страву",",,,,这个,它,是"
FAVFOOD_DESC,Recovers all HP and PP for everyone.,Restaure entièrement les PV et PP de toute l'équipe.,Ripristina tutti i PS e i PP per tutto il gruppo.,ぜんたいの　HPとPPを　かんぜんかいふく。,모든 HP과 PP를 회복한다.,Recupera todos los PV y PP del grupo.,Recupera todos los PV y PP del grupo.,Recupera todo o HP e PP do grupo.,W pełni przywraca HP i PP całej drużyny.,Stellt KP und PP für jeden wieder her.,Восстанавливает все ОЗ и ОП каждому в команде.,Відновлює всі ОЗ та ОП команди.,回复所有人全部的HP值和PP值。
FAVFOOD_NAME,[FAVFOOD],[FAVFOOD],[FAVFOOD],[FAVFOOD],[FAVFOOD],[FAVFOOD],[FAVFOOD],[FAVFOOD],Ulubione Jedzenie,Leibgericht,Любимое блюдо,Улюблена страва,
FLAMETHROWER_ART,"The ,the ,A ,a ,this ,it,was","Le ,le ,Un ,un ,ce ,,on,votre ,le ,de ,a","Il ,il ,Un ,un ,questo ,o,uo,il",,"는,가,를,와,로","El ,el ,Un ,un ,este ,o,,","El ,el ,Un ,un ,este ,o,,","O ,o ,Um ,um ,esse ,este ,o,seu ,foi",",Miotacza Ognia,Miotaczowi Ognia,Miotacz Ognia,","Der ,der ,Ein ,ein ,einen ,Den ,den ,Deinen ,deinen ,diesen ,ihn,alten,wurde,war","огнемёт,огнемёта,огнемёту,огнемёт,огнемёте,,,ён,ся,ит,его","вогнемет,вогнемета,вогнемету,вогнемет,,,в,ий,е,ить,його",",,,,这个,它,是"
FLAMETHROWER_DESC,Deals fire damage to all enemies.\nOccasionally burns the enemy.,Inflige des dégâts de feu à tous les ennemis.\nPeut parfois causer des brûlures à un ennemi.,Infligge danno da fuoco a tutti i nemici.\nA volte infligge bruciatura.,ぜんたいに　ほのおの　ダメージ。\nまれに　ほのおによる　ついかこうか。,모든 적에게 화염 피해를 준다.\n때때로 적을 불태운다.,Inflige daño de fuego a todos los enemigos.\nOcasionalmente quema al enemigo.,Inflige daño de fuego a todos los enemigos.\nPuede quemar al enemigo.,Causa dano de fogo em todos os inimigos.\nTem chance de queimar o inimigo.,Zadaje ogniste obrażenia wszystkim wrogom.\nMoże podpalić wroga.,Fügt allen Gegnern Feuerschaden hinzu.\nLässt Gegner gelegentlich verbrennen.,Стреляет огнём во всех врагов. С некоторой вероятностью может их поджечь.,Наносить усім ворогам вогняну шкоду.\nІноді підпалює ворога.,对全体敌人造成火焰伤害。[BR]偶尔会使敌人陷入灼伤状态。
FLAMETHROWER_NAME,Flame Thrower,Lance-flammes,Lanciafiamme,かえんほうしゃき,화염방사기,Lanzallamas,Lanzallamas,Lança-chamas,Miotacz Ognia,Flammenwerfer,Огнемёт,Вогнемет,火焰喷射器
FLASHDARK_ART,"The ,the ,A ,a ,this ,it,was","L',l',Une ,une ,cette ,e,on,votre ,la ,d',a","L',l',Un',un',quest',a,ua,la",,"는,가,를,와,로","La ,la ,Una ,una ,esta ,a,,","La ,la ,Una ,una ,esta ,a,,","A ,a ,Uma ,uma ,essa ,esta ,a,sua ,foi",",Ladarki,Ladarce,Ladarkę,a","Die ,die ,Die ,die ,die ,Die ,die ,Deine ,deine ,diese ,sie,alte,wurde,war","темнарик,темнарика,темнарику,темнарик,темнарике,,,ён,ся,ит,его","темнарик,темнарика,темнарику,темнарик,,,в,ий,е,ить,його",",,,,这个,它,是"
FLASHDARK_DESC,This is the exact opposite of a flashlight.\nBlinds one opponent.,L'exact opposé d'une lampe de poche.\nPermet d'aveugler un ennemi.,Il contrario di una torcia.\nAcceca un nemico.,くらくなるでんきゅうを　つけたライト。\n１たいを　もうもくにする。,손전등과는 정반대의 효과를 가지고 있다.\n상대의 시야를 방해한다.,Es exactamente lo opuesto a una linterna.,El completo opuesto de la linterna.\nCiega a un enemigo.,É exatamente o oposto de uma lanterna.\nCega um oponente.,Jest to dokładne przeciwieństwo latarki.\nOślepia jednego przeciwnika.,Das genaue Gegenteil einer Taschenlampe.\nLässt einen Gegner erblinden.,Полная противоположность фонарику.\nОслепляет врага.,Повна протилежність ліхтарику.\nЗасліплює одного ворога.,和手电筒恰好相反。[BR]致盲一个敌人。
FLASHDARK_NAME,Flashdark,Ombre de poche,Anti-torcia,やみのライト,어둠의 라이트,Nocterna,Nocterna,Lanturna,Ladarka,Schattenlampe,Темнарик,Темнарик,暗闪灯
FLEABAG_ART,"The ,the ,A ,a ,this ,it,was","Le ,le ,Un ,un ,ce ,,on,votre ,le ,de ,a","Il ,il ,Un ,un ,questo ,o,uo,il",,"는,가,를,와,로","La ,la ,Una ,una ,esta ,a,,","La ,la ,Una ,una ,esta ,a,,","O ,o ,Um ,um ,esse ,este ,o,seu ,foi",",Worka Pcheł,Workowi Pcheł,Worek Pcheł,","Der ,der ,Ein ,ein ,einen ,Den ,den ,Deinen ,deinen ,diesen ,ihn,alten,wurde,war","пакетик блох,пакетика блох,пакетику блох,пакетик блох,пакетике блох,,,ён,ся,ит,его","пакет бліх,пакета бліх,пакету бліх,пакет бліх,,,в,ий,е,ить,його",",,,,这个,它,是"
FLEABAG_DESC,Filled with fleas and lice.\nThrow it at the enemy and see what happens!,Rempli de puces et de poux.\nEssayez de le lancer sur un ennemi!,Pieno di pulci e pidocchi.\nLancialo a un nemico e goditi lo spettacolo!,てきに　なげつけて\nこうかを　みてみよう！,벼룩과 이로 가득 차 있다.\n적에게 던져보고 반응이나 살펴보자!,Llena de pulgas y piojos.\n¡Lánzala al enemigo y ve lo que ocurre!,Lleno de pulgas y piojos.\n¡Tírasela al enemigo y observa lo que ocurre!,Cheio de pulgas e piolhos.\nJogue no inimigo e veja o que acontece!,"Pełen pcheł i wszy.\nRzuć nim we wroga i zobacz, co się stanie!",Voller Flöhe und Läuse. Werfe ihn auf einen Gegner und schau was passiert!,"Пакетик, полный вшей и блох.\nБрось его во врага и посмотри, что будет!","Повний бліх та вошей.\nКинь його у ворога і подивись, що станеться!",装满了跳蚤和虱子。[BR]扔给敌人看看会发生什么吧！
FLEABAG_NAME,Flea Bag,Sac à puces,Sacco di pulci,ノミとシラミ,벼룩과 이,Bolsa de pulgas,Saco de pulgas,Saco de Pulgas,Worek Pcheł,Flohbeutel,Пакетик блох,Пакет бліх,跳蚤虱子
FRANKLINBADGE_ART,"The ,the ,The ,the ,this ,it,was","Le ,le ,Le ,le ,ce ,,on,votre ,le ,de ,a","La ,la ,Una ,una ,questa ,a,ua,la",,"는,가,를,와,로","El ,el ,El ,el ,este ,o,,","El ,el ,El ,el ,este ,o,,","O ,o ,O ,o ,esse ,este ,o,seu ,foi",",Odznaki Franklina,Odznace Franklina,Odznakę Franklina,a","Der ,der ,Der ,der ,den ,Den ,den ,Deinen ,deinen ,diesen ,ihn,alten,wurde,war","значок Франклина,значка Франклина,значку Франклина,значок Франклина,значке Франклина,,,ён,ся,ит,его","значок Франкліна,значка Франкліна,значку Франкліна,значок Франкліна,,,в,ий,е,ить,його",",,,,这个,它,是"
FRANKLINBADGE_DESC,Legend says that Benjamin Franklin wore this reflective badge for his lightning experiments.,Ce badge réfléchissant aurait protégé Benjamin\nFranklin lors de ses expériences sur la foudre.,Si dice che Benjamin Franklin la indossasse\nper i suoi esperimenti con i fulmini.,ベン・フランクリンが　かみなりの\nじっけんのおまもりに　これをつけていた。,전설에 따르면 벤저민 프랭클린은 번개 실험을\n진행하기 위해 이 반사 배지를 달았다고 한다.,La leyenda dice que Benjamin Franklin lo usó para reflejar sus experimentos con rayos.,Cuenta la leyenda que Benjamin Franklin lo llevaba durante sus experimentos con rayos.,Dizem que Benjamin Franklin usou este brasão reflexivo em estudos com raios.,Ponoć Benjamin Franklin nosił tę odznakę podczas eksperymentów z błyskawicą.,Laut Legenden trug Benjamin Franklin diesen\nreflektierenden Orden für seine Experimente.,"По легенде, Бенджамин Франклин носил\nего во время своих опытов с молниями.","За легендою, Бенджамін Франклін носив його\nпід час своїх експериментів з блискавкою.",传说本杰明富兰克林在进行闪电实验时佩戴过这枚反光徽章。
FRANKLINBADGE_NAME,Franklin Badge,Badge Franklin,Medaglia Franklin,フランクリンバッヂ,프랭클린 배지,Broche Franklin,Broche Franklin,Brasão de Franklin,Odznaka Franklina,Franklin-Orden,Значок Франклина,Значок Франкліна,富兰克林徽章
FRANKLINBADGE0.8_ART,"The ,the ,The ,the ,this ,it,was","Le ,le ,Le ,le ,ce ,,on,votre ,le ,de ,a","La ,la ,Una ,una ,questa ,a,ua,la",,"은,이,을,과,로","El ,el ,El ,el ,este ,o,,","El ,el ,El ,el ,este ,o,,","O ,o ,O ,o ,esse ,este ,o,seu ,foi",",Odznaki Franklina v0.8,Odznace Franklina v0.8,Odznakę Franklina v0.8,a","Der ,der ,Der ,der ,den ,Den ,den ,Deinen ,deinen ,diesen ,ihn,alten,wurde,war","значок Франклина β,значка Франклина β,значку Франклина β,значок Франклина β,значке Франклина β,,,ён,ся,ит,его","значок Франкліна β,значка Франкліна β,значку Франкліна β,значок Франкліна β,,,в,ий,е,ить,його",",,,,这个,它,是"
FRANKLINBADGE0.8_DESC,"A gift from [Pippi]. By holding it on you,\nit can reflect PK Beam γ.",Un cadeau d[elision][Pippi]. Il peut renvoyer l'attaque PK Rayon γ.,"Un regalo di [Pippi]. Indossandola,\nriflette PsicoRaggio γ.",[Pippi]からの　プレゼント。\nＰＫビームγをはんしゃできる。,[Pippi]의 선물. PK 빔 γ를 반사한다.,"Un regalo de [Pippi]. Mientras lo sostengas,\npuede reflejar PK Rayo γ.","Un regalo de [Pippi]. Mientras lo sostengas,\npodrás reflejar PK Rayo γ.","Um presente da [Pippi]. Ao segurar,\nvocê pode refletir PK Laser γ.","Prezent od [Pippi]. Jeżeli ją ze sobą trzymasz, odbije ona PK Promień γ.","Ein Geschenk von [Pippi]. Während du ihn hältst,\nkannst du PK-Strahl γ reflektieren.",Подарок от [decline:Pippi:F:1].\nС ним ты можешь отразить ПК-луч γ.,"Подарунок від [decline:Pippi:F:1]. Тримаючи при собі, може відбити ПСИ Промінь γ.",来自[Pippi]的礼物。[BR]拿在手上时可以反射PK光束γ。
FRANKLINBADGE0.8_NAME,Franklin Badge v0.8,Badge Franklin v0.8,Medaglia Franklin v0.8,フランクリンバッヂβ,프랭클린 배지 v0.8,Broche Franklin v0.8,Broche Franklin v0.8,Brasão de Franklin v0.8,Odznaka Franklina v0.8,Franklin-Orden β,Значок Франклина β,Значок Франкліна β,富兰克林徽章 v0.8
FRESHMINT_ART,"The ,the ,A ,a ,this ,it,was","La ,la ,De la ,de la ,cette ,e,a,votre ,la ,de ,a","La ,la ,Della ,della ,questa ,a,ua,la",,"는,가,를,와,로","La ,la ,Una ,una ,esta ,a,,","La ,la ,Una ,una ,esta ,a,,","A ,a ,Uma ,uma ,essa ,esta ,a,sua ,foi",",Świeżej Mięty,Świeżej Mięcie,Świeżą Miętę,a","Die ,die ,Eine ,eine ,eine ,Die ,die ,Deine ,deine ,diese ,sie,alte,wurde,war","свежая мята,свежей мяты,свежей мяте,свежую мяту,свежей мяте,,а,ена,ась,ит,её","свіжа м'ята,свіжої м'яти,свіжій м'яті,свіжу м'яту,,,ла,а,є,ить,її",",,,,这个,它,是"
FRESHMINT_DESC,Feeling sick ([Nausea]) and under the weather?\nThis mint's piercing aroma will perk you up.,"Vous vous sentez écœuré ([Nausea]), pas dans votre assiette ? Cette menthe va vous requinquer !","Hai la nausea ([Nausea]), non ti senti in forma?\nL'aroma pungente di questa menta ti risolleverà.",[Nausea]どんよりして　なにもたべられないとき\nミントのかおりで　サワヤカきぶんに。,구역질([Nausea])에 최악의 날을 보내고 계신가요? 이 향기로운 향이 기분 좋게 해줄 거예요.,¿Sientes náuseas ([Nausea]) y tu aliento apesta?\nEl aroma de la menta hace milagros.,¿Sientes náuseas ([Nausea]) y tu aliento apesta?\nEl aroma de la menta hace milagros.,Sentindo-se enjoado ([Nausea]) com tudo revirado?\nEste aroma melhorará sua disposição.,"Czujesz, jakby ci było niedobrze ([Nausea])?\nIntensywny zapach tej mięty szybko cię orzeźwi.",Du fühlst dich krank ([Nausea]) und schwach?\nDas scharfe Minz-Aroma wird dich aufmuntern.,Чувствуешь слабость и тошноту ([Nausea])?\nНа помощь придёт яркий аромат свежей мяты!,Турбує шлунок? Нудить ([Nausea])? Міцний аромат цієї м'яти тебе врятує.,感觉恶心（[Nausea]）并且身体不适吗？[BR]这株薄荷的刺激性香气会让你精神一振。
FRESHMINT_NAME,Fresh Mint,Menthe fraîcheur,Menta fresca,すっきりミント,상쾌한 민트,Menta fresca,Menta fresca,Menta Fresca,Świeża Mięta,Frische Minze,Свежая мята,Свіжа м'ята,新鲜薄荷
FRIES_ACT1,Eat,Manger,Mangia,たべる,먹기,Comer,Comer,Comer,Zjedz,Essen,Съесть,З'їсти,食用
FRIES_ART,"The ,the ,Some ,some ,these ,them,were","Les ,les ,Des ,des ,ces ,es,es,vos ,les ,de ,ont","Le ,le ,Delle ,delle ,queste ,e,ue,le",,"은,이,을,과,으로","Las ,las ,Unas ,unas ,estas ,as,s,n","Las ,las ,Unas ,unas ,estas ,as,s,n","A ,a ,Uma ,uma ,essa ,esta ,a,sua ,foi",",Frytek,Frytkom,Frytki,y","Die ,die ,Einige ,einige ,einige ,Die ,die ,Deine ,deine ,diese ,sie,alten,wurden,waren","картофель фри,картофеля фри,картофелю фри,картофель фри,картофеле фри,,,ён,ся,ит,его","картопля фрі,картоплі фрі,картоплі фрі,картоплю фрі,,,ла,а,е,ить,її",",,一些,一些,这些,它们,是"
FRIES_DESC,Can be eaten with or without ketchup.\nRestores [ItemValue] HP.,À consommer avec ou sans ketchup.\nRend [ItemValue] PV.,Si possono mangiare con o senza ketchup.\nRipristinano [ItemValue] PS.,あげたて　サクサクのジャンクフード。\nたべると　ＨＰを[ItemValue]かいふく。,케첩과 먹어야 하지만 지금은 없으니까...\nHP를 [ItemValue]만큼 회복한다.,Puedes comerlas con o sin ketchup.\nRestaura [ItemValue] PV.,Se pueden comer con o sin kétchup.\nRecupera [ItemValue] PV.,Pode comer com ou sem ketchup.\nRecupera [ItemValue] HP.,Można je zjeść z ketchupem lub bez.\nPrzywracają [ItemValue] HP.,Können mit oder ohne Ketchup gegessen werden.\nStellt [ItemValue] KP wieder her.,Можно съесть с кетчупом или без.\nВосстанавливает [ItemValue] ОЗ.,Можна з'їсти з кетчупом або без нього.\nВідновлює [ItemValue] оч[ItemValArt3] здоров'я.,可以蘸或者不蘸番茄酱使用。[BR]回复[ItemValue]点HP。
FRIES_NAME,Fries,Frites,Patatine,フライドポテト,감자튀김,Papas fritas,Patatas fritas,Batata Frita,Frytki,Fritten,Картофель фри,Картопля фрі,炸薯条
GGFDIARY_ART,"His ,his ,His ,his ,this ,it,was","Le ,le ,Le ,le ,le ,,on,le ,le ,de ,a","Il ,il ,Un ,un ,questo ,o,uo,il",,"는,가,를,와,로","El ,el ,El ,el ,este ,o,,","El ,el ,El ,el ,este ,o,,","O ,o ,O ,o ,esse ,este ,o,seu ,foi",",Pamiętnika Pradziadka,Pamiętnikowi Pradziadka,Pamiętnik Pradziadka,",",,,,,,,,,,es,,wurde,war","дневник прадедушки,дневника прадедушки,дневнику прадедушки,дневник прадедушки,дневнике прадедушки,,,ён,ся,ит,его","щоденник прадідуся,щоденника прадідуся,щоденнику прадідуся,щоденник прадідуся,,,в,ий,е,ить,його","他的,他的,他的,他的,这个,它,是"
GGFDIARY_DESC,"It is old, ragged and filled with entries.","Ancien, abîmé et rempli de notes.","Vecchio, in brandelli e pieno di note.",そうそふの　かたみの　にっき。\nボロボロで　ほとんど　よめない。,"낡고 오래됐으며, 처음 보는 단어들로 가득\n채워져 있다.","Está viejo, gastado y lleno de notas.","Está viejo, gastado y lleno de notas.","Está velho, rasgado e cheio de anotações.","Jest stary, poszarpany i pełen wpisów.","Es ist alt, modrig und voller Einträge.",Старый потрёпанный дневник с многочисленными заметками.,"Старий, пошарпаний і повний записів.",它陈旧且残破，上面写满了文字。
GGFDIARY_NAME,GGF Diary,Journal de grand-papy,Diario del bisnonno,そうそふのにっき,고조할아버지의 일기,Diario del bisabuelo,Diario del bisabuelo,Diário do Bisavô,Pamiętnik Pradziadka,Uropas Tagebuch,Дневник прадедушки,Щоденник прадідуся,曾祖父的日记
GHOSTHOUSEKEY_ART,"The ,the ,The ,the ,this ,it,was","La ,la ,La ,la ,cette ,e,a,votre ,la ,de ,a","La ,la ,Una ,una ,questa ,a,ua,la",,"는,가,를,와,로","La ,la ,Una ,una ,esta ,a,,","La ,la ,Una ,una ,esta ,a,,","A ,a ,Uma ,uma ,essa ,esta ,a,sua ,foi",",Nawiedzonego Klucza,Nawiedzonemu Kluczowi,Nawiedzony Klucz,","Der ,der ,Der ,der ,den ,Den ,den ,Deinen ,deinen ,diesen ,ihn,alten,wurde,war","ключ от жуткого дома,ключа от жуткого дома,ключу от жуткого дома,ключ от жуткого дома,ключе от жуткого дома,,,ён,ся,ит,его","моторошний ключ,моторошного ключа,моторошному ключу,моторошний ключ,,,в,ий,е,ить,його",",,,,这个,它,是"
GHOSTHOUSEKEY_DESC,,,,,,,,,,,,,
GHOSTHOUSEKEY_NAME,Ghost House Key,Clé du manoir hanté,Chiave casa infestata,ゆうれいやしきのカギ,유령의 집 열쇠,Llave casa Fantasma,Llave de la casa fantasma,Chave da Mansão Assombrada,Nawiedzony Klucz,Spukvilla-Schlüssel,Ключ от жуткого дома,Моторошний ключ,鬼屋钥匙
GLASSESCELLULOID_ART,"The ,the ,Some ,some ,these ,them,were","Les ,les ,Des ,des ,ces ,es,es,vos ,les ,de ,ont","Gli ,gli ,Degli ,degli ,questi ,i,uoi,li",,"은,이,을,과,으로","Los ,los ,Unos ,unos ,estos ,os,s,n","Las ,las ,Unas ,unas ,estas ,as,s,n","Os ,os ,Uns ,uns ,esses ,estes ,os,seus ,foram",",Celuloidowych Okularów,Celuloidowym Okularom,Celuloidowe Okulary,y","Die ,die ,Eine ,eine ,eine ,Die ,die ,Deine ,deine ,diese ,sie,alte,wurde,war","целлулоидные очки,целлулоидных очков,целлулоидным очкам,целлулоидные очки,целлулоидных очках,,и,ены,ись,ат,их","целулоїдні окуляри,целулоїдних окулярів,целулоїдним окулярам,целулоїдних окулярів,,,ли,і,ють,ять,їх",",,一些,一些,这些,它们,是"
GLASSESCELLULOID_DESC,Glasses fit for a weakling.\nOther @ Defense +[ItemValue].,Des lunettes qui vont bien aux faiblards.\nAutre @ Défense +[ItemValue].,Occhiali adatti a un rammollito.\nAltro @ Difesa +[ItemValue].,よわむしの　つけるメガネ。\nそのた＠ディフェンス＋[ItemValue],안경은 약자에게 알맞다.\n기타 @ 디펜스 +[ItemValue].,Lentes perfectos para un debilucho.\nOtro @ Defensa +[ItemValue].,Gafas perfectas para un blandengue.\nOtro @ Defensa +[ItemValue].,Óculos próprios para um moloide.\nOutro @ Defesa +[ItemValue].,Dla mięczaka jak znalazł.\nInne @ Obrona +[ItemValue].,"Brille, die gut zu Schwächlingen passt.\nAnderes @ Verteidigung +[ItemValue].",В самый раз для хлюпиков.\nПрочее @ Защита +[ItemValue].,Ідеальні для хиряка.\nІнше @ Захист +[ItemValue].,适合软蛋戴的眼镜。[BR]其他@防御力+[ItemValue]。
GLASSESCELLULOID_NAME,Celluloid Glasses,Lunettes en celluloïd,Occhiali in celluloide,まるメガネ,셀룰로이드 안경,Lentes celuloides,Gafas de pasta,Óculos de Celulóide,Celuloidowe Okulary,Zelluloid-Brille,Целлулоидные очки,Целулоїдні окуляри,赛璐珞眼镜
GUNAIR_ART,"The ,the ,An ,an ,this ,it,was","Le ,le ,Un ,un ,ce ,,on,votre ,le ,de ,a","La ,la ,Una ,una ,questa ,a,ua,la",,"은,이,을,과,으로","La ,la ,Una ,una ,esta ,a,,","La ,la ,Una ,una ,esta ,a,,","A ,a ,Uma ,uma ,essa ,esta ,a,sua ,foi",",Wiatrówki,Wiatrówce,Wiatrówkę,a","Die ,die ,Eine ,eine ,eine ,Die ,die ,Deine ,deine ,diese ,sie,alte,wurde,war","пневматический пистолет,пневматического пистолета,пневматическому пистолету,пневматический пистолет,пневматическом пистолете,,,ён,ся,ит,его","пневматичний пістоль,пневматичного пістоля,пневматичному пістолеві,пневматичний пістоль,,,в,ий,є,ить,його",",,,,这个,它,是"
GUNAIR_DESC,A formidable weapon that uses compressed air.\nWeapon @ Offense +[ItemValue].,Une arme redoutable à air comprimé.\nArme @ Attaque +[ItemValue].,Un'arma formidabile che usa aria compressa.\nArma @ Attacco +[ItemValue].,あっしゅくした　くうきを　はなつぶき。\nぶき＠オフェンス＋[ItemValue],압축된 공기를 발사하는 강력한 무기.\n무기 @ 오펜스 +[ItemValue].,Un arma formidable que usa aire comprimido.\nArma @ Ofensa +[ItemValue].,Un arma formidable que usa aire comprimido. Arma @ Fuerza +[ItemValue].,Uma arma formidável que usa ar comprimido.\nArma @ Ataque +[ItemValue].,Zgrabna broń używająca skompresowanego powietrza. Broń @ Ofensywa +[ItemValue].,"Schicke Waffe, die mit Druckluft funktioniert. Waffe @ Angriff +[ItemValue].","Мощное оружие, стреляющее сжатым воздухом.\nОружие @ Атака +[ItemValue].","Грізна зброя, що використовує стиснене повітря. Зброя @ Атака +[ItemValue].",一种利用压缩空气作为动力的强大武器。[BR]武器@攻击力+[ItemValue]。
GUNAIR_NAME,Air Gun,Pistolet à billes,Pistola aria compr.,エアガン,에어 건,Pistola de aire,Pistola de aire,Pistola de Ar,Wiatrówka,Kugelpistole,Пневмат. пистолет,Пневмат. пістоль,气枪
GUNBANANA_ART,"The ,the ,A ,a ,this ,it,was","Le ,le ,Un ,un ,ce ,,on,votre ,le ,de ,a","La ,la ,Una ,una ,questa ,a,ua,la",,"은,이,을,과,으로","La ,la ,Una ,una ,esta ,a,,","La ,la ,Una ,una ,esta ,a,,","A ,a ,Uma ,uma ,essa ,esta ,a,sua ,foi",",Flinty Bananowej,Flincie Bananowej,Flintę Bananową,","Die ,die ,Eine ,eine ,eine ,Die ,die ,Deine ,deine ,diese ,sie,alte,wurde,war","банан-пистолет,банана-пистолета,банану-пистолету,банан-пистолет,банане-пистолете,,,ён,ся,ит,его","пістоль-банан,пістоля-банана,пістолеві-банану,пістоль-банан,,,в,ий,є,ить,його",",,,,这个,它,是"
GUNBANANA_DESC,Deadlier than finger guns.\nIt can be used in battle.,Plus mortel qu'un pistolet avec les doigts.\nIl peut être utilisé en combat.,Perfino più letale di quando spari con le dita.\nUtilizzabile in battaglia.,ゆびでっぽうよりつよい　きょうあくなぶき。\nバトルで　つかえる。,손가락 총보다는 더 치명적이다.\n전투에서 사용할 수 있다.,Más letal que hacer pistolas de dedos.\nPuede usarse en batalla.,Más letal que el gesto de la pistola.\nSe puede usar en combate.,Mais letal que arminhas de dedo.\nPode ser usado em batalha.,Bardziej zabójcza niż strzelanie palcami.\nMożna jej uzyć w walce.,Tödlicher als Fingerpistolen.\nKann im Kampf benutzt werden.,Стреляет сильнее пальцев-пистолетов.\nМожно использовать в битве.,Смертельніший за пальці-пістолети.\nВикористовується у битві.,至少比手指枪更致命。\n可在战斗中使用。
GUNBANANA_NAME,Banana Gun,Flingue banane,Pistol-banana,バナナガン,바나나 총,Pistola plátano,Pistola plátano,Arma de Banana,Flinta Bananowa,Bananenpistole,Банан-пистолет,Пістоль-банан,香蕉枪
GUNSTUN_ART,"The ,the ,A ,a ,this ,it,was","Le ,le ,Un ,un ,ce ,,on,votre ,le ,de ,a","La ,la ,Una ,una ,questa ,a,ua,la",,"은,이,을,과,으로","La ,la ,Una ,una ,esta ,a,,","El ,el ,Un ,un ,este ,o,,","A ,a ,Uma ,uma ,essa ,esta ,a,sua ,foi",",Paralizatora,Paralizatorowi,Paralizator,","Der ,der ,Ein ,ein ,einen ,Den ,den ,Deinen ,deinen ,diesen ,ihn,alten,wurde,war","электрошокер,электрошокера,электрошокеру,электрошокер,электрошокере,,,ён,ся,ит,его","електрошокер,електрошокера,електрошокеру,електрошокер,,,в,ий,е,ить,його",",,,,这个,它,是"
GUNSTUN_DESC,It's good for self defense.\nWeapon @ Offense +[ItemValue].,Plutôt utile pour se défendre.\nArme @ Attaque +[ItemValue].,Utile per la difesa personale.\nArma @ Attacco +[ItemValue].,みをまもる　どうぐとしてさいてき。\nぶき＠オフェンス＋[ItemValue],호신용으로 쓰기엔 제격이다.\n무기 @ 오펜스 +[ItemValue].,Útil para la defensa personal.\nArma @ Ofensa +[ItemValue].,Bueno para la defensa personal.\nArma @ Fuerza +[ItemValue].,É boa para autodefesa.\nArma @ Ataque +[ItemValue].,Dobry do samoobrony.\nBroń @ Ofensywa +[ItemValue].,Gut zur Selbstverteidigung.\nWaffe @ Angriff +[ItemValue].,Неплохое оружие для самообороны.\nОружие @ Атака +[ItemValue].,Непоганий засіб самооборони.\nЗброя @ Атака +[ItemValue].,适合用来自我防卫。[BR]武器@攻击+[ItemValue]。
GUNSTUN_NAME,Stun Gun,Taser,Pistola stordente,ショックガン,쇼크 건,Pistola electroshock,Táser,Arma de Choque,Paralizator,Elektroschocker,Электрошокер,Електрошокер,电击枪
HAIRTIESCANARY_DESC,"A pair of hair ties, colored canary yellow.
Other @ Speed +[ItemValue], Guts +[ItemValue]",,,,,,,,,,,,
HAIRTIESCANARY_NAME,Canary Hair Ties,,,,,,,,,,,,
HAIRTIESCANARY_SORT,Hair Ties Canary,,,,,,,,,,,,
HAIRTIESCANARY_ART,"The ,the ,A pair of ,a pair of ,these ,they ,were",,,,,,,,,,,,
HAMBURGER_ACT1,Eat,Manger,Mangia,たべる,먹기,Comer,Comer,Comer,Zjedz,Essen,Съесть,З'їсти,食用
HAMBURGER_ART,"The ,the ,A ,a ,this ,it,was","Le ,le ,Un ,un ,ce ,,on,votre ,le ,de ,a","L',l',Un ,un ,questo ,o,uo,il",,"는,가,를,와,로","La ,la ,Una ,una ,esta ,a,,","La ,la ,Una ,una ,esta ,a,,","O ,o ,Um ,um ,esse ,este ,o,seu ,foi",",Hamburgera,Hamburgerowi,Hamburgera,","Der ,der ,Ein ,ein ,einen ,Den ,den ,Deinen ,deinen ,diesen ,ihn,alten,wurde,war","гамбургер,гамбургера,гамбургеру,гамбургер,гамбургере,,,ён,ся,ит,его","гамбургер,гамбургера,гамбургеру,гамбургер,,,в,ий,е,ить,його",",,,,这个,它,是"
HAMBURGER_DESC,99% Beef.\nRestores [ItemValue] HP.,De la restauration rapide pour restaurer rapidement vos PV. Rend [ItemValue] PV.,Carne al 99%.\nRipristina [ItemValue] PS.,ビーフ９９%　チーズいり。\nたべると　ＨＰを[ItemValue]かいふく。,99% 한우를 사용했다.\nHP를 [ItemValue]만큼 회복한다.,99% carne de res.\nRestaura [ItemValue] PV.,99% carne de vacuno.\nRecupera [ItemValue] PV.,Feito no capricho.\nRecupera [ItemValue] HP.,99% wołowiny.\nPrzywraca [ItemValue] HP.,99% Rind.\nStellt [ItemValue] KP wieder her.,99% говядины.\nВосстанавливает [ItemValue] ОЗ.,99% яловичини.\nВідновлює [ItemValue] оч[ItemValArt3] здоров'я.,含量99%的牛肉。[BR]回复[ItemValue]点HP。
HAMBURGER_NAME,Hamburger,Hamburger,Hamburger,ハンバーガー,햄버거,Hamburguesa,Hamburguesa,Hambúrguer,Hamburger,Hamburger,Гамбургер,Гамбургер,汉堡包
HAT_ART,"The ,the ,A ,a ,this ,it,was","Le ,le ,Un ,un ,ce ,,on,votre ,le ,de ,a","Il ,il ,Un ,un ,questo ,o,uo,il",,"는,가,를,와,로","El ,el ,Un ,un ,este ,o,,","El ,el ,Un ,un ,este ,o,,","O ,o ,Um ,um ,esse ,este ,o,seu ,foi",",Kapelusza,Kapeluszowi,Kapelusz,","Der ,der ,Der ,der ,den ,Den ,den ,Deinen ,deinen ,diesen ,ihn,alten,wurde,war","шляпка,шляпки,шляпке,шляпку,шляпке,,а,ена,ась,ит,её","капелюх,капелюха,капелюху,капелюх,,,в,ий,е,ить,його",",,,,这个,它,是"
HAT_DESC,,,,,,,,,,,,,
HAT_NAME,Hat,Chapeau,Cappello,ぼうし,모자,Sombrero,Sombrero,Chapéu,Kapelusz,Hut,Шляпка,Капелюх,帽子
HERBMAGIC_ACT1,Eat,Manger,Mangia,たべる,먹기,Comer,Comer,Comer,Zjedz,Essen,Съесть,З'їсти,食用
HERBMAGIC_ART,"The ,the ,Some ,some ,this ,it,was","L',l',De l',de l',cette ,e,on,votre ,la ,d',a","L',l',Un',un',quest',a,ua,la",,"는,가,를,와,로","La ,la ,,,esta ,a,,","La ,la ,,,esta ,a,,","A ,a ,Uma ,uma ,essa ,esta ,a,sua ,foi",",Magicznego Ziela,Magicznemu Zielu,Magiczne Ziele,o","Ein ,ein ,Ein ,ein ,ein ,Ein ,ein ,Dein ,dein ,ein ,es,altes,wurde,war","волшебный лист,волшебного листа,волшебному листу,волшебный лист,волшебном листе,,,ён,ся,ит,его","чарівне зілля,чарівного зілля,чарівному зіллю,чарівне зілля,,,ло,е,е,ить,його",",,一些,一些,这个,它,是"
HERBMAGIC_DESC,It can also be used in tea.\nRestores [ItemValue] HP.,Elle peut aussi être utilisée pour faire du thé.\nRend [ItemValue] PV.,Si può usare anche per il tè.\nRipristina [ItemValue] PS.,おちゃにしても　おいしい　やくそう。\nたべると　ＨＰを[ItemValue]かいふく。,차로 끓여마셔도 좋다.\nHP를 [ItemValue]만큼 회복한다.,También se puede usar en té.\nRestaura [ItemValue] PV.,También se puede usar en el té.\nRecupera [ItemValue] PV.,Também pode ser usada para fazer chá.\nRecupera [ItemValue] HP.,Można je także zaparzyć.\nPrzywraca [ItemValue] HP.,Kann auch für Tee verwendet werden.\nStellt [ItemValue] KP wieder her.,Можно добавить в чай.\nВосстанавливает [ItemValue] ОЗ.,З нього можна заварити чай.\nВідновлює [ItemValue] оч[ItemValArt3] здоров'я.,也可以用来沏茶。[BR]回复[ItemValue]点HP。
HERBMAGIC_NAME,Magic Herb,Herbe magique,Erba magica,マジックハーブ,매직 허브,Hierba mágica,Hierba mágica,Erva Mágica,Magiczne Ziele,Magisches Kraut,Волшебный лист,Чарівне зілля,魔法药草
HERBRED_ART,"The ,the ,Some ,some ,this ,it,was","L',l',De l',de l',cette ,e,on,votre ,la ,d',a","L',l',Un',un',quest',a,ua,la",,"는,가,를,와,로","La ,la ,,,esta ,a,,","El ,el ,Un ,un ,este ,o,,","A ,a ,Uma ,uma ,essa ,esta ,a,sua ,foi",",Czerwonego Chwasta,Czerwonemu Chwastowi,Czerwony Chwast,","Ein ,ein ,Ein ,ein ,ein ,Ein ,ein ,Dein ,dein ,ein ,es,altes,wurde,war","красный сорняк,красного сорняка,красному сорняку,красный сорняк,красном сорняке,,,ён,ся,ит,его","червоний бур'ян,червоного бур'яну,червоному бур'яну,червоний бур'ян,,,в,ий,е,ить,його",",,一些,一些,这个,它,是"
HERBRED_DESC,"It's useless as of right now, but a magic fountain can turn it into some Magic Herb.","Inutile en l'état, mais une fontaine magique pourrait la transformer en herbe magique.","Per ora è inutile, ma una fontana magica può\nrenderla un'Erba magica.",うつくしく　きれいな　あかいくさ。\nまほうのいずみに　つけてみると・・・？,"지금은 사용할 수 없지만, 마법의 샘물에\n넣으면 매직 허브가 된다.","Ahora mismo no tiene utilidad, pero una fuente mágica podría convertirla en una Hierba mágica.","Ahora mismo es inútil, pero una fuente mágica podría convertirlo en una Hierba mágica.","É inútil do jeito que está, mas uma fonte mágica pode transformá-la em uma Erva Mágica.","W tej chwili jest bezużyteczny, ale magiczna fontanna może zamienić go w Magiczne Ziele.","Aktuell nutzlos, aber ein magischer Brunnen kann es in Magisches Kraut verwandeln.","В таком виде бесполезен, но в волшебном фонтане он превратится в волшебную зелень.","Поки що безкорисний, але магічний фонтан може перетворити його на чарівне зілля.",尽管现在毫无用处，但魔法喷泉可以将它变为魔法药草。
HERBRED_NAME,Red Weed,Herbe rouge,Erbaccia rossa,あかいくさ,붉은 허브,Hierba roja,Hierbajo rojo,Erva Vermelha,Czerwony Chwast,Rotes Kraut,Красный сорняк,Червоний бур'ян,红色杂草
HOTDOG_ACT1,Eat,Manger,Mangia,たべる,먹기,Comer,Comer,Comer,Zjedz,Essen,Съесть,З'їсти,食用
HOTDOG_ART,"The ,the ,A ,a ,this ,it,was","Le ,le ,Un ,un ,ce ,,on,votre ,le ,de ,a","L',l',Un ,un ,questo ,o,uo,il",,"는,가,를,와,로","El ,el ,Un ,un ,este ,o,,","El ,el ,Un ,un ,este ,o,,","O ,o ,Um ,um ,esse ,este ,o,seu ,foi",",Hot Doga,Hot Dogowi,Hot Doga,","Der ,der ,Ein ,ein ,einen ,Den ,den ,Deinen ,deinen ,diesen ,ihn,alten,wurde,war","хот-дог,хот-дога,хот-догу,хот-дог,хот-доге,,,ён,ся,ит,его","хотдог,хотдога,хотдогу,хотдог,,,в,ий,є,ить,його",",,,,这个,它,是"
HOTDOG_DESC,It is neither a taco or a sandwich.\nRestores [ItemValue] HP.,Ce n'est ni un taco ni un sandwich.\nRend [ItemValue] PV.,Non è né un taco né un panino.\nRipristina [ItemValue] PS.,あったかいワンコ　ではない。\nたべると　ＨＰを[ItemValue]かいふく。,"타코도, 샌드위치도 아니다.\nHP를 [ItemValue]만큼 회복한다.",No es ni un taco ni un sándwich.\nRestaura [ItemValue] PV.,No es ni un taco ni un sándwich.\nRecupera [ItemValue] PV.,Sem passas e sem purê.\nRecupera [ItemValue] HP.,"Ni to taco, ni to kanapka.\nPrzywraca [ItemValue] HP.",Weder Taco noch Sandwich.\nStellt [ItemValue] KP wieder her.,Не тако и не сэндвич.\nВосстанавливает [ItemValue] ОЗ.,Не тако і не бутерброд.\nВідновлює [ItemValue] оч[ItemValArt3] здоров'я.,既不是玉米卷也不是三明治。[BR]回复[ItemValue]点HP。
HOTDOG_NAME,Hot Dog,Hot-dog,Hot Dog,ホットドッグ,핫도그,Hot dog,Perrito caliente,Cachorro-quente,Hot Dog,Hotdog,Хот-дог,Хотдог,热狗
INSECTICIDE_ART,"The ,the ,An ,an ,this ,it,was","L',l',Un ,un ,cet ,,on,votre ,le ,d',a","L',l',Un ,un ,questo ,o,uo,il",,"는,가,를,와,로","El ,el ,Un ,un ,este ,o,,","El ,el ,Un ,un ,este ,o,,","O ,o ,Um ,um ,esse ,este ,o,seu ,foi",",Środka Owadobójczego,Środkowi Owadobójczemu,Środek Owadobójczy,","Das ,das ,Ein ,ein ,ein ,Das ,das ,Dein ,dein ,dieses ,es,altes,wurde,war","аэрозоль,аэрозоля,аэрозолю,аэрозоль,аэрозоле,,,ён,ся,ит,его","інсектицид,інсектицида,інсектициду,інсектицид,,,в,ий,е,ить,його",",,,,这个,它,是"
INSECTICIDE_DESC,It has an irritating effect on bugs.,Irrite fortement les insectes.,Irritante per gli insetti.,ダンカンじるしの　さっちゅうざい。\nむしなどに　あるていど　こうかあり。,벌레에게 치명적인 효과를 일으킨다.,Tiene un efecto irritante en los insectos.,Tiene un efecto irritante en los insectos.,Tem um efeito irritante em insetos.,Działa drażniąco na owady.,Hat eine reizende Wirkung auf Insekten.,Отпугивает насекомых и прочих мелких животных.,Смертельний для комах.,对虫子有刺激性效果。
INSECTICIDE_NAME,Insecticide,Insecticide,Insetticida,さっちゅうスプレー,살충 스프레이,Insecticida,Insecticida,Inseticida,Środek Owadobójczy,Insektenspray,Аэрозоль,Інсектицид,杀虫剂
IRONSKILLET_ART,"The ,the ,An ,an ,this ,it,was","La ,la ,Une ,une ,cette ,e,a,votre ,la ,de ,a","La ,la ,Una ,una ,questa ,a,ua,la",,"은,이,을,과,으로","La ,la ,Una ,una ,esta ,a,,","La ,la ,Una ,una ,esta ,a,,","A ,a ,Uma ,uma ,essa ,esta ,a,sua ,foi",",Patelni Żeliwnej,Patelni Żeliwnej,Patelnię Żeliwną,a","Die ,die ,Eine ,eine ,eine ,Die ,die ,Deine ,deine ,diese ,sie,alte,wurde,war","железная сковорода,железной сковороды,железной сковороде,железную сковороду,железной сковороде,,а,ена,ась,ит,её","залізна сковорода,залізної сковороди,залізній сковороді,залізну сковороду,,,ла,а,е,ить,її",",,,,这个,它,是"
IRONSKILLET_DESC,,,,,,,,,,,,,
IRONSKILLET_NAME,Iron Skillet,Poêle en fer,Padella di ferro,とびきりのフライパン,최상급 프라이팬,Sartén de hierro,Sartén de hierro,Panela de Ferro,Patelnia Żeliwna,Eisenpfanne,Железная сковорода,Залізна сковорода,铸铁煎锅
KATANA_ART,"The ,the ,A ,a ,this ,it,was","Le ,le ,Un ,un ,ce ,,on,votre ,le ,de ,a","La ,la ,Una ,una ,questa ,a,ua,la",,"는,가,를,와,로","La ,la ,Una ,una ,esta ,a,,","La ,la ,Una ,una ,esta ,a,,","A ,a ,Uma ,uma ,essa ,esta ,a,sua ,foi",",Katany,Katanie,Katanę,a","Das ,das ,Ein ,ein ,ein ,Das ,das ,Dein ,dein ,dieses ,es,altes,wurde,war","катана,катаны,катане,катану,катане,,а,ена,ась,ит,её","катана,катани,катані,катану,,,ла,а,е,ить,її",",,,,这个,它,是"
KATANA_DESC,,,,,,,,,,,,,
KATANA_NAME,Katana,Katana,Katana,ＫＡＴＡＮＡ,카타나,Katana,Katana,Katana,Katana,Katana,Катана,Катана,武士刀
KEYBASEMENT_ART,"The ,the ,The ,the ,this ,it,was","La ,la ,La ,la ,cette ,e,a,votre ,la ,de ,a","La ,la ,Una ,una ,questa ,a,ua,la",,"는,가,를,와,로","La ,la ,La ,la ,esta ,a,,","La ,la ,La ,la ,esta ,a,,","A ,a ,A ,a ,essa ,esta ,a,sua ,foi",",Klucza do Piwnicy,Kluczowi do Piwnicy,Klucz do Piwnicy,","Der ,der ,Der ,der ,den ,Den ,den ,Deinen ,deinen ,diesen ,ihn,alten,wurde,war","ключ от кладовки,ключа от кладовки,ключу от кладовки,ключ от кладовки,ключе от кладовки,,,ён,ся,ит,его","ключ від підвалу,ключа від підвалу,ключу від підвалу,ключ від підвалу,,,в,ий,е,ить,його",",,,,这个,它,是"
KEYBASEMENT_DESC,Mick was carrying this.\nIt's the key for your house's basement.,Trouvée sur Mick.\nC'est la clé pour accéder à la cave de la maison.,Ce l'aveva Mick.\nÈ la chiave del seminterrato di casa tua.,ミックが　もっていた。\nマイホームの　ちかしつのカギ。,믹이 가지고 있었다.\n[Ninten]의 집의 지하실 열쇠.,La tenía Mick.\nEs la llave del sótano de tu casa.,La tenía Mick.\nEs la llave del sótano de tu casa.,Estava com o Mick.\nÉ a chave do porão da sua casa.,Mick miał go przy sobie.\nTo klucz do piwnicy twojego domu.,Mick hatte ihn bei sich.\nEs ist der Schlüssel zum Keller deines Hauses.,Мик носил его на своём ошейнике.\nЭто — ключ от кладовки в твоём доме.,Мік носив його з собою.\nЦе ключ від підвалу вашого дому.,这是你家地下室的钥匙。[BR]米克之前一直拿着它。
KEYBASEMENT_NAME,Basement Key,Clé de la cave,Chiave seminterrato,ちかしつのカギ,지하실 열쇠,Llave del sótano,Llave del sótano,Chave do Porão,Klucz do Piwnicy,Kellerschlüssel,Ключ от кладовки,Ключ від підвалу,地下室钥匙
KEYZOO_ART,"The ,the ,The ,the ,this ,it,was","La ,la ,La ,la ,cette ,e,a,votre ,la ,de ,a","La ,la ,Una ,una ,questa ,a,ua,la",,"는,가,를,와,로","La ,la ,La ,la ,esta ,a,,","La ,la ,La ,la ,esta ,a,,","A ,a ,A ,a ,essa ,esta ,a,sua ,foi",",Klucza do Zoo,Kluczowi do Zoo,Klucz do Zoo,","Der ,der ,Der ,der ,den ,Den ,den ,Deinen ,deinen ,diesen ,ihn,alten,wurde,war","ключ от зоопарка,ключа от зоопарка,ключу от зоопарка,ключ от зоопарка,ключе от зоопарка,,,ён,ся,ит,его","ключ від зоопарку,ключа від зоопарку,ключу від зоопарку,ключ від зоопарку,,,в,ий,е,ить,його",",,,,这个,它,是"
KEYZOO_DESC,A key given to you by the mayor.\nIt should be able to unlock the Zoo's gate.,Une clé que vous a donnée le maire.\nElle devrait ouvrir le portail d'entrée du zoo.,Una chiave che ti ha dato il sindaco.\nPuò aprire il cancello dello zoo.,ちょうちょうから　もらった　カギ。\nどうぶつえんに　はいることができる。,시장님이 주신 열쇠.\n동물원에 들어갈 수 있다.,Te la dio el alcalde.\nDebería ser capaz de abrir la puerta del zoo.,Te la ha dado el alcalde.\nDebería poder abrir la puerta del zoo.,O prefeito te deu esta chave.\nDá para abrir o portão do Zoológico com ela.,Klucz podarowany ci przez burmistrza.\nPowinien otwierać bramę zoo.,"Ein Schlüssel, den dir der Bürgermeister gab.\nEs sollte das Tor des Zoos öffnen können.",Тебе его выдал мэр. Этот ключ\nоткрывет ворота от зоопарка.,"Ключ, наданий вам мером. Має відчиняти ворота до зоопарка.",镇长交给你的钥匙。[BR]它应该能打开动物园的大门。
KEYZOO_NAME,Zoo Key,Clé du zoo,Chiave dello zoo,どうぶつえんのカギ,동물원 열쇠,Llave del zoo,Llave del zoo,Chave do Zoológico,Klucz do Zoo,Zoo-Schlüssel,Ключ от зоопарка,Ключ від зоопарку,动物园钥匙
KICKMENOTE_ART,"The ,the ,A ,a ,this ,it,was","Le ,le ,Un ,un ,ce ,,on,votre ,le ,de ,a","Il ,il ,Un ,un ,questo ,o,uo,il",,"는,가,를,와,로","La ,la ,Una ,una ,esta ,a,,","La ,la ,Una ,una ,esta ,a,,","A ,a ,Uma ,uma ,essa ,esta ,a,sua ,foi",",Kartki ""Kopnij Mnie"",Kartce ""Kopnij Mnie"",Kartkę ""Kopnij Mnie"",a","Die ,die ,Die ,die ,die ,Die ,die ,Deine ,deine ,diese ,sie,alte,wurde,war","записка «пни меня»,записки «пни меня»,записке «пни меня»,записку «пни меня»,записке «пни меня»,,а,ена,ась,ит,её","записка «Пни мене»,записки «Пни мене»,записці «Пни мене»,записку «Пни мене»,,,ла,а,є,ить,її",",,,,这个,它,是"
KICKMENOTE_DESC,Made to be stuck on the back of a weakling.\nBody @ Defense –1.,Une note qui va parfaitement aux dos de mauviettes. Corps @ Défense –1,Da attaccare alla schiena di un rammollito.\nCorpo @ Difesa –1.,「よわむし！」と　かかれている。\nボディ＠ディフェンスー１,보통 약골의 등에 붙이기 위해 만들어진다.\n몸 @ 디펜스 -1.,Ideal para pegarla en la espalda de un debilucho.\nCuerpo @ Defensa –1.,Ideal para pegarla en la espalda de un blandengue. Cuerpo @ Defensa –1.,Feita pra colar nas costas de um fracote.\nCorpo @ Defesa –1.,Napisana z myślą o plecach mięczaka.\nCiało @ Obrona –1.,Zum Kleben auf den Rücken eines Feiglings gedacht. Körper @ Verteidigung –1.,Можно налепить хлюпику на спину.\nТело @ Защита –1.,Можна наліпити хиряку на спину.\nТіло @ Захист –1.,为贴在软蛋背上而设计，写着“快来打我！”。[BR]身体@防御力-1。
KICKMENOTE_NAME,Kick Me Note,Note « Tape-moi »,"""Prendimi a calci""",はりがみ,"""보면 때려 줘"" 노트","Nota ""Pégame""",Nota «Pégame»,Nota Maldosa,"Kartka ""Kopnij Mnie""",Tritt-Mich-Notiz,Записка «Пни меня»,Записка «Пни мене»,恶搞纸条
KNIFEBUTTER_ART,"The ,the ,A ,a ,this ,it,was","Le ,le ,Un ,un ,ce ,,on,votre ,le ,de ,a","Il ,il ,Un ,un ,questo ,o,uo,il",,"는,가,를,와,로","El ,el ,Un ,un ,este ,o,,","El ,el ,Un ,un ,este ,o,,","A ,a ,Uma ,uma ,essa ,esta ,a,sua ,foi",",Noża do Masła,Nożowi do Masła,Nóż do Masła,","Das ,das ,Ein ,ein ,ein ,Das ,das ,Dein ,dein ,dieses ,es,altes,wurde,war","нож для масла,ножа для масла,ножу для масла,нож для масла,ноже для масла,,,ён,ся,ит,его","ніж для масла,ножа для масла,ножу для масла,ніж для масла,,,в,ий,е,ить,його",",,,,这个,它,是"
KNIFEBUTTER_DESC,,,,,,,,,,,,,
KNIFEBUTTER_NAME,Butter Knife,Couteau à beurre,Coltello da burro,ナイフ,나이프,Cuchillo de Mantequilla,Cuchillo de untar,Faca de Manteiga,Nóż do Masła,Messer,Нож для масла,Ніж для масла,黄油刀
KNIFESURVIVAL_ART,"The ,the ,A ,a ,this ,it,was","Le ,le ,Un ,un ,ce ,,on,votre ,le ,de ,a","Il ,il ,Un ,un ,questo ,o,uo,il",,"는,가,를,와,로","El ,el ,Un ,un ,este ,o,,","La ,la ,Una ,una ,esta ,a,,","O ,o ,Um ,um ,esse ,este ,o,seu ,foi",",Noża Survivalowego,Nożowi Survivalowemu,Nóż Survivalowy,","Das ,das ,Ein ,ein ,ein ,Das ,das ,Dein ,dein ,dieses ,es,altes,wurde,war","нож для выживания,ножа для выживания,ножу для выживания,нож для выживания,ноже для выживания,,,ён,ся,ит,его","ніж виживання,ножа виживання,ножу виживання,ніж виживання,,,в,ий,е,ить,його",",,,,这个,它,是"
KNIFESURVIVAL_DESC,,,,,,,,,,,,,
KNIFESURVIVAL_NAME,Survival Knife,Couteau de survie,Coltello da sopravvivenza,サバイバルナイフ,서바이벌 나이프,Cuchillo de exploración,Navaja,Canivete,Nóż Survivalowy,Feldmesser,Нож для выживания,Ніж виживання,生存刀
LASTWEAPON_ART,"The ,the ,The ,the ,this ,it,was","L',l',L',l',cette ,e,on,votre ,la ,d',a","L',l',Un',un',quest',a,ua,la",,"는,가,를,와,로","La ,la ,La ,la ,esta ,a,,","El ,el ,El ,el ,este ,a,,","A ,a ,Uma ,uma ,essa ,esta ,a,sua ,foi",",Ostatecznej Broni,Ostatecznej Broni,Ostateczną Broń,a","Die ,die ,Die ,die ,die ,Die ,die ,Deine ,deine ,diese ,sie,alte,wurde,war","последнее оружие,последнего оружия,последнему оружию,последнее оружие,последнем оружии,,о,ено,ось,ит,его","остання зброя,останньої зброї,останній зброї,останню зброю,,,ла,а,е,ить,її",",,,,这个,它,是"
LASTWEAPON_DESC,???,???,???,？？？,???,???,???,???,???,???,???,???,？？？
LASTWEAPON_NAME,Last Weapon,Arme ultime,Arma suprema,さいしゅうへいき,최후의 보루,Arma definitiva,Arma definitiva,Arma Suprema,Ostateczna Broń,Ultimative Waffe,Последнее оружие,Остання зброя,终极武器
LIFEUPCREAM_ART,"The ,the ,Some ,some ,this ,it,was","La ,la ,De la ,de la ,cette ,e,a,votre ,la ,de ,a","L',l',Dell',dell',questo ,o,uo,il",,"은,이,을,과,으로","La ,la ,Una ,una ,esta ,a,,","La ,la ,Una ,una ,esta ,a,,","A ,a ,Uma ,uma ,essa ,esta ,a,sua ,foi",",Kremu Leczniczego,Kremowi Leczniczemu,Krem Leczniczy,","Die ,die ,Eine ,eine ,eine ,Die ,die ,Deine ,deine ,diese ,sie,alte,wurde,war","целебная мазь,целебной мази,целебной мази,целебную мазь,целебной мази,,а,ена,ась,ит,её","лікувальний крем,лікувального крема,лікувальному крему,лікувальний крем,,,в,ий,е,ить,його",",,一些,一些,这个,它,是"
LIFEUPCREAM_DESC,Some good quality wound healer.\nRestores [ItemValue] HP.,Efficace contre toutes sortes de blessures.\nRend [ItemValue] PV.,Ottimo rimedio per guarire le ferite.\nRipristina [ItemValue] PS.,しっかりとキズを　いやしてくれる。\nHPを[ItemValue]かいふくする。,확실하게 회복할 수 있다.\nHP를 [ItemValue]만큼 회복한다.,Un sanador de heridas de buena calidad.\nRestaura [ItemValue] PV.,Un sanador de heridas de buena calidad.\nRecupera [ItemValue] PV.,Ótima para passar nos machucados.\nRecupera [ItemValue] HP.,Wysokiej jakości środek do leczenia ran.\nPrzywraca [ItemValue] HP.,Qualitätswunderheilmittel.\nStellt [ItemValue] KP wieder her.,Высококачественное средство для\nзаживления ран. Восстанавливает [ItemValue] ОЗ.,Лікувальний засіб високої якості.\nВідновлює [ItemValue] оч[ItemValArt3] здоров'я.,高品质的治疗伤口物品。[BR]回复[ItemValue]点HP。
LIFEUPCREAM_NAME,Life Up Cream,Pommade PV,Unguento,きずぐすり,라이프 업 크림,Crema curativa,Crema curativa,Pomada Curativa,Krem Leczniczy,Heilcreme,Целебная мазь,Лікувальний крем,生命回复乳霜
MAGICCANDY_ACT1,Eat,Manger,Mangia,たべる,먹기,Comer,Comer,Comer,Zjedz,Essen,Съесть,З'їсти,食用
MAGICCANDY_ART,"The ,the ,A ,a ,this ,it,was","Le ,le ,Un ,un ,ce ,,on,votre ,le ,de ,a","La ,la ,Una ,una ,questa ,a,ua,la",,"는,가,를,와,로","El ,el ,Un ,un ,este ,o,,","El ,el ,Un ,un ,este ,o,,","O ,o ,Um ,um ,esse ,este ,o,seu ,foi",",Magicznego Cukierka,Magicznemu Cukierkowi,Magicznego Cukierka,","Ein ,ein ,Ein ,ein ,ein ,Ein ,ein ,Dein ,dein ,ein ,es,altes,wurde,war","волшебная конфета,волшебной конфеты,волшебной конфете,волшебную конфету,волшебной конфете,,а,ена,ась,ит,её","чарівна цукерка,чарівної цукерки,чарівній цукерці,чарівну цукерку,,,ла,а,е,ить,її",",,,,这个,它,是"
MAGICCANDY_DESC,Increases your Guts by [ItemValue] if you are a weakling.,Augmente votre audace de [ItemValue] si vous êtes une mauviette.,Aumenta la tua Combattività di [ItemValue] se sei un rammollito.,よわむしのガッツを　[ItemValue]あげる。,나약한 자에게 용기를 [ItemValue]만큼 북돋아 준다.,Aumenta tu coraje en [ItemValue] si eres un debilucho.,Aumenta tus agallas en [ItemValue] si eres un blandengue.,Aumenta a sua Coragem em [ItemValue] se você for moloide.,"Jeśli jesteś mięczakiem, zwiększy twój poziom odwagi o [ItemValue].","Erhöht deinen Mut um [ItemValue], wenn du ein Feigling bist.",Повышает хлюпикам дерзость на [ItemValue] единиц.,Підвищує хоробрість слабакам на [ItemValue] оч[ItemValArt3].,如果你十分软弱，那么它可以将你的勇气值提高[ItemValue]点。
MAGICCANDY_NAME,Magic Candy,Bonbon magique,Caramella magica,ふしぎなキャンディ,매직 캔디,Caramelo mágico,Caramelo mágico,Doce Mágico,Magiczny Cukierek,Magisches Bonbon,Волшебная конфета,Чарівна цукерка,魔法糖果
MAGICRIBBON_ART,"The ,the ,A ,a ,this ,it,was","Le ,le ,Un ,un ,ce ,,on,votre ,le ,de ,a","Il ,il ,Un ,un ,questo ,o,uo,il",,"은,이,을,과,으로","El ,el ,Un ,un ,este ,o,,","El ,el ,Un ,un ,este ,o,,","O ,o ,Um ,um ,esse ,este ,o,seu ,foi",",Magicznej Wstążki,Magicznej Wstążce,Magiczną Wstążkę,a","Ein ,ein ,Ein ,ein ,ein ,Ein ,ein ,Dein ,dein ,ein ,es,altes,wurde,war","волшебная лента,волшебной ленты,волшебной ленте,волшебную ленту,волшебной ленте,,а,ена,ась,ит,её","чарівна стрічка,чарівної стрічки,чарівній стрічці,чарівну стрічку,,,ла,а,е,ить,її",",,,,这个,它,是"
MAGICRIBBON_DESC,,,,,,,,,,,,,
MAGICRIBBON_NAME,Magic Ribbon,Ruban magique,Fiocco magico,ふしぎなリボン,신비한 리본,Lazo mágico,Lazo mágico,Laço Mágico,Magiczna Wstążka,Magisches Band,Волшебная лента,Чарівна стрічка,魔法丝带
MAPCATACOMBS_ART,"The ,the ,The ,the ,this ,it,was","La ,la ,Une ,une ,cette ,e,a,votre ,la ,de ,a","La ,la ,Una ,una ,questa ,a,ua,la",,"는,가,를,와,로","El ,el ,El ,el ,este ,o,,","El ,el ,El ,el ,este ,o,,","O ,o ,O ,o ,esse ,este ,o,seu ,foi",",Mapy Katakumb,Mapie Katakumb,Mapę Katakumb,a","Die ,die ,Die ,die ,die ,Die ,die ,Deine ,deine ,diese ,sie,alte,wurde,war","карта катакомб,карты катакомб,карте катакомб,карту катакомб,карте катакомб,,а,ена,ась,ит,её","мапа катакомб,мапи катакомб,мапі катакомб,мапу катакомб,,,ла,а,є,ить,її",",,,,这个,它,是"
MAPCATACOMBS_DESC,A map of The Catacombs.,Une carte des catacombes.,Una Mappa delle catacombe,はかばのしたにある　ちかどうくつの　ちず。,카타콤의 구조가 표시되어 있다.,Un mapa de las Catacumbas.,Un mapa de las Catacumbas.,Um mapa das Catacumbas.,Mapa korytarzy Katakumb.,Eine Karte der Katakomben.,Карта катакомб Поданка.,Мапа катакомб Поданку.,一张地下墓穴的地图。
MAPCATACOMBS_NAME,Catacombs Map,Carte des catacombes,Mappa catacombe,ちかどうくつのちず,카타콤 지도,Mapa Catacumbas,Mapa Catacumbas,Mapa das Catacumbas,Mapa Katakumb,Karte der Katakomben,Карта катакомб,Мапа катакомб,地下墓穴地图
MAPDUNCANS_ART,"The ,the ,The ,the ,this ,it,was","La ,la ,Une ,une ,cette ,e,a,votre ,la ,de ,a","La ,la ,Una ,una ,questa ,a,ua,la",,"는,가,를,와,로","El ,el ,El ,el ,este ,o,,","El ,el ,El ,el ,este ,o,,","O ,o ,O ,o ,esse ,este ,o,seu ,foi",",Mapy Fabryki Duncana,Mapie Fabryki Duncana,Mapę Fabryki Duncana,a",",,,,,,,,,,sie,,wurde,war","карта завода Дункана,карты завода Дункана,карте завода Дункана,карту завода Дункана,карте завода Дункана,,а,ена,ась,ит,её","мапа заводу Дункана,мапа заводу Дункана,мапі заводу Дункана,мапу заводу Дункана,,,ла,а,є,ить,її",",,,,这个,它,是"
MAPDUNCANS_DESC,A map of Duncan's Factory.,Une carte de L'usine de Duncan.,Una mappa della Fabbrica di Duncan.,ダンカンこうじょうの　みとりず。,던컨 공장의 구조가 표시되어 있다.,Un mapa de la Fábrica Duncan.,Un mapa de la Fábrica Duncan.,Um mapa da Fábrica Duncan.,Mapa fabryki imienia Duncana.,Eine Karte von der Duncan-Fabrik.,Карта завода имени Дункана.,Мапа заводу ім. Дункана.,一张邓肯工厂的地图。
MAPDUNCANS_NAME,Duncan's Factory Map,Carte de l'usine (Duncan),Mappa Fabbrica Duncan,ダンカンみとりず,던컨 공장 지도,Mapa Fábrica Duncan,Mapa Fábrica Duncan,Mapa da Fáb. Duncan,Mapa Fabryki Duncana,Duncans Fabrikkarte,Карта зав. Дункана,Мапа зав. Дункана,邓肯工厂地图
MAPLESYRUP_ACT1,Drink,Boire,Bevi,のむ,마시기,Beber,Beber,Beber,Wypij,Trinken,Выпить,Випити,饮用
MAPLESYRUP_ART,"The ,the ,Some ,some ,this ,it,was","Le ,le ,Du ,du ,ce ,,on,votre ,le ,de ,a","Lo ,lo ,Dello ,dello ,questo ,o,uo,lo",,"은,이,을,과,으로","El ,el ,Un ,un ,este ,o,,","El ,el ,,,este ,o,,","O ,o ,Um ,um ,esse ,este ,o,seu ,foi",",Syropu Klonowego,Syropowi Klonowemu,Syrop Klonowy,","Der ,der ,Ein ,ein ,einen ,Den ,den ,Deinen ,deinen ,diesen ,ihn,alten,wurde,war","кленовый сироп,кленового сиропа,кленовому сиропу,кленовый сироп,кленовом сиропе,,,ён,ся,ит,его","кленовий сироп,кленового сиропу,кленовому сиропу,кленовий сироп",",,一些,一些,这个,它,是"
MAPLESYRUP_DESC,,,,,,,,,,,,,
MAPLESYRUP_NAME,Maple Syrup,Sirop d'érable,Sciroppo d'acero,メープルシロップ,메이플 시럽,Jarabe de arce,Jarabe de arce,Xarope de Bordo,Syrop Klonowy,Ahornsirup,Кленовый сироп,Кленовий сироп,枫糖浆
MAPMAGICANT_ART,"The ,the ,The ,the ,this ,it,was","La ,la ,Une ,une ,cette ,e,a,votre ,la ,de ,a","La ,la ,Una ,una ,questa ,a,ua,la",,"는,가,를,와,로","El ,el ,El ,el ,este ,o,,","El ,el ,El ,el ,este ,o,,","O ,o ,O ,o ,esse ,este ,o,seu ,foi",",Mapy Magicantu,Mapie Magicantu,Mapę Magicantu,a","Die ,die ,Die ,die ,die ,Die ,die ,Deine ,deine ,diese ,sie,alte,wurde,war","карта Грезии,карты Грезии,карте Грезии,карту Грезии,карте Грезии,,а,ена,ась,ит,её","мапа Магіянта,мапи Магіянта,мапі Магіянта,мапу Магіянта,,,ла,а,є,ить,її",",,,,这个,它,是"
MAPMAGICANT_DESC,A map of Magicant.,Une carte du monde de Magicant.,Una mappa di Magicant.,マジカントこくの　ちず。,매지컨트의 지리가 표시되어 있다.,Un mapa de Magicant.,Un mapa de Magicant.,Um mapa de Magicant.,Mapa krainy Magicant.,Eine Karte von Magicant,"Карта неведомой страны, Грезии.",Мапа країни Магіянт.,一张魔法之地的地图。
MAPMAGICANT_NAME,Magicant Map,Carte de Magicant,Mappa di Magicant,マジカントのちず,매지컨트 지도,Mapa de Magicant,Mapa de Magicant,Mapa de Magicant,Mapa Magicant,Karte von Magicant,Карта Грезии,Мапа Магіянта,魔法之地地图
MAPMERRYSVILLE_ART,"The ,the ,The ,the ,this ,it,was","La ,la ,Une ,une ,cette ,e,a,votre ,la ,de ,a","La ,la ,Una ,una ,questa ,a,ua,la",,"는,가,를,와,로","El ,el ,El ,el ,este ,o,,","El ,el ,El ,el ,este ,o,,","O ,o ,O ,o ,esse ,este ,o,seu ,foi",",Mapy Merrysville,Mapie Merrysville,Mapę Merrysville,a","Die ,die ,Die ,die ,die ,Die ,die ,Deine ,deine ,diese ,sie,alte,wurde,war","карта Меррисвиля,карты Меррисвиля,карте Меррисвиля,карту Меррисвиля,карте Меррисвиля,,а,ена,ась,ит,её","мапа Меррісвіля,мапи Меррісвіля,мапі Меррісвіля,мапу Меррісвіля,,,ла,а,є,ить,її",",,,,这个,它,是"
MAPMERRYSVILLE_DESC,A map of Merrysville.,Une carte de la ville de Merrysville.,Una mappa di Merrysville.,サンクスギビングしゅうへんの　ちず。,땡스기빙데이의 지리가 표시되어 있다.,Un mapa de Merrysville.,Un mapa de Merrysville.,Um mapa de Gratidão.,Mapa miasta Merrysville.,Eine Karte von Merrysville,Карта города Меррисвиля.,Мапа міста Меррісвіль.,一张梅里斯维尔的地图。
MAPMERRYSVILLE_NAME,Merrysville Map,Carte de Merrysville,Mappa Merrysville,サンギビマップ,땡스기빙데이 지도,Mapa de Merrysville,Mapa de Merrysville,Mapa de Gratidão,Mapa Merrysville,Karte von Merrysville,Карта Меррисвиля,Мапа Меррісвіля,梅里斯维尔地图
MAPPODUNK_ART,"The ,the ,The ,the ,this ,it,was","La ,la ,Une ,une ,cette ,e,a,votre ,la ,de ,a","La ,la ,Una ,una ,questa ,a,ua,la",,"는,가,를,와,로","El ,el ,El ,el ,este ,o,,","El ,el ,El ,el ,este ,o,,","O ,o ,O ,o ,esse ,este ,o,seu ,foi",",Mapy Podunk,Mapie Podunk,Mapę Podunk,a","Die ,die ,Die ,die ,die ,Die ,die ,Deine ,deine ,diese ,sie,alte,wurde,war","карта Поданка,карты Поданка,карте Поданка,карту Поданка,карте Поданка,,а,ена,ась,ит,её","мапа Поданку,мапи Поданку,мапі Поданку,мапу Поданку,,,ла,а,е,ить,її",",,,,这个,它,是"
MAPPODUNK_DESC,A map of Podunk.,Une carte de la ville de Podunk.,Una mappa di Podunk.,マザーズデイしゅうへんの　ちず。,마더즈데이의 지리가 표시되어 있다.,Un mapa de Podunk.,Un mapa de Podunk.,Um mapa de Boa Mãe.,Mapa miasta Podunk.,Eine Karte von Podunk.,Карта города Поданка.,Мапа міста Поданк.,一张波顿克小镇的地图。
MAPPODUNK_NAME,Podunk Map,Carte de Podunk,Mappa di Podunk,マザーズデイのちず,마더즈데이 지도,Un mapa de Podunk,Mapa de Podunk,Mapa de Boa Mãe,Mapa Podunk,Karte von Podunk,Карта Поданка,Мапа Поданку,波顿克地图
MAPSWEETS_ART,"The ,the ,The ,the ,this ,it,was","La ,la ,Une ,une ,cette ,e,a,votre ,la ,de ,a","La ,la ,Una ,una ,questa ,a,ua,la",,"는,가,를,와,로","El ,el ,El ,el ,este ,o,,","El ,el ,El ,el ,este ,o,,","O ,o ,O ,o ,esse ,este ,o,seu ,foi",",Mapy Bombonierki,Mapie Bombonierki,Mapę Bombonierki,a","Die ,die ,Die ,die ,die ,Die ,die ,Deine ,deine ,diese ,sie,alte,wurde,war","карта фабрики «Крошка»,карты фабрики «Крошка»,карте фабрики «Крошка»,карту фабрики «Крошка»,карте фабрики «Крошка»,,а,ена,ась,ит,её","мапа фабрики «Крихітка»,мапи фабрики «Крихітка»,мапі фабрики «Крихітка»,мапу фабрики «Крихітка»,,,ла,а,є,ить,її",",,,,这个,它,是"
MAPSWEETS_DESC,A map of Sweet's Little Factory.,Une carte de la petite usine de Sweet.,Una mappa della Piccola Dolce Fabbrica.,スイートリトルこうじょうの　ちず。,스위트 리틀 팩토리의 구조가 표시되어 있다.,Un mapa de la Fábrica Pequedulce.,Un mapa de la Fábrica Pequedulce.,Um mapa da Fábrica da Docita.,Mapa fabryki „Bombonierka”.,Eine Karte von der Süßen Kleinen Fabrik.,Карта фабрики «Крошка».,Мапа фабрики «Крихітка».,一张甜甜小工厂的地图。
MAPSWEETS_NAME,Sweet's Factory Map,Carte de l'usine (Sweet),Piccola Dolce Mappa,スイートリトルのちず,스위트 팩토리 지도,Mapa Fáb. Pequedulce,Mapa Fáb. Pequedulce,Mapa da Fáb. da Docita,Mapa Bombonierki,Süße Kleine Karte,Карта фаб. «Крошка»,Мапа ф. «Крихітка»,甜甜小工厂地图
MEMORYCHIP_ART,"The ,the ,A ,a ,this ,it,was","La ,la ,Une ,une ,cette ,e,a,votre ,la ,de ,a","Il ,il ,Un ,un ,questo ,o,uo,il",,"은,이,을,과,으로","El ,el ,Un ,un ,este,o,,","El ,el ,Un ,un ,este,o,,","O ,o ,Um ,um ,esse ,este ,o,seu ,foi",",Czipa Pamięciowego,Czipowi Pamięciowemu,Czip Pamięciowy,","Der ,der ,Der ,der ,den ,Den ,den ,Deinen ,deinen ,diesen ,ihn,alten,wurde,war","микросхема памяти,микросхемы памяти,микросхеме памяти,микросхему памяти,микросхеме памяти,,а,ена,ась,ит,её","модуль пам'яті,модуля пам'яті,модулю пам'яті,модуль пам'яті,,,в,ий,е,ить,його",",,,,这个,它,是"
MEMORYCHIP_DESC,,,,,,,,,,,,,
MEMORYCHIP_NAME,Memory Chip,Puce mémoire,Chip di memoria,メモリーチップ,메모리 칩,Chip de memoria,Chip de memoria,Chip de Memória,Czip Pamięciowy,Speicherchip,Микросхема памяти,Модуль пам'яті,记忆芯片
MILK_ACT1,Drink,Boire,Bevi,のむ,마시기,Beber,Beber,Beber,Wypij,Trinken,Выпить,Випити,饮用
MILK_ART,"The ,the ,Some ,some ,this ,it,was","Le ,le ,Du ,du ,ce ,,on,votre ,le ,de ,a","Il ,il ,Del ,del ,questo ,o,uo,il",,"는,가,를,와,로","La ,la ,Una ,una ,esta ,a,,","La ,la ,Una ,una ,esta ,a,,","O ,o ,Um ,um ,esse ,este ,o,seu ,foi",",Mleka,Mleku,Mleko,o","Die ,die ,Eine ,eine ,eine ,Die ,die ,Deine ,deine ,diese ,sie,alte,wurde,war","молоко,молока,молоку,молоко,молоке,,о,ено,ось,ит,его","молоко,молока,молоку,молоко,,,ло,е,е,ить,його",",,一些,一些,这个,它,是"
MILK_DESC,Some fresh cow milk.\nRestores [ItemValue] HP.,Du lait de vache frais.\nRend [ItemValue] PV.,Latte fresco di mucca.\nRipristina [ItemValue] PS.,しぼりたての　ミルク。\nのむと　ＨＰを[ItemValue]かいふく。,신선한 우유.\nHP를 [ItemValue]만큼 회복한다.,Un poco de leche fresca de vaca.\nRestaura [ItemValue] PV.,Un poco de leche fresca de vaca.\nRecupera [ItemValue] PV.,Um pouco de leite fresco.\nRecupera [ItemValue] HP.,"Świeże, krowie mleko.\nPrzywraca [ItemValue] HP.",Frische Kuhmilch.\nStellt [ItemValue] KP wieder her.,Свежее коровье молоко.\nВосстанавливает [ItemValue] ОЗ.,Свіже коров'яче молоко.\nВідновлює [ItemValue] оч[ItemValArt3] здоров'я.,一些新鲜的牛奶。[BR]回复[ItemValue]点HP。
MILK_NAME,Milk,Lait,Latte,ミルク,우유,Botella de leche,Botella de leche,Leite,Mleko,Flasche Milch,Молоко,Молоко,牛奶
MOUTHWASH_ART,"The ,the ,Some ,some ,this ,it,was","Le ,le ,Un ,un ,ce ,,on,votre ,le ,de ,a","Il ,il ,Un ,un ,questo ,o,uo,il",,"는,가,를,와,로","El ,el ,Un ,un ,este ,o","El ,el ,Un ,un ,este ,o","O ,o ,Um ,um ,esse ,este ,o,seu ,foi",",Płynu do Ust,Płynowi do Ust,Płyn do Ust,","Die ,die ,Eine ,eine ,eine ,Die ,die ,Deine ,deine ,diese ,sie,alte,wurde,war","ополаскиватель,ополаскивателя,ополаскивателю,ополаскиватель,ополаскивателе,,,ён,ся,ит,его","ополіскувач,ополіскувача,ополіскувачу,ополіскувач,,,в,ий,е,ить,його",",,一些,一些,这个,它,是"
MOUTHWASH_DESC,,,,,,,,,,,,,
MOUTHWASH_NAME,Mouthwash,Bain de bouche,Collutorio,うがいぐすり,구강청결제,Enjuague bucal,Enjuague bucal,Enxaguante Bucal,Płyn do Ust,Mundspülung,Ополаскиватель,Ополіскувач,漱口水
NOBLESEED_ART,"The ,the ,A ,a ,this ,it,was","La ,la ,Une ,une ,cette ,e,a,votre ,la ,de ,a","Il ,il ,Un ,un ,questo ,o,uo,il",,"은,이,을,과,으로","La ,la ,Una ,una ,esta ,a,,","La ,la ,Una ,una ,esta ,a,,","As ,as ,Umas ,umas ,essas ,estas ,as,suas ,foram",",Zacnego Nasiona,Zacnemu Nasionu,Zacne Nasiono,o","Der ,der ,Ein ,ein ,einen ,Den ,den ,Deinen ,deinen ,diesen ,ihn,alten,wurde,war","благородное семечко,благородного семечка,благородному семечку,благородное семечко,благородном семечке,,о,ено,ось,ит,его","благородне насіння,благородного насіння,благородному насінні,благородне насіння,,,ло,е,е,ить,його",",,,,这个,它,是"
NOBLESEED_DESC,"If you're confused ([Confused]), this will help you return to your senses.","Si vous êtes confus ([Confused]), elle vous aidera à retrouver vos esprits.","Se provi confusione ([Confused]), questo ti farà riprendere i sensi.",[Confused]こんらんしたときにはこれ。\nてんしのちからで　いしきがもとにもどる。　,"혼란([Confused])을 겪고 있다면, 이 씨앗이 당신에게 도움이 될지 모르겠습니다.","Si estás confundido ([Confused]), esto te ayudará a entrar en razón.","Si estás confundido ([Confused]), esto te hará entrar en razón.",Te ajuda a voltar ao normal quando confuso ([Confused]).,"Jeśli jesteś zdezorientowany ([Confused]), pozwoli ci ono wrócić do zmysłów.","Wenn du verwirrt ([Confused]) bist, hilft er dir zurück zur Besinnung zu kommen.","Приведёт в чувство, если ты в замешательстве ([Confused]).","Якщо ти дезорієнтований ([Confused]), воно приведе тебе до тями.",如果你感到混乱（[Confused]），这能帮你恢复理智。
NOBLESEED_NAME,Noble Seed,Graine noble,Seme nobile,エンジェルシード,천사의 씨앗,Semilla noble,Semilla noble,Semente Nobre,Zacne Nasiono,Engels-Samen,Благородное семечко,Благородне насіння,高贵种子
OCARINA_ART,"The ,the ,The ,the ,this ,it,was","L',l',L',l',cet ,,on,votre ,le ,d',a","L',l',Un',un',quest',a,ua,la",,"는,가,를,와,로","La ,la ,La ,la ,esta ,a,,","La ,la ,La ,la ,esta ,a,,","A ,a ,Uma ,uma ,essa ,esta ,a,sua ,foi",",Okaryny Nadziei,Okarynie Nadziei,Okarynę Nadziei,a","Die ,die ,Die ,die ,die ,Die ,die ,Deine ,deine ,diese ,sie,alte,wurde,war","окарина Надежды,окарины Надежды,окарине Надежды,окарину Надежды,окарине Надежды,,а,ена,ась,ит,её","окарина надії,окарини надії,окарині надії,окарину надії,,,ла,а,е,ить,її",",,,,这个,它,是"
OCARINA_DESC,Play it to listen to all the melodies you have collected.,Jouez-en pour faire résonner les mélodies que vous avez collectées.,Suonala per ascoltare le melodie che hai raccolto.,これまでに　あつめた　メロディーを\nきくことが　できます。,수집한 멜로디들을 통해 여정을 되돌아보자.,Tócala para escuchar todas las melodías que has recolectado.,Tócala para escuchar todas las melodías que has recolectado.,Toque para ouvir todas as melodias que você já coletou.,"Zagraj na niej, aby posłuchać wszystkich znalezionych przez siebie melodii.","Spiele sie, um all die Melodien zu hören, die du gesammelt hast.","Сыграй, чтобы услышать все собранные\nтобою мелодии!","Зіграй на ній, щоб послухати всі зібрані мелодії.",吹奏它来聆听你所收集到的全部旋律。
OCARINA_NAME,Ocarina of Hope,Ocarina de l'Espoir,Ocarina della speranza,きぼうのオカリナ,희망의 오카리나,Ocarina de la esperanza,Ocarina de la esperanza,Ocarina da Esperança,Okaryna Nadziei,Okarina der Hoffnung,Окарина Надежды,Окарина надії,希望之笛
ONYXHOOK_ART,"The ,the ,The ,the ,this ,it,was","Le ,le ,Le ,le ,ce ,,on,votre ,le ,de ,a","L',l',Un ,un ,questo ,o,uo,il",,"은,이,을,과,로","El ,el ,El ,el ,este ,o,,","El ,el ,El ,el ,este ,o,,","O ,o ,Um ,um ,esse ,este ,o,seu ,foi",",Onyksowego Haka,Onyksowemu Hakowi,Onyksowy Hak,","Der ,der ,Der ,der ,den ,Den ,den ,Deinen ,deinen ,diesen ,ihn,alten,wurde,war","агатовый крючок,агатового крючка,агатовому крючку,агатовый крючок,агатовом крючке,,,ён,ся,ит,его","оніксовий гачок,оніксового гачка,оніксовому гачку,оніксовий гачок,,,в,ий,е,ить,його",",,,,这个,它,是"
ONYXHOOK_DESC,,,,,,,,,,,,,
ONYXHOOK_NAME,Onyx Hook,Crochet d'onyx,Amo d'onice,めのうのつりばり,마노 낚싯바늘,Gancho onix,Anzuelo de ónix,Gancho de Ônix,Onyksowy Hak,Onyxhaken,Агатовый крючок,Агатовий гачок,缟玛瑙钩
ORANGEJUICE_ACT1,Drink,Boire,Bevi,のむ,마시기,Beber,Beber,Beber,Wypij,Trinken,Выпить,Випити,饮用
ORANGEJUICE_ART,"The ,the ,Some ,some ,this ,it,was","Le ,le ,Du ,du ,ce ,,on,votre ,le ,de ,a","Il ,il ,Del ,del ,questo ,o,uo,il",,"는,가,를,와,로","El ,el ,,,este ,o,,","El ,el ,,,este ,o,,","O ,o ,Um ,um ,esse ,este ,o,seu ,foi",",Soku Pomarańczowego,Sokowi Pomarańczowemu,Sok Pomarańczowy,","Der ,der ,Ein ,ein ,einen ,Den ,den ,Deinen ,deinen ,diesen ,ihn,alten,wurde,war","апельсиновый сок,апельсинового сока,апельсиновому соку,апельсиновый сок,апельсиновом соке,,,ён,ся,ит,его","апельсиновий сік,апельсинового соку,апельсиновому соку,апельсиновий сік,,,в,ий,е,ить,його",",,一些,一些,这个,它,是"
ORANGEJUICE_DESC,Vitamin C is always good for a few HP.\nRestores [ItemValue] HP.,"La vitamine C, c'est bon pour les PV.\nRend [ItemValue] PV.",La vitamina C fa sempre bene ai PS.\nRipristina [ItemValue] PS.,ビタミンCが　ほうふ。\nのむと　HPを[ItemValue]かいふく。,비타민C를 섭취할 수 있다.\nHP를 [ItemValue]만큼 회복한다.,La vitamina C siempre es necesaria.\nRestaura [ItemValue] PV.,La vitamina C nunca viene mal para el cuerpo.\nRestaura [ItemValue] PV.,Vitamina C faz bem pra saúde.\nRecupera [ItemValue] HP.,Witamina C zawsze zdrowa.\nPrzywraca [ItemValue] HP.,Vitamine sind immer gut für ein paar KP.\nStellt [ItemValue] KP wieder her.,Витамин C полезен для здоровья.\nВосстанавливает [ItemValue] ОЗ.,Вітамін С корисний для здоров'я.\nВідновлює [ItemValue] оч[ItemValArt3] здоров'я.,丰富的维生素C总是有助于少量的回复。[BR]回复[ItemValue]点HP。
ORANGEJUICE_NAME,Orange Juice,Jus d'orange,Succo d'arancia,オレンジジュース,오렌지 주스,Jugo de naranja,Zumo de naranja,Suco de Laranja,Sok Pomarańczowy,Orangensaft,Апельсиновый сок,Апельсиновий сік,橙汁
PANCAKES_ACT1,Eat,Manger,Mangia,たべる,먹기,Comer,Comer,Comer,Zjedz,Essen,Съесть,З'їсти,食用
PANCAKES_ART,"The ,the ,Some ,some ,these ,them,were","Les ,les ,Des ,des ,ces ,s,es,vos ,les ,de ,ont","I ,i ,Dei ,dei ,questi ,i,uoi,i",,"는,가,를,와,로","Los ,los ,Unos ,unos ,estos ,os,s,n","Las ,las ,Unas ,unas ,estas ,as,s,n","As ,as ,Umas ,umas ,essas ,estas ,as,suas ,foram",",Naleśników,Naleśnikom,Naleśniki,","Die ,die ,Einige ,einige ,einige ,Die ,die ,Deine ,deine ,diese ,sie,alten,wurden,waren","панкейки,панкейков,панкейкам,панкейки,панкейках,,и,ены,ись,ат,их","млинці,млинців,млинцям,млинців,,,ли,і,ють,ять,їх",",,一些,一些,这些,它们,是"
PANCAKES_DESC,,,,,,,,,,,,,
PANCAKES_NAME,Pancakes,Pancakes,Pancake,パンケーキ,팬케이크,Panqueques,Tortitas,Panquecas,Naleśniki,Pfannkuchen,Панкейки,Млинці,松饼
PANFRYING_ART,"The ,the ,A ,a ,this ,it,was","La ,la ,Une ,une ,cette ,e,a,votre ,la ,de ,a","La ,la ,Una ,una ,questa ,a,ua,la",,"은,이,을,과,으로","La ,la ,Una ,una ,esta ,a,,","La ,la ,Una ,una ,esta ,a,,","A ,a ,Uma ,uma ,essa ,esta ,a,sua ,foi",",Patelni,Patelni,Patelnię,a","Die ,die ,Eine ,eine ,eine ,Die ,die ,Deine ,deine ,diese ,sie,alte,wurde,war","сковорода,сковороды,сковороде,сковороду,сковороде,,а,ена,ась,ит,её","сковорода,сковороди,сковороді,сковороду,,,ла,а,е,ить,її",",,,,这个,它,是"
PANFRYING_DESC,Can also be used as a drying pan.\nWeapon @ Offense +[ItemValue].,Très utile pour frire n'importe quel ennemi.\nArme @ Attaque +[ItemValue].,Ottima anche per quando piove.\nArma @ Attacco +[ItemValue].,パンはパンでも　たべられないパン。\nぶき＠オフェンス＋[ItemValue],깡!!!\n무기 ＠ 오펜스 +[ItemValue].,También se podría usar para tostar un pan.\nArma @ Ofensa +[ItemValue].,También la podrías usar como paraguas y como otras cosas más. Arma @ Fuerza +[ItemValue].,Também pode ser usada como um guarda-chuva.\nArma @ Ataque +[ItemValue].,"Stara, ale jara.\nBroń @ Ofensywa +[ItemValue].",Perfekt für pikante Pizzapfannkuchen.\nWaffe @ Angriff +[ItemValue].,Ей можно укрываться под дождём!\nОружие @ Атака +[ItemValue].,Улюблениця блондинок у вежах.\nЗброя @ Атака +[ItemValue].,也可以当作烘干盘来用。[BR]武器@攻击+[ItemValue]。
PANFRYING_NAME,Frying Pan,Poêle à frire,Padella,フライパン,프라이팬,Sartén,Sartén,Frigideira,Patelnia,Bratpfanne,Сковорода,Сковорода,煎锅
PANNONSTICK_ART,"The ,the ,A ,a ,this ,it,was","La ,la ,Une ,une ,cette ,e,a,votre ,la ,de ,a","La ,la ,Una ,una ,questa ,a,ua,la",,"은,이,을,과,으로","La ,la ,Una ,una ,esta ,a,,","La ,la ,Una ,una ,esta ,a,,","A ,a ,Uma ,uma ,essa ,esta ,a,sua ,foi",",Patelni Teflonowej,Patelni Teflonowej,Patelnię Teflonową,a","Die ,die ,Eine ,eine ,eine ,Die ,die ,Deine ,deine ,diese ,sie,alte,wurde,war","тефлоновая сковорода,тефлоновой сковороды,тефлоновой сковороде,тефлоновую сковороду,тефлоновой сковороде,,а,ена,ась,ит,её","тефлонова сковорода,тефлонову сковороду,тефлоновій сковороді,тефлонову сковороду,,,ла,а,е,ить,її",",,,,这个,它,是"
PANNONSTICK_DESC,,,,,,,,,,,,,
PANNONSTICK_NAME,Non-stick Pan,Poêle antiadhésive,Padella antiaderente,いいフライパン,좋은 프라이팬,Sartén antiadherente,Sartén antiadherente,Panela Antiaderente,Patelnia Teflonowa,Antihaft-Pfanne,Тефлон. сковорода,Тефлонова сковорода,不粘锅
PENDANTEARTH_ART,"The ,the ,An ,an ,this ,it,was","Le ,le ,Un ,un ,ce ,,on,votre ,le ,de ,a","L',l',Un ,un ,questo ,o,uo,il",,"는,가,를,와,로","El ,el ,Un ,un ,este ,o,,","El ,el ,Un ,un ,este ,o,,","O ,o ,Um ,um ,esse ,este ,o,seu ,foi",",Wisiorka Ziemi,Wisiorkowi Ziemi,Wisiorek Ziemi,","Der ,der ,Ein ,ein ,einen ,Den ,den ,Deinen ,deinen ,diesen ,ihn,alten,wurde,war","земной кулон,земного кулона,земному кулону,земной кулон,земном кулоне,,,ён,ся,ит,его","кулон землі,кулона землі,кулону землі,кулон землі,,,в,ий,е,ить,його",",,,,这个,它,是"
PENDANTEARTH_DESC,Halves damage from all PSI attacks.\nBody @ Defense +[ItemValue].,Réduit de moitié les dégâts de toutes les attaques PSI. Corps @ Défense +[ItemValue].,Dimezza il danno di tutti gli attacchi PSI.\nCorpo @ Difesa +[ItemValue].,すべてのＰＳＩこうげきから　みをまもる。\nボディ＠ディフェンス＋[ItemValue],모든 PSI로 인한 피해를 절반으로 줄인다.\n몸 ＠ 디펜스 +[ItemValue].,Reduce a la mitad el daño de todos los ataques PSI. Cuerpo @ Defensa +[ItemValue].,Reduce a la mitad el daño de todos los ataques PSI. Cuerpo @ Defensa +[ItemValue].,Reduz pela metade os danos de PSI.\nCorpo @ Defesa +[ItemValue].,Zmniejsza obrażenia od ataków PSI o połowę.\nCiało @ Obrona +[ItemValue].,Halbiert erlittene Schäden aller PSI-Angriffe.\nKörper @ Verteidigung +[ItemValue].,Cнижает урон от всех психоатак на 50%.\nТело @ Защита +[ItemValue].,Послаблює психічні атаки на 50%.\nТіло @ Захист +[ItemValue].,所有PSI攻击造成的伤害减半。[BR]身体@防御力+[ItemValue]。
PENDANTEARTH_NAME,Earth Pendant,Pendentif de terre,Amuleto della terra,だいちのペンダント,대지의 펜던트,Amuleto tierra,Colgante tierra,Colar da Terra,Wisiorek Ziemi,Erdanhänger,Земной кулон,Кулон землі,地球吊坠
PENDANTFIRE_ART,"The ,the ,A ,a ,this ,it,was","Le ,le ,Un ,un ,ce ,,on,votre ,le ,de ,a","L',l',Un ,un ,questo ,o,uo,il",,"는,가,를,와,로","El ,el ,Un ,un ,este ,o,,","El ,el ,Un ,un ,este ,o,,","O ,o ,Um ,um ,esse ,este ,o,seu ,foi",",Wisiorka Ognia,Wisiorkowi Ognia,Wisiorek Ognia,","Der ,der ,Ein ,ein ,einen ,Den ,den ,Deinen ,deinen ,diesen ,ihn,alten,wurde,war","огненный кулон,огненного кулона,огненному кулону,огненный кулон,огненном кулоне,,,ён,ся,ит,его","кулон вогню,кулона вогню,кулону вогню,кулон вогню,,,в,ий,е,ить,його",",,,,这个,它,是"
PENDANTFIRE_DESC,Halves damage from fire attacks.\nBody @ Defense +[ItemValue].,Réduit de moitié les dégâts de feu.\nCorps @ Défense +[ItemValue].,Dimezza il danno degli attacchi di fuoco.\nCorpo @ Difesa +[ItemValue].,ほのおのダメージから　みをまもる。\nボディ＠ディフェンス＋[ItemValue],화염 피해로 인한 피해를 절반으로 줄인다.\n몸 ＠ 디펜스 +[ItemValue].,Reduce a la mitad el daño de los ataques de fuego. Cuerpo @ Defensa +[ItemValue].,Reduce a la mitad el daño de los ataques de fuego. Cuerpo @ Defensa +[ItemValue].,Reduz pela metade os danos de fogo.\nCorpo @ Defesa +[ItemValue].,Zmniejsza ogniste obrażenia o połowę.\nCiało @ Obrona +[ItemValue].,Halbiert erlittenen Feuerschaden.\nKörper @ Verteidigung +[ItemValue].,Cнижает урон от огненных атак на 50%.\nТело @ Защита +[ItemValue].,Вдвічі знижує шкоду від вогняних атак.\nТіло @ Захист +[ItemValue].,将火焰攻击造成的伤害减半。[BR]身体@防御力+[ItemValue]。
PENDANTFIRE_NAME,Fire Pendant,Pendentif de feu,Amuleto del fuoco,ほのおのペンダント,불꽃의 펜던트,Amuleto fuego,Colgante fuego,Colar do Fogo,Wisiorek Ognia,Feueranhänger,Огненный кулон,Кулон вогню,火焰吊坠
PENDANTH2O_ART,"The ,the ,An ,an ,this ,it,was","Le ,le ,Un ,un ,ce ,,on,votre ,le ,de ,a","L',l',Un ,un ,questo ,o,uo,il",,"는,가,를,와,로","El ,el ,Un ,un ,este ,o,,","El ,el ,Un ,un ,este ,o,,","O ,o ,Um ,um ,esse ,este ,o,seu ,foi",",Wisiorka H2o,Wisiorkowi H2o,Wisiorek H2o,","Der ,der ,Ein ,ein ,einen ,Den ,den ,Deinen ,deinen ,diesen ,ihn,alten,wurde,war","водный кулон,водного кулона,водному кулону,водный кулон,водном кулоне,,,ён,ся,ит,его","кулон води,кулона води,кулону води,кулон води,,,в,ий,е,ить,його",",,,,这个,它,是"
PENDANTH2O_DESC,Halves damage from ice attacks.\nBody @ Defense +[ItemValue].,Réduit de moitié les dégâts de glace.\nCorps @ Défense +[ItemValue].,Dimezza il danno degli attacchi di ghiaccio.\nCorpo @ Difesa +[ItemValue].,こおりのダメージから　みをまもる。\nボディ＠ディフェンス＋[ItemValue],얼음 피해로 인한 피해를 절반으로 줄인다.\n몸 ＠ 디펜스 +[ItemValue].,Reduce a la mitad el daño de los ataques de hielo. Cuerpo @ Defensa +[ItemValue].,Reduce a la mitad el daño de los ataques de hielo.\nCuerpo @ Defensa +[ItemValue].,Reduz pela metade os danos de gelo.\nCorpo @ Defesa +[ItemValue].,Zmniejsza lodowe obrażenia o połowę.\nCiało @ Obrona +[ItemValue].,Halbiert erlittenen Eisschaden.\nKörper @ Verteidigung +[ItemValue].,Cнижает урон от ледяных атак на 50%.\nТело @ Защита +[ItemValue].,Вдвічі знижує шкоду від крижаних атак.\nТіло @ Захист +[ItemValue].,将冰冻攻击造成的伤害减半。[BR]身体@防御力+[ItemValue]。
PENDANTH2O_NAME,H2o Pendant,Pendentif H2o,Amuleto dell'H2o,しずくのペンダント,물방울 펜던트,Amuleto H2o,Colgante agua,Colar da Chuva,Wisiorek H2o,Wasseranhänger,Водный кулон,Кулон води,水滴吊坠
PENDANTSEA_ART,"The ,the ,A ,a ,this ,it,was","Le ,le ,Un ,un ,ce ,,on,votre ,le ,de ,a","L',l',Un ,un ,questo ,o,uo,il",,"는,가,를,와,로","El ,el ,Un ,un ,este ,o,,","El ,el ,Un ,un ,este ,o,,","O ,o ,Um ,um ,esse ,este ,o,seu ,foi",",Wisiorka Morza,Wisiorkowi Morza,Wisiorek Morza,","Der ,der ,Ein ,ein ,einen ,Den ,den ,Deinen ,deinen ,diesen ,ihn,alten,wurde,war","морской кулон,морского кулона,морскому кулону,морской кулон,морском кулоне,,,ён,ся,ит,его","кулон моря,кулона моря,кулону моря,кулон моря,,,в,ий,е,ить,його",",,,,这个,它,是"
PENDANTSEA_DESC,Halves damage from all PSI attacks.\nBody @ Defense +[ItemValue].,Réduit de moitié les dégâts de toutes les attaques PSI. Corps @ Défense +[ItemValue].,Dimezza il danno di tutti gli attacchi PSI.\nCorpo @ Difesa +[ItemValue].,すべてのＰＳＩこうげきから　みをまもる。\nボディ＠ディフェンス＋[ItemValue],모든 PSI로 인한 피해를 절반으로 줄인다.\n몸 ＠ 디펜스 +[ItemValue].,Reduce a la mitad el daño de todos los ataques PSI. Cuerpo @ Defensa +[ItemValue].,Reduce a la mitad el daño de todos los ataques PSI. Cuerpo @ Defensa +[ItemValue].,Reduz pela metade os danos de PSI.\nCorpo @ Defesa +[ItemValue].,Zmniejsza obrażenia od ataków PSI o połowę.\nCiało @ Obrona +[ItemValue].,Halbiert erlittene Schäden aller PSI-Angriffe.\nKörper @ Verteidigung +[ItemValue].,Cнижает урон от всех психоатак на 50%.\nТело @ Защита +[ItemValue].,Вдвічі знижує шкоду від ПСИ-атак.\nТіло @ Захист +[ItemValue].,所有PSI攻击造成的伤害减半。[BR]身体@防御力+[ItemValue]。
PENDANTSEA_NAME,Sea Pendant,Pendentif de mer,Amuleto del mare,うみのペンダント,바다의 펜던트,Amuleto mar,Colgante mar,Colar do Mar,Wisiorek Morza,Meeresanhänger,Морской кулон,Кулон моря,海洋吊坠
PENDANTTHUNDER_ART,"The ,the ,An ,an ,this ,it,was","Le ,le ,Un ,un ,ce ,,on,votre ,le ,de ,a","L',l',Un ,un ,questo ,o,uo,il",,"는,가,를,와,로","El ,el ,Un ,un ,este ,o,,","El ,el ,Un ,un ,este ,o,,","O ,o ,Um ,um ,esse ,este ,o,seu ,foi",",Wisiorka Burzy,Wisiorkowi Burzy,Wisiorek Burzy,","Der ,der ,Ein ,ein ,einen ,Den ,den ,Deinen ,deinen ,diesen ,ihn,alten,wurde,war","грозовой кулон,грозового кулона,грозовому кулону,грозовой кулон,грозовом кулоне,,,ён,ся,ит,его","кулон грому,кулона грому,кулону грому,кулон грому,,,в,ий,е,ить,його",",,,,这个,它,是"
PENDANTTHUNDER_DESC,Halves damage from lightning attacks.\nBody @ Defense +[ItemValue].,Réduit de moitié les dégâts de foudre.\nCorps @ Défense +[ItemValue].,Dimezza il danno degli attacchi di tuono.\nCorpo @ Difesa +[ItemValue].,かみなりのダメージから　みをまもる。\nボディ＠ディフェンス＋[ItemValue],번개 피해로 인한 피해를 절반으로 줄인다.\n몸 ＠ 디펜스 +[ItemValue].,Reduce a la mitad el daño de los ataques de trueno.\nCuerpo @ Defensa +[ItemValue].,Reduce a la mitad el daño de los ataques de trueno.\nCuerpo @ Defensa +[ItemValue].,Reduz pela metade os danos de raio.\nCorpo @ Defesa +[ItemValue].,Zmniejsza elektryczne obrażenia o połowę.\nCiało @ Obrona +[ItemValue].,Halbiert erlittenen Elektroschaden.\nKörper @ Verteidigung +[ItemValue].,Cнижает урон от электрических атак на 50%.\nТело @ Защита +[ItemValue].,Вдвічі знижує шкоду від електричних атак.\nТіло @ Захист +[ItemValue].,将雷电攻击造成的伤害减半。[BR]身体@防御力+[ItemValue]。
PENDANTTHUNDER_NAME,Thunder Pendant,Pendentif de foudre,Amuleto del tuono,いかずちのペンダント,번개의 펜던트,Amuleto trueno,Colgante trueno,Colar do Trovão,Wisiorek Burzy,Donneranhänger,Грозовой кулон,Кулон грому,雷电吊坠
PHONECARD_ART,"The ,the ,A ,a ,this ,it,was","La ,la ,Une ,une ,cette ,e,a,votre ,la ,de ,a","La ,la ,Una ,una ,questa ,a,ua,la",,"는,가,를,와,로","La ,la ,Una ,una ,esta ,a,,","La ,la ,Una ,una ,esta ,a,,","O ,o ,Um ,um ,esse ,este ,o,seu ,foi",",Karty Telefonicznej,Karcie Telefonicznej,Kartę Telefoniczną,a","Die ,die ,Die ,die ,die ,Die ,die ,Deine ,deine ,diese ,sie,alte,wurde,war","таксофонная карта,таксофонной карты,таксофонной карте,таксофонную карту,таксофонной карте,,а,ена,ась,ит,её","телефонна картка,телефонної картки,телефонній картці,телефонну картку,,,ла,а,е,ить,її",",,,,这个,它,是"
PHONECARD_DESC,You can make calls on public phones with it.\n%s,Vous permet de passer des appels depuis des téléphones publics. %s,Serve per usare i telefoni pubblici.\n%s,こうしゅうでんわを　つかうことができる。\n%s,공중전화로 전화를 걸 수 있다.\n%s,Puedes usarla para hacer llamadas en teléfonos públicos. %s,Puedes usarla para hacer llamadas en teléfonos públicos. %s,Você pode fazer ligações em telefones públicos com ele. %s,Można nią dzwonić z publicznych telefonów.\n%s,Mit ihr kannst du öffentliche Telefone verwenden. %s,Позволяет совершать звонки с таксофонов.\n%s,Дозволяє користуватися таксофонами.\n%s,你可以用它来拨打公共电话。\n%s
PHONECARD_NAME,Telephone Card,Carte téléphonique,Scheda telefonica,テレホンカード,전화 카드,Tarjeta telefónica,Tarjeta telefónica,Cartão Telefônico,Karta Telefoniczna,Telefonkarte,Таксофонная карта,Телефонна картка,电话卡
PRETZEL_ACT1,Eat,Manger,Mangia,たべる,먹기,Comer,Comer,Comer,Zjedz,Essen,Съесть,З'їсти,食用
PRETZEL_ART,"The ,the ,A ,a ,this ,it,was","Le ,le ,Un ,un ,ce ,,on,votre ,le ,de ,a","Il ,il ,Un ,un ,questo ,o,uo,il",,"은,이,을,과,로","El ,el ,Un ,un ,este ,o,,","El ,el ,Un ,un ,este ,o,,","O ,o ,Um ,um ,esse ,este ,o,seu ,foi",",Precla,Preclowi,Precla,","Die ,die ,Eine ,eine ,eine ,Die ,die ,Deine ,deine ,diese ,sie,alte,wurde,war","крендель,кренделя,кренделю,крендель,кренделе,,,ён,ся,ит,его","крендель,кренделя,кренделеві,крендель,,,в,ий,є,ить,його",",,,,这个,它,是"
PRETZEL_DESC,A twirly delight.\nRestores [ItemValue] HP.,Un délice noué.\nRestaure [ItemValue] PV.,Una delizia attorcigliata.\nRipristina [ItemValue] PS.,ねじまきがたの　ビスケット。\nたべると　ＨＰを[ItemValue]かいふく。,한입 베어 물면 황홀한 맛이 흘러온다.\nHP를 [ItemValue]만큼 회복한다.,Una delicia entrelazada.\nRestaura [ItemValue] PV.,Una delicia entrelazada.\nRecupera [ItemValue] PV.,Uma massa enroladinha.\nRecupera [ItemValue] HP.,Zakręcony przysmak.\nPrzywraca [ItemValue] HP.,Ein wirbelnder Genuss.\nStellt [ItemValue] KP wieder her.,Витое удовольствие.\nВосстанавливает [ItemValue] ОЗ.,Кручене щастя.\nВідновлює [ItemValue] оч[ItemValArt3] здоров'я.,一份精致的螺旋状食物。[BR]回复[ItemValue]点HP。
PRETZEL_NAME,Pretzel,Pretzel,Brezel,プレッツェル,프레첼,Pretzel,Pretzel,Pretzel,Precel,Brezel,Крендель,Крендель,椒盐卷饼
PSIBLOCKER_ART,"The ,the ,A ,a ,this ,it,was","Le ,le ,Un ,un ,ce ,,on,votre ,le ,de ,a","L',l',Un ,un ,questo ,o,uo,il",,"는,가,를,와,로","El ,el ,Un ,un ,este ,o,,","El ,el ,Un ,un ,este ,o,,","O ,o ,Um ,um ,esse ,este ,o,seu ,foi",",Blokera PSI,Blokerowi PSI,Bloker PSI,","Der ,der ,Ein ,ein ,einen ,Den ,den ,Deinen ,deinen ,diesen ,ihn,alten,wurde,war","психоблокиратор,психоблокиратора,психоблокиратору,психоблокиратор,психоблокираторе,,,ён,ся,ит,его","ПСИ-блокувальник,ПСИ-блокувальника,ПСИ-блокувальникові,ПСИ-блокувальника,,,в,ий,є,ить,його",",,,,这个,它,是"
PSIBLOCKER_DESC,Prevents an enemy from using PSI techniques.\nOne of [LLOYD]'s inventions.,Empêche un ennemi d'utiliser du PSI.\nUne invention d[elision][LLOYD].,Impedisce al nemico di usare abilità PSI.\nUn'invenzione di [LLOYD].,てき１たいの　PSIをふうじる。\n[LLOYD]の　はつめいひんの　ひとつ。,적이 PSI를 사용하지 못하게 막는다.\n[LLOYD]의 발명품 중 하나.,Impide que un enemigo use técnicas PSI.\nEs uno de los inventos de [LLOYD].,Impide que un enemigo use técnicas PSI.\nEs una de las invenciones de [LLOYD].,Impede um inimigo de usar habilidades PSI.\nUma das invenções do [LLOYD].,Uniemożliwia wrogowi używania PSI.\nJeden z wynalazków [decline:Lloyd:M:1].,"Verhindert, dass ein Gegner PSI-Techniken einsetzt.\nEine Erfindung von [LLOYD].",Мешает врагу использовать психокинез.\nОдно из изобретений [decline:Lloyd:M:1].,Не дозволяє ворогові використовувати психокінез. Один з винаходів [decline:Lloyd:M:1].,阻止敌人使用PSI。[BR][LLOYD]的发明之一。
PSIBLOCKER_NAME,PSI Blocker,Bloqueur PSI,Inibitore di PSI,PSIふうじマシン,PSI 차단기,Bloqueador PSI,Inhibidor PSI,Bloqueador de PSI,Bloker PSI,PSI-Blocker,Психоблокиратор,ПСИ-блокувальник,PSI封锁器
PSISTONE_ACT1,Squeeze,Presser,Spremi,にぎる,잡기,Apretar,Apretar,Apertar,Ściśnij,Drücken,Сжать,Стиснути,挤压
PSISTONE_ART,"The ,the ,A ,a ,this ,it,was","La ,la ,Une ,une ,cette ,e,a,votre ,la ,de ,a","La ,la ,Una ,una ,questa ,a,ua,la",,"은,이,을,과,로","La ,la ,Una ,una ,esta ,a,,","La ,la ,Una ,una ,esta ,a,,","A ,a ,Uma ,uma ,essa ,esta ,a,sua ,foi",",Kamienia PSI,Kamieniowi PSI,Kamień PSI,","Der ,der ,Ein ,ein ,einen ,Den ,den ,Deinen ,deinen ,diesen ,ihn,alten,wurde,war","психокамешек,психокамешка,психокамешку,психокамешек,психокамешке,,,ён,ся,ит,его","ПСИ камінь,ПСИ каменя,ПСИ каменю,ПСИ камінь,,,в,ий,е,ить,його",",,,,这个,它,是"
PSISTONE_DESC,Psionic power in solid form.\nRestores [ItemValue] PP @ %s,Du pouvoir psionique sous forme solide.\nRend [ItemValue] PP @ %s,Potere psichico in forma solida.\nRipristina [ItemValue] PP @ %s,PSIパワーが　ひめられた　いし。\nにぎると　ＰＰを[ItemValue]かいふく＠%s,PSI 파워를 지닌 돌.\nPP를 [ItemValue]만큼 회복한다 ＠ %s,Poder psiónico en estado sólido.\nRestaura [ItemValue] PP @ %s,Poder psiónico en estado sólido.\nRecupera [ItemValue] PP @ %s,Poder psiônico em forma sólida.\nRecupera [ItemValue] PP @ %s,Moc psioniczna w stanie stałym.\nPrzywraca [ItemValue] PP @ %s,PSI-Kraft in fester Form. Stellt [ItemValue] PP\nwieder her @ %s,Псионическая энергия в твёрдом состоянии.\nВосстан. [ItemValue] ОП @ %s,Псионічна сила у твердому стані.\nВідновлює [ItemValue] ОП @ %s,以固体形式存在的灵能力。\n恢复[ItemValue]点PP@%s
PSISTONE_NAME,PSI Stone,Pierre PSI,Pietra PSI,サイパワーストーン,PSI 돌,Piedra PSI,Piedra PSI,Pedra PSI,Kamień PSI,PSI-Stein,Психокамешек,ПСИ-камінь,灵能力石
REALROCKET_ART,"The ,the ,The ,the ,this ,it,was","La ,la ,Une ,une ,cette ,e,a,votre ,la ,de ,a","Il ,il ,Un ,un ,questo ,o,uo,il",,"은,이,을,과,으로","El ,el ,Un ,un ,este ,o,,","El ,el ,Un ,un ,este ,o,,","O ,o ,Um ,um ,esse ,este ,o,seu ,foi",",Prawdziwej Rakiety,Prawdziwej Rakiecie,Prawdziwą Rakietę,a","Die ,die ,Eine ,eine ,eine ,Die ,die ,Deine ,deine ,diese ,sie,alte,wurde,war","настоящая ракета,настоящей ракеты,настоящей ракете,настоящую ракету,настоящей ракете,,а,ена,ась,ит,её","справжня ракета,справжньої ракети,справжній ракеті,справжню ракету,,,ла,а,е,ить,її",",,,,这个,它,是"
REALROCKET_DESC,A rocket ship that will send you to outer space!,Une fusée qui vous emmènera dans l'espace!,Un razzo che ti spedirà nello spazio!,うちゅうへ　つれていってくれるロケット！,당신을 우주로 보내줄 로켓선!,¡Un cohete que te llevará al espacio exterior!,¡Un cohete espacial que te puede llevar al espacio exterior!,Um foguete espacial que vai te mandar pro espaço sideral!,"Rakieta, która zabierze cię w kosmos!","Eine Rakete, die dich ins Weltall befördert!",Отправит тебя в открытый космос!,"Ракета, яка відправить тебе у відкритий космос!",一艘会把你送到外太空的火箭飞船！
REALROCKET_NAME,Real Rocket,Vraie fusée,Razzo vero,ロケット（ほんもの）,로켓 (진품),Cohete real,Cohete de verdad,Foguete Real,Prawdziwa Rakieta,Echte Rakete,Настоящая ракета,Справжня ракета,标准火箭
RECOLLECTIONBELL_ART,"The ,the ,A ,a ,this ,it,was","La ,la ,Une ,une ,cette ,e,a,votre ,la ,de ,a","La ,la ,Una ,una ,questa ,a,ua,la",,"은,이,을,과,으로","La ,la ,Una ,una ,esta ,a,,","La ,la ,Una ,una ,esta ,a,,","O ,o ,Um ,um ,esse ,este ,o,seu ,foi",",Dzwonu Przypomnienia,Dzwonowi Przypomnienia,Dzwon Przypomnienia,","Die ,die ,Die ,die ,die ,Die ,die ,Deine ,deine ,diese ,sie,alte,wurde,war","колокольчик памяти,колокольчика памяти,колокольчику памяти,колокольчик памяти,колокольчике памяти,,,ён,ся,ит,его","дзвіночок пам'яті,дзвіночка пам'яті,дзвіночкові пам'яті,дзвіночок пам'яті,,,в,ий,є,ить,його",",,,,这个,它,是"
RECOLLECTIONBELL_DESC,Feeling forgetful ([Forgetful])? Nothing seems to ring a bell? Then ring this one to remember.,"Vous vous sentez oublieux ([Forgetful]) ? Si ça cloche dans votre mémoire, agitez cet objet.",Ti senti smemorato ([Forgetful])? Non ti torna niente in mente? Suona questa e ricorderai tutto.,リーンとならすと　ハッとなって　[Forgetful]どわすれしてたことを　おもいだす。,끔찍한 건망증([Forgetful])을 겪고 있나요? 그럼 이 종을 울리고 기억을 되찾으세요.,¿Te sientes olvidadizo ([Forgetful])? ¿Nada te parece familiar? Entonces hazla sonar y podrás recordar.,¿Te sientes olvidadizo ([Forgetful])? Entonces toca esta campana para recordar.,Anda esquecido ([Forgetful])? Nada parece fazer sentido? Então toque este sino para se lembrar.,"Czujesz się zapominalski ([Forgetful])? Coś dzwoni, ale nie wiesz w którym kościele? Dzwon przypomni.","Du fühlst dich vergesslich ([Forgetful])? Dir fällt nichts mehr ein? Dann läute sie, um dich zu erinnern.",Забываешь всё подряд ([Forgetful])? Позвони в колокольчик — и сразу всё вспомнишь.,"Турбує забудькуватість ([Forgetful])? Використай цей дзвіночок, і все згадаєш.",感觉有点健忘（[Forgetful]）？好像什么都想不起来？那就敲响这个铃铛来唤起记忆。
RECOLLECTIONBELL_NAME,Recollection Bell,Cloche du souvenir,Campana dei ricordi,きおくのすず,회상의 종,Campana memoria,Campana memoria,Sino da Memória,Dzwon Przypomnienia,Rückbesinnungsglocke,Колокольчик памяти,Дзвіночок пам'яті,回忆之铃
REDBANDANA_ART,"The ,the ,A ,a ,this ,it,was","Le ,le ,Un ,un ,ce ,,on,votre ,le ,de ,a","La ,la ,Una ,una ,questa ,a,ua,la",,"는,가,를,와,로","El ,el ,Un ,un ,este ,o,,","El ,el ,Un ,un ,este ,o,,","A ,a ,Uma ,uma ,essa ,esta ,a,sua ,foi",",Czerwonej Bandany,Czerwonej Bandanie,Czerwoną Bandanę,a","Ein ,ein ,Ein ,ein ,ein ,Ein ,ein ,Dein ,dein ,ein ,es,altes,wurde,war","красная бандана,красной банданы,красной бандане,красную бандану,красной бандане,,а,ена,ась,ит,её","червона бандана,червоної бандани,червоній бандані,червону бандану,,,ла,а,е,ить,її",",,,,这个,它,是"
REDBANDANA_DESC,A bandana for the adventurous type.\nBody @ Defense +[ItemValue].,Un bandana pour les aventuriers.\nCorps @ Défense +[ItemValue].,Una bandana per gli avventurosi.\nCorpo @ Difesa +[ItemValue].,こころにつける　いさましい　バンダナ。\nボディ＠ディフェンス＋[ItemValue],용감한 반다나.\n몸 ＠ 디펜스 +[ItemValue].,Un pañuelo para aventureros.\nCuerpo @ Defensa +[ItemValue].,Un pañuelo para los aventureros.\nCuerpo @ Defensa +[ItemValue].,Uma bandana digna de um aventureiro.\nCorpo @ Defesa +[ItemValue].,Bandana dla poszukiwaczy przygód.\nCiało @ Obrona +[ItemValue].,Ein Halstuch für die Abenteuerlustigen.\nKörper @ Verteidigung +[ItemValue].,Самое то для искателей приключений.\nТело @ Защита +[ItemValue].,Бандана для шукачів пригод.\nТіло @ Захист +[ItemValue],适合冒险类型的方巾。[BR]身体@防御力+[ItemValue]。
REDBANDANA_NAME,Red Bandana,Bandana rouge,Bandana rossa,あかいバンダナ,붉은 반다나,Pañuelo rojo,Pañuelo rojo,Bandana Vermelha,Czerwona Bandana,Rotes Halstuch,Красная бандана,Червона бандана,红色方巾
REPELRING_ART,"The ,the ,A ,a ,this ,it,was","L',l',Un ,un ,cet ,,on,votre ,le ,d',a","L',l',Un ,un ,questo ,o,uo,il",,"는,가,를,와,로","El ,el ,El ,el ,este ,o,,","El ,el ,El ,el ,este ,o,,","O ,o ,Um ,um ,esse ,este ,o,seu ,foi",",Pierścienia Odstraszenia,Pierścieniowi Odstraszenia,Pierścień Odstraszenia,","Der ,der ,Ein ,ein ,einen ,Den ,den ,Deinen ,deinen ,diesen ,ihn,alten,wurde,war","отпугивающее кольцо,отпугивающего кольца,отпугивающему кольцу,отпугивающее кольцо,отпугивающем кольце,,о,ено,ось,ит,его","кільце-репелент,кільця-репелента,кільцю-репеленту,кільце-репелент,,,ло,е,е,ить,його",",,,,这个,它,是"
REPELRING_DESC,Greatly increases your chances of running away from battle.,Augmente grandement vos chances de fuir les combats.,Aumenta di molto la probabilità di fuggire da una battaglia.,みにつけると　てきから　にげやすくなる。,전투에서 도망칠 가능성이 크게 높아진다.,Aumenta enormemente tus posibilidades de huir de la batalla.,Aumenta enormemente la probabilidad de huir de la batalla.,Aumenta bastante suas chances de fugir da batalha.,Mocno zwiększa twoje szanse ucieczki z walki.,"Erhöht erheblich deine Chance, aus einem Kampf fliehen zu können.",Сильно повышает шансы сбежать с поля боя.,Сильно посилює твій шанс втекти з битви.,大大增加你从战斗中逃跑的概率。
REPELRING_NAME,Repel Ring,Anneau répulsif,Anello repellente,まよけのゆびわ,액막이 반지,Anillo repelente,Anillo repelente,Anel Repelente,Pierścień Odstraszenia,Abwehrring,Отпугивающее кольцо,Кільце-репелент,排斥指环
RINGBRASS_ART,"The ,the ,A ,a ,this ,it,was","L',l',Un ,un ,cet ,,on,votre ,le ,d',a","L',l',Un ,un ,questo ,o,uo,il",,"는,가,를,와,로","El ,el ,Un ,un ,este ,o,,","El ,el ,Un ,un ,este ,o,,","O ,o ,Um ,um ,esse ,este ,o,seu ,foi",",Mosiężnego Pierścienia,Mosiężnemu Pierścieniowi,Mosiężny Pierścień,","Der ,der ,Ein ,ein ,einen ,Den ,den ,Deinen ,deinen ,diesen ,ihn,alten,wurde,war","браслет феи,браслета феи,браслету феи,браслет феи,браслете феи,,,ён,ся,ит,его","латунне кільце,латунного кільця,латунному кільцю,латунне кільце,,,ло,е,е,ить,його",",,,,这个,它,是"
RINGBRASS_DESC,Blessed by Magicant's legendary fairy.\nArms @ Defense +[ItemValue].,Béni par la fée légendaire de Magicant.\nBras @ Défense +[ItemValue].,Benedetto dalla fata leggendaria di Magicant.\nBraccia @ Difesa +[ItemValue].,マジカントの　ようせいのしゅくふくを\nうけたリング。ボディ＠ディフェンス＋[ItemValue],매지컨트 속 전설의 요정에게 축복받았다.\n팔 ＠ 디펜스 +[ItemValue].,Bendecido por la legendaria hada de Magicant.\nBrazos @ Defensa +[ItemValue].,Bendecido por la legendaria hada de Magicant.\nBrazo @ Defensa +[ItemValue].,Abençoado pela fada lendária de Magicant.\nBraços @ Defesa +[ItemValue].,Pobłogosławiony przez legendarną wróżkę Magicantu. Ręce @ Obrona +[ItemValue].,Gesegnet von der legendären Fee Magicants.\nArme @ Verteidigung +[ItemValue].,Благословлён прекрасной феей из Грезии.\nРуки @ Защита +[ItemValue].,Благословенне легендарною феєю Магіянта.\nРуки @ Захист +[ItemValue].,受到了传说中魔法之地里仙女的祝福。[BR]手臂@防御力+[ItemValue]。
RINGBRASS_NAME,Brass Ring,Anneau de fée,Anello d'ottone,ようせいのうでわ,요정의 팔찌,Anillo de cobre,Anillo de cobre,Anel de Cobre,Mosiężny Pierścień,Armreif der Feen,Браслет феи,Латунне кільце,黄铜指环
RINGCHEAP_ART,"The ,the ,A ,a ,this ,it,was","L',l',Un ,un ,cet ,,on,votre ,le ,d',a","L',l',Un ,un ,questo ,o,uo,il",,"는,가,를,와,로","El ,el ,Un ,un ,este ,o,,","El ,el ,Un ,un ,este ,o,,","O ,o ,Um ,um ,esse ,este ,o,seu ,foi",",Taniego Pierścienia,Taniemu Pierścieniowi,Tani Pierścień,","Der ,der ,Ein ,ein ,einen ,Den ,den ,Deinen ,deinen ,diesen ,ihn,alten,wurde,war","дешёвое кольцо,дешёвого кольца,дешёвому кольцу,дешёвое кольцо,дешёвом кольце,,о,ено,ось,ит,его","дешеве кільце,дешевого кільця,дешевому кільцю,дешеве кільце,,,ло,е,є,ить,його",",,,,这个,它,是"
RINGCHEAP_DESC,Blessed by affordable pricing.\nArms @ Defense +[ItemValue].,Béni par un prix abordable.\nBras @ Défense +[ItemValue].,Benedetto da un prezzo abbordabile.\nBraccia @ Difesa +[ItemValue].,しゅくふくを　うけることなかった\nやすものリング。ボディ＠ディフェンス＋[ItemValue],가격에 맞는 저렴한 축복받을 수 있다.\n몸 @ 디펜스 +[ItemValue].,Bendecido por un precio económico.\nBrazos @ Defensa +[ItemValue].,Bendecido por un precio asequible.\nBrazo @ Defensa +[ItemValue].,Abençoado pelo preço acessível.\nBraços @ Defesa +[ItemValue].,Pobłogosławiony przystępnością cenową.\nRęce @ Obrona +[ItemValue].,Der zahlbare Preis ist ein Segen.\nKörper @ Verteidigung +[ItemValue].,Благословлено доступной ценой.\nРуки @ Защита +[ItemValue].,Благословлено доступною ціною.\nРуки @ Захист +[ItemValue].,得益于实惠的价格。[BR]手臂@防御力+[ItemValue]。
RINGCHEAP_NAME,Cheap Ring,Anneau bon marché,Anello scadente,やすもののうでわ,싸구려 반지,Anillo barato,Anillo barato,Anel Barato,Tani Pierścień,Billigring,Дешёвое кольцо,Дешеве кільце,廉价指环
RINGGOLD_ART,"The ,the ,A ,a ,this ,it,was","L',l',Un ,un ,cet ,,on,votre ,le ,d',a","L',l',Un ,un ,questo ,o,uo,il",,"는,가,를,와,로","El ,el ,Un ,un ,este ,o,,","El ,el ,Un ,un ,este ,o,,","O ,o ,Um ,um ,esse ,este ,o,seu ,foi",",Złotego Pierścienia,Złotemu Pierścieniowi,Złoty Pierścień,","Der ,der ,Ein ,ein ,einen ,Den ,den ,Deinen ,deinen ,diesen ,ihn,alten,wurde,war","браслет богини,браслета богини,браслету богини,браслет богини,браслете богини,,,ён,ся,ит,его","золоте кільце,золотого кільця,золотому кільцю,золоте кільце,,,ло,е,е,ить,його",",,,,这个,它,是"
RINGGOLD_DESC,Blessed by Magicant's goddess.\nArms @ Defense +[ItemValue].,Béni par la déesse de Magicant.\nBras @ Défense +[ItemValue].,Benedetto dalla dea di Magicant.\nBraccia @ Difesa +[ItemValue].,マジカントの　めがみのしゅくふくを\nうけたリング。ボディ＠ディフェンス＋[ItemValue],매지컨트 속 여신에게 축복받았다.\n팔 ＠ 디펜스 +[ItemValue].,Bendencido por la diosa de Magicant.\nBrazos @ Defensa +[ItemValue].,Bendencido por la diosa de Magicant.\nBrazo @ Defensa +[ItemValue].,Abençoado pela deusa de Magicant.\nBraços @ Defesa +[ItemValue].,Pobłogosławiony przez boginię Magicantu.\nRęce @ Obrona +[ItemValue].,Gesegnet von der Göttin Magicants.\nArme @ Verteidigung +[ItemValue].,Благословлён самой богиней Грезии.\nРуки @ Защита +[ItemValue].,Благословенне богинею Магіянта.\nРуки @ Захист +[ItemValue].,受到了魔法之地女神的祝福。[BR]手臂@防御力+[ItemValue]。
RINGGOLD_NAME,Gold Ring,Anneau doré,Anello d'oro,めがみのうでわ,여신의 팔찌,Anillo de oro,Anillo de oro,Anel de Ouro,Złoty Pierścień,Armreif der Göttin,Браслет богини,Золоте кільце,黄金指环
RINGSILVER_ART,"The ,the ,A ,a ,this ,it,was","L',l',Un ,un ,cet ,,on,votre ,le ,d',a","L',l',Un ,un ,questo ,o,uo,il",,"는,가,를,와,로","El ,el ,Un ,un ,este ,o,,","El ,el ,Un ,un ,este ,o,,","O ,o ,Um ,um ,esse ,este ,o,seu ,foi",",Srebrnego Pierścienia,Srebrnemu Pierścieniowi,Srebrny Pierścień,","Der ,der ,Ein ,ein ,einen ,Den ,den ,Deinen ,deinen ,diesen ,ihn,alten,wurde,war","браслет ангела,браслета ангела,браслету ангела,браслет ангела,браслете ангела,,,ён,ся,ит,его","срібне кільце,срібного кільця,срібному кільцю,срібне кільце,,,ло,е,е,ить,його",",,,,这个,它,是"
RINGSILVER_DESC,Blessed by Magicant's holy angel.\nArms @ Defense +[ItemValue].,Béni par l’ange sacré de Magicant.\nBras @ Defense +[ItemValue].,Benedetto dall'angelo sacro di Magicant.\nBraccia @ Difesa +[ItemValue].,マジカントの　てんしのしゅくふくを\nうけたリング。ボディ＠ディフェンス＋[ItemValue],매지컨트 속 성스러운 천사에게 축복받았다.\n팔 ＠ 디펜스 +[ItemValue].,Bendecido por el ángel sagrado de Magicant.\nBrazos @ Defensa +[ItemValue].,Bendecido por el ángel sagrado de Magicant.\nBrazo @ Defensa +[ItemValue].,Abençoado pelo anjo sagrado de Magicant.\nBraços @ Defesa +[ItemValue].,Pobłogosławiony przez świętego anioła Magicantu. Ręce @ Obrona +[ItemValue].,Gesegnet vom heiligen Engel Magicants.\nArme @ Verteidigung +[ItemValue].,Благословлён ангелом Грезии.\nРуки @ Защита +[ItemValue].,Благословенне святим ангелом Магіянта.\nРуки @ Захист +[ItemValue].,受到了魔法之地里神圣天使的祝福。[BR]手臂@防御力+[ItemValue]。
RINGSILVER_NAME,Silver Ring,Anneau d'argent,Anello d'argento,てんしのうでわ,천사의 팔찌,Anillo de plata,Anillo de plata,Anel de Prata,Srebrny Pierścień,Armreif der Engel,Браслет ангела,Срібне кільце,白银指环
ROPE_ART,"The ,the ,A ,a ,this ,it,was","La ,la ,Une ,une ,cette ,e,a,votre ,la ,de ,a","La ,la ,Una ,una ,questa ,a,ua,la",,"은,이,을,과,로","La ,la ,Una ,una ,esta ,a,,","La ,la ,Una ,una ,esta ,a,,","A ,a ,Uma ,uma ,essa ,esta ,a,sua ,foi",",Liny,Linie,Linę,a","Das ,das ,Ein ,ein ,ein ,Das ,das ,Dein ,dein ,dieses ,es,altes,wurde,war","верёвка,верёвки,верёвке,верёвку,верёвке,,а,ена,ась,ит,её","мотузка,мотузки,мотузці,мотузку,,,ла,а,е,ить,її",",,,,这个,它,是"
ROPE_DESC,Can be used to tie up a foe.,Peut être utilisée pour ligoter un ennemi.,Si può usare per imprigionare un nemico.,これで　てきを　しばってしまおう。,적을 묶어둘 수 있다.,Puede usarse para atar al enemigo.,Se puede usar para atar a un enemigo.,Pode ser usada para amarrar um inimigo.,Może być użyta do związania wroga.,"Kann genutzt werden, um einen Gegner zu fesseln.",Ей можно связать врага.,Нею можна зв'язати ворога.,可以用来捆住敌人。
ANTIDOTE_SORT,Antidote,Antidote,Antidoto,どくけし,해독제,Antídoto,Antídoto,Antídoto,Antidotum,Gegengift,Противоядие,Протиотрута,解毒药
ASTHMASPRAY_SORT,Asthma Spray,Inhalateur,Inalatore,ぜんそくスプレー,천식 스프레이,Inhalador,Inhalador,Inalador,Sprej na Astmę,Asthmaspray,Ингалятор,Інгалятор,哮喘喷雾
BASEBALLCAP_SORT,Baseball Cap,Casquette de baseball,Cappello da Baseball,やきゅうぼう,야구 모자,Gorra de béisbol,Gorra de béisbol,Boné de Beisebol,Czapka Baseballowa,Baseballmütze,Бейсболка,Бейсболка,棒球帽
BATALUMINUM_SORT,Bat Aluminum,Batte robuste,Mazza di alluminio,バットいい,배트 알루미늄,Bate aluminio,Bate aluminio,Taco Alumínio,Aluminiowy Kij,Schläger Aluminium,Бита алюминиевая,Бита алюмінієва,铝制球棒
BATHANK_SORT,Bat Hank's,Batte suprême,Mazza di Hank,バットさいこうの,배트 최고의,Bate Hank,Bate Hank,Taco Hank,Kij Hanka,Schläger Oberliga,Бита хэнка,Бита хенка,汉克的球棒
BATOLD_SORT,Old Bat,Batte fêlée,Mazza vecchia,ふるびたバット,오래된 배트,Bate viejo,Bate viejo,Taco Velho,Stary Kij,Alter Baseballschläger,Старая бита,Стара бита,陈旧球棒
BATPLASTIC_SORT,Bat Plastic,Batte plastique,Mazza plastica,バットボロの,배트 플라스틱,Bate plástico,Bate plástico,Taco Plástico,Plastikowy Kij,Schläger Plastik,Бита пластиковая,Бита пластикова,塑料球棒
BATWOODEN_SORT,Bat Wooden,Batte ordinaire,Mazza legno,バットふつうの,배트 나무,Bate madera,Bate madera,Taco Madeira,Drewniany Kij,Schläger Holz,Бита деревянная,Бита дерев'яна,木制球棒
BEAMLASER_SORT,Beam Laser,Rayon laser,Raggio laser,ビームレーザー,빔 레이저,Rayo laser,Rayo láser,Raio Laser,Promień Laserowy,Strahl laser,Оружие лазерное,Пістоль лазерний,镭射光束
BEAMPLASMA_SORT,Beam Plasma,Rayon mortel,Raggio plasma,ビームデス,빔 플라즈마,Rayo plasma,Rayo plasma,Raio Plasma,Promień Plazmowy,Strahl plasma,Оружие плазменное,Пістоль плазмовий,等离子光束
BIGBAG_SORT,Big Bag,Grand Sac,Borsa grande,でかぶくろ,큰 가방,Bolsa grande,Bolsa grande,Bolsona,Duża Torba,Große Tasche,Большая сумка,Велика сумка,大袋子
BOMB_SORT,Bomb,Bombe,Bomba,ボム,봄 폭탄,Bomba,Bomba,Bomba,Bomba,Bombe,Бомба,Бомба,炸弹
BOMBSUPER_SORT,Bomb Super,Bombe Super,Bomba super,ボムスーパー,봄 슈퍼,Bomba Super,Bomba Super,Bomba Super,Bomba Super,Bombe Super,Бомба супер,Бомба супер,超级炸弹
BOOMERANG_SORT,Boomerang,Boomerang,Boomerang,ブーメラン,부메랑,Boomerang,Búmeran,Bumerangue,Bumerang,Bumerang,Бумеранг,Бумеранг,回旋镖
BOTTLEROCKET_SORT,Bottle Rocket,Fusée crayon,Bottiglia-razzo,ペンシルロケット,펜슬 로켓,Cohete botella,Cohete botella,Foguete,Butlorakieta,Flaschenrakete,Бутылочная ракета,Пляшкова ракета,瓶装火箭
BOTTLEROCKETBIG_SORT,Bottle Rocket Big,Fusée crayon méga,Bottiglia-razzo gran,ペンシルロケット５,발 펜슬 로켓5,Cohete botella grande,Cohete botella mega,Foguete Grande,Butlorakieta Duża,Flaschenrakete Große,Бутылочная ракета больш,Пляшкова ракета велика,大型瓶装火箭
BOTTLEROCKETMULTI_SORT,Bottle Rocket Multi,Fusée crayon giga,Bottiglia-razzo multi,ペンシルロケット２０,연발 펜슬 로켓20,Cohete botella multi,Cohete botella giga,Multi Foguete,Butlorakieta Multi,Flaschenrakete Multi,Бутылочная ракета мульти,Пляшкова ракета мульти,多重瓶装火箭
BREAD_SORT,Bread,Pain,Pane,パン,빵,Pan,Pan,Pão Francês,Chleb,Brot,Хлеб,Хліб,面包
BULLHORN_SORT,Bullhorn,Mégaphone,Megafono,ふしぎなメガホン,신기한 메가폰,Megáfono,Megáfono,Megafone,Megafon,Megafon,Мегафон,Мегафон,扩音喇叭
CANARYCHICK_SORT,Canary Chick,Bébé canari,Pulcino di canarino,カナリアのヒナ,아기 카나리아,Canario bebé,Cría de canario,Canarinho Bebê,Kanarek,Kanarienküken,Птенец канарейки,Пташеня канарки,金丝雀雏鸟
CAPSULEDEF_SORT,Capsule Defense,Capsule défense,Capsula Difesa,カプセルディフェンス,캡슐 디펜스,Cápsula defensa,Cápsula defensa,Cápsula Defesa,Kapsułka Obrony,Kapsel Verteidigungs,Капсула защиты,Капсула захисту,防御胶囊
CAPSULEGUT_SORT,Capsule Guts,Capsule audace,Capsula Combattività,カプセルガッツ,캡슐 용기,Cápsula agallas,Cápsula agallas,Cápsula Coragem,Kapsułka Odwagi,Kapsel Mut,Капсула дерзости,Капсула сміливості,勇气胶囊
CAPSULEHP_SORT,Capsule HP,Capsule PV,Capsula PS,カプセルフィジカル,캡슐 HP,Cápsula PV,Cápsula PV,Cápsula HP,Kapsułka HP,Kapsel KP,Капсула ОЗ,Капсула здоров'я,HP胶囊
CAPSULEIQ_SORT,Capsule IQ,Capsule QI,Capsula QI,カプセルウィズダム,캡슐 IQ,Cápsula IQ,Cápsula CI,Cápsula QI,Kapsułka IQ,Kapsel IQ,Капсула IQ,Капсула IQ,智力胶囊
CAPSULEOFE_SORT,Capsule Offense,Capsule attaque,Capsula Attacco,カプセルオフェンス,캡슐 오펜스,Cápsula ofensa,Cápsula fuerza,Cápsula Ataque,Kapsułka Ofensywy,Kapsel Angriffs,Капсула атаки,Капсула атаки,攻击胶囊
CAPSULEPP_SORT,Capsule PP,Capsule PP,Capsula PP,カプセルサイコ,캡슐 PP,Cápsula PP,Cápsula PP,Cápsula PP,Kapsułka PP,Kapsel PP,Капсула ОП,Капсула ПСИ,PP胶囊
CAPSULESPD_SORT,Capsule Speed,Capsule vitesse,Capsula Velocità,カプセルスピード,캡슐 스피드,Cápsula velocidad,Cápsula velocidad,Cápsula Agilidade,Kapsułka Szybkości,Kapsel Geschwindigkeits,Капсула скорости,Капсула швидкості,速度胶囊
CASHCARD_SORT,Cash Card,Carte bancaire,Carta di credito,キャッシュカード,현금 카드,Tarjeta de crédito,Tarjeta de crédito,Cartão,Karta Bankomatowa,Bankkarte,Банковская карта,Платіжна картка,金融卡
COINMAGIC_SORT,Coin Magic,Pièce magique,Moneta magica,コインまふうじ,코인 마법봉인의,Moneda mágica,Moneda mágica,Moeda Mágica,Moneta Magii,Münze Magische,Монета магии,Монета чар,魔法硬币
COINPEACE_SORT,Coin Peace,Pièce paix,Moneta pacifica,コインやすらぎ,코인 평온의,Moneda paz,Moneda paz,Moeda Paz,Moneta Pokoju,Münze Friedvolle,Монета мира,Монета миру,和平硬币
COINPROTECT_SORT,Coin Protection,Pièce protectrice,Moneta protettiva,コインまもり,코인 수호의,Moneda protectora,Moneda protectora,Moeda Protetora,Moneta Ochrony,Münze Behütende,Монета защиты,Монета захисту,守护硬币
COURAGEBADGE_SORT,Badge Courage,Badge courage,Medaglia coraggio,バッヂゆうきの,배지 용기의,Broche coraje,Broche coraje,Brasão Bravura,Odznaka Odwagi,Orden Mut,Значок Мужества,Значок хоробрості,勇气徽章
CRUMBS_SORT,Crumbs,Miettes de pain,Briciole,パンくず,부스러기,Migajas,Migas,Migalhas,Okruchy,Krümel,Крошки,Крихти,面包屑
DENTURES_SORT,Dentures,Dentier,Dentiera,いれば,틀니,Dentadura postiza,Dentadura postiza,Dentaduras,Protezy,Gebiss,Вставные челюсти,Вставні зуби,假牙
DOGTREATS_SORT,Dog Treats,Friandises pour chien,Biscotti per cani,イヌのおやつ,개 간식,Premios para perros,Chuches para perro,Petiscos de Cachorro,Psie Przysmaki,Hundeleckerli,Лакомство для собак,Ласощі для собак,狗狗零食
EAGLEFEATHER_SORT,Eagle's Feather,Plume d'aigle,Piuma d'aquila,イーグルのハネ,독수리 깃털,Pluma de águila,Pluma de águila,Pena da Águia,Pióro Orła,Adlerfeder,Орлиное перо,Перо орла,鹰羽
ENERGYBEAM_SORT,Energy Beam,Rayon d'énergie,Onda energetica,エナジービーム,에너지 빔,Rayo de energía,Rayo de energía,Raio de Energia,Wiązka Energi,Energiestrahl,Луч энергии,Енерго-промінь,能量光束
ERROR_SORT,Error,Erreur,Errore,エラー,에러,Error,Error,Erro,Błąd,Fehler,Ошибка,Помилка,错误
EYEDROPS_SORT,Eye Drops,Gouttes pour les yeux,Collirio,めぐすり,안약,Gotas para los ojos,Colirio,Colírio,Krople do Oczu,Augentropfen,Глазные капли,Очні краплі,眼药水
FACTORYPASS_SORT,Pass,Passe,Pass,つうこうきょかしょう,통행허가증,Pase,Pase,Passe,Przepustka,Ausweis,Пропуск,Пропуск,通行许可证
FLAMETHROWER_SORT,Flame Thrower,Lance-flammes,Lanciafiamme,かえんほうしゃき,화염방사기,Lanzallamas,Lanzallamas,Lança-chamas,Miotacz Ognia,Flammenwerfer,Огнемёт,Вогнемет,火焰喷射器
FLASHDARK_SORT,Flashdark,Ombre de poche,Anti-torcia,やみのライト,어둠의 라이트,Nocterna,Nocterna,Lanturna,Ladarka,Schattenlampe,Темнарик,Темнарик,暗闪灯
FLEABAG_SORT,Flea Bag,Sachet de puces,Sacco di pulci,ノミとシラミ,벼룩과 진드기,Bolsa de pulgas,Saco de pulgas,Saco de Pulgas,Worek Pcheł,Flohbeutel,Пакетик блох,Пакет бліх,跳蚤虱子
FRANKLINBADGE_SORT,Badge Franklin,Badge Franklin,Medaglia Franklin,バッヂフランクリン,배지 프랭클린,Broche Franklin,Broche Franklin,Brasão Franklin,Odznaka Franklina,Orden Franklin,Значок Франклина,Значок Франкліна,富兰克林徽章
FRANKLINBADGE0.8_SORT,Badge Franklin v0.8,Badge Franklin v0.8,Medaglia Franklin v0.8,バッヂフランクリンβ,배지 프랭클린 v0.8,Broche Franklin v0.8,Broche Franklin v0.8,Brasão Franklin v0.8,Odznaka Franklina v0.8,Orden Franklin β,Значок Франклина β,Значок Франкліна β,富兰克林徽章 v0.8
FRESHMINT_SORT,Fresh Mint,Menthe fraîche,Menta fresca,すっきりミント,상쾌한 민트,Menta fresca,Menta fresca,Menta Fresca,Świeża Mięta,Frische Minze,Свежая мята,Свіжа м'ята,新鲜薄荷
FRIES_SORT,Fries,Frites,Patatine,フライドポテト,감자튀김,Papas fritas,Patatas fritas,Batata Frita,Frytki,Fritten,Картофель фри,Картопля фрі,炸薯条
GGFDIARY_SORT,GGF Diary,Journal de Grand-Papy,Diario del bisnonno,そうそふのにっき,고조할아버지의 일기,Diario del bisabuelo,Diario del bisabuelo,Diário do Bisavô,Pamiętnik Pradziadka,Uropas Tagebuch,Дневник прадедушки,Щоденник прадідуся,曾祖父的日记
GHOSTHOUSEKEY_SORT,Key Ghost House,Clé manoir hanté,Chiave casa infestata,カギゆうれいやしきの,열쇠 유령의 집,Llave casa Fantasma,Llave casa fantasma,Chave Fantasmagórica,Klucz Nawiedzony,Schlüssel Spukvilla,Ключ жуткого дома,Ключ моторошний,鬼屋钥匙
GUNAIR_SORT,Gun Air,Pistolet billes,Pistola ad aria compressa,ガンエア,건 에어,Pistola aire,Pistola aire,Pistola Ar,Wiatrówka,Pistole Kugel,Пистолет пневмат.,Пістолет пневматик,气枪
GUNSTUN_SORT,Gun Stun,Pistolet Taser,Pistola stordente,ガンショック,건 쇼크,Pistola electrica,Pistola Táser,Pistola Elétrica,Paralizator,Pistole Elektroschock,Пистолет электрошокер,Пістолет електрошокер,电击枪
HAMBURGER_SORT,Hamburger,Hamburger,Hamburger,ハンバーガー,햄버거,Hamburguesa,Hamburguesa,Hambúrguer,Hamburger,Hamburger,Гамбургер,Гамбургер,汉堡包
HAT_SORT,Hat,Chapeau,Cappello,ぼうし,모자,Sombrero,Sombrero,Chapéu,Kapelusz,Hut,Шляпка,Капелюх,帽子
HERBMAGIC_SORT,Herb Magic,Herbe magique,Erba magica,マジックハーブ,허브 매직,Hierba mágica,Hierba mágica,Erva Mágica,Ziele Magiczne,Kraut Magisches,Трава волшебная,Зілля чарівне,魔法药草
HERBRED_SORT,Herb Red,Herbe rouge,Erba rossa,あかいくさ,허브 붉은,Hierba roja,Hierba roja,Erva Vermelha,Ziele Czerwone,Kraut Rotes,Трава красная,Зілля червоне,红色药草
HOTDOG_SORT,Hot Dog,Hot-dog,Hot Dog,ホットドッグ,핫도그,Hot dog,Perrito caliente,Cachorro-Quente,Hot Dog,Hotdog,Хот-дог,Хот-дог,热狗
INSECTICIDE_SORT,Spray Bug,Insecticide,Insetticida,スプレーさっちゅう,스프레이 살충,Insecticida,Insecticida,Inseticida,Sprej Owadobójczy,Spray Insekten,Аэрозоль,Спрей інсектицид,杀虫剂喷雾
IRONSKILLET_SORT,Pan Iron,Poêle exception,Padella di ferro,フライパンとびきり,프라이팬 최상급,Sartén hierro,Sartén hierro,Panela Ferro,Patelnia Żeliwna,Pfanne Eisen,Сковорода железная,Сковорода залізна,铸铁煎锅
KATANA_SORT,Sword Katana,Épée katana,Spada katana,ソードＫＡＴＡＮＡ,검 카타나,Espada katana,Espada katana,Espada katana,Miecz Katana,Schwert Katana,Меч катана,Меч катана,武士刀
KEYBASEMENT_SORT,Key Basement,Clé cave,Chiave seminterrato,カギちかしつの,열쇠 지하실,Llave sótano,Llave sótano,Chave do Porão,Klucz Piwnicy,Schlüssel Keller,Ключ кладовки,Ключ підвалу,地下室钥匙
KEYZOO_SORT,Key Zoo,Clé zoo,Chiave zoo,カギどうぶつえんの,열쇠 동물원,Llave zoo,Llave zoo,Chave do Zoológico,Klucz Zoo,Schlüssel Zoo,Ключ зоопарка,Ключ зоопарку,动物园钥匙
KNIFEBUTTER_SORT,Knife Butter,Couteau,Coltello da burro,ナイフ,나이프,Cuchillo Mantequilla,Cuchillo untar,Faca Manteiga,Nóż Masła,Messer,Нож масла,Ніж масла,黄油刀
KNIFESURVIVAL_SORT,Knife Survival,Couteau survie,Coltello sopravvivenza,ナイフサバイバル,나이프 서바이벌,Cuchillo exploración,Navaja,Faca Canivete,Nóż Survivalowy,Messer Feld,Нож выживания,Ніж виживання,生存刀
LASTWEAPON_SORT,Last Weapon,Arme ultime,Arma suprema,さいしゅうへいき,최후의 보루,Última arma,Arma definitiva,Arma Suprema,Ostateczna Broń,Ultimative Waffe,Последнее оружие,Остання зброя,终极武器
LIFEUPCREAM_SORT,Life Up Cream,Pommade,Unguento,きずぐすり,라이프 업 크림,Crema curativa,Crema curativa,Pomada Curativa,Krem Leczniczy,Heilcreme,Целебная мазь,Лікувальний крем,生命回复乳霜
MAGICCANDY_SORT,Magic Candy,Magique bonbon,Magico caramella,ふしぎなキャンディ,매직 캔디,Mágico caramelo,Mágico caramelo,Mágico Doce,Magiczny Cukierek,Magisches Bonbon,Волшебная конфета,Чарівна цуркерка,魔法糖果
MAGICRIBBON_SORT,Magic Ribbon,Magique ruban,Magico fiocco,ふしぎなリボン,신비한 리본,Mágico lazo,Mágico lazo,Mágico Laço,Magiczna Wstążka,Magisches Band,Волшебный бант,Чарівна стрічка,魔法丝带
MAPMAGICANT_SORT,,Carte de Magicant,,,,Mapa de Magicant,Mapa de Magicant,,,Karte von Magicant,Карта Грезии,,
MAPMERRYSVILLE_SORT,,Carte de Merrysville,,,,Mapa de Merrysville,Mapa de Merrysville,,,Karte von Merrysville,Карта Меррисвиля,,
MAPPODUNK_SORT,Map Podunk,Carte de Podunk,Mappa di Podunk,ちずマザーズデイ,지도 마더즈데이,Mapa de Podunk,Mapa de Podunk,Mapa de Podunk,Mapa Podunk,Karte Podunk,Карта Поданка,Мапа Поданку,波顿克地图
MEMORYCHIP_SORT,Memory Chip,Puce mémoire,Chip di memoria,メモリーチップ,메모리 칩,Chip de memoria,Chip de memoria,Chip de Memória,Czip Pamięciowy,Speicherchip,Микросхема памяти,Модуль пам'яті,记忆芯片
MILK_SORT,Milk,Lait,Latte,ミルク,우유,Botella de leche,Botella de leche,Leite,Mleko,Milch,Молоко,Молоко,牛奶
MOUTHWASH_SORT,Mouthwash,Bain de bouche,Collutorio,うがいぐすり,구강청결제,Enjuague bucal,Enjuague bucal,Enxaguante Bucal,Płyn do Ust,Mundspülung,Ополаскиватель,Ополіскувач,漱口水
NOBLESEED_SORT,Noble Seed,Graine d'ange,Seme nobile,エンジェルシード,천사의 씨앗,Semilla noble,Semilla noble,Semente Nobre,Zacne Nasiono,Engels-Samen,Благородное семечко,Благородне насіння,高贵种子
OCARINA_SORT,Ocarina of Hope,Ocarina de l'espoir,Ocarina della speranza,きぼうのオカリナ,희망의 오카리나,Ocarina de la esperanza,Ocarina de la esperanza,Ocarina da Esperança,Okaryna Nadziei,Okarina der Hoffnung,Окарина надежды,Окарина надії,希望之笛
ONYXHOOK_SORT,Onyx Hook,Crochet d'onyx,Amo d'onice,めのうのつりばり,마노 낚싯바늘,Gancho onix,Gancho de ónix,Gancho de Ônix,Onyksowy Hak,Onyxhaken,Агатовый крючок,Оніксовий гачок,缟玛瑙钩
ORANGEJUICE_SORT,Orange Juice,Jus d'orange,Succo d'arancia,オレンジジュース,오렌지 주스,Jugo de naranja,Zumo de naranja,Suco de Laranja,Sok Pomarańczowy,Orangensaft,Апельсиновый сок,Апельсиновий сік,橙汁
PANFRYING_SORT,Pan Frying,Poêle frire,Padella,フライパン,프라이팬,Sartén,Sartén,Panela Frigideira,Patelnia,Pfanne Brat,Сковорода,Сковорода,煎锅
PANNONSTICK_SORT,Pan Non-stick,Poêle qualité,Padella antiaderente,フライパンいい,프라이팬 좋은,Sartén antiadherente,Sartén antiadherente,Panela Antiaderente,Patelnia Teflonowa,Pfanne Haftlose,Сковорода тефлон.,Сковорода тефлонова,不粘锅
PENDANTEARTH_SORT,Pendant Earth,Pendentif terre,Amuleto terra,ペンダントだいち,펜던트 대지의,Amuleto tierra,Colgante tierra,Colar Terra,Wisiorek Ziemi,Anhänger Erde,Кулон земной,Кулон землі,地球吊坠
PENDANTFIRE_SORT,Pendant Fire,Pendentif feu,Amuleto fuoco,ペンダントほのお,펜던트 불꽃의,Amuleto fuego,Colgante fuego,Colar Fogo,Wisiorek Ognia,Anhänger Feuer,Кулон огненный,Кулон вогню,火焰吊坠
PENDANTH2O_SORT,Pendant H2o,Pendentif eau,Amuleto H2o,ペンダントしずく,펜던트 물방울,Amuleto H2o,Colgante agua,Colar Chuva,Wisiorek H2o,Anhänger Wasser,Кулон водный,Кулон води,水滴吊坠
PENDANTSEA_SORT,Pendant Sea,Pendentif mer,Amuleto mare,ペンダントうみ,펜던트 바다의,Amuleto mar,Colgante mar,Colar Mar,Wisiorek Morza,Anhänger Meer,Кулон морской,Кулон моря,海洋吊坠
PENDANTTHUNDER_SORT,Pendant Thunder,Pendentif foudre,Amuleto tuono,ペンダントサンダー,팬던트 번개의,Amuleto trueno,Colgante trueno,,Wisiorek Gromu,Anhänger Donner,Кулон громовой,Кулон грому,雷电吊坠
PHONECARD_SORT,Telephone Card,Carte téléphonique,Scheda telefonica,テレホンカード,전화 카드,Tarjeta telefónica,Tarjeta telefónica,Cartão Telefônico,Karta Telefoniczna,Telefonkarte,Таксофонная карта,Телефонна картка,电话卡
PSISTONE_SORT,PSI Stone,Pierre PSI,Pietra PSI,サイパワーストーン,PSI 돌,Piedra PSI,Piedra PSI,Pedra PSI,Kamień PSI,PSI-Stein,Психокамешек,ПСИ камінь,灵能力石
REALROCKET_SORT,Real Rocket,Vraie Fusée,Razzo vero,ロケット(ほんもの),로켓 (진품),Cohete real,Cohete de verdad,Foguete Real,Prawdziwa Rakieta,Echte Rakete,Настоящая ракета,Справжня ракета,标准火箭
RECOLLECTIONBELL_SORT,Recollection Bell,Cloche du souvenir,Campana dei ricordi,きおくのすず,회상의 종,Campana memoria,Campana memoria,Sino da Memória,Dzwon Przypomnienia,Rückbesinnungsglocke,Колокольчик памяти,Дзвіночок пам'яті,回忆之铃
REDBANDANA_SORT,Red Bandana,Bandana rouge,Bandana rossa,あかいバンダナ,붉은 반다나,Pañuelo rojo,Pañuelo rojo,Bandana Vermelha,Czerwona Bandana,Rotes Halstuch,Красная бандана,Червона бандана,红色方巾
REPELRING_SORT,Repel Ring,Anneau répulsif,Anello repellente,まよけのゆびわ,액막이 반지,Anillo repelente,Anillo repelente,Anel Repelente,Pierścień Odstraszenia,Ringschutz,Отталкив. кольцо,Кільце-репелент,排斥指环
RINGBRASS_SORT,Ring Brass,Bracelet fée,Anello d'ottone,うでわようせい,팔찌 요정의,Anillo cobre,Anillo cobre,Anel Cobre,Pierścień Mosiężny,Armreif Feen,Браслет феи,Кільце латунне,黄铜指环
RINGGOLD_SORT,Ring Gold,Bracelet déesse,Anello d'oro,うでわめがみ,팔찌 여신의,Anillo oro,Anillo oro,Anel Ouro,Pierścień Złoty,Armreif Göttin,Браслет богини,Кільце золоте,黄金指环
RINGSILVER_SORT,Ring Silver,Bracelet ange,Anello d'argento,うでわてんし,팔찌 천사의,Anillo plata,Anillo plata,Anel Prata,Pierścień Srebrny,Armreif Engel,Браслет ангела,Кільце срібне,白银指环
ROPE_SORT,Rope,Corde,Corda,ロープ,밧줄,Cuerda,Cuerda,Corda,Lina,Seil,Верёвка,Мотузка,绳索
RULER_SORT,Ruler,Règle,Righello,ものさし,자,Regla,Regla,Régua,Linijka,Lineal,Линейка,Лінійка,尺子
SHOVEL_SORT,Shovel,Pelle,Pala,シャベル,삽,Pala,Pala,Pá,Łopata,Spaten,Лопата,Лопата,铲子
SLINGSHOT_SORT,Slingshot,Lance-pierre,Fionda,スリングショット,새총,Resortera,Tirachinas,Estilingue,Proca,Schleuder Stein,Рогатка,Рогатка,弹弓
SLINGSHOTBIONIC_SORT,Slingshot Bionic,Lance-pierre bionique,Fionda bionica,スリングスーパー,새총 고급,Resortera biónica,Tirachinas biónico,Estilingue Biônico,Proca Bioniczna,Schleuder Bionische,Рогатка бионическая,Рогатка біонічна,仿生弹弓
SPORTSDRINK_SORT,Sports Drink,Boisson énergisante,Bevanda sportiva,スポーツドリンク,스포츠음료,Bebida deportiva,Bebida deportiva,Isotônico,Napój Sportowy,Iso-Drink,Спортивный напиток,Спортивний напій,运动饮料
STICKYMACHINE_SORT,Sticky Machine,Appareil à gélatine,Macchinario appiccicoso,ねばねばマシン,끈적끈적 머신,Máquina pegajosa,Máquina pegajosa,Gerador de Meleca,Maszyna Klejąca,Schleimgenerator,Слизневый аппарат,Слизегенератор,黏合装置
STRAWBERRYTOFU_SORT,Strawberry Tofu,Tofu à la fraise,Tofu alla fragola,いちごとうふ,딸기 두부,Tofu de fresa,Tofu de fresa,Tofu de Morango,Truskawkowe Tofu,Erdbeertofu,Клубничный тофу,Полуничний тофу,草莓豆腐
SUPERSPRAY_SORT,Spray Super,Insecticide Super,Insetticida super,スプレースーパー,스프레이 슈퍼,Insecticida Super,Insecticida Super,Super Inseticida,Sprej Super,Spray Super,Аэрозоль супер,Спрей супер,超级喷雾
SWORD_SORT,Sword,Épée simple,Spada,ソードアシガル,검 병졸의,Espada,Espada,Espada,Miecz,Schwert,Меч,Меч,宝剑
TICKET_SORT,Live Show Ticket,Billet de spectacle,Biglietto spettacolo,ライブのチケット,라이브 쇼 티켓,Boleto show en vivo,Billete del concierto,Tíquete Pro Show Ao Vivo,Bilet na Występ,Show-Ticket,Билет на выступление,Квиток на виставу,现场演出门票
TICKETSTUB_SORT,Ticket Stub,Talon de ticket,Matrice biglietto,チケットのはんけん,티켓 반권,Talonario de boletos,Talón de billete,Canhoto de Tíquete,Bilecik,Ticketstapel,Корешок билета,Компостований квиток,票根
WORDSLOVE_SORT,Words of Love,Mots amour,Parole d'amore,ことばあい,말 사랑의,Palabras amor,Palabras de amor,Palavras Amor,Słowa Miłości,Wörter Liebe,Слова любви,Слова ласкаві,爱的言语
WORDSSWEAR_SORT,Words of Swear,Mots amers,Parole d'odio,ことばのろい,말 저주의,Palabras malas,Palabrotas,Palavras Feias,Słowa Przekleństwa,Wörter Schimpf,Слова бранные,Слова лайливі,肮脏的话
ROPE_NAME,Rope,Corde,Corda,ロープ,밧줄,Cuerda,Cuerda,Corda,Lina,Seil,Верёвка,Мотузка,绳索
RULER_ART,"The ,the ,A ,a ,this ,it,was","La ,la ,Une ,une ,cette ,e,a,votre ,la ,de ,a","Il ,il ,Un ,un ,questo ,o,uo,il",,"는,가,를,와,로","La ,la ,Una ,una ,esta ,a,,","La ,la ,Una ,una ,esta ,a,,","A ,a ,Uma ,uma ,essa ,esta ,a,sua ,foi",",Linijki,Linijce,Linijkę,a","Das ,das ,Ein ,ein ,ein ,Das ,das ,Dein ,dein ,dieses ,es,altes,wurde,war","линейка,линейки,линейке,линейку,линейке,,а,ена,ась,ит,её","лінійка,лінійки,лінійці,лінійку,,,ла,а,е,ить,її",",,,,这个,它,是"
RULER_DESC,It's 12 inches long.,Elle mesure 30 centimètres.,È lungo 30 cm.,１２インチ (やく３０センチ)の\nながさの　ものさしです。,30cm짜리 자다.,Mide 30 centímetros.,Mide 30 centímetros.,Uma régua de 30 centímetros.,Ma 30 cm długości.,Es ist 30 cm lang.,Может измерить до 30 сантиметров.,Вимірює до 30см.,12英寸长。
RULER_NAME,Ruler,Règle,Righello,ものさし,자,Regla,Regla,Régua,Linijka,Lineal,Линейка,Лінійка,尺子
SHOVEL_ART,"The ,the ,The ,the ,this ,it,was","La ,la ,La ,la ,cette ,e,a,votre ,la ,de ,a","La ,la ,Una ,una ,questa ,a,ua,la",,"은,이,을,과,으로","La ,la ,La ,la ,esta ,a,,","La ,la ,La ,la ,esta ,a,,","A ,a ,Uma ,uma ,essa ,esta ,a,sua ,foi",",Łopaty,Łopacie,Łopatę,a","Der ,der ,Der ,der ,den ,Den ,den ,Deinen ,deinen ,diesen ,ihn,alten,wurde,war","лопата,лопаты,лопате,лопату,лопате,,а,ена,ась,ит,её","лопата,лопати,лопаті,лопату,,,ла,а,е,ить,її",",,,,这个,它,是"
SHOVEL_DESC,Woah! You somehow got this shovel.\nYou should give it back to its owner.,"Oh, vous avez réussi à mettre la main sur cette\npelle! Mais rendez-la plutôt à son propriétaire.",Wow! Non si sa come hai questa pala.\nDovresti restituirla al proprietario.,もちぬしに　かえしてあげよう。,우와! 어떻게든 얻었다.\n주인에게 돌려주자.,¡Guau! Por alguna razón obtuviste una pala.\nDeberías devolverla al dueño.,"¡Hala! Por azares del destino, has conseguido\nuna pala. Deberías devolvérsela a su dueño.","Uau! De alguma forma, você conseguiu esta pá.\nVocê deveria devolvê-la para o dono.",Ooo! W jakiś sposób zdobyłeś tę łopatę. Powinieneś oddać ją właścicielowi.,Boah! Du hast irgendwie diesen Spaten bekommen. Du solltest ihn zurückgeben.,"Молодец, ты достал лопату!\nТеперь надо бы вернуть её владельцу.",Вау! Якимось чином ви отримали цю лопату.\nВарто повернути її власнику.,哇哦！你居然找到了这把铲子。[BR]或许你应该将它还给失主。
SHOVEL_NAME,Shovel,Pelle,Pala,シャベル,삽,Pala,Pala,Pá,Łopata,Spaten,Лопата,Лопата,铲子
SLINGSHOT_ART,"The ,the ,A ,a ,this ,it,was","Le ,le ,Un ,un ,ce ,,on,votre ,le ,de ,a","La ,la ,Una ,una ,questa ,a,ua,la",,"은,이,을,과,으로","La ,la ,Una ,una ,esta ,a,,","El ,el ,Un ,un ,este ,o,,","O ,o ,Um ,um ,esse ,este ,o,seu ,foi",",Procy,Procy,Procę,a","Die ,die ,Eine ,eine ,eine ,Die ,die ,Deine ,deine ,diese ,sie,alte,wurde,war","рогатка,рогатки,рогатке,рогатку,рогатке,,а,ена,ась,ит,её","рогатка,рогатки,рогатці,рогатку,,,ла,а,е,ить,її",",,,,这个,它,是"
SLINGSHOT_DESC,A handy weapon that anyone can use.\nWeapon @ Offense +[ItemValue].,Une arme très simple d'utilisation.\nArme @ Attaque +[ItemValue].,"Un'arma comoda, usabile da chiunque.\nArma @ Attacco +[ItemValue].",だれでも　つかいやすい　べんりな　ぶき。\nぶき＠オフェンス＋[ItemValue],누구나 쓸 수 있는 편리한 무기.\n무기 ＠ 오펜스 +[ItemValue].,Un arma útil que cualquiera puede usar.\nArma @ Ofensa +[ItemValue].,Un arma útil que cualquiera puede usar.\nArma @ Fuerza +[ItemValue].,Uma arma eficiente que qualquer um pode usar.\nArma @ Ataque +[ItemValue].,"Poręczna broń, której może używać każdy.\nBroń @ Ofensywa +[ItemValue].","Eine handliche Waffe, die jeder benutzen kann.\nWaffe @ Angriff +[ItemValue].","Практичное оружие, подходит каждому.\nОружие @ Атака +[ItemValue].","Зручна, її може використовувати хто завгодно.\nЗброя @ Атака +[ItemValue].",一件任何人都能使用的便利武器。[BR]武器@攻击力+[ItemValue]。
SLINGSHOT_NAME,Slingshot,Lance-pierre,Fionda,スリングショット,새총,Resortera,Tirachinas,Estilingue,Proca,Steinschleuder,Рогатка,Рогатка,弹弓
SLINGSHOTBIONIC_ART,"The ,the ,A ,a ,this ,it,was","Le ,le ,Un ,un ,ce ,,on,votre ,le ,de ,a","La ,la ,Una ,una ,questa ,a,ua,la",,"은,이,을,과,으로","La ,la ,Una ,una ,esta ,a,,","El ,el ,Un ,un ,este ,o,,","O ,o ,Um ,um ,esse ,este ,o,seu ,foi",",Bionicznej Procy,Bionicznej Procy,Bioniczną Procę,a","Die ,die ,Eine ,eine ,eine ,Die ,die ,Deine ,deine ,diese ,sie,alte,wurde,war","бионическая рогатка,бионической рогатки,бионической рогатке,бионическую рогатку,бионической рогатке,,а,ена,ась,ит,её","біонічна рогатка,біонічної рогатки,біонічній рогатці,біонічну рогатку,,,ла,а,е,ить,її",",,,,这个,它,是"
SLINGSHOTBIONIC_DESC,,,,,,,,,,,,,
SLINGSHOTBIONIC_NAME,Bionic Slingshot,Lance-pierre bionique,Fionda bionica,スーパースリング,고급 새총,Resortera biónica,Tirachinas biónico ,Estilingue Biônico,Bioniczna Proca,Bionische Schleuder,Бионическая рогатка,Біонічна рогатка,仿生弹弓
SLINGSHOTMETAL_ART,"The ,the ,A ,a ,this ,it,was","Le ,le ,Un ,un ,ce ,on ,votre ,le ,de ,a","La ,la ,Una ,una ,questa ,a,ua,la",,"은,이,을,과,으로","La ,la ,Una ,una ,esta ,a,,","El ,el ,Un ,un ,este ,o,,","O ,o ,Um ,um ,esse ,este ,o,seu ,foi",",Metalowa Procy,Metalowa Procy,Metalowa Procę,a","Die ,die ,Die ,die ,die ,Die ,die ,Deine ,deine ,diese ,sie,alten,wurden,waren","металлическая рогатка,металлической рогатки,металлической рогатке,металлическую рогатку,металлической рогатке,,а,ена,ась,ит,её","металева рогатка,металевої рогатки,металевій рогатці,металеву рогатку,,,ла,а,є,ить,її",",,,,这个,它,是"
SLINGSHOTMETAL_DESC,A sturdy weapon that anyone can use.\nWeapon @ Offense +[ItemValue].,Une arme solide utilisable par n'importe qui.\nArme @ Attaque +[ItemValue].,Un'arma resistente utilizzabile da chiunque.\nArma @ Attacco +[ItemValue].,だれでも　つかいやすい　がんじょうなぶき。\nぶき＠オフェンス＋[ItemValue],누구나 사용할 수 있는 튼튼한 무기.\n무기 @ 오펜스 +[ItemValue].,Una arma robusta que todos pueden usar.\nArma @ Ofensa +[ItemValue].,Un arma robusta que cualquiera puede usar.\nArma @ Fuerza +[ItemValue].,Uma arma resistente que qualquer um pode usar.\nArma @ Ataque +[ItemValue].,"Solidna broń, której może używać każdy.\nBroń @ Ofensywa +[ItemValue].","Eine robuste Waffe, die jeder benutzen kann.\nWaffe @ Angriff +[ItemValue].","Прочное оружие, подходит каждому.\nОружие @ Атака +[ItemValue].","Міцна зброя, яка підходить будь-кому.\nЗброя @ Атака +[ItemValue].",一件任何人都能使用的坚固武器。[BR]武器@攻击力+[ItemValue]。
SLINGSHOTMETAL_NAME,Metal Slingshot,Lance-pierre en métal,Fionda metallica,メタルスリング,금속 새총,Resortera metálica,Tirachinas metálico,Estilingue de Metal,Metalowa Proca,Metallsteinschleuder,Металлич. рогатка,Металева рогатка,金属弹弓
SPORTSDRINK_ACT1,Drink,Boire,Bevi,のむ,마시기,Beber,Beber,Beber,Wypij,Trinken,Выпить,Випити,饮用
SPORTSDRINK_ART,"The ,the ,A ,a ,this ,it,was","La ,la ,Une ,une ,cette ,e,a,votre ,la ,de ,a","La ,la ,Una ,una ,questa ,a,ua,la",,"는,가,를,와,로","La ,la ,Una ,una ,esta ,a,,","La ,la ,Una ,una ,esta ,a,,","O ,o ,Um ,um ,esse ,este ,o,seu ,foi",",Napoju Sportowego,Napojowi Sportowemu,Napój Sportowy,","Der ,der ,Ein ,ein ,einen ,Den ,den ,Deinen ,deinen ,diesen ,ihn,alten,wurde,war","спортивный напиток,спортивного напитка,спортивному напитку,спортивный напиток,спортивном напитке,,,ён,ся,ит,его","спортивний напій,спортивного напою,спортивному напої,спортивний напій,,,в,ий,е,ить,його",",,,,这个,它,是"
SPORTSDRINK_DESC,Can reinvigorate you when tired.\nRestores [ItemValue] HP.,Peut vous revigorer quand vous êtes fatigué.\nRend [ItemValue] PV.,Può rinvigorirti quando avverti stanchezza.\nRipristina [ItemValue] PS.,とうぶんにミネラル　えいようそたっぷり。\nのむと　ＨＰを[ItemValue]かいふく。,기력을 되찾게 해준다.\nHP를 [ItemValue]만큼 회복한다.,Puede revitalizarte cuando estás cansado.\nRestaura [ItemValue] PV.,Puede revitalizarte cuando estás cansado.\nRecupera [ItemValue] PV.,Revigora um corpo cansado.\nRecupera [ItemValue] HP.,"Dodaje energii, gdy brakuje ci sił.\nPrzywraca [ItemValue] HP.","Kann dich wieder aufpeppen, wenn du müde bist.\nStellt [ItemValue] KP wieder her.",Поможет тебе взбодриться.\nВосстанавливает [ItemValue] ОЗ.,"Може пожвавити, якщо вам бракує сил.\nВідновлює [ItemValue] оч[ItemValArt3] здоров'я.",可以在你疲劳时恢复些许活力。[BR]回复[ItemValue]点HP。
SPORTSDRINK_NAME,Sports Drink,Boisson énergisante,Bevanda sportiva,スポーツドリンク,스포츠음료,Bebida deportiva,Bebida deportiva,Isotônico,Napój Sportowy,Iso-Drink,Спортивный напиток,Спортивний напій,运动饮料
STICKYMACHINE_ART,"The ,the ,A ,a ,this ,it,was","L',l',Un ,un ,cet ,,on,votre ,le ,d',a","Il ,il ,Un ,un ,questo ,o,uo,il",,"은,이,을,과,으로","La ,la ,Una ,una ,esta ,a,,","La ,la ,Una ,una ,esta ,a,,","O ,o ,Um ,um ,esse ,este ,o,seu ,foi",",Maszyny Klejącej,Maszynie Klejącej,Maszynę Klejącą,a","Der ,der ,Der ,der ,den ,Den ,den ,Deinen ,deinen ,diesen ,ihn,alten,wurde,war","слизегенератор,слизегенератора,слизегенератору,слизегенератор,слизегенераторе,,,ён,ся,ит,его","слизегенератор,слизегенератора,слизегенератору,слизегенератор,,,в,ий,е,ить,його",",,,,这个,它,是"
STICKYMACHINE_DESC,Binds an enemy.,Immobilise un ennemi.,Imprigiona un nemico.,１たいを　しばりにする。,적을 속박한다,Amarra un enemigo.,Inmoviliza a un enemigo.,Amarra um inimigo.,Unieruchamia wroga.,Bindet Gegner an Schleim fest.,Обездвиживает врага.,Знерухомлює ворога.,束缚一名敌人的行动。
STICKYMACHINE_NAME,Sticky Machine,Appareil gélatineux,Macchinario viscoso,ねばねばマシン,끈적끈적 머신,Máquina pegajosa,Máquina pegajosa,Gerador de Meleca,Maszyna Klejąca,Schleimgenerator,Слизегенератор,Слизегенератор,黏合装置
STRAWBERRYTOFU_ART,"The ,the ,Some ,some ,this ,it,was","Le ,le ,Un ,un ,ce ,,on,votre ,le ,de ,a","Il ,il ,Del ,del ,questo ,o,uo,il",,"는,가,를,와,로","El ,el ,Un ,un ,este ,o,,","El ,el ,Un ,un ,este ,o,,","O ,o ,Um ,um ,esse ,este ,o,seu ,foi",",Truskawkowego Tofu,Truskawkowemu Tofu,Truskawkowe Tofu,o","Das ,das ,Ein ,ein ,ein ,Das ,das ,Dein ,dein ,dieses ,es,altes,wurde,war","тофу с клубникой,тофу с клубникой,тофу с клубникой,тофу с клубникой,тофу с клубникой,,о,ено,ось,ит,его","полуничний тофу,полуничного тофу,полуничному тофу,полуничний тофу,,,в,ий,е,ить,його",",,一些,一些,这个,它,是"
STRAWBERRYTOFU_DESC,,,,,,,,,,,,,
STRAWBERRYTOFU_NAME,Strawberry Tofu,Tofu à la fraise,Tofu alla fragola,いちごとうふ,딸기 두부,Tofu de fresa,Tofu de fresa,Tofu de Morango,Truskawkowe Tofu,Erdbeertofu,Тофу с клубникой,Полуничний тофу,草莓豆腐
SUPERSPRAY_ART,"The ,the ,A ,a ,this ,it,was","Le ,le ,Un ,un ,ce ,,on,votre ,le ,de ,a","Il ,il ,Un ,un ,questo ,o,uo,il",,"는,가,를,와,로","El ,el ,Un ,un ,este ,o,,","El ,el ,Un ,un ,este ,o,,","O ,o ,Um ,um ,esse ,este ,o,seu ,foi",",Super Spreju,Super Sprejowi,Super Sprej,","Das ,das ,Das ,das ,das ,Das ,das ,Dein ,dein ,dieses ,es,altes,wurde,war","супераэрозоль,супераэрозоля,супераэрозолю,супераэрозоль,супераэрозоле,,,ён,ся,ит,его","суперспрей,суперспрея,суперспрею,суперспрей,,,в,ий,е,ить,його",",,,,这个,它,是"
SUPERSPRAY_DESC,Industrial strength Insecticide.\n%s,Un insecticide encore plus puissant.\n%s,Insetticida di livello industriale.\n%s,しんかいはつの　きょうりょくな\nさっちゅうざい。%s,산업용에 적합한 강력한 살충제.\n%s,Insecticida de uso industrial.\n%s,Como el insecticida pero aún más potente.\n%s,Inseticida para uso industrial.\n%s,Środek Owadobójczy o sile przemysłowej.\n%s,Industrielles Insektizid.\n%s,Промышленный аэрозоль от насекомых.\n%s,Надпотужний інсектицид.\n%s,工业级别的杀虫剂。\n%s
SUPERSPRAY_NAME,Super Spray,Super insecticide,Super insetticida,スーパースプレー,슈퍼 스프레이,Super insecticida,Superinsecticida,Super Inseticida,Super Sprej,Super-Spray,Супераэрозоль,Суперспрей,超级喷雾
SWORD_ART,"The ,the ,A ,a ,this ,it,was","L',l',Une ,une ,cette ,e,on,votre ,la ,d',a","La ,la ,Una ,una ,questa ,a,ua,la",,"은,이,을,과,으로","La ,la ,Una ,una ,esta ,a,,","La ,la ,Una ,una ,esta ,a,,","A ,a ,Uma ,uma ,essa ,esta ,a,sua ,foi",",Miecza,Mieczowi,Miecz,","Das ,das ,Das ,das ,das ,Das ,das ,Dein ,dein ,dieses ,es,altes,wurde,war","меч,меча,мечу,меч,мече,,,ён,ся,ит,его","меч,меча,мечу,меч,,,в,ий,е,ить,його",",,,,这个,它,是"
SWORD_DESC,,,,,,,,,,,,,
SWORD_NAME,Sword,Épée,Spada,アシガルソード,병졸의 검,Espada,Espada,Espada,Miecz,Schwert,Меч,Меч,宝剑
TICKET_ART,"The ,the ,A ,a ,this ,it,was","Le ,le ,Un ,un ,ce ,,on,votre ,le ,de ,a","Il ,il ,Un ,un ,questo ,o,uo,il",,"은,이,을,과,으로","El ,el ,Un ,un ,este ,o,,","El ,el ,Un ,un ,este ,o,,","O ,o ,Um ,um ,esse ,este ,o,seu ,foi",",Biletu na Występ,Biletowi na Występ,Bilet na Występ,","Das ,das ,Ein ,ein ,ein ,Das ,das ,Dein ,dein ,dieses ,es,altes,wurde,war","билет на выступление,билета на выступление,билету на выступление,билет на выступление,билете на выступление,,,ён,ся,ит,его","квиток на виставу,квитка на виставу,квитку на виставу,квиток на виставу,,,в,ий,е,ить,його",",,,,这个,它,是"
TICKET_DESC,,,,,,,,,,,,,
TICKET_NAME,Live Show Ticket,Billet de spectacle,Biglietto spettacolo,ライブのチケット,라이브 쇼 티켓,Boleto Show en vivo,Billete del concierto,Ingresso,Bilet na Występ,Show-Ticket,Билет на выступление,Квиток на виставу,现场演出门票
TICKETSTUB_ART,"The ,the ,A ,a ,this ,it,was","Le ,le ,Un ,un ,ce ,,on,votre ,le ,de ,a","La ,la ,Una ,una ,questa ,a,ua,la",,"은,이,을,과,으로","El ,el ,Un ,un ,este ,o,,","El ,el ,Un ,un ,este ,o,,","O ,o ,Um ,um ,esse ,este ,o,seu ,foi",",Bilecika,Bilecikowi,Bilecik,","Der ,der ,Ein ,ein ,einen ,Den ,den ,Deinen ,deinen ,diesen ,ihn,alten,wurde,war","корешок билета,корешка билета,корешку билета,корешок билета,корешке билета,,,ён,ся,ит,его","компостований квиток,компостованого квитка,компостованому квитку,компостований квиток,,,в,ий,е,ить,його",",,,,这个,它,是"
TICKETSTUB_DESC,,,,,,,,,,,,,
TICKETSTUB_NAME,Ticket Stub,Talon de ticket,Matrice biglietto,チケットのはんけん,티켓 반권,Talonario de boletos,Talón de billete,Canhoto do Ingresso,Bilecik,Ticketstapel,Корешок билета,Компостований квиток,票根
TIMEMACHINE_ART,"The ,the ,A ,a ,this ,it,was","Le ,le ,Un ,un ,ce ,,on,votre ,le ,de ,a","La ,la ,Una ,una ,questa ,a,ua,la",,"은,이,을,과,으로","El ,el ,Un ,un ,este ,o,,","La ,la ,Una ,una ,esta ,a,,","A ,a ,Uma ,uma ,essa ,esta ,a,sua ,foi",",Wehikułu Czasu,Wehikułowi Czasu,Wehikuł Czasu,","Die ,die ,Die ,die ,die ,Die ,die ,Deine ,deine ,diese ,sie,alte,wurde,war","машина времени,машины времени,машине времени,машину времени,машине времени,,а,ена,ась,ит,её","машина часу,машини часу,машині часу,машину часу,,,ла,а,є,ить,її",",,,,这个,它,是"
TIMEMACHINE_DESC,This is heavy duty!,C'est super dément!,"Grande Giove, è pesante!",これはただものではない。\nまさか・・・ほんもの？,세상에! 이건 보통 일이 아니야!,¡Esta cosa es de otro mundo!,¡Esto es de otro planeta!,Isso é barra pesada!,Doprawdy ponadczasowy!,Sie ist hochleistungsfähig!,Вперёд в прошлое!,Уперед у минуле!,这可是个经久耐用的重型家伙！
TIMEMACHINE_NAME,Time Machine,Machine temporelle,Macchina del tempo,タイムマシン,타임머신,Máquina del tiempo,Máquina del tiempo,Máquina do Tempo,Wehikuł Czasu,Zeitmaschine,Машина времени,Машина часу,时间机器
WORDSLOVE_ART,"The ,the ,Some ,some ,these ,them,were","Les ,les ,Des ,des ,ces ,s,es,vos ,les ,de ,ont","Le ,le ,Delle ,delle ,queste ,e,ue,le",,"은,이,을,과,으로","Las ,las ,Unas ,unas ,estas ,as,s,n","Las ,las ,Unas ,unas ,estas ,as,s,n","As ,as ,Umas ,umas ,essas ,estas ,as,suas ,foram",",Słów Miłości,Słowom Miłości,Słowa Miłości,y","Die ,die ,Die ,die ,die ,Die ,die ,Deine ,deine ,diese ,sie,alten,wurden,waren","слова любви,слов любви,словам любви,слова любви,словах любви,,и,ены,ись,ат,их","ласкаві слова,ласкавих слів,ласкавим словам,ласкаві слова,,,ли,і,ють,ять,їх",",,一些,一些,这些,它们,是"
WORDSLOVE_DESC,,,,,,,,,,,,,
WORDSLOVE_NAME,Words of Love,Mots doux,Parole d'amore,あいのことば,사랑의 말,Palabras de amor,Palabras de amor,Palavras de Amor,Słowa Miłości,Wörter der Liebe,Слова любви,Ласкаві слова,爱的言语
WORDSSWEAR_ART,"The ,the ,Some ,some ,these ,them,were","Les ,les ,Des ,des ,ces ,s,es,vos ,les ,de ,ont","Le ,le ,Delle ,delle ,queste ,e,ue,le",,"은,이,을,과,으로","Las ,las ,Unas ,unas ,estas ,as,s,n","Las ,las ,Unas ,unas ,estas ,as,s,n","As ,as ,Umas ,umas ,essas ,estas ,as,suas ,foram",",Przekleństw,Przekleństwom,Przekleństwa,y","Die ,die ,Die ,die ,die ,Die ,die ,Deine ,deine ,diese ,sie,alten,wurden,waren","бранные слова,бранных слов,бранным словам,бранные слова,бранных словах,,и,ены,ись,ат,их","лайливі слова,лайливих слів,лайливим словам,лайливі слова,,,ли,і,ють,ять,їх",",,一些,一些,这些,它们,是"
WORDSSWEAR_DESC,,,,,,,,,,,,,
WORDSSWEAR_NAME,Swear Words,Gros mots,Parole d'odio,のろいのことば,저주의 말,Palabrotas,Palabrotas,Palavras Feias,Przekleństwa,Schimpfwörter,Бранные слова,Лайливі слова,肮脏的话
